WIDTH=12;
DEPTH=33800;

ADDRESS_RADIX=HEX;
DATA_RADIX=HEX;

CONTENT BEGIN
0000 : E56;
0001 : E56;
0002 : E56;
0003 : E56;
0004 : E56;
0005 : E56;
0006 : E56;
0007 : E56;
0008 : E56;
0009 : E56;
000A : E56;
000B : E56;
000C : E56;
000D : E56;
000E : E56;
000F : E56;
0010 : E56;
0011 : E56;
0012 : E56;
0013 : E56;
0014 : E56;
0015 : E56;
0016 : E56;
0017 : E56;
0018 : E56;
0019 : E56;
001A : E56;
001B : E56;
001C : E56;
001D : E56;
001E : E56;
001F : E56;
0020 : E56;
0021 : E56;
0022 : E56;
0023 : E56;
0024 : E56;
0025 : E56;
0026 : E56;
0027 : E56;
0028 : E56;
0029 : E56;
002A : E56;
002B : E56;
002C : E56;
002D : E56;
002E : E56;
002F : E56;
0030 : E56;
0031 : E56;
0032 : E56;
0033 : E56;
0034 : E56;
0035 : E56;
0036 : E56;
0037 : E56;
0038 : E56;
0039 : E56;
003A : E56;
003B : E56;
003C : E56;
003D : E56;
003E : E56;
003F : E56;
0040 : E56;
0041 : E56;
0042 : E56;
0043 : E56;
0044 : E56;
0045 : E56;
0046 : E56;
0047 : E56;
0048 : E56;
0049 : E56;
004A : E56;
004B : E56;
004C : E56;
004D : E56;
004E : E56;
004F : E56;
0050 : E56;
0051 : E56;
0052 : E56;
0053 : E56;
0054 : E56;
0055 : E56;
0056 : E56;
0057 : E56;
0058 : E56;
0059 : E56;
005A : E56;
005B : E56;
005C : E56;
005D : E56;
005E : E56;
005F : E56;
0060 : E56;
0061 : E56;
0062 : E56;
0063 : E56;
0064 : E56;
0065 : E56;
0066 : E56;
0067 : E56;
0068 : E56;
0069 : E56;
006A : E56;
006B : E56;
006C : E56;
006D : E56;
006E : E56;
006F : E55;
0070 : E55;
0071 : E55;
0072 : E55;
0073 : E55;
0074 : E55;
0075 : E55;
0076 : E55;
0077 : E55;
0078 : E55;
0079 : E55;
007A : E55;
007B : E55;
007C : E56;
007D : E56;
007E : E56;
007F : E56;
0080 : E56;
0081 : E56;
0082 : E56;
0083 : E56;
0084 : E56;
0085 : E56;
0086 : E56;
0087 : E56;
0088 : E56;
0089 : E56;
008A : E56;
008B : E56;
008C : E56;
008D : E56;
008E : E56;
008F : E56;
0090 : E56;
0091 : E56;
0092 : E56;
0093 : E56;
0094 : E56;
0095 : E56;
0096 : E56;
0097 : E56;
0098 : E56;
0099 : E56;
009A : E56;
009B : E56;
009C : E56;
009D : E56;
009E : E56;
009F : E56;
00A0 : E56;
00A1 : E56;
00A2 : E56;
00A3 : E56;
00A4 : E56;
00A5 : E56;
00A6 : E56;
00A7 : E56;
00A8 : E56;
00A9 : E56;
00AA : E56;
00AB : E56;
00AC : E56;
00AD : E56;
00AE : E56;
00AF : E56;
00B0 : E56;
00B1 : E56;
00B2 : E56;
00B3 : E56;
00B4 : E56;
00B5 : E56;
00B6 : E56;
00B7 : E56;
00B8 : E56;
00B9 : E56;
00BA : E56;
00BB : E56;
00BC : E56;
00BD : E56;
00BE : E56;
00BF : E56;
00C0 : E56;
00C1 : E56;
00C2 : E56;
00C3 : E56;
00C4 : E56;
00C5 : E56;
00C6 : E56;
00C7 : E56;
00C8 : E56;
00C9 : E56;
00CA : E56;
00CB : E56;
00CC : E56;
00CD : E56;
00CE : E56;
00CF : E56;
00D0 : E56;
00D1 : E56;
00D2 : E56;
00D3 : E56;
00D4 : E56;
00D5 : E56;
00D6 : E56;
00D7 : E56;
00D8 : E56;
00D9 : E56;
00DA : E56;
00DB : E56;
00DC : E56;
00DD : E56;
00DE : E56;
00DF : E56;
00E0 : E56;
00E1 : E56;
00E2 : E56;
00E3 : E56;
00E4 : E56;
00E5 : E56;
00E6 : E56;
00E7 : E56;
00E8 : E56;
00E9 : E56;
00EA : E56;
00EB : E56;
00EC : E56;
00ED : E56;
00EE : E56;
00EF : E56;
00F0 : E56;
00F1 : E56;
00F2 : E56;
00F3 : E56;
00F4 : E56;
00F5 : E56;
00F6 : E56;
00F7 : E56;
00F8 : E56;
00F9 : E56;
00FA : E56;
00FB : E56;
00FC : E56;
00FD : E56;
00FE : E56;
00FF : E56;
0100 : E56;
0101 : E56;
0102 : E56;
0103 : E56;
0104 : E56;
0105 : E56;
0106 : E56;
0107 : E56;
0108 : E56;
0109 : E56;
010A : E56;
010B : E56;
010C : E56;
010D : E56;
010E : E56;
010F : E56;
0110 : E56;
0111 : E56;
0112 : E56;
0113 : E56;
0114 : E55;
0115 : E55;
0116 : E55;
0117 : E55;
0118 : E55;
0119 : E55;
011A : E55;
011B : E55;
011C : E55;
011D : E55;
011E : E55;
011F : E56;
0120 : E56;
0121 : E56;
0122 : E56;
0123 : E56;
0124 : E56;
0125 : E56;
0126 : E56;
0127 : E56;
0128 : E56;
0129 : E56;
012A : E56;
012B : E56;
012C : E56;
012D : E56;
012E : E56;
012F : E56;
0130 : E56;
0131 : E56;
0132 : E56;
0133 : E56;
0134 : E56;
0135 : E56;
0136 : E56;
0137 : E56;
0138 : E56;
0139 : E56;
013A : E56;
013B : E56;
013C : E56;
013D : E56;
013E : E56;
013F : E56;
0140 : E56;
0141 : E56;
0142 : E56;
0143 : E56;
0144 : E56;
0145 : E56;
0146 : E56;
0147 : E56;
0148 : E56;
0149 : E56;
014A : E56;
014B : E56;
014C : E56;
014D : E56;
014E : E56;
014F : E56;
0150 : E56;
0151 : E56;
0152 : E56;
0153 : E56;
0154 : E56;
0155 : E56;
0156 : E56;
0157 : E56;
0158 : E56;
0159 : E56;
015A : E56;
015B : E56;
015C : E56;
015D : E56;
015E : E56;
015F : E56;
0160 : E56;
0161 : E56;
0162 : E56;
0163 : E56;
0164 : E56;
0165 : E56;
0166 : E56;
0167 : E56;
0168 : E56;
0169 : E56;
016A : E56;
016B : E56;
016C : E56;
016D : E56;
016E : E56;
016F : E56;
0170 : E56;
0171 : E56;
0172 : E56;
0173 : E55;
0174 : E55;
0175 : E55;
0176 : E55;
0177 : E55;
0178 : E55;
0179 : E55;
017A : E55;
017B : E55;
017C : E55;
017D : E55;
017E : E55;
017F : E55;
0180 : E56;
0181 : E56;
0182 : E56;
0183 : E56;
0184 : E56;
0185 : E56;
0186 : E56;
0187 : E56;
0188 : E56;
0189 : E56;
018A : E56;
018B : E56;
018C : E56;
018D : E56;
018E : E56;
018F : E56;
0190 : E56;
0191 : E56;
0192 : E56;
0193 : E56;
0194 : E56;
0195 : E56;
0196 : E56;
0197 : E56;
0198 : E56;
0199 : E56;
019A : E56;
019B : E56;
019C : E56;
019D : E56;
019E : E56;
019F : E56;
01A0 : E56;
01A1 : E56;
01A2 : E56;
01A3 : E56;
01A4 : E56;
01A5 : E56;
01A6 : E56;
01A7 : E56;
01A8 : E56;
01A9 : E56;
01AA : E56;
01AB : E56;
01AC : E56;
01AD : E56;
01AE : E56;
01AF : E56;
01B0 : E56;
01B1 : E56;
01B2 : E56;
01B3 : E56;
01B4 : E56;
01B5 : E56;
01B6 : E56;
01B7 : E56;
01B8 : E56;
01B9 : E56;
01BA : E56;
01BB : E56;
01BC : E56;
01BD : E56;
01BE : E56;
01BF : E56;
01C0 : E56;
01C1 : E56;
01C2 : E56;
01C3 : E56;
01C4 : E56;
01C5 : E56;
01C6 : E56;
01C7 : E56;
01C8 : E56;
01C9 : E56;
01CA : E56;
01CB : E56;
01CC : E56;
01CD : E56;
01CE : E56;
01CF : E56;
01D0 : E56;
01D1 : E56;
01D2 : E56;
01D3 : E56;
01D4 : E56;
01D5 : E56;
01D6 : E56;
01D7 : E56;
01D8 : E56;
01D9 : E56;
01DA : E56;
01DB : E56;
01DC : E56;
01DD : E56;
01DE : E56;
01DF : E56;
01E0 : E56;
01E1 : E56;
01E2 : E56;
01E3 : E56;
01E4 : E56;
01E5 : E56;
01E6 : E56;
01E7 : E55;
01E8 : E55;
01E9 : E55;
01EA : E55;
01EB : E55;
01EC : E55;
01ED : E55;
01EE : E55;
01EF : E55;
01F0 : E55;
01F1 : E55;
01F2 : E55;
01F3 : E55;
01F4 : E55;
01F5 : E55;
01F6 : E55;
01F7 : E55;
01F8 : E55;
01F9 : E55;
01FA : E55;
01FB : E55;
01FC : E55;
01FD : E55;
01FE : E55;
01FF : E55;
0200 : E55;
0201 : E55;
0202 : E55;
0203 : E55;
0204 : E55;
0205 : E55;
0206 : E55;
0207 : E55;
0208 : E55;
0209 : E55;
020A : E55;
020B : E55;
020C : E55;
020D : E55;
020E : E55;
020F : E55;
0210 : E55;
0211 : E55;
0212 : E55;
0213 : E55;
0214 : E55;
0215 : E55;
0216 : E55;
0217 : E55;
0218 : E55;
0219 : E55;
021A : E55;
021B : E55;
021C : E55;
021D : E55;
021E : E55;
021F : E55;
0220 : E55;
0221 : E55;
0222 : E55;
0223 : E55;
0224 : E55;
0225 : E55;
0226 : E55;
0227 : E55;
0228 : E55;
0229 : E55;
022A : E55;
022B : E55;
022C : E55;
022D : E55;
022E : E55;
022F : E55;
0230 : E55;
0231 : E55;
0232 : E55;
0233 : E55;
0234 : E55;
0235 : E55;
0236 : E55;
0237 : E55;
0238 : E55;
0239 : E55;
023A : E55;
023B : E55;
023C : E55;
023D : E55;
023E : E55;
023F : E55;
0240 : E55;
0241 : E55;
0242 : E55;
0243 : E55;
0244 : E55;
0245 : E55;
0246 : E55;
0247 : E55;
0248 : E55;
0249 : E55;
024A : E55;
024B : E55;
024C : E55;
024D : E55;
024E : E55;
024F : E55;
0250 : E55;
0251 : E55;
0252 : E55;
0253 : E55;
0254 : E55;
0255 : E55;
0256 : E55;
0257 : E55;
0258 : E55;
0259 : E55;
025A : E55;
025B : E55;
025C : E55;
025D : E55;
025E : E55;
025F : E55;
0260 : E55;
0261 : E55;
0262 : E55;
0263 : E55;
0264 : E55;
0265 : E55;
0266 : E55;
0267 : E55;
0268 : E55;
0269 : E55;
026A : E55;
026B : E55;
026C : E55;
026D : E55;
026E : E55;
026F : E55;
0270 : E55;
0271 : E55;
0272 : E55;
0273 : E55;
0274 : E55;
0275 : E55;
0276 : E55;
0277 : E55;
0278 : E55;
0279 : E55;
027A : E55;
027B : E55;
027C : E55;
027D : E55;
027E : E55;
027F : E55;
0280 : E55;
0281 : E55;
0282 : E55;
0283 : E55;
0284 : E55;
0285 : E55;
0286 : E55;
0287 : E55;
0288 : E55;
0289 : E55;
028A : E55;
028B : E55;
028C : E55;
028D : E55;
028E : E55;
028F : E55;
0290 : E55;
0291 : E55;
0292 : E55;
0293 : E55;
0294 : E55;
0295 : E55;
0296 : E55;
0297 : E55;
0298 : E55;
0299 : E55;
029A : E55;
029B : E55;
029C : E55;
029D : E55;
029E : E55;
029F : E55;
02A0 : E55;
02A1 : E55;
02A2 : E55;
02A3 : E55;
02A4 : E55;
02A5 : E55;
02A6 : E55;
02A7 : E55;
02A8 : E55;
02A9 : E55;
02AA : E55;
02AB : E55;
02AC : E55;
02AD : E55;
02AE : E55;
02AF : E55;
02B0 : E55;
02B1 : E55;
02B2 : E55;
02B3 : E55;
02B4 : E55;
02B5 : E55;
02B6 : E55;
02B7 : E55;
02B8 : E55;
02B9 : E55;
02BA : E55;
02BB : E55;
02BC : E55;
02BD : E55;
02BE : E55;
02BF : E55;
02C0 : E55;
02C1 : E55;
02C2 : E55;
02C3 : E55;
02C4 : E55;
02C5 : E55;
02C6 : E55;
02C7 : E55;
02C8 : E55;
02C9 : E55;
02CA : E55;
02CB : E55;
02CC : E55;
02CD : E55;
02CE : E55;
02CF : E55;
02D0 : E55;
02D1 : E55;
02D2 : E55;
02D3 : E55;
02D4 : E55;
02D5 : E55;
02D6 : E55;
02D7 : E55;
02D8 : E55;
02D9 : E55;
02DA : E55;
02DB : E55;
02DC : E55;
02DD : E55;
02DE : E55;
02DF : E55;
02E0 : E55;
02E1 : E55;
02E2 : E55;
02E3 : E55;
02E4 : E55;
02E5 : E55;
02E6 : E55;
02E7 : E55;
02E8 : E55;
02E9 : E55;
02EA : E55;
02EB : E55;
02EC : E55;
02ED : E55;
02EE : E55;
02EF : E55;
02F0 : E55;
02F1 : E55;
02F2 : E55;
02F3 : E55;
02F4 : E55;
02F5 : E55;
02F6 : E55;
02F7 : E55;
02F8 : E55;
02F9 : E55;
02FA : E55;
02FB : E55;
02FC : E55;
02FD : E55;
02FE : E55;
02FF : E55;
0300 : E55;
0301 : E55;
0302 : E55;
0303 : E55;
0304 : E55;
0305 : E55;
0306 : E55;
0307 : E55;
0308 : E55;
0309 : E55;
030A : E55;
030B : E55;
030C : E55;
030D : E55;
030E : E55;
030F : E55;
0310 : E55;
0311 : E55;
0312 : E55;
0313 : E55;
0314 : E55;
0315 : E55;
0316 : E55;
0317 : E55;
0318 : E55;
0319 : E55;
031A : E55;
031B : E55;
031C : E55;
031D : E55;
031E : E55;
031F : E55;
0320 : E55;
0321 : E55;
0322 : E55;
0323 : E55;
0324 : E55;
0325 : E55;
0326 : E55;
0327 : E55;
0328 : E55;
0329 : E55;
032A : E55;
032B : E55;
032C : E55;
032D : E55;
032E : E55;
032F : E55;
0330 : E55;
0331 : E55;
0332 : E55;
0333 : E55;
0334 : E55;
0335 : E55;
0336 : E55;
0337 : E55;
0338 : E55;
0339 : E55;
033A : E55;
033B : E55;
033C : E55;
033D : E55;
033E : E55;
033F : E55;
0340 : E55;
0341 : E55;
0342 : E55;
0343 : E55;
0344 : E55;
0345 : E55;
0346 : E55;
0347 : E55;
0348 : E55;
0349 : E55;
034A : E55;
034B : E55;
034C : E55;
034D : E55;
034E : E55;
034F : E55;
0350 : E55;
0351 : E55;
0352 : E55;
0353 : E55;
0354 : E55;
0355 : E55;
0356 : E55;
0357 : E55;
0358 : E55;
0359 : E55;
035A : E55;
035B : E55;
035C : E55;
035D : E55;
035E : E55;
035F : E55;
0360 : E55;
0361 : E55;
0362 : E55;
0363 : E55;
0364 : E55;
0365 : E55;
0366 : E55;
0367 : E55;
0368 : E55;
0369 : E55;
036A : E55;
036B : E55;
036C : E55;
036D : E55;
036E : E55;
036F : E55;
0370 : E55;
0371 : E55;
0372 : E55;
0373 : E55;
0374 : E55;
0375 : E55;
0376 : E55;
0377 : E55;
0378 : E55;
0379 : E55;
037A : E55;
037B : E55;
037C : E55;
037D : E55;
037E : E55;
037F : E55;
0380 : E55;
0381 : E55;
0382 : E55;
0383 : E55;
0384 : E55;
0385 : E55;
0386 : E55;
0387 : E55;
0388 : E55;
0389 : E55;
038A : E55;
038B : E55;
038C : E55;
038D : E55;
038E : E55;
038F : E55;
0390 : E55;
0391 : E55;
0392 : E55;
0393 : E55;
0394 : E55;
0395 : E55;
0396 : E55;
0397 : E55;
0398 : E55;
0399 : E55;
039A : E55;
039B : E55;
039C : E55;
039D : E55;
039E : E55;
039F : E55;
03A0 : E55;
03A1 : E55;
03A2 : E55;
03A3 : E55;
03A4 : E55;
03A5 : E55;
03A6 : E55;
03A7 : E55;
03A8 : E55;
03A9 : E55;
03AA : E55;
03AB : E55;
03AC : E55;
03AD : E55;
03AE : E55;
03AF : E55;
03B0 : E55;
03B1 : E55;
03B2 : E55;
03B3 : E55;
03B4 : E55;
03B5 : E55;
03B6 : E55;
03B7 : E55;
03B8 : E55;
03B9 : E55;
03BA : E55;
03BB : E55;
03BC : E55;
03BD : E55;
03BE : E55;
03BF : E55;
03C0 : E55;
03C1 : E55;
03C2 : E55;
03C3 : E55;
03C4 : E55;
03C5 : E55;
03C6 : E55;
03C7 : E55;
03C8 : E55;
03C9 : E55;
03CA : E55;
03CB : E55;
03CC : E55;
03CD : E55;
03CE : E55;
03CF : E55;
03D0 : E55;
03D1 : E55;
03D2 : E55;
03D3 : E55;
03D4 : E55;
03D5 : E55;
03D6 : E55;
03D7 : E55;
03D8 : E55;
03D9 : E55;
03DA : E55;
03DB : E55;
03DC : E55;
03DD : E55;
03DE : E55;
03DF : E55;
03E0 : E55;
03E1 : E55;
03E2 : E55;
03E3 : E55;
03E4 : E55;
03E5 : E55;
03E6 : E55;
03E7 : E55;
03E8 : E55;
03E9 : E55;
03EA : E55;
03EB : E55;
03EC : E55;
03ED : E55;
03EE : E55;
03EF : E55;
03F0 : E55;
03F1 : E55;
03F2 : E55;
03F3 : E55;
03F4 : E55;
03F5 : E65;
03F6 : E65;
03F7 : E55;
03F8 : E55;
03F9 : E55;
03FA : E55;
03FB : E65;
03FC : E65;
03FD : E65;
03FE : E65;
03FF : E65;
0400 : E65;
0401 : E65;
0402 : E65;
0403 : E65;
0404 : E65;
0405 : E65;
0406 : E65;
0407 : E65;
0408 : E55;
0409 : E55;
040A : E55;
040B : E55;
040C : E55;
040D : E55;
040E : E55;
040F : E55;
0410 : E65;
0411 : E65;
0412 : E65;
0413 : E65;
0414 : E65;
0415 : E65;
0416 : E65;
0417 : E65;
0418 : E65;
0419 : E65;
041A : E65;
041B : E65;
041C : E65;
041D : E65;
041E : E65;
041F : E65;
0420 : E65;
0421 : E65;
0422 : E65;
0423 : E65;
0424 : E65;
0425 : E65;
0426 : E65;
0427 : E55;
0428 : E55;
0429 : E55;
042A : E65;
042B : E65;
042C : E65;
042D : E65;
042E : E65;
042F : E65;
0430 : E65;
0431 : E65;
0432 : E65;
0433 : E65;
0434 : E65;
0435 : E65;
0436 : E65;
0437 : E65;
0438 : E65;
0439 : E65;
043A : E65;
043B : E65;
043C : E65;
043D : E65;
043E : E65;
043F : E65;
0440 : E65;
0441 : E65;
0442 : E65;
0443 : E65;
0444 : E65;
0445 : E65;
0446 : E65;
0447 : E65;
0448 : E65;
0449 : E65;
044A : E65;
044B : E65;
044C : E65;
044D : E65;
044E : E65;
044F : E65;
0450 : E65;
0451 : E65;
0452 : E65;
0453 : E65;
0454 : E65;
0455 : E65;
0456 : E65;
0457 : E65;
0458 : E65;
0459 : E65;
045A : E65;
045B : E65;
045C : E65;
045D : E65;
045E : E65;
045F : E65;
0460 : E65;
0461 : E65;
0462 : E65;
0463 : E65;
0464 : E65;
0465 : E65;
0466 : E65;
0467 : E65;
0468 : E65;
0469 : E65;
046A : E65;
046B : E65;
046C : E65;
046D : E65;
046E : E65;
046F : E65;
0470 : E65;
0471 : E65;
0472 : E65;
0473 : E65;
0474 : E65;
0475 : E65;
0476 : E65;
0477 : E65;
0478 : E65;
0479 : E65;
047A : E65;
047B : E65;
047C : E65;
047D : E65;
047E : E65;
047F : E65;
0480 : E65;
0481 : E65;
0482 : E65;
0483 : E65;
0484 : E65;
0485 : E65;
0486 : E65;
0487 : E65;
0488 : E65;
0489 : E65;
048A : E65;
048B : E65;
048C : E65;
048D : E65;
048E : E65;
048F : E65;
0490 : E65;
0491 : E65;
0492 : E65;
0493 : E65;
0494 : E65;
0495 : E65;
0496 : E65;
0497 : E65;
0498 : E65;
0499 : E65;
049A : E65;
049B : E65;
049C : E65;
049D : E65;
049E : E65;
049F : E65;
04A0 : E65;
04A1 : E65;
04A2 : E65;
04A3 : E65;
04A4 : E65;
04A5 : E65;
04A6 : E65;
04A7 : E65;
04A8 : E65;
04A9 : E65;
04AA : E65;
04AB : E65;
04AC : E65;
04AD : E65;
04AE : E65;
04AF : E65;
04B0 : E65;
04B1 : E65;
04B2 : E65;
04B3 : E65;
04B4 : E65;
04B5 : E65;
04B6 : E65;
04B7 : E65;
04B8 : E65;
04B9 : E65;
04BA : E65;
04BB : E65;
04BC : E65;
04BD : E65;
04BE : E65;
04BF : E65;
04C0 : E65;
04C1 : E65;
04C2 : E65;
04C3 : E65;
04C4 : E65;
04C5 : E65;
04C6 : E65;
04C7 : E65;
04C8 : E65;
04C9 : E65;
04CA : E65;
04CB : E65;
04CC : E65;
04CD : E65;
04CE : E65;
04CF : E65;
04D0 : E65;
04D1 : E65;
04D2 : E65;
04D3 : E65;
04D4 : E65;
04D5 : E65;
04D6 : E65;
04D7 : E65;
04D8 : E65;
04D9 : E65;
04DA : E65;
04DB : E65;
04DC : E65;
04DD : E65;
04DE : E65;
04DF : E65;
04E0 : E65;
04E1 : E65;
04E2 : E65;
04E3 : E65;
04E4 : E65;
04E5 : E65;
04E6 : E65;
04E7 : E65;
04E8 : E65;
04E9 : E65;
04EA : E65;
04EB : E65;
04EC : E65;
04ED : E65;
04EE : E65;
04EF : E65;
04F0 : E65;
04F1 : E65;
04F2 : E65;
04F3 : E65;
04F4 : E65;
04F5 : E65;
04F6 : E65;
04F7 : E65;
04F8 : E65;
04F9 : E65;
04FA : E65;
04FB : E65;
04FC : E55;
04FD : F66;
04FE : F66;
04FF : E66;
0500 : E66;
0501 : E66;
0502 : E66;
0503 : E66;
0504 : E66;
0505 : E66;
0506 : E66;
0507 : E66;
0508 : E66;
0509 : E66;
050A : E66;
050B : E66;
050C : E66;
050D : E65;
050E : E55;
050F : E55;
0510 : E55;
0511 : E65;
0512 : E65;
0513 : E65;
0514 : E65;
0515 : E65;
0516 : E65;
0517 : E65;
0518 : E65;
0519 : E65;
051A : E65;
051B : E65;
051C : E65;
051D : E65;
051E : E65;
051F : E65;
0520 : E65;
0521 : E65;
0522 : E65;
0523 : E65;
0524 : E65;
0525 : E65;
0526 : E65;
0527 : E65;
0528 : E65;
0529 : E65;
052A : E65;
052B : E65;
052C : E65;
052D : E65;
052E : E65;
052F : E65;
0530 : E65;
0531 : E65;
0532 : E65;
0533 : E65;
0534 : E65;
0535 : E65;
0536 : E65;
0537 : E65;
0538 : E65;
0539 : E65;
053A : E65;
053B : E65;
053C : E65;
053D : E65;
053E : E65;
053F : E65;
0540 : E65;
0541 : E65;
0542 : E65;
0543 : E65;
0544 : E65;
0545 : E65;
0546 : E65;
0547 : E65;
0548 : E65;
0549 : E65;
054A : E65;
054B : E65;
054C : E65;
054D : E65;
054E : E65;
054F : E65;
0550 : E65;
0551 : E65;
0552 : E65;
0553 : E65;
0554 : E65;
0555 : E65;
0556 : E65;
0557 : E65;
0558 : E65;
0559 : E65;
055A : E65;
055B : E65;
055C : E65;
055D : E65;
055E : E65;
055F : E65;
0560 : E65;
0561 : E65;
0562 : E65;
0563 : E65;
0564 : E65;
0565 : E65;
0566 : E65;
0567 : E65;
0568 : E65;
0569 : E65;
056A : E65;
056B : E65;
056C : E65;
056D : E65;
056E : E65;
056F : E65;
0570 : E65;
0571 : E65;
0572 : E65;
0573 : E65;
0574 : E65;
0575 : E65;
0576 : E65;
0577 : E65;
0578 : E65;
0579 : E65;
057A : E65;
057B : E65;
057C : E65;
057D : E65;
057E : E65;
057F : E65;
0580 : E65;
0581 : E65;
0582 : E65;
0583 : E65;
0584 : E65;
0585 : E65;
0586 : E65;
0587 : E65;
0588 : E65;
0589 : E65;
058A : E65;
058B : E65;
058C : E65;
058D : E65;
058E : E65;
058F : E65;
0590 : E65;
0591 : E65;
0592 : E65;
0593 : E65;
0594 : E65;
0595 : E65;
0596 : E65;
0597 : E65;
0598 : E65;
0599 : E65;
059A : E65;
059B : E65;
059C : E65;
059D : E65;
059E : E65;
059F : E65;
05A0 : E65;
05A1 : E65;
05A2 : E65;
05A3 : E65;
05A4 : E65;
05A5 : E65;
05A6 : E65;
05A7 : E65;
05A8 : E65;
05A9 : E65;
05AA : E65;
05AB : E65;
05AC : E65;
05AD : E65;
05AE : E65;
05AF : E65;
05B0 : E65;
05B1 : E65;
05B2 : E65;
05B3 : E65;
05B4 : E65;
05B5 : E65;
05B6 : E65;
05B7 : E65;
05B8 : E65;
05B9 : E65;
05BA : E65;
05BB : E65;
05BC : E65;
05BD : E65;
05BE : E65;
05BF : E65;
05C0 : E65;
05C1 : E65;
05C2 : E65;
05C3 : E65;
05C4 : E65;
05C5 : E65;
05C6 : E65;
05C7 : E65;
05C8 : E65;
05C9 : E65;
05CA : E65;
05CB : E65;
05CC : E65;
05CD : E65;
05CE : E65;
05CF : E65;
05D0 : E65;
05D1 : E65;
05D2 : E65;
05D3 : E65;
05D4 : E65;
05D5 : E65;
05D6 : E65;
05D7 : E65;
05D8 : E65;
05D9 : E65;
05DA : E65;
05DB : E65;
05DC : E65;
05DD : E65;
05DE : E65;
05DF : E65;
05E0 : E65;
05E1 : E65;
05E2 : E65;
05E3 : E65;
05E4 : E65;
05E5 : E65;
05E6 : E65;
05E7 : E65;
05E8 : E65;
05E9 : E65;
05EA : E65;
05EB : E65;
05EC : E65;
05ED : E65;
05EE : E65;
05EF : E65;
05F0 : E65;
05F1 : E65;
05F2 : E65;
05F3 : E65;
05F4 : E65;
05F5 : E65;
05F6 : E65;
05F7 : E65;
05F8 : E65;
05F9 : E65;
05FA : E65;
05FB : E65;
05FC : E65;
05FD : E65;
05FE : E65;
05FF : E65;
0600 : E65;
0601 : F98;
0602 : FCA;
0603 : FCA;
0604 : FCA;
0605 : FCA;
0606 : FCA;
0607 : FCA;
0608 : FCA;
0609 : FCA;
060A : FCA;
060B : FCA;
060C : FCA;
060D : FCA;
060E : FCA;
060F : FCA;
0610 : FCA;
0611 : E76;
0612 : F55;
0613 : F55;
0614 : E65;
0615 : E65;
0616 : E65;
0617 : E65;
0618 : E65;
0619 : E65;
061A : E65;
061B : E65;
061C : E65;
061D : E65;
061E : E65;
061F : E65;
0620 : E65;
0621 : E65;
0622 : E65;
0623 : E65;
0624 : E65;
0625 : E65;
0626 : E65;
0627 : E65;
0628 : E65;
0629 : E65;
062A : E65;
062B : E65;
062C : E65;
062D : E65;
062E : E65;
062F : E65;
0630 : E65;
0631 : E65;
0632 : E65;
0633 : E65;
0634 : E65;
0635 : E65;
0636 : E65;
0637 : E65;
0638 : E65;
0639 : E65;
063A : E65;
063B : E65;
063C : E65;
063D : E65;
063E : E65;
063F : E65;
0640 : E65;
0641 : E65;
0642 : E65;
0643 : E65;
0644 : E65;
0645 : E65;
0646 : E65;
0647 : E65;
0648 : E65;
0649 : E65;
064A : E65;
064B : E65;
064C : E65;
064D : E65;
064E : E65;
064F : E65;
0650 : E65;
0651 : E65;
0652 : E65;
0653 : E65;
0654 : E65;
0655 : E65;
0656 : E65;
0657 : E65;
0658 : E65;
0659 : E65;
065A : E65;
065B : E65;
065C : E65;
065D : E65;
065E : E65;
065F : E65;
0660 : E65;
0661 : E65;
0662 : E65;
0663 : E65;
0664 : E65;
0665 : E65;
0666 : E65;
0667 : E65;
0668 : E65;
0669 : E65;
066A : E65;
066B : E65;
066C : E65;
066D : E65;
066E : E65;
066F : E65;
0670 : E65;
0671 : E65;
0672 : E65;
0673 : E65;
0674 : E65;
0675 : E65;
0676 : E65;
0677 : E65;
0678 : E65;
0679 : E65;
067A : E65;
067B : E65;
067C : E65;
067D : E65;
067E : E65;
067F : E65;
0680 : E65;
0681 : E65;
0682 : E65;
0683 : E65;
0684 : E65;
0685 : E65;
0686 : E65;
0687 : E65;
0688 : E65;
0689 : E65;
068A : E65;
068B : E65;
068C : E65;
068D : E65;
068E : E65;
068F : E65;
0690 : E65;
0691 : E65;
0692 : E65;
0693 : E65;
0694 : E65;
0695 : E65;
0696 : E65;
0697 : E65;
0698 : E65;
0699 : E65;
069A : E65;
069B : E65;
069C : E65;
069D : E65;
069E : E65;
069F : E65;
06A0 : E65;
06A1 : E65;
06A2 : E65;
06A3 : E65;
06A4 : E65;
06A5 : E65;
06A6 : E65;
06A7 : E65;
06A8 : E65;
06A9 : E65;
06AA : E65;
06AB : E65;
06AC : E65;
06AD : E65;
06AE : E65;
06AF : E65;
06B0 : E65;
06B1 : E65;
06B2 : E65;
06B3 : E65;
06B4 : E65;
06B5 : E65;
06B6 : E65;
06B7 : E65;
06B8 : E65;
06B9 : E65;
06BA : E65;
06BB : E65;
06BC : E65;
06BD : E65;
06BE : E65;
06BF : E65;
06C0 : E65;
06C1 : E65;
06C2 : E65;
06C3 : E65;
06C4 : E65;
06C5 : E65;
06C6 : E65;
06C7 : E65;
06C8 : E65;
06C9 : E65;
06CA : E65;
06CB : E65;
06CC : E65;
06CD : E65;
06CE : E65;
06CF : E65;
06D0 : E65;
06D1 : E65;
06D2 : E65;
06D3 : E65;
06D4 : E65;
06D5 : E65;
06D6 : E65;
06D7 : E65;
06D8 : E65;
06D9 : E65;
06DA : E65;
06DB : E65;
06DC : E65;
06DD : E65;
06DE : E65;
06DF : E65;
06E0 : E65;
06E1 : E65;
06E2 : E65;
06E3 : E65;
06E4 : E65;
06E5 : E65;
06E6 : E65;
06E7 : E65;
06E8 : E65;
06E9 : E65;
06EA : E65;
06EB : E65;
06EC : E65;
06ED : E65;
06EE : E65;
06EF : E65;
06F0 : E65;
06F1 : E65;
06F2 : E65;
06F3 : E65;
06F4 : E65;
06F5 : E65;
06F6 : E65;
06F7 : E65;
06F8 : E65;
06F9 : E65;
06FA : E65;
06FB : E65;
06FC : E65;
06FD : E65;
06FE : E65;
06FF : E65;
0700 : E65;
0701 : E65;
0702 : E76;
0703 : E76;
0704 : E76;
0705 : FB9;
0706 : FEB;
0707 : FEB;
0708 : FEB;
0709 : FEB;
070A : FEB;
070B : FEB;
070C : FEB;
070D : FEB;
070E : FEB;
070F : FEB;
0710 : FEB;
0711 : FEB;
0712 : FEB;
0713 : FEB;
0714 : FDB;
0715 : E87;
0716 : E76;
0717 : E76;
0718 : E66;
0719 : E65;
071A : E65;
071B : E65;
071C : E65;
071D : E65;
071E : E65;
071F : E65;
0720 : E65;
0721 : E65;
0722 : E65;
0723 : E65;
0724 : E65;
0725 : E65;
0726 : E65;
0727 : E65;
0728 : E65;
0729 : E65;
072A : E65;
072B : E65;
072C : E65;
072D : E65;
072E : E65;
072F : E65;
0730 : E65;
0731 : E65;
0732 : E65;
0733 : E65;
0734 : E65;
0735 : E65;
0736 : E65;
0737 : E65;
0738 : E65;
0739 : E65;
073A : E65;
073B : E65;
073C : E65;
073D : E65;
073E : E65;
073F : E65;
0740 : E65;
0741 : E65;
0742 : E65;
0743 : E65;
0744 : E65;
0745 : E65;
0746 : E65;
0747 : E65;
0748 : E65;
0749 : E65;
074A : E65;
074B : E65;
074C : E65;
074D : E65;
074E : E65;
074F : E65;
0750 : E65;
0751 : E65;
0752 : E65;
0753 : E65;
0754 : E65;
0755 : E65;
0756 : E65;
0757 : E65;
0758 : E65;
0759 : E65;
075A : E65;
075B : E65;
075C : E65;
075D : E65;
075E : E65;
075F : E65;
0760 : E65;
0761 : E65;
0762 : E65;
0763 : E65;
0764 : E65;
0765 : E65;
0766 : E65;
0767 : E65;
0768 : E65;
0769 : E65;
076A : E65;
076B : E65;
076C : E65;
076D : E65;
076E : E65;
076F : E65;
0770 : E65;
0771 : E65;
0772 : E65;
0773 : E65;
0774 : E65;
0775 : E65;
0776 : E65;
0777 : E65;
0778 : E65;
0779 : E65;
077A : E65;
077B : E65;
077C : E65;
077D : E65;
077E : E65;
077F : E65;
0780 : E65;
0781 : E65;
0782 : E65;
0783 : E65;
0784 : E65;
0785 : E65;
0786 : E65;
0787 : E65;
0788 : E65;
0789 : E65;
078A : E65;
078B : E65;
078C : E65;
078D : E65;
078E : E65;
078F : E65;
0790 : E65;
0791 : E65;
0792 : E65;
0793 : E65;
0794 : E65;
0795 : E65;
0796 : E65;
0797 : E65;
0798 : E65;
0799 : E65;
079A : E65;
079B : E65;
079C : E65;
079D : E65;
079E : E65;
079F : E65;
07A0 : E65;
07A1 : E65;
07A2 : E65;
07A3 : E65;
07A4 : E65;
07A5 : E65;
07A6 : E65;
07A7 : E65;
07A8 : E65;
07A9 : E65;
07AA : E65;
07AB : E65;
07AC : E65;
07AD : E65;
07AE : E65;
07AF : E65;
07B0 : E65;
07B1 : E65;
07B2 : E65;
07B3 : E65;
07B4 : E65;
07B5 : E65;
07B6 : E65;
07B7 : E65;
07B8 : E65;
07B9 : E65;
07BA : E65;
07BB : E65;
07BC : E65;
07BD : E65;
07BE : E65;
07BF : E65;
07C0 : E65;
07C1 : E65;
07C2 : E65;
07C3 : E65;
07C4 : E65;
07C5 : E65;
07C6 : E65;
07C7 : E65;
07C8 : E65;
07C9 : E65;
07CA : E65;
07CB : E65;
07CC : E65;
07CD : E65;
07CE : E65;
07CF : E65;
07D0 : E65;
07D1 : E65;
07D2 : E65;
07D3 : E65;
07D4 : E65;
07D5 : E65;
07D6 : E65;
07D7 : E65;
07D8 : E65;
07D9 : E65;
07DA : E65;
07DB : E65;
07DC : E65;
07DD : E65;
07DE : E65;
07DF : E65;
07E0 : E65;
07E1 : E65;
07E2 : E65;
07E3 : E65;
07E4 : E65;
07E5 : E65;
07E6 : E65;
07E7 : E65;
07E8 : E65;
07E9 : E65;
07EA : E65;
07EB : E65;
07EC : E65;
07ED : E65;
07EE : E65;
07EF : E65;
07F0 : E65;
07F1 : E65;
07F2 : E65;
07F3 : E65;
07F4 : E65;
07F5 : E65;
07F6 : E65;
07F7 : E65;
07F8 : E65;
07F9 : E65;
07FA : E65;
07FB : E65;
07FC : E65;
07FD : E65;
07FE : E65;
07FF : E65;
0800 : E65;
0801 : E65;
0802 : E65;
0803 : F65;
0804 : F65;
0805 : E65;
0806 : FDA;
0807 : FDB;
0808 : FDB;
0809 : FEB;
080A : FEB;
080B : FEB;
080C : FEB;
080D : FEB;
080E : FEB;
080F : FEB;
0810 : FEB;
0811 : FEB;
0812 : FEB;
0813 : FEB;
0814 : FEB;
0815 : FEB;
0816 : FEB;
0817 : FEB;
0818 : FEB;
0819 : FDB;
081A : FDB;
081B : FDB;
081C : FA9;
081D : E65;
081E : E65;
081F : E65;
0820 : E65;
0821 : E65;
0822 : E65;
0823 : E65;
0824 : E65;
0825 : E65;
0826 : E65;
0827 : E65;
0828 : E65;
0829 : E65;
082A : E65;
082B : E65;
082C : E65;
082D : E65;
082E : E65;
082F : E65;
0830 : E65;
0831 : E65;
0832 : E65;
0833 : E65;
0834 : E65;
0835 : E65;
0836 : E65;
0837 : E65;
0838 : E65;
0839 : E65;
083A : E65;
083B : E65;
083C : E65;
083D : E65;
083E : E65;
083F : E65;
0840 : E65;
0841 : E65;
0842 : E65;
0843 : E65;
0844 : E65;
0845 : E65;
0846 : E65;
0847 : E65;
0848 : E65;
0849 : E65;
084A : E65;
084B : E65;
084C : E65;
084D : E65;
084E : E65;
084F : E65;
0850 : E65;
0851 : E65;
0852 : E65;
0853 : E65;
0854 : E65;
0855 : E65;
0856 : E65;
0857 : E65;
0858 : E65;
0859 : E65;
085A : E65;
085B : E65;
085C : E65;
085D : E65;
085E : E65;
085F : E65;
0860 : E65;
0861 : E65;
0862 : E65;
0863 : E65;
0864 : E65;
0865 : E65;
0866 : E65;
0867 : E65;
0868 : E65;
0869 : E65;
086A : E65;
086B : E65;
086C : E65;
086D : E65;
086E : E65;
086F : E65;
0870 : E65;
0871 : E65;
0872 : E65;
0873 : E65;
0874 : E65;
0875 : E65;
0876 : E65;
0877 : E65;
0878 : E65;
0879 : E65;
087A : E65;
087B : E65;
087C : E65;
087D : E65;
087E : E65;
087F : E65;
0880 : E65;
0881 : E65;
0882 : E65;
0883 : E65;
0884 : E65;
0885 : E65;
0886 : E65;
0887 : E65;
0888 : E65;
0889 : E65;
088A : E65;
088B : E65;
088C : E65;
088D : E65;
088E : E65;
088F : E65;
0890 : E65;
0891 : E65;
0892 : E65;
0893 : E65;
0894 : E65;
0895 : E65;
0896 : E65;
0897 : E65;
0898 : E65;
0899 : E65;
089A : E65;
089B : E65;
089C : E65;
089D : E65;
089E : E65;
089F : E65;
08A0 : E65;
08A1 : E65;
08A2 : E65;
08A3 : E65;
08A4 : E65;
08A5 : E65;
08A6 : E65;
08A7 : E65;
08A8 : E65;
08A9 : E65;
08AA : E65;
08AB : E65;
08AC : E65;
08AD : E65;
08AE : E65;
08AF : E65;
08B0 : E65;
08B1 : E65;
08B2 : E65;
08B3 : E65;
08B4 : E65;
08B5 : E65;
08B6 : E65;
08B7 : E65;
08B8 : E65;
08B9 : E65;
08BA : E65;
08BB : E65;
08BC : E65;
08BD : E65;
08BE : E65;
08BF : E65;
08C0 : E65;
08C1 : E65;
08C2 : E65;
08C3 : E65;
08C4 : E65;
08C5 : E65;
08C6 : E65;
08C7 : E65;
08C8 : E65;
08C9 : E65;
08CA : E65;
08CB : E65;
08CC : E65;
08CD : E65;
08CE : E65;
08CF : E65;
08D0 : E65;
08D1 : E65;
08D2 : E65;
08D3 : E65;
08D4 : E65;
08D5 : E65;
08D6 : E65;
08D7 : E65;
08D8 : E65;
08D9 : E65;
08DA : E65;
08DB : E65;
08DC : E65;
08DD : E65;
08DE : E65;
08DF : E65;
08E0 : E65;
08E1 : E65;
08E2 : E65;
08E3 : E65;
08E4 : E65;
08E5 : E65;
08E6 : E65;
08E7 : E65;
08E8 : E65;
08E9 : E65;
08EA : E65;
08EB : E65;
08EC : E65;
08ED : E65;
08EE : E65;
08EF : E65;
08F0 : E65;
08F1 : E65;
08F2 : E65;
08F3 : E65;
08F4 : E65;
08F5 : E65;
08F6 : E65;
08F7 : E65;
08F8 : E65;
08F9 : E65;
08FA : E65;
08FB : E65;
08FC : E65;
08FD : E65;
08FE : E65;
08FF : E65;
0900 : E65;
0901 : E65;
0902 : E65;
0903 : E65;
0904 : E65;
0905 : F65;
0906 : F65;
0907 : E65;
0908 : E87;
0909 : EA8;
090A : FDB;
090B : FEB;
090C : FEB;
090D : FEB;
090E : FEB;
090F : FEB;
0910 : FEB;
0911 : FEB;
0912 : FEB;
0913 : FEB;
0914 : FEB;
0915 : FEB;
0916 : FEB;
0917 : FEB;
0918 : FEB;
0919 : FEB;
091A : FEB;
091B : FEB;
091C : FEB;
091D : FEB;
091E : FEB;
091F : FEB;
0920 : FCA;
0921 : E97;
0922 : E76;
0923 : F65;
0924 : E65;
0925 : E65;
0926 : E65;
0927 : E65;
0928 : E65;
0929 : E65;
092A : E65;
092B : E65;
092C : E65;
092D : E65;
092E : E65;
092F : E65;
0930 : E65;
0931 : E65;
0932 : E65;
0933 : E65;
0934 : E65;
0935 : E65;
0936 : E65;
0937 : E65;
0938 : E65;
0939 : E65;
093A : E65;
093B : E65;
093C : E65;
093D : E65;
093E : E65;
093F : E65;
0940 : E65;
0941 : E65;
0942 : E65;
0943 : E65;
0944 : E65;
0945 : E65;
0946 : E65;
0947 : E65;
0948 : E65;
0949 : E65;
094A : E65;
094B : E65;
094C : E65;
094D : E65;
094E : E65;
094F : E65;
0950 : E65;
0951 : E65;
0952 : E65;
0953 : E65;
0954 : E65;
0955 : E65;
0956 : E65;
0957 : E65;
0958 : E65;
0959 : E65;
095A : E65;
095B : E65;
095C : E65;
095D : E65;
095E : E65;
095F : E65;
0960 : E65;
0961 : E65;
0962 : E65;
0963 : E65;
0964 : E65;
0965 : E65;
0966 : E65;
0967 : E65;
0968 : E65;
0969 : E65;
096A : E65;
096B : E65;
096C : E65;
096D : E65;
096E : E65;
096F : E65;
0970 : E65;
0971 : E65;
0972 : E65;
0973 : E65;
0974 : E65;
0975 : E65;
0976 : E65;
0977 : E65;
0978 : E65;
0979 : E65;
097A : E65;
097B : E65;
097C : E65;
097D : E65;
097E : E65;
097F : E65;
0980 : E65;
0981 : E65;
0982 : E65;
0983 : E65;
0984 : E65;
0985 : E65;
0986 : E65;
0987 : E65;
0988 : E65;
0989 : E65;
098A : E65;
098B : E65;
098C : E65;
098D : E65;
098E : E65;
098F : E65;
0990 : E65;
0991 : E65;
0992 : E65;
0993 : E65;
0994 : E65;
0995 : E65;
0996 : E65;
0997 : E65;
0998 : E65;
0999 : E65;
099A : E65;
099B : E65;
099C : E65;
099D : E65;
099E : E65;
099F : E65;
09A0 : E65;
09A1 : E65;
09A2 : E65;
09A3 : E65;
09A4 : E65;
09A5 : E65;
09A6 : E65;
09A7 : E65;
09A8 : E65;
09A9 : E65;
09AA : E65;
09AB : E65;
09AC : E65;
09AD : E65;
09AE : E65;
09AF : E65;
09B0 : E65;
09B1 : E65;
09B2 : E65;
09B3 : E65;
09B4 : E65;
09B5 : E65;
09B6 : E65;
09B7 : E65;
09B8 : E65;
09B9 : E65;
09BA : E65;
09BB : E65;
09BC : E65;
09BD : E65;
09BE : E65;
09BF : E65;
09C0 : E65;
09C1 : E65;
09C2 : E65;
09C3 : E65;
09C4 : E65;
09C5 : E65;
09C6 : E65;
09C7 : E65;
09C8 : E65;
09C9 : E65;
09CA : E65;
09CB : E65;
09CC : E65;
09CD : E65;
09CE : E65;
09CF : E65;
09D0 : E65;
09D1 : E65;
09D2 : E65;
09D3 : E65;
09D4 : E65;
09D5 : E65;
09D6 : E65;
09D7 : E65;
09D8 : E65;
09D9 : E65;
09DA : E65;
09DB : E65;
09DC : E65;
09DD : E65;
09DE : E65;
09DF : E65;
09E0 : E65;
09E1 : E65;
09E2 : E65;
09E3 : E65;
09E4 : E65;
09E5 : E65;
09E6 : E65;
09E7 : E65;
09E8 : E65;
09E9 : E65;
09EA : E65;
09EB : E65;
09EC : E65;
09ED : E65;
09EE : E65;
09EF : E65;
09F0 : E65;
09F1 : E65;
09F2 : E65;
09F3 : E65;
09F4 : E65;
09F5 : E65;
09F6 : E65;
09F7 : E65;
09F8 : E65;
09F9 : E65;
09FA : E65;
09FB : E65;
09FC : E65;
09FD : E65;
09FE : E65;
09FF : E65;
0A00 : E65;
0A01 : E65;
0A02 : E65;
0A03 : E65;
0A04 : E65;
0A05 : E65;
0A06 : E65;
0A07 : E65;
0A08 : E65;
0A09 : F65;
0A0A : E65;
0A0B : E65;
0A0C : FB9;
0A0D : FEB;
0A0E : FEB;
0A0F : FEB;
0A10 : FEB;
0A11 : FEB;
0A12 : FEB;
0A13 : FEB;
0A14 : FEB;
0A15 : FEB;
0A16 : FEB;
0A17 : FEB;
0A18 : FEB;
0A19 : FEB;
0A1A : FEB;
0A1B : FEB;
0A1C : FEB;
0A1D : FEB;
0A1E : FEB;
0A1F : FEB;
0A20 : FEB;
0A21 : FEB;
0A22 : FEB;
0A23 : FEB;
0A24 : FEB;
0A25 : FEB;
0A26 : E97;
0A27 : E65;
0A28 : E65;
0A29 : E65;
0A2A : E65;
0A2B : E65;
0A2C : E65;
0A2D : E65;
0A2E : E65;
0A2F : E65;
0A30 : E65;
0A31 : E65;
0A32 : E65;
0A33 : E65;
0A34 : E65;
0A35 : E65;
0A36 : E65;
0A37 : E65;
0A38 : E65;
0A39 : E65;
0A3A : E65;
0A3B : E65;
0A3C : E65;
0A3D : E65;
0A3E : E65;
0A3F : E65;
0A40 : E65;
0A41 : E65;
0A42 : E65;
0A43 : E65;
0A44 : E65;
0A45 : E65;
0A46 : E65;
0A47 : E65;
0A48 : E65;
0A49 : E65;
0A4A : E65;
0A4B : E65;
0A4C : E65;
0A4D : E65;
0A4E : E65;
0A4F : E65;
0A50 : E65;
0A51 : E65;
0A52 : E65;
0A53 : E65;
0A54 : E65;
0A55 : E65;
0A56 : E65;
0A57 : E65;
0A58 : E65;
0A59 : E65;
0A5A : E65;
0A5B : E65;
0A5C : E65;
0A5D : E65;
0A5E : E65;
0A5F : E65;
0A60 : E65;
0A61 : E65;
0A62 : E65;
0A63 : E65;
0A64 : E65;
0A65 : E65;
0A66 : E65;
0A67 : E65;
0A68 : E65;
0A69 : E65;
0A6A : E65;
0A6B : E65;
0A6C : E65;
0A6D : E65;
0A6E : E65;
0A6F : E65;
0A70 : E65;
0A71 : E65;
0A72 : E65;
0A73 : E65;
0A74 : E65;
0A75 : E65;
0A76 : E65;
0A77 : E65;
0A78 : E65;
0A79 : E65;
0A7A : E65;
0A7B : E65;
0A7C : E65;
0A7D : E65;
0A7E : E65;
0A7F : E65;
0A80 : E65;
0A81 : E65;
0A82 : E65;
0A83 : E65;
0A84 : E65;
0A85 : E65;
0A86 : E65;
0A87 : E65;
0A88 : E65;
0A89 : E65;
0A8A : E65;
0A8B : E65;
0A8C : E65;
0A8D : E65;
0A8E : E65;
0A8F : E65;
0A90 : E65;
0A91 : E65;
0A92 : E65;
0A93 : E65;
0A94 : E65;
0A95 : E65;
0A96 : E65;
0A97 : E65;
0A98 : E65;
0A99 : E65;
0A9A : E65;
0A9B : E65;
0A9C : E65;
0A9D : E65;
0A9E : E65;
0A9F : E65;
0AA0 : E65;
0AA1 : E65;
0AA2 : E65;
0AA3 : E65;
0AA4 : E65;
0AA5 : E65;
0AA6 : E65;
0AA7 : E65;
0AA8 : E65;
0AA9 : E65;
0AAA : E65;
0AAB : E65;
0AAC : E65;
0AAD : E65;
0AAE : E65;
0AAF : E65;
0AB0 : E65;
0AB1 : E65;
0AB2 : E65;
0AB3 : E65;
0AB4 : E65;
0AB5 : E65;
0AB6 : E65;
0AB7 : E65;
0AB8 : E65;
0AB9 : E65;
0ABA : E65;
0ABB : E65;
0ABC : E65;
0ABD : E65;
0ABE : E65;
0ABF : E65;
0AC0 : E65;
0AC1 : E65;
0AC2 : E65;
0AC3 : E65;
0AC4 : E65;
0AC5 : E65;
0AC6 : E65;
0AC7 : E65;
0AC8 : E65;
0AC9 : E65;
0ACA : E65;
0ACB : E65;
0ACC : E65;
0ACD : E65;
0ACE : E65;
0ACF : E65;
0AD0 : E65;
0AD1 : E65;
0AD2 : E65;
0AD3 : E65;
0AD4 : E65;
0AD5 : E65;
0AD6 : E65;
0AD7 : E65;
0AD8 : E65;
0AD9 : E65;
0ADA : E65;
0ADB : E65;
0ADC : E65;
0ADD : E65;
0ADE : E65;
0ADF : E65;
0AE0 : E65;
0AE1 : E65;
0AE2 : E65;
0AE3 : E65;
0AE4 : E65;
0AE5 : E65;
0AE6 : E65;
0AE7 : E65;
0AE8 : E65;
0AE9 : E65;
0AEA : E65;
0AEB : E65;
0AEC : E65;
0AED : E65;
0AEE : E65;
0AEF : E65;
0AF0 : E65;
0AF1 : E65;
0AF2 : E65;
0AF3 : E65;
0AF4 : E65;
0AF5 : E65;
0AF6 : E65;
0AF7 : E65;
0AF8 : E65;
0AF9 : E65;
0AFA : E65;
0AFB : E65;
0AFC : E65;
0AFD : E65;
0AFE : E65;
0AFF : E65;
0B00 : E65;
0B01 : E65;
0B02 : E65;
0B03 : E65;
0B04 : E65;
0B05 : E65;
0B06 : E65;
0B07 : E65;
0B08 : E65;
0B09 : E65;
0B0A : E65;
0B0B : E65;
0B0C : E65;
0B0D : F65;
0B0E : E87;
0B0F : FB9;
0B10 : FDA;
0B11 : FEB;
0B12 : FEB;
0B13 : FEB;
0B14 : FEB;
0B15 : FEB;
0B16 : FEB;
0B17 : FEB;
0B18 : FEB;
0B19 : FEB;
0B1A : FEB;
0B1B : FEB;
0B1C : FEB;
0B1D : FEB;
0B1E : FEB;
0B1F : FEB;
0B20 : FEB;
0B21 : FEB;
0B22 : FEB;
0B23 : FEB;
0B24 : FEB;
0B25 : FEB;
0B26 : FEB;
0B27 : FEB;
0B28 : FEB;
0B29 : FEB;
0B2A : FCA;
0B2B : FB9;
0B2C : E65;
0B2D : E65;
0B2E : E65;
0B2F : E65;
0B30 : E65;
0B31 : E65;
0B32 : E65;
0B33 : E65;
0B34 : E65;
0B35 : E65;
0B36 : E65;
0B37 : E65;
0B38 : E65;
0B39 : E65;
0B3A : E65;
0B3B : E65;
0B3C : E65;
0B3D : F65;
0B3E : F65;
0B3F : F65;
0B40 : F65;
0B41 : F65;
0B42 : F65;
0B43 : F65;
0B44 : F65;
0B45 : F65;
0B46 : E65;
0B47 : E65;
0B48 : E65;
0B49 : E65;
0B4A : E65;
0B4B : E65;
0B4C : E65;
0B4D : E65;
0B4E : E65;
0B4F : E65;
0B50 : E65;
0B51 : E65;
0B52 : E65;
0B53 : E65;
0B54 : E65;
0B55 : E65;
0B56 : E65;
0B57 : E65;
0B58 : E65;
0B59 : E65;
0B5A : E65;
0B5B : E65;
0B5C : E65;
0B5D : E65;
0B5E : E65;
0B5F : E65;
0B60 : E65;
0B61 : E65;
0B62 : E65;
0B63 : E65;
0B64 : E65;
0B65 : E65;
0B66 : E65;
0B67 : E65;
0B68 : E65;
0B69 : E65;
0B6A : E65;
0B6B : E65;
0B6C : E65;
0B6D : E65;
0B6E : E65;
0B6F : E65;
0B70 : E65;
0B71 : E65;
0B72 : E65;
0B73 : E65;
0B74 : E65;
0B75 : E65;
0B76 : E65;
0B77 : E65;
0B78 : E65;
0B79 : E65;
0B7A : E65;
0B7B : E65;
0B7C : E65;
0B7D : E65;
0B7E : E65;
0B7F : E65;
0B80 : E65;
0B81 : E65;
0B82 : E65;
0B83 : E65;
0B84 : E65;
0B85 : E65;
0B86 : E65;
0B87 : E65;
0B88 : E65;
0B89 : E65;
0B8A : E65;
0B8B : E65;
0B8C : E65;
0B8D : E65;
0B8E : E65;
0B8F : E65;
0B90 : E65;
0B91 : E65;
0B92 : E65;
0B93 : E65;
0B94 : E65;
0B95 : E65;
0B96 : E65;
0B97 : E65;
0B98 : E65;
0B99 : E65;
0B9A : E65;
0B9B : E65;
0B9C : E65;
0B9D : E65;
0B9E : E65;
0B9F : E65;
0BA0 : E65;
0BA1 : E65;
0BA2 : E65;
0BA3 : E65;
0BA4 : E65;
0BA5 : E65;
0BA6 : E65;
0BA7 : E65;
0BA8 : E65;
0BA9 : E65;
0BAA : E65;
0BAB : E65;
0BAC : E65;
0BAD : E65;
0BAE : E65;
0BAF : E65;
0BB0 : E65;
0BB1 : E65;
0BB2 : E65;
0BB3 : E65;
0BB4 : E65;
0BB5 : E65;
0BB6 : E65;
0BB7 : E65;
0BB8 : E65;
0BB9 : E65;
0BBA : E65;
0BBB : E65;
0BBC : E65;
0BBD : E65;
0BBE : E65;
0BBF : E65;
0BC0 : E65;
0BC1 : E65;
0BC2 : E65;
0BC3 : E65;
0BC4 : E65;
0BC5 : E65;
0BC6 : E65;
0BC7 : E65;
0BC8 : E65;
0BC9 : E65;
0BCA : E65;
0BCB : E65;
0BCC : E65;
0BCD : E65;
0BCE : E65;
0BCF : E65;
0BD0 : E65;
0BD1 : E65;
0BD2 : E65;
0BD3 : E65;
0BD4 : E65;
0BD5 : E65;
0BD6 : E65;
0BD7 : E65;
0BD8 : E65;
0BD9 : E65;
0BDA : E65;
0BDB : E65;
0BDC : E65;
0BDD : E65;
0BDE : E65;
0BDF : E65;
0BE0 : E65;
0BE1 : E65;
0BE2 : E65;
0BE3 : E65;
0BE4 : E65;
0BE5 : E65;
0BE6 : E65;
0BE7 : E65;
0BE8 : E65;
0BE9 : E65;
0BEA : E64;
0BEB : E64;
0BEC : E64;
0BED : E65;
0BEE : E65;
0BEF : E65;
0BF0 : E64;
0BF1 : E64;
0BF2 : E64;
0BF3 : E64;
0BF4 : E64;
0BF5 : E64;
0BF6 : E64;
0BF7 : E64;
0BF8 : E64;
0BF9 : E64;
0BFA : E64;
0BFB : E64;
0BFC : E65;
0BFD : E65;
0BFE : E65;
0BFF : E65;
0C00 : E65;
0C01 : E65;
0C02 : E65;
0C03 : E65;
0C04 : E65;
0C05 : E65;
0C06 : E65;
0C07 : E65;
0C08 : E64;
0C09 : E64;
0C0A : E64;
0C0B : E64;
0C0C : E65;
0C0D : E65;
0C0E : F65;
0C0F : F65;
0C10 : E65;
0C11 : E75;
0C12 : EA8;
0C13 : FEB;
0C14 : FEB;
0C15 : FEB;
0C16 : FEB;
0C17 : FEB;
0C18 : FEB;
0C19 : FEB;
0C1A : FEB;
0C1B : FEB;
0C1C : FEB;
0C1D : FEB;
0C1E : FEB;
0C1F : FEB;
0C20 : FEB;
0C21 : FEB;
0C22 : FEB;
0C23 : FEB;
0C24 : FEB;
0C25 : FEB;
0C26 : FEB;
0C27 : FEB;
0C28 : FEB;
0C29 : FEB;
0C2A : FEB;
0C2B : FEB;
0C2C : FEB;
0C2D : FEB;
0C2E : FEB;
0C2F : FEB;
0C30 : F65;
0C31 : E65;
0C32 : E65;
0C33 : E65;
0C34 : E65;
0C35 : E65;
0C36 : E65;
0C37 : E65;
0C38 : E65;
0C39 : F65;
0C3A : F65;
0C3B : F65;
0C3C : E65;
0C3D : E65;
0C3E : E65;
0C3F : E65;
0C40 : F65;
0C41 : F65;
0C42 : F65;
0C43 : F65;
0C44 : F65;
0C45 : F65;
0C46 : F65;
0C47 : F65;
0C48 : F65;
0C49 : F65;
0C4A : F65;
0C4B : F65;
0C4C : F65;
0C4D : F65;
0C4E : F65;
0C4F : F65;
0C50 : F65;
0C51 : F65;
0C52 : F65;
0C53 : F65;
0C54 : F65;
0C55 : F65;
0C56 : F65;
0C57 : F65;
0C58 : F65;
0C59 : F65;
0C5A : F65;
0C5B : F65;
0C5C : F65;
0C5D : F65;
0C5E : F65;
0C5F : F65;
0C60 : F65;
0C61 : F65;
0C62 : F65;
0C63 : F65;
0C64 : F65;
0C65 : F65;
0C66 : F65;
0C67 : F65;
0C68 : F65;
0C69 : F65;
0C6A : F65;
0C6B : F65;
0C6C : F65;
0C6D : F65;
0C6E : F65;
0C6F : F65;
0C70 : F65;
0C71 : F65;
0C72 : F65;
0C73 : F65;
0C74 : F65;
0C75 : F65;
0C76 : F65;
0C77 : F65;
0C78 : F65;
0C79 : F65;
0C7A : F65;
0C7B : F65;
0C7C : F65;
0C7D : F65;
0C7E : F65;
0C7F : F65;
0C80 : F65;
0C81 : F65;
0C82 : F65;
0C83 : F65;
0C84 : F65;
0C85 : F65;
0C86 : F65;
0C87 : F65;
0C88 : F65;
0C89 : F65;
0C8A : F65;
0C8B : F65;
0C8C : F65;
0C8D : F65;
0C8E : F65;
0C8F : F65;
0C90 : F65;
0C91 : F65;
0C92 : F65;
0C93 : F65;
0C94 : F65;
0C95 : F65;
0C96 : F65;
0C97 : F65;
0C98 : F65;
0C99 : F65;
0C9A : F65;
0C9B : F65;
0C9C : F65;
0C9D : F65;
0C9E : F65;
0C9F : F65;
0CA0 : F65;
0CA1 : F65;
0CA2 : E65;
0CA3 : E65;
0CA4 : E65;
0CA5 : E65;
0CA6 : E65;
0CA7 : E65;
0CA8 : E65;
0CA9 : E65;
0CAA : E65;
0CAB : E65;
0CAC : E65;
0CAD : E65;
0CAE : E65;
0CAF : E65;
0CB0 : E65;
0CB1 : E65;
0CB2 : E65;
0CB3 : E65;
0CB4 : E65;
0CB5 : E65;
0CB6 : E65;
0CB7 : E65;
0CB8 : E65;
0CB9 : E65;
0CBA : E65;
0CBB : E65;
0CBC : E65;
0CBD : E65;
0CBE : E65;
0CBF : E65;
0CC0 : E65;
0CC1 : F65;
0CC2 : F65;
0CC3 : F65;
0CC4 : F65;
0CC5 : F65;
0CC6 : F65;
0CC7 : F65;
0CC8 : F65;
0CC9 : F65;
0CCA : F65;
0CCB : F65;
0CCC : F65;
0CCD : F65;
0CCE : F65;
0CCF : F65;
0CD0 : F65;
0CD1 : F65;
0CD2 : F65;
0CD3 : F65;
0CD4 : F65;
0CD5 : F65;
0CD6 : F65;
0CD7 : F65;
0CD8 : F65;
0CD9 : F65;
0CDA : F65;
0CDB : F65;
0CDC : F65;
0CDD : F65;
0CDE : F65;
0CDF : F65;
0CE0 : F65;
0CE1 : F65;
0CE2 : F65;
0CE3 : F65;
0CE4 : F65;
0CE5 : F65;
0CE6 : F65;
0CE7 : F65;
0CE8 : F65;
0CE9 : F65;
0CEA : F65;
0CEB : F65;
0CEC : F65;
0CED : F65;
0CEE : F65;
0CEF : F65;
0CF0 : F65;
0CF1 : F65;
0CF2 : F65;
0CF3 : F65;
0CF4 : F65;
0CF5 : F65;
0CF6 : F65;
0CF7 : F65;
0CF8 : F65;
0CF9 : F65;
0CFA : F65;
0CFB : F65;
0CFC : F65;
0CFD : F65;
0CFE : F65;
0CFF : F65;
0D00 : F65;
0D01 : F65;
0D02 : F65;
0D03 : F65;
0D04 : F65;
0D05 : F65;
0D06 : F65;
0D07 : F65;
0D08 : F65;
0D09 : F65;
0D0A : F65;
0D0B : F65;
0D0C : E65;
0D0D : E65;
0D0E : E65;
0D0F : E65;
0D10 : E65;
0D11 : E65;
0D12 : F65;
0D13 : F65;
0D14 : E86;
0D15 : FDA;
0D16 : FDB;
0D17 : FEB;
0D18 : FEB;
0D19 : FEB;
0D1A : FEB;
0D1B : FEB;
0D1C : FEB;
0D1D : FEB;
0D1E : FEB;
0D1F : FEB;
0D20 : FEB;
0D21 : FEB;
0D22 : FEB;
0D23 : FEB;
0D24 : FEB;
0D25 : FEB;
0D26 : FEB;
0D27 : FEB;
0D28 : FEB;
0D29 : FEB;
0D2A : FEB;
0D2B : FEB;
0D2C : FEB;
0D2D : FEB;
0D2E : FEB;
0D2F : FEB;
0D30 : FEB;
0D31 : FEB;
0D32 : FEB;
0D33 : FEB;
0D34 : F65;
0D35 : E75;
0D36 : E86;
0D37 : E86;
0D38 : E86;
0D39 : E86;
0D3A : E86;
0D3B : E86;
0D3C : E86;
0D3D : E65;
0D3E : F65;
0D3F : F65;
0D40 : F65;
0D41 : F65;
0D42 : F65;
0D43 : E65;
0D44 : F65;
0D45 : F65;
0D46 : F65;
0D47 : F65;
0D48 : F65;
0D49 : F65;
0D4A : F65;
0D4B : F65;
0D4C : F65;
0D4D : F65;
0D4E : F65;
0D4F : F65;
0D50 : F65;
0D51 : F65;
0D52 : F65;
0D53 : F65;
0D54 : F65;
0D55 : F65;
0D56 : F65;
0D57 : F65;
0D58 : F65;
0D59 : F65;
0D5A : F65;
0D5B : F65;
0D5C : F65;
0D5D : F65;
0D5E : F65;
0D5F : F65;
0D60 : F65;
0D61 : F65;
0D62 : F65;
0D63 : F65;
0D64 : F65;
0D65 : F65;
0D66 : F65;
0D67 : F65;
0D68 : F65;
0D69 : F65;
0D6A : F65;
0D6B : F65;
0D6C : F65;
0D6D : F65;
0D6E : F65;
0D6F : F65;
0D70 : F65;
0D71 : F65;
0D72 : F65;
0D73 : F65;
0D74 : F65;
0D75 : F65;
0D76 : F65;
0D77 : F65;
0D78 : F65;
0D79 : F65;
0D7A : F65;
0D7B : F65;
0D7C : F65;
0D7D : F65;
0D7E : F65;
0D7F : F65;
0D80 : F65;
0D81 : F65;
0D82 : F65;
0D83 : F65;
0D84 : F65;
0D85 : F65;
0D86 : F65;
0D87 : F65;
0D88 : F65;
0D89 : F65;
0D8A : F65;
0D8B : F65;
0D8C : F65;
0D8D : F65;
0D8E : F65;
0D8F : F65;
0D90 : F65;
0D91 : F65;
0D92 : F65;
0D93 : F65;
0D94 : F65;
0D95 : F65;
0D96 : F65;
0D97 : F65;
0D98 : F65;
0D99 : F65;
0D9A : F65;
0D9B : F65;
0D9C : F65;
0D9D : F65;
0D9E : F65;
0D9F : F65;
0DA0 : F65;
0DA1 : F65;
0DA2 : F65;
0DA3 : F65;
0DA4 : F65;
0DA5 : F65;
0DA6 : E65;
0DA7 : E65;
0DA8 : E65;
0DA9 : E65;
0DAA : E65;
0DAB : E65;
0DAC : E65;
0DAD : E65;
0DAE : E65;
0DAF : E65;
0DB0 : E65;
0DB1 : E65;
0DB2 : E65;
0DB3 : E65;
0DB4 : E65;
0DB5 : E65;
0DB6 : E65;
0DB7 : E65;
0DB8 : E65;
0DB9 : E65;
0DBA : E65;
0DBB : E65;
0DBC : E65;
0DBD : E65;
0DBE : E65;
0DBF : E65;
0DC0 : E65;
0DC1 : E65;
0DC2 : E65;
0DC3 : E65;
0DC4 : E65;
0DC5 : F65;
0DC6 : F65;
0DC7 : F65;
0DC8 : F65;
0DC9 : F65;
0DCA : F65;
0DCB : F65;
0DCC : F65;
0DCD : F65;
0DCE : F65;
0DCF : F65;
0DD0 : F65;
0DD1 : F65;
0DD2 : F65;
0DD3 : F65;
0DD4 : F65;
0DD5 : F65;
0DD6 : F65;
0DD7 : F65;
0DD8 : F65;
0DD9 : F65;
0DDA : F65;
0DDB : F65;
0DDC : F65;
0DDD : F65;
0DDE : F65;
0DDF : F65;
0DE0 : F65;
0DE1 : F65;
0DE2 : F65;
0DE3 : F65;
0DE4 : F65;
0DE5 : F65;
0DE6 : F65;
0DE7 : F65;
0DE8 : F65;
0DE9 : F65;
0DEA : F65;
0DEB : F65;
0DEC : F65;
0DED : F65;
0DEE : F65;
0DEF : F65;
0DF0 : F65;
0DF1 : F65;
0DF2 : F65;
0DF3 : F65;
0DF4 : F65;
0DF5 : F65;
0DF6 : F65;
0DF7 : F65;
0DF8 : F65;
0DF9 : F65;
0DFA : F65;
0DFB : F65;
0DFC : F65;
0DFD : F65;
0DFE : F65;
0DFF : F65;
0E00 : F65;
0E01 : F65;
0E02 : F65;
0E03 : F65;
0E04 : F65;
0E05 : F65;
0E06 : F65;
0E07 : F65;
0E08 : F65;
0E09 : F65;
0E0A : F65;
0E0B : F65;
0E0C : F65;
0E0D : F65;
0E0E : F65;
0E0F : F65;
0E10 : E65;
0E11 : E65;
0E12 : E65;
0E13 : E65;
0E14 : E65;
0E15 : E65;
0E16 : E65;
0E17 : E65;
0E18 : E86;
0E19 : FEB;
0E1A : FEB;
0E1B : FEB;
0E1C : FEB;
0E1D : FEB;
0E1E : FEB;
0E1F : FEB;
0E20 : FEB;
0E21 : FEB;
0E22 : FEB;
0E23 : FEB;
0E24 : FEB;
0E25 : FEB;
0E26 : FEB;
0E27 : FEB;
0E28 : FEB;
0E29 : FEB;
0E2A : FEB;
0E2B : FEB;
0E2C : FEB;
0E2D : FEB;
0E2E : FEB;
0E2F : FEB;
0E30 : FEB;
0E31 : FEB;
0E32 : FEB;
0E33 : FEB;
0E34 : FEB;
0E35 : FEB;
0E36 : FEB;
0E37 : FEB;
0E38 : E65;
0E39 : F97;
0E3A : FDB;
0E3B : FDB;
0E3C : FDB;
0E3D : FDB;
0E3E : FDB;
0E3F : FEB;
0E40 : FB9;
0E41 : E75;
0E42 : F75;
0E43 : F75;
0E44 : F65;
0E45 : F65;
0E46 : E65;
0E47 : E65;
0E48 : E65;
0E49 : F64;
0E4A : F64;
0E4B : F65;
0E4C : F65;
0E4D : E65;
0E4E : E65;
0E4F : E65;
0E50 : E65;
0E51 : E65;
0E52 : E65;
0E53 : E65;
0E54 : E65;
0E55 : E65;
0E56 : E65;
0E57 : E65;
0E58 : E65;
0E59 : E65;
0E5A : E65;
0E5B : E65;
0E5C : E65;
0E5D : E65;
0E5E : E65;
0E5F : E65;
0E60 : E65;
0E61 : E65;
0E62 : E65;
0E63 : E65;
0E64 : E65;
0E65 : E65;
0E66 : E65;
0E67 : E65;
0E68 : E65;
0E69 : E65;
0E6A : E65;
0E6B : E65;
0E6C : E65;
0E6D : E65;
0E6E : E65;
0E6F : E65;
0E70 : E65;
0E71 : E65;
0E72 : E65;
0E73 : E65;
0E74 : E65;
0E75 : E65;
0E76 : E65;
0E77 : E65;
0E78 : E65;
0E79 : E65;
0E7A : E65;
0E7B : E65;
0E7C : E65;
0E7D : E65;
0E7E : E65;
0E7F : E65;
0E80 : E65;
0E81 : E65;
0E82 : E65;
0E83 : E65;
0E84 : E65;
0E85 : E65;
0E86 : E65;
0E87 : E65;
0E88 : E65;
0E89 : E65;
0E8A : E65;
0E8B : E65;
0E8C : E65;
0E8D : E65;
0E8E : E65;
0E8F : E65;
0E90 : E65;
0E91 : E65;
0E92 : E65;
0E93 : E65;
0E94 : E65;
0E95 : E65;
0E96 : E65;
0E97 : E65;
0E98 : E65;
0E99 : E65;
0E9A : E65;
0E9B : E65;
0E9C : E65;
0E9D : E65;
0E9E : E65;
0E9F : E65;
0EA0 : E65;
0EA1 : E65;
0EA2 : E65;
0EA3 : E65;
0EA4 : E65;
0EA5 : E65;
0EA6 : E65;
0EA7 : E65;
0EA8 : E65;
0EA9 : E65;
0EAA : E65;
0EAB : E65;
0EAC : E65;
0EAD : E65;
0EAE : E65;
0EAF : E65;
0EB0 : E65;
0EB1 : E65;
0EB2 : E65;
0EB3 : E65;
0EB4 : E65;
0EB5 : E64;
0EB6 : E64;
0EB7 : E64;
0EB8 : E64;
0EB9 : E64;
0EBA : E64;
0EBB : E64;
0EBC : E64;
0EBD : E64;
0EBE : E64;
0EBF : E64;
0EC0 : E64;
0EC1 : E64;
0EC2 : E64;
0EC3 : E64;
0EC4 : E64;
0EC5 : E64;
0EC6 : E64;
0EC7 : E64;
0EC8 : E64;
0EC9 : E64;
0ECA : F65;
0ECB : F65;
0ECC : F65;
0ECD : F65;
0ECE : F65;
0ECF : F65;
0ED0 : F65;
0ED1 : F65;
0ED2 : F65;
0ED3 : F65;
0ED4 : F65;
0ED5 : F65;
0ED6 : F65;
0ED7 : F65;
0ED8 : F65;
0ED9 : F65;
0EDA : F65;
0EDB : F65;
0EDC : F65;
0EDD : F65;
0EDE : F65;
0EDF : F65;
0EE0 : F65;
0EE1 : F65;
0EE2 : F65;
0EE3 : F65;
0EE4 : F65;
0EE5 : F65;
0EE6 : F65;
0EE7 : F65;
0EE8 : F65;
0EE9 : F65;
0EEA : F65;
0EEB : F65;
0EEC : F65;
0EED : F65;
0EEE : F65;
0EEF : F65;
0EF0 : F65;
0EF1 : F65;
0EF2 : F65;
0EF3 : F65;
0EF4 : F65;
0EF5 : F64;
0EF6 : F64;
0EF7 : F64;
0EF8 : F65;
0EF9 : F65;
0EFA : F65;
0EFB : F65;
0EFC : F65;
0EFD : F65;
0EFE : F65;
0EFF : F65;
0F00 : F65;
0F01 : F65;
0F02 : F65;
0F03 : F65;
0F04 : F65;
0F05 : F65;
0F06 : F65;
0F07 : F65;
0F08 : F65;
0F09 : F65;
0F0A : F65;
0F0B : F65;
0F0C : F65;
0F0D : F65;
0F0E : F65;
0F0F : F65;
0F10 : F65;
0F11 : F65;
0F12 : F65;
0F13 : E65;
0F14 : E65;
0F15 : E65;
0F16 : E65;
0F17 : E65;
0F18 : E64;
0F19 : E64;
0F1A : E64;
0F1B : E64;
0F1C : E86;
0F1D : FEB;
0F1E : FEB;
0F1F : FEB;
0F20 : FEB;
0F21 : FEB;
0F22 : FEB;
0F23 : FEB;
0F24 : FEB;
0F25 : FEB;
0F26 : FEB;
0F27 : FEB;
0F28 : FEB;
0F29 : FEB;
0F2A : FEB;
0F2B : FEB;
0F2C : FEB;
0F2D : FEB;
0F2E : FEB;
0F2F : FEB;
0F30 : FEB;
0F31 : FEB;
0F32 : FEB;
0F33 : FEB;
0F34 : FEB;
0F35 : FEB;
0F36 : FEB;
0F37 : FEB;
0F38 : FEB;
0F39 : FEB;
0F3A : FEB;
0F3B : FEB;
0F3C : F97;
0F3D : FB8;
0F3E : FEB;
0F3F : FEB;
0F40 : FEB;
0F41 : FEB;
0F42 : FEB;
0F43 : FEB;
0F44 : FCA;
0F45 : FA7;
0F46 : F97;
0F47 : F97;
0F48 : E75;
0F49 : F65;
0F4A : E65;
0F4B : E65;
0F4C : E65;
0F4D : F64;
0F4E : F64;
0F4F : F64;
0F50 : F64;
0F51 : F64;
0F52 : F64;
0F53 : F64;
0F54 : F64;
0F55 : F64;
0F56 : F64;
0F57 : F64;
0F58 : F64;
0F59 : E74;
0F5A : E74;
0F5B : E74;
0F5C : E74;
0F5D : E74;
0F5E : E74;
0F5F : E74;
0F60 : E74;
0F61 : E74;
0F62 : E74;
0F63 : E74;
0F64 : E74;
0F65 : E74;
0F66 : E74;
0F67 : E74;
0F68 : E74;
0F69 : E74;
0F6A : E74;
0F6B : E74;
0F6C : E74;
0F6D : E74;
0F6E : E74;
0F6F : E74;
0F70 : E74;
0F71 : E74;
0F72 : E74;
0F73 : E74;
0F74 : E74;
0F75 : E65;
0F76 : E65;
0F77 : E65;
0F78 : E65;
0F79 : E65;
0F7A : E65;
0F7B : E65;
0F7C : E65;
0F7D : E65;
0F7E : E65;
0F7F : E65;
0F80 : E65;
0F81 : E65;
0F82 : E65;
0F83 : E65;
0F84 : E65;
0F85 : E65;
0F86 : E65;
0F87 : E65;
0F88 : E65;
0F89 : E65;
0F8A : E65;
0F8B : E65;
0F8C : E65;
0F8D : E65;
0F8E : E65;
0F8F : E65;
0F90 : E65;
0F91 : E65;
0F92 : E65;
0F93 : E65;
0F94 : E65;
0F95 : E65;
0F96 : E65;
0F97 : E65;
0F98 : E65;
0F99 : E65;
0F9A : E65;
0F9B : E65;
0F9C : E65;
0F9D : E65;
0F9E : E65;
0F9F : E65;
0FA0 : E65;
0FA1 : E65;
0FA2 : E65;
0FA3 : E65;
0FA4 : E65;
0FA5 : E65;
0FA6 : E65;
0FA7 : E65;
0FA8 : E65;
0FA9 : E65;
0FAA : E65;
0FAB : E65;
0FAC : E65;
0FAD : E65;
0FAE : E74;
0FAF : E74;
0FB0 : E74;
0FB1 : E74;
0FB2 : E74;
0FB3 : E74;
0FB4 : E74;
0FB5 : E74;
0FB6 : E74;
0FB7 : E74;
0FB8 : E74;
0FB9 : E74;
0FBA : E74;
0FBB : E74;
0FBC : E74;
0FBD : E74;
0FBE : E74;
0FBF : E74;
0FC0 : E74;
0FC1 : E74;
0FC2 : E74;
0FC3 : E74;
0FC4 : E74;
0FC5 : E74;
0FC6 : E74;
0FC7 : E74;
0FC8 : E74;
0FC9 : E74;
0FCA : E74;
0FCB : E74;
0FCC : E74;
0FCD : E74;
0FCE : F64;
0FCF : F64;
0FD0 : F64;
0FD1 : F64;
0FD2 : F64;
0FD3 : F64;
0FD4 : F64;
0FD5 : F64;
0FD6 : F64;
0FD7 : F64;
0FD8 : F64;
0FD9 : F64;
0FDA : F64;
0FDB : F64;
0FDC : F64;
0FDD : F64;
0FDE : F64;
0FDF : F64;
0FE0 : F64;
0FE1 : F64;
0FE2 : F64;
0FE3 : F64;
0FE4 : F64;
0FE5 : F64;
0FE6 : F64;
0FE7 : F64;
0FE8 : F64;
0FE9 : F64;
0FEA : F64;
0FEB : F64;
0FEC : F64;
0FED : F64;
0FEE : F64;
0FEF : F64;
0FF0 : F64;
0FF1 : F64;
0FF2 : F64;
0FF3 : F64;
0FF4 : F64;
0FF5 : F64;
0FF6 : F64;
0FF7 : F64;
0FF8 : F64;
0FF9 : F64;
0FFA : F64;
0FFB : F64;
0FFC : F65;
0FFD : F65;
0FFE : F65;
0FFF : F65;
1000 : F65;
1001 : F65;
1002 : F64;
1003 : F64;
1004 : F64;
1005 : F65;
1006 : F65;
1007 : F65;
1008 : F65;
1009 : F65;
100A : F65;
100B : F65;
100C : F65;
100D : F64;
100E : F64;
100F : F64;
1010 : F64;
1011 : F64;
1012 : F64;
1013 : F64;
1014 : F64;
1015 : F64;
1016 : F65;
1017 : E65;
1018 : E74;
1019 : E74;
101A : E74;
101B : E74;
101C : E74;
101D : E74;
101E : E74;
101F : E74;
1020 : E86;
1021 : FEB;
1022 : FEB;
1023 : FEB;
1024 : FEB;
1025 : FEB;
1026 : FEB;
1027 : FEB;
1028 : FEB;
1029 : FEB;
102A : FEB;
102B : FEB;
102C : FEB;
102D : FEB;
102E : FEB;
102F : FEB;
1030 : FEB;
1031 : FEB;
1032 : FEB;
1033 : FEB;
1034 : FEB;
1035 : FEB;
1036 : FEB;
1037 : FEB;
1038 : FEB;
1039 : FEB;
103A : FEB;
103B : FEB;
103C : FEB;
103D : FEB;
103E : FEB;
103F : FEB;
1040 : FEB;
1041 : FEB;
1042 : FEB;
1043 : FEB;
1044 : FEB;
1045 : FEB;
1046 : FEB;
1047 : FEB;
1048 : FEB;
1049 : FEB;
104A : FEB;
104B : FDB;
104C : E86;
104D : F75;
104E : E65;
104F : E64;
1050 : F64;
1051 : F74;
1052 : F64;
1053 : F64;
1054 : F74;
1055 : F74;
1056 : F74;
1057 : F74;
1058 : F74;
1059 : F74;
105A : F74;
105B : F74;
105C : F74;
105D : F74;
105E : F74;
105F : E74;
1060 : E74;
1061 : E74;
1062 : E74;
1063 : E74;
1064 : E74;
1065 : E74;
1066 : E74;
1067 : E74;
1068 : E74;
1069 : E74;
106A : E74;
106B : E74;
106C : E74;
106D : E74;
106E : E74;
106F : E74;
1070 : E74;
1071 : E74;
1072 : E74;
1073 : E74;
1074 : E74;
1075 : E74;
1076 : E74;
1077 : E74;
1078 : E74;
1079 : E74;
107A : E74;
107B : E74;
107C : E74;
107D : E74;
107E : E74;
107F : E74;
1080 : E74;
1081 : E74;
1082 : E74;
1083 : E74;
1084 : E74;
1085 : E74;
1086 : E74;
1087 : E74;
1088 : E74;
1089 : E74;
108A : E74;
108B : E74;
108C : E74;
108D : E74;
108E : E74;
108F : E74;
1090 : E74;
1091 : E74;
1092 : E74;
1093 : E74;
1094 : E74;
1095 : E74;
1096 : E74;
1097 : E74;
1098 : E74;
1099 : E74;
109A : E74;
109B : E74;
109C : E74;
109D : E74;
109E : E74;
109F : E74;
10A0 : E74;
10A1 : E74;
10A2 : E74;
10A3 : E74;
10A4 : E74;
10A5 : E74;
10A6 : E74;
10A7 : E74;
10A8 : E74;
10A9 : E74;
10AA : E74;
10AB : E74;
10AC : E74;
10AD : E74;
10AE : E74;
10AF : E74;
10B0 : E75;
10B1 : F74;
10B2 : F74;
10B3 : F74;
10B4 : F74;
10B5 : F74;
10B6 : F74;
10B7 : F74;
10B8 : F74;
10B9 : F74;
10BA : F74;
10BB : F74;
10BC : F74;
10BD : F74;
10BE : F74;
10BF : F74;
10C0 : F74;
10C1 : F74;
10C2 : F74;
10C3 : F74;
10C4 : F74;
10C5 : F74;
10C6 : F74;
10C7 : F74;
10C8 : F74;
10C9 : F74;
10CA : F74;
10CB : F74;
10CC : F74;
10CD : F74;
10CE : F74;
10CF : F74;
10D0 : F74;
10D1 : F74;
10D2 : F74;
10D3 : F74;
10D4 : F74;
10D5 : F74;
10D6 : F74;
10D7 : F74;
10D8 : F74;
10D9 : F74;
10DA : F74;
10DB : F74;
10DC : F74;
10DD : F74;
10DE : F74;
10DF : F74;
10E0 : F74;
10E1 : F74;
10E2 : F74;
10E3 : F74;
10E4 : F74;
10E5 : F74;
10E6 : F74;
10E7 : F74;
10E8 : F74;
10E9 : F74;
10EA : F74;
10EB : F74;
10EC : F74;
10ED : F74;
10EE : F74;
10EF : F74;
10F0 : F74;
10F1 : F74;
10F2 : F74;
10F3 : F74;
10F4 : F74;
10F5 : F74;
10F6 : F74;
10F7 : F74;
10F8 : F74;
10F9 : F74;
10FA : F74;
10FB : F74;
10FC : F74;
10FD : F74;
10FE : F74;
10FF : F74;
1100 : F74;
1101 : F75;
1102 : F75;
1103 : F75;
1104 : F75;
1105 : F75;
1106 : F74;
1107 : F74;
1108 : F74;
1109 : F75;
110A : F75;
110B : F75;
110C : F75;
110D : F75;
110E : F75;
110F : F75;
1110 : F74;
1111 : F74;
1112 : F74;
1113 : F74;
1114 : F74;
1115 : F74;
1116 : F74;
1117 : F74;
1118 : F74;
1119 : F74;
111A : F75;
111B : F74;
111C : F74;
111D : F74;
111E : F74;
111F : F74;
1120 : F74;
1121 : F74;
1122 : F74;
1123 : E74;
1124 : E96;
1125 : FEB;
1126 : FEB;
1127 : FEB;
1128 : FEB;
1129 : FEB;
112A : FEB;
112B : FEB;
112C : FEB;
112D : FEB;
112E : FEB;
112F : FEB;
1130 : FEB;
1131 : FEB;
1132 : FEB;
1133 : FEB;
1134 : FEB;
1135 : FEB;
1136 : FEB;
1137 : FEB;
1138 : FEB;
1139 : FEB;
113A : FEB;
113B : FEB;
113C : FEB;
113D : FEB;
113E : FEB;
113F : FEB;
1140 : FEB;
1141 : FEB;
1142 : FEB;
1143 : FEB;
1144 : FEB;
1145 : FEB;
1146 : FEB;
1147 : FEB;
1148 : FEB;
1149 : FEB;
114A : FEB;
114B : FEB;
114C : FEB;
114D : FEB;
114E : FEB;
114F : FDB;
1150 : E86;
1151 : F74;
1152 : E74;
1153 : F74;
1154 : F74;
1155 : F74;
1156 : F74;
1157 : F74;
1158 : F74;
1159 : F74;
115A : F74;
115B : F74;
115C : F74;
115D : F74;
115E : F74;
115F : F74;
1160 : F74;
1161 : F74;
1162 : F74;
1163 : E74;
1164 : E74;
1165 : E74;
1166 : E74;
1167 : E74;
1168 : E74;
1169 : E74;
116A : E74;
116B : E74;
116C : F74;
116D : F74;
116E : F74;
116F : F74;
1170 : F74;
1171 : F74;
1172 : F74;
1173 : F74;
1174 : F74;
1175 : F74;
1176 : F74;
1177 : F74;
1178 : F74;
1179 : F74;
117A : F74;
117B : F74;
117C : F74;
117D : F74;
117E : F74;
117F : F74;
1180 : F74;
1181 : F74;
1182 : F74;
1183 : F74;
1184 : F74;
1185 : F74;
1186 : F74;
1187 : F74;
1188 : F74;
1189 : F74;
118A : F74;
118B : F74;
118C : F74;
118D : F74;
118E : F74;
118F : F74;
1190 : F74;
1191 : F74;
1192 : F74;
1193 : F74;
1194 : F74;
1195 : F74;
1196 : F74;
1197 : F74;
1198 : F74;
1199 : F74;
119A : F74;
119B : F74;
119C : F74;
119D : F74;
119E : F74;
119F : F74;
11A0 : F74;
11A1 : F74;
11A2 : F74;
11A3 : F74;
11A4 : F74;
11A5 : F74;
11A6 : F74;
11A7 : F74;
11A8 : F74;
11A9 : F74;
11AA : F74;
11AB : F74;
11AC : F74;
11AD : F74;
11AE : F74;
11AF : F74;
11B0 : F74;
11B1 : F74;
11B2 : F74;
11B3 : F74;
11B4 : F74;
11B5 : F74;
11B6 : F74;
11B7 : F74;
11B8 : F74;
11B9 : F74;
11BA : F74;
11BB : F74;
11BC : F74;
11BD : F74;
11BE : F74;
11BF : F74;
11C0 : F74;
11C1 : F74;
11C2 : F74;
11C3 : F74;
11C4 : F74;
11C5 : F74;
11C6 : F74;
11C7 : F74;
11C8 : F74;
11C9 : F74;
11CA : F74;
11CB : F74;
11CC : F74;
11CD : F74;
11CE : F74;
11CF : F74;
11D0 : F74;
11D1 : F74;
11D2 : F74;
11D3 : F74;
11D4 : F74;
11D5 : F74;
11D6 : F74;
11D7 : F74;
11D8 : F74;
11D9 : F74;
11DA : F74;
11DB : F74;
11DC : F74;
11DD : F74;
11DE : F74;
11DF : F74;
11E0 : F74;
11E1 : F74;
11E2 : F74;
11E3 : F74;
11E4 : F74;
11E5 : F74;
11E6 : F74;
11E7 : F74;
11E8 : F74;
11E9 : F74;
11EA : F74;
11EB : F74;
11EC : F74;
11ED : F74;
11EE : F74;
11EF : F74;
11F0 : F74;
11F1 : F74;
11F2 : F74;
11F3 : F74;
11F4 : F74;
11F5 : F74;
11F6 : F74;
11F7 : F74;
11F8 : F74;
11F9 : F74;
11FA : F74;
11FB : F74;
11FC : F74;
11FD : F74;
11FE : F74;
11FF : F74;
1200 : F74;
1201 : F74;
1202 : F74;
1203 : F74;
1204 : F74;
1205 : F74;
1206 : F74;
1207 : F74;
1208 : F74;
1209 : F74;
120A : F74;
120B : F74;
120C : F74;
120D : F74;
120E : F74;
120F : F74;
1210 : F75;
1211 : F75;
1212 : F74;
1213 : F74;
1214 : F74;
1215 : F74;
1216 : F74;
1217 : F74;
1218 : F74;
1219 : F74;
121A : F74;
121B : F74;
121C : F74;
121D : F74;
121E : F74;
121F : F74;
1220 : F74;
1221 : F74;
1222 : F74;
1223 : F74;
1224 : F74;
1225 : F74;
1226 : F75;
1227 : FB9;
1228 : FCA;
1229 : FEB;
122A : FEB;
122B : FEB;
122C : FEB;
122D : FEB;
122E : FEB;
122F : FEB;
1230 : FEB;
1231 : FEB;
1232 : FEB;
1233 : FEB;
1234 : FEB;
1235 : FEB;
1236 : FEB;
1237 : FEB;
1238 : FEB;
1239 : FEB;
123A : FEB;
123B : FEB;
123C : FEB;
123D : FEB;
123E : FEB;
123F : FEB;
1240 : FEB;
1241 : FEB;
1242 : FEB;
1243 : FEB;
1244 : FEB;
1245 : FEB;
1246 : FEB;
1247 : FEB;
1248 : FEB;
1249 : FEB;
124A : FEB;
124B : FEB;
124C : FEB;
124D : FEB;
124E : FEB;
124F : FEB;
1250 : FEB;
1251 : FEB;
1252 : FEB;
1253 : FDB;
1254 : E96;
1255 : F75;
1256 : E74;
1257 : F74;
1258 : F74;
1259 : F74;
125A : F74;
125B : F74;
125C : F74;
125D : F74;
125E : F74;
125F : F74;
1260 : F74;
1261 : F74;
1262 : F74;
1263 : F74;
1264 : F74;
1265 : F74;
1266 : F74;
1267 : F74;
1268 : F74;
1269 : F74;
126A : F74;
126B : F74;
126C : F74;
126D : F74;
126E : F74;
126F : F74;
1270 : F74;
1271 : F74;
1272 : F74;
1273 : F74;
1274 : F74;
1275 : F74;
1276 : F74;
1277 : F74;
1278 : F74;
1279 : F74;
127A : F74;
127B : F74;
127C : F74;
127D : F74;
127E : F74;
127F : F74;
1280 : F74;
1281 : F74;
1282 : F74;
1283 : F74;
1284 : F74;
1285 : F74;
1286 : F74;
1287 : F74;
1288 : F74;
1289 : F74;
128A : F74;
128B : F74;
128C : F74;
128D : F74;
128E : F74;
128F : F74;
1290 : F74;
1291 : F74;
1292 : F74;
1293 : F74;
1294 : F74;
1295 : F74;
1296 : F74;
1297 : F74;
1298 : F74;
1299 : F74;
129A : F74;
129B : F74;
129C : F74;
129D : F74;
129E : F74;
129F : F74;
12A0 : F74;
12A1 : F74;
12A2 : F74;
12A3 : F74;
12A4 : F74;
12A5 : F74;
12A6 : F74;
12A7 : F74;
12A8 : F74;
12A9 : F74;
12AA : F74;
12AB : F74;
12AC : F74;
12AD : F74;
12AE : F74;
12AF : F74;
12B0 : F74;
12B1 : F74;
12B2 : F74;
12B3 : F74;
12B4 : F74;
12B5 : F74;
12B6 : F74;
12B7 : F74;
12B8 : F74;
12B9 : F74;
12BA : F74;
12BB : F74;
12BC : F74;
12BD : F74;
12BE : F74;
12BF : F74;
12C0 : F74;
12C1 : F74;
12C2 : F74;
12C3 : F74;
12C4 : F74;
12C5 : F74;
12C6 : F74;
12C7 : F74;
12C8 : F74;
12C9 : F74;
12CA : F74;
12CB : F74;
12CC : F74;
12CD : F74;
12CE : F74;
12CF : F74;
12D0 : F74;
12D1 : F74;
12D2 : F74;
12D3 : F74;
12D4 : F74;
12D5 : F74;
12D6 : F74;
12D7 : F74;
12D8 : F74;
12D9 : F74;
12DA : F74;
12DB : F74;
12DC : F74;
12DD : F74;
12DE : F74;
12DF : F74;
12E0 : F74;
12E1 : F74;
12E2 : F74;
12E3 : F74;
12E4 : F74;
12E5 : F74;
12E6 : F74;
12E7 : F74;
12E8 : F74;
12E9 : F74;
12EA : F74;
12EB : F74;
12EC : F74;
12ED : F74;
12EE : F74;
12EF : F74;
12F0 : F74;
12F1 : F74;
12F2 : F74;
12F3 : F74;
12F4 : F74;
12F5 : F74;
12F6 : F74;
12F7 : F74;
12F8 : F74;
12F9 : F74;
12FA : F74;
12FB : F74;
12FC : F74;
12FD : F74;
12FE : F74;
12FF : F74;
1300 : F74;
1301 : F74;
1302 : F74;
1303 : F74;
1304 : F74;
1305 : F74;
1306 : F74;
1307 : F74;
1308 : F74;
1309 : F74;
130A : F74;
130B : F74;
130C : F74;
130D : F74;
130E : F74;
130F : F74;
1310 : F74;
1311 : F74;
1312 : F74;
1313 : F74;
1314 : F74;
1315 : F74;
1316 : F74;
1317 : F74;
1318 : F74;
1319 : F74;
131A : F74;
131B : F74;
131C : F74;
131D : F74;
131E : F74;
131F : F74;
1320 : F74;
1321 : F74;
1322 : F74;
1323 : F74;
1324 : F74;
1325 : F74;
1326 : F74;
1327 : F74;
1328 : F74;
1329 : F74;
132A : E75;
132B : FDB;
132C : FEB;
132D : FEB;
132E : FEB;
132F : FEB;
1330 : FEB;
1331 : FEB;
1332 : FEB;
1333 : FEB;
1334 : FEB;
1335 : FEB;
1336 : FEB;
1337 : FEB;
1338 : FEB;
1339 : FEB;
133A : FEB;
133B : FEB;
133C : FEB;
133D : FEB;
133E : FEB;
133F : FEB;
1340 : FEB;
1341 : FEB;
1342 : FEB;
1343 : FEB;
1344 : FEB;
1345 : FEB;
1346 : FEB;
1347 : FEB;
1348 : FEB;
1349 : FEB;
134A : FEB;
134B : FEB;
134C : FEB;
134D : FEB;
134E : FEB;
134F : FEB;
1350 : FEB;
1351 : FEB;
1352 : FEB;
1353 : FEB;
1354 : FEB;
1355 : FEB;
1356 : FEB;
1357 : FEB;
1358 : FDB;
1359 : FC9;
135A : E74;
135B : F74;
135C : F74;
135D : F74;
135E : F74;
135F : F74;
1360 : F74;
1361 : F74;
1362 : F74;
1363 : F74;
1364 : F74;
1365 : F74;
1366 : F74;
1367 : F74;
1368 : F74;
1369 : F74;
136A : F74;
136B : F74;
136C : F74;
136D : F74;
136E : F74;
136F : F74;
1370 : F74;
1371 : F74;
1372 : F74;
1373 : F74;
1374 : F74;
1375 : F74;
1376 : F74;
1377 : F74;
1378 : F74;
1379 : F74;
137A : F74;
137B : F74;
137C : F74;
137D : F74;
137E : F74;
137F : F74;
1380 : F74;
1381 : F74;
1382 : F74;
1383 : F74;
1384 : F74;
1385 : F74;
1386 : F74;
1387 : F74;
1388 : F74;
1389 : F74;
138A : F74;
138B : F74;
138C : F74;
138D : F74;
138E : F74;
138F : F74;
1390 : F74;
1391 : F74;
1392 : F74;
1393 : F74;
1394 : F74;
1395 : F74;
1396 : F74;
1397 : F74;
1398 : F74;
1399 : F74;
139A : F74;
139B : F74;
139C : F74;
139D : F74;
139E : F74;
139F : F74;
13A0 : F74;
13A1 : F74;
13A2 : F74;
13A3 : F74;
13A4 : F74;
13A5 : F74;
13A6 : F74;
13A7 : F74;
13A8 : F74;
13A9 : F74;
13AA : F74;
13AB : F74;
13AC : F74;
13AD : F74;
13AE : F74;
13AF : F74;
13B0 : F74;
13B1 : F74;
13B2 : F74;
13B3 : F74;
13B4 : F74;
13B5 : F74;
13B6 : F74;
13B7 : F74;
13B8 : F74;
13B9 : F74;
13BA : F74;
13BB : F74;
13BC : F74;
13BD : F74;
13BE : F74;
13BF : F74;
13C0 : F74;
13C1 : F74;
13C2 : F74;
13C3 : F74;
13C4 : F74;
13C5 : F74;
13C6 : F74;
13C7 : F74;
13C8 : F74;
13C9 : F74;
13CA : F74;
13CB : F74;
13CC : F74;
13CD : F74;
13CE : F74;
13CF : F74;
13D0 : F74;
13D1 : F74;
13D2 : F74;
13D3 : F74;
13D4 : F74;
13D5 : F74;
13D6 : F74;
13D7 : F74;
13D8 : F74;
13D9 : F74;
13DA : F74;
13DB : F74;
13DC : F74;
13DD : F74;
13DE : F74;
13DF : F74;
13E0 : F74;
13E1 : F74;
13E2 : F74;
13E3 : F74;
13E4 : F74;
13E5 : F74;
13E6 : F74;
13E7 : F74;
13E8 : F74;
13E9 : F74;
13EA : F74;
13EB : F74;
13EC : F74;
13ED : F74;
13EE : F74;
13EF : F74;
13F0 : F74;
13F1 : F74;
13F2 : F74;
13F3 : F74;
13F4 : F74;
13F5 : F74;
13F6 : F74;
13F7 : F74;
13F8 : F74;
13F9 : F74;
13FA : F74;
13FB : F74;
13FC : F74;
13FD : F74;
13FE : F74;
13FF : F74;
1400 : F74;
1401 : F74;
1402 : F74;
1403 : F74;
1404 : F74;
1405 : F74;
1406 : F74;
1407 : F74;
1408 : F74;
1409 : F74;
140A : F74;
140B : F74;
140C : F74;
140D : F74;
140E : F74;
140F : F74;
1410 : F74;
1411 : F74;
1412 : F74;
1413 : F74;
1414 : F74;
1415 : F74;
1416 : F74;
1417 : F74;
1418 : F74;
1419 : F74;
141A : F74;
141B : F74;
141C : F74;
141D : F74;
141E : F74;
141F : F74;
1420 : F74;
1421 : F74;
1422 : F74;
1423 : F74;
1424 : F74;
1425 : F74;
1426 : F74;
1427 : F74;
1428 : F74;
1429 : F74;
142A : F74;
142B : F74;
142C : F74;
142D : F74;
142E : E75;
142F : FDA;
1430 : FEB;
1431 : FEB;
1432 : FEB;
1433 : FEB;
1434 : FEB;
1435 : FEB;
1436 : FEB;
1437 : FEB;
1438 : FEB;
1439 : FEB;
143A : FEB;
143B : FEB;
143C : FEB;
143D : FEB;
143E : FEB;
143F : FEB;
1440 : FEB;
1441 : FEB;
1442 : FEB;
1443 : FEB;
1444 : FEB;
1445 : FEB;
1446 : FEB;
1447 : FEB;
1448 : FEB;
1449 : FEB;
144A : FEB;
144B : FEB;
144C : FEB;
144D : FEB;
144E : FEB;
144F : FEB;
1450 : FEB;
1451 : FEB;
1452 : FEB;
1453 : FEB;
1454 : FEB;
1455 : FEB;
1456 : FEB;
1457 : FEB;
1458 : FEB;
1459 : FEB;
145A : FEB;
145B : FEB;
145C : FEB;
145D : FDA;
145E : F74;
145F : F74;
1460 : F74;
1461 : F74;
1462 : F74;
1463 : F74;
1464 : F74;
1465 : F74;
1466 : F74;
1467 : F74;
1468 : F74;
1469 : F74;
146A : F74;
146B : F74;
146C : F74;
146D : F74;
146E : F74;
146F : F74;
1470 : F74;
1471 : F74;
1472 : F74;
1473 : F74;
1474 : F74;
1475 : F74;
1476 : F74;
1477 : F74;
1478 : F74;
1479 : F74;
147A : F74;
147B : F74;
147C : F74;
147D : F74;
147E : F74;
147F : F74;
1480 : F74;
1481 : F74;
1482 : F74;
1483 : F74;
1484 : F74;
1485 : F74;
1486 : F74;
1487 : F74;
1488 : F74;
1489 : F74;
148A : F74;
148B : F74;
148C : F74;
148D : F74;
148E : F74;
148F : F74;
1490 : F74;
1491 : F74;
1492 : F74;
1493 : F74;
1494 : F74;
1495 : F74;
1496 : F74;
1497 : F74;
1498 : F74;
1499 : F74;
149A : F74;
149B : F74;
149C : F74;
149D : F74;
149E : F74;
149F : F74;
14A0 : F74;
14A1 : F74;
14A2 : F74;
14A3 : F74;
14A4 : F74;
14A5 : F74;
14A6 : F74;
14A7 : F74;
14A8 : F74;
14A9 : F74;
14AA : F74;
14AB : F74;
14AC : F74;
14AD : F74;
14AE : F74;
14AF : F74;
14B0 : F74;
14B1 : F74;
14B2 : F74;
14B3 : F74;
14B4 : F74;
14B5 : F74;
14B6 : F74;
14B7 : F74;
14B8 : F74;
14B9 : F74;
14BA : F74;
14BB : F74;
14BC : F74;
14BD : F74;
14BE : F74;
14BF : F74;
14C0 : F74;
14C1 : F74;
14C2 : F74;
14C3 : F74;
14C4 : F74;
14C5 : F74;
14C6 : F74;
14C7 : F74;
14C8 : F74;
14C9 : F74;
14CA : F74;
14CB : F74;
14CC : F74;
14CD : F74;
14CE : F74;
14CF : F74;
14D0 : F74;
14D1 : F74;
14D2 : F74;
14D3 : F74;
14D4 : F74;
14D5 : F74;
14D6 : F74;
14D7 : F74;
14D8 : F74;
14D9 : F74;
14DA : F74;
14DB : F74;
14DC : F74;
14DD : F74;
14DE : F74;
14DF : F74;
14E0 : F74;
14E1 : F74;
14E2 : F74;
14E3 : F74;
14E4 : F74;
14E5 : F74;
14E6 : F74;
14E7 : F74;
14E8 : F74;
14E9 : F74;
14EA : F74;
14EB : F74;
14EC : F74;
14ED : F74;
14EE : F74;
14EF : F74;
14F0 : F74;
14F1 : F74;
14F2 : F74;
14F3 : F74;
14F4 : F74;
14F5 : F74;
14F6 : F74;
14F7 : F74;
14F8 : F74;
14F9 : F74;
14FA : F74;
14FB : F74;
14FC : F74;
14FD : F74;
14FE : F74;
14FF : F74;
1500 : F74;
1501 : F74;
1502 : F74;
1503 : F74;
1504 : F74;
1505 : F74;
1506 : F74;
1507 : F74;
1508 : F74;
1509 : F74;
150A : F74;
150B : F74;
150C : F74;
150D : F74;
150E : F74;
150F : F74;
1510 : F74;
1511 : F74;
1512 : F74;
1513 : F74;
1514 : F74;
1515 : F74;
1516 : F74;
1517 : F74;
1518 : F74;
1519 : F74;
151A : F74;
151B : F74;
151C : F74;
151D : F74;
151E : F74;
151F : F74;
1520 : F74;
1521 : F74;
1522 : F74;
1523 : F74;
1524 : F74;
1525 : F74;
1526 : F74;
1527 : F74;
1528 : F74;
1529 : F74;
152A : F74;
152B : F74;
152C : F74;
152D : F74;
152E : F74;
152F : F74;
1530 : F74;
1531 : F74;
1532 : E75;
1533 : FDA;
1534 : FEB;
1535 : FEB;
1536 : FEB;
1537 : FEB;
1538 : FEB;
1539 : FEB;
153A : FEB;
153B : FEB;
153C : FEB;
153D : FEB;
153E : FEB;
153F : FEB;
1540 : FEB;
1541 : FEB;
1542 : FEB;
1543 : FEB;
1544 : FEB;
1545 : FEB;
1546 : FEB;
1547 : FEB;
1548 : FEB;
1549 : FEB;
154A : FEB;
154B : FEB;
154C : FEB;
154D : FEB;
154E : FEB;
154F : FEB;
1550 : FEB;
1551 : FEB;
1552 : FEB;
1553 : FEB;
1554 : FEB;
1555 : FEB;
1556 : FEB;
1557 : FEB;
1558 : FEB;
1559 : FEB;
155A : FEB;
155B : FEB;
155C : FEB;
155D : FEB;
155E : FEB;
155F : FEB;
1560 : FEB;
1561 : FDA;
1562 : F74;
1563 : F74;
1564 : F74;
1565 : F74;
1566 : F74;
1567 : F74;
1568 : F74;
1569 : F74;
156A : F74;
156B : F74;
156C : F74;
156D : F74;
156E : F74;
156F : F74;
1570 : F74;
1571 : F74;
1572 : F74;
1573 : F74;
1574 : F74;
1575 : F74;
1576 : F74;
1577 : F74;
1578 : F74;
1579 : F74;
157A : F74;
157B : F74;
157C : F74;
157D : F74;
157E : F74;
157F : F74;
1580 : F74;
1581 : F74;
1582 : F74;
1583 : F74;
1584 : F74;
1585 : F74;
1586 : F74;
1587 : F74;
1588 : F74;
1589 : F74;
158A : F74;
158B : F74;
158C : F74;
158D : F74;
158E : F74;
158F : F74;
1590 : F74;
1591 : F74;
1592 : F74;
1593 : F74;
1594 : F74;
1595 : F74;
1596 : F74;
1597 : F74;
1598 : F74;
1599 : F74;
159A : F74;
159B : F74;
159C : F74;
159D : F74;
159E : F74;
159F : F74;
15A0 : F74;
15A1 : F74;
15A2 : F74;
15A3 : F74;
15A4 : F74;
15A5 : F74;
15A6 : F74;
15A7 : F74;
15A8 : F74;
15A9 : F74;
15AA : F74;
15AB : F74;
15AC : F74;
15AD : F74;
15AE : F74;
15AF : F74;
15B0 : F74;
15B1 : F74;
15B2 : F74;
15B3 : F74;
15B4 : F74;
15B5 : F74;
15B6 : F74;
15B7 : F74;
15B8 : F74;
15B9 : F74;
15BA : F74;
15BB : F74;
15BC : F74;
15BD : F74;
15BE : F74;
15BF : F74;
15C0 : F74;
15C1 : F74;
15C2 : F74;
15C3 : F74;
15C4 : F74;
15C5 : F74;
15C6 : F74;
15C7 : F74;
15C8 : F74;
15C9 : F74;
15CA : F74;
15CB : F74;
15CC : F74;
15CD : F74;
15CE : F74;
15CF : F74;
15D0 : F74;
15D1 : F74;
15D2 : F74;
15D3 : F74;
15D4 : F74;
15D5 : F74;
15D6 : F74;
15D7 : F74;
15D8 : F74;
15D9 : F74;
15DA : F74;
15DB : F74;
15DC : F74;
15DD : F74;
15DE : F74;
15DF : F74;
15E0 : F74;
15E1 : F74;
15E2 : F74;
15E3 : F74;
15E4 : F74;
15E5 : F74;
15E6 : F74;
15E7 : F74;
15E8 : F74;
15E9 : F74;
15EA : F74;
15EB : F74;
15EC : F74;
15ED : F74;
15EE : F74;
15EF : F74;
15F0 : F74;
15F1 : F74;
15F2 : F74;
15F3 : F74;
15F4 : F74;
15F5 : F74;
15F6 : F74;
15F7 : F74;
15F8 : F74;
15F9 : F74;
15FA : F74;
15FB : F74;
15FC : F74;
15FD : F74;
15FE : F74;
15FF : F74;
1600 : F74;
1601 : F74;
1602 : F74;
1603 : F74;
1604 : F74;
1605 : F74;
1606 : F74;
1607 : F74;
1608 : F74;
1609 : F74;
160A : F74;
160B : F74;
160C : F74;
160D : F74;
160E : F74;
160F : F74;
1610 : F74;
1611 : F74;
1612 : F74;
1613 : F74;
1614 : F74;
1615 : F74;
1616 : F74;
1617 : F74;
1618 : F74;
1619 : F74;
161A : F74;
161B : F74;
161C : F74;
161D : F74;
161E : F74;
161F : F74;
1620 : F74;
1621 : F74;
1622 : F74;
1623 : F74;
1624 : F74;
1625 : F74;
1626 : F74;
1627 : F74;
1628 : F74;
1629 : F74;
162A : F74;
162B : F74;
162C : F74;
162D : F74;
162E : F74;
162F : F74;
1630 : F74;
1631 : F74;
1632 : F74;
1633 : F74;
1634 : F74;
1635 : F74;
1636 : F84;
1637 : FC9;
1638 : FDA;
1639 : FEB;
163A : FEB;
163B : FEB;
163C : FEB;
163D : FEB;
163E : FEB;
163F : FEB;
1640 : FEB;
1641 : FEB;
1642 : FEB;
1643 : FEB;
1644 : FEB;
1645 : FEB;
1646 : FEB;
1647 : FEB;
1648 : FEB;
1649 : FEB;
164A : FEB;
164B : FEB;
164C : FEB;
164D : FEB;
164E : FEB;
164F : FEB;
1650 : FEB;
1651 : FEB;
1652 : FEB;
1653 : FEB;
1654 : FEB;
1655 : FEB;
1656 : FEB;
1657 : FEB;
1658 : FEB;
1659 : FEB;
165A : FEB;
165B : FEB;
165C : FEB;
165D : FEB;
165E : FEB;
165F : FEB;
1660 : FEB;
1661 : FEB;
1662 : FEB;
1663 : FEB;
1664 : FEB;
1665 : FDA;
1666 : FA7;
1667 : F96;
1668 : F74;
1669 : F74;
166A : F74;
166B : F74;
166C : F74;
166D : F74;
166E : F74;
166F : F74;
1670 : F74;
1671 : F74;
1672 : F74;
1673 : F74;
1674 : F74;
1675 : F74;
1676 : F74;
1677 : F74;
1678 : F74;
1679 : F74;
167A : F74;
167B : F74;
167C : F74;
167D : F74;
167E : F74;
167F : F74;
1680 : F74;
1681 : F74;
1682 : F74;
1683 : F74;
1684 : F74;
1685 : F74;
1686 : F74;
1687 : F74;
1688 : F74;
1689 : F74;
168A : F74;
168B : F74;
168C : F74;
168D : F74;
168E : F74;
168F : F74;
1690 : F74;
1691 : F74;
1692 : F74;
1693 : F74;
1694 : F74;
1695 : F74;
1696 : F74;
1697 : F74;
1698 : F74;
1699 : F74;
169A : F74;
169B : F74;
169C : F74;
169D : F74;
169E : F74;
169F : F74;
16A0 : F74;
16A1 : F74;
16A2 : F74;
16A3 : F74;
16A4 : F74;
16A5 : F74;
16A6 : F74;
16A7 : F74;
16A8 : F74;
16A9 : F74;
16AA : F74;
16AB : F74;
16AC : F74;
16AD : F74;
16AE : F74;
16AF : F74;
16B0 : F74;
16B1 : F74;
16B2 : F74;
16B3 : F74;
16B4 : F74;
16B5 : F74;
16B6 : F74;
16B7 : F74;
16B8 : F74;
16B9 : F74;
16BA : F74;
16BB : F74;
16BC : F74;
16BD : F74;
16BE : F74;
16BF : F74;
16C0 : F74;
16C1 : F74;
16C2 : F74;
16C3 : F74;
16C4 : F74;
16C5 : F74;
16C6 : F74;
16C7 : F74;
16C8 : F74;
16C9 : F74;
16CA : F74;
16CB : F74;
16CC : F74;
16CD : F74;
16CE : F74;
16CF : F74;
16D0 : F74;
16D1 : F74;
16D2 : F74;
16D3 : F74;
16D4 : F74;
16D5 : F74;
16D6 : F74;
16D7 : F74;
16D8 : F74;
16D9 : F74;
16DA : F74;
16DB : F74;
16DC : F74;
16DD : F74;
16DE : F74;
16DF : F74;
16E0 : F74;
16E1 : F74;
16E2 : F74;
16E3 : F74;
16E4 : F74;
16E5 : F74;
16E6 : F74;
16E7 : F74;
16E8 : F74;
16E9 : F74;
16EA : F74;
16EB : F74;
16EC : F74;
16ED : F74;
16EE : F74;
16EF : F74;
16F0 : F74;
16F1 : F74;
16F2 : F74;
16F3 : F74;
16F4 : F74;
16F5 : F74;
16F6 : F74;
16F7 : F74;
16F8 : F74;
16F9 : F74;
16FA : F74;
16FB : F74;
16FC : F74;
16FD : F74;
16FE : F74;
16FF : F74;
1700 : F74;
1701 : F74;
1702 : F74;
1703 : F74;
1704 : F74;
1705 : F74;
1706 : F74;
1707 : F74;
1708 : F74;
1709 : F74;
170A : F74;
170B : F74;
170C : F74;
170D : F74;
170E : F74;
170F : F74;
1710 : F74;
1711 : F74;
1712 : F74;
1713 : F74;
1714 : F74;
1715 : F74;
1716 : F74;
1717 : F74;
1718 : F74;
1719 : F74;
171A : F74;
171B : F74;
171C : F74;
171D : F74;
171E : F74;
171F : F74;
1720 : F74;
1721 : F74;
1722 : F74;
1723 : F74;
1724 : F74;
1725 : F74;
1726 : F74;
1727 : F74;
1728 : F74;
1729 : F74;
172A : F74;
172B : F74;
172C : F74;
172D : F74;
172E : F74;
172F : F74;
1730 : F74;
1731 : F74;
1732 : F74;
1733 : F74;
1734 : FA7;
1735 : FA7;
1736 : FA7;
1737 : FA7;
1738 : FA7;
1739 : FA7;
173A : FB7;
173B : FD9;
173C : FDA;
173D : FEB;
173E : FEB;
173F : FEB;
1740 : FEB;
1741 : FEB;
1742 : FEB;
1743 : FEB;
1744 : FEB;
1745 : FEB;
1746 : FEB;
1747 : FEB;
1748 : FEB;
1749 : FEB;
174A : FEB;
174B : FEB;
174C : FEB;
174D : FEB;
174E : FEB;
174F : FEB;
1750 : FEB;
1751 : FEB;
1752 : FEB;
1753 : FEB;
1754 : FEB;
1755 : FEB;
1756 : FEB;
1757 : FEB;
1758 : FEB;
1759 : FEB;
175A : FEB;
175B : FEB;
175C : FEB;
175D : FEB;
175E : FEB;
175F : FEB;
1760 : FEB;
1761 : FEB;
1762 : FEB;
1763 : FEB;
1764 : FEB;
1765 : FEB;
1766 : FEB;
1767 : FEB;
1768 : FEB;
1769 : FEB;
176A : FEB;
176B : FB8;
176C : F74;
176D : F74;
176E : F74;
176F : F74;
1770 : F74;
1771 : F74;
1772 : F74;
1773 : F74;
1774 : F74;
1775 : F74;
1776 : F74;
1777 : F74;
1778 : F74;
1779 : F74;
177A : F74;
177B : F74;
177C : F74;
177D : F74;
177E : F74;
177F : F74;
1780 : F74;
1781 : F74;
1782 : F74;
1783 : F74;
1784 : F74;
1785 : F74;
1786 : F74;
1787 : F74;
1788 : F74;
1789 : F74;
178A : F74;
178B : F74;
178C : F74;
178D : F74;
178E : F74;
178F : F74;
1790 : F74;
1791 : F74;
1792 : F74;
1793 : F74;
1794 : F74;
1795 : F74;
1796 : F74;
1797 : F74;
1798 : F74;
1799 : F74;
179A : F74;
179B : F74;
179C : F74;
179D : F74;
179E : F74;
179F : F74;
17A0 : F74;
17A1 : F74;
17A2 : F74;
17A3 : F74;
17A4 : F74;
17A5 : F74;
17A6 : F74;
17A7 : F74;
17A8 : F74;
17A9 : F74;
17AA : F74;
17AB : F74;
17AC : F74;
17AD : F74;
17AE : F74;
17AF : F74;
17B0 : F74;
17B1 : F74;
17B2 : F74;
17B3 : F74;
17B4 : F74;
17B5 : F74;
17B6 : F74;
17B7 : F74;
17B8 : F74;
17B9 : F74;
17BA : F74;
17BB : F74;
17BC : F74;
17BD : F74;
17BE : F74;
17BF : F74;
17C0 : F74;
17C1 : F74;
17C2 : F74;
17C3 : F74;
17C4 : F74;
17C5 : F74;
17C6 : F74;
17C7 : F74;
17C8 : F74;
17C9 : F74;
17CA : F74;
17CB : F74;
17CC : F74;
17CD : F74;
17CE : F74;
17CF : F74;
17D0 : F74;
17D1 : F74;
17D2 : F74;
17D3 : F74;
17D4 : F74;
17D5 : F74;
17D6 : F74;
17D7 : F74;
17D8 : F74;
17D9 : F74;
17DA : F74;
17DB : F74;
17DC : F74;
17DD : F74;
17DE : F74;
17DF : F74;
17E0 : F74;
17E1 : F74;
17E2 : F74;
17E3 : F74;
17E4 : F74;
17E5 : F74;
17E6 : F74;
17E7 : F74;
17E8 : F74;
17E9 : F74;
17EA : F74;
17EB : F74;
17EC : F74;
17ED : F74;
17EE : F74;
17EF : F74;
17F0 : F74;
17F1 : F74;
17F2 : F74;
17F3 : F74;
17F4 : F74;
17F5 : F74;
17F6 : F74;
17F7 : F74;
17F8 : F74;
17F9 : F74;
17FA : F74;
17FB : F74;
17FC : F74;
17FD : F74;
17FE : F74;
17FF : F74;
1800 : F74;
1801 : F74;
1802 : F74;
1803 : F74;
1804 : F74;
1805 : F74;
1806 : F74;
1807 : F74;
1808 : F74;
1809 : F74;
180A : F74;
180B : F74;
180C : F74;
180D : F74;
180E : F74;
180F : F74;
1810 : F74;
1811 : F74;
1812 : F74;
1813 : F74;
1814 : F74;
1815 : F74;
1816 : F74;
1817 : F74;
1818 : F74;
1819 : F74;
181A : F74;
181B : F74;
181C : F74;
181D : F74;
181E : F74;
181F : F74;
1820 : F74;
1821 : F74;
1822 : F74;
1823 : F74;
1824 : F74;
1825 : F74;
1826 : F74;
1827 : F74;
1828 : F74;
1829 : F74;
182A : F74;
182B : F74;
182C : F74;
182D : F74;
182E : F74;
182F : F74;
1830 : F74;
1831 : F74;
1832 : F74;
1833 : F74;
1834 : F74;
1835 : F74;
1836 : F74;
1837 : F84;
1838 : FDA;
1839 : FEB;
183A : FEB;
183B : FEB;
183C : FEB;
183D : FEB;
183E : FEB;
183F : FD9;
1840 : FD9;
1841 : FEB;
1842 : FEB;
1843 : FEB;
1844 : FEB;
1845 : FEB;
1846 : FEB;
1847 : FEB;
1848 : FEB;
1849 : FEB;
184A : FEB;
184B : FEB;
184C : FEB;
184D : FEB;
184E : FEB;
184F : FEB;
1850 : FEB;
1851 : FEB;
1852 : FEB;
1853 : FEB;
1854 : FEB;
1855 : FEB;
1856 : FEB;
1857 : FEB;
1858 : FEB;
1859 : FEB;
185A : FEB;
185B : FEB;
185C : FEB;
185D : FEB;
185E : FEB;
185F : FEB;
1860 : FEB;
1861 : FEB;
1862 : FEB;
1863 : FEB;
1864 : FEB;
1865 : FEB;
1866 : FEB;
1867 : FEB;
1868 : FEB;
1869 : FEB;
186A : FEB;
186B : FEB;
186C : FEB;
186D : FEB;
186E : FEB;
186F : FB8;
1870 : F74;
1871 : F73;
1872 : F84;
1873 : FC9;
1874 : FC9;
1875 : FC9;
1876 : FC9;
1877 : FC9;
1878 : FC9;
1879 : FC9;
187A : FC9;
187B : FB8;
187C : F74;
187D : F74;
187E : F74;
187F : F74;
1880 : F74;
1881 : F74;
1882 : F74;
1883 : F74;
1884 : F74;
1885 : F74;
1886 : F74;
1887 : F74;
1888 : F74;
1889 : F74;
188A : F74;
188B : F74;
188C : F74;
188D : F74;
188E : F74;
188F : F74;
1890 : F74;
1891 : F74;
1892 : F74;
1893 : F74;
1894 : F74;
1895 : F74;
1896 : F74;
1897 : F74;
1898 : F74;
1899 : F74;
189A : F74;
189B : F74;
189C : F74;
189D : F74;
189E : F74;
189F : F74;
18A0 : F74;
18A1 : F74;
18A2 : F74;
18A3 : F74;
18A4 : F74;
18A5 : F74;
18A6 : F74;
18A7 : F74;
18A8 : F74;
18A9 : F74;
18AA : F74;
18AB : F74;
18AC : F74;
18AD : F74;
18AE : F74;
18AF : F74;
18B0 : F74;
18B1 : F74;
18B2 : F74;
18B3 : F74;
18B4 : F74;
18B5 : F74;
18B6 : F74;
18B7 : F74;
18B8 : F74;
18B9 : F74;
18BA : F74;
18BB : F74;
18BC : F74;
18BD : F74;
18BE : F74;
18BF : F74;
18C0 : F74;
18C1 : F74;
18C2 : F74;
18C3 : F74;
18C4 : F74;
18C5 : F74;
18C6 : F74;
18C7 : F74;
18C8 : F74;
18C9 : F74;
18CA : F74;
18CB : F74;
18CC : F74;
18CD : F74;
18CE : F74;
18CF : F74;
18D0 : F74;
18D1 : F74;
18D2 : F74;
18D3 : F74;
18D4 : F74;
18D5 : F74;
18D6 : F74;
18D7 : F74;
18D8 : F74;
18D9 : F74;
18DA : F74;
18DB : F74;
18DC : F74;
18DD : F74;
18DE : F74;
18DF : F74;
18E0 : F74;
18E1 : F74;
18E2 : F74;
18E3 : F74;
18E4 : F74;
18E5 : F74;
18E6 : F74;
18E7 : F74;
18E8 : F74;
18E9 : F73;
18EA : F74;
18EB : F74;
18EC : F74;
18ED : F74;
18EE : F74;
18EF : F74;
18F0 : F74;
18F1 : F74;
18F2 : F74;
18F3 : F74;
18F4 : F74;
18F5 : F74;
18F6 : F74;
18F7 : F74;
18F8 : F74;
18F9 : F74;
18FA : F74;
18FB : F74;
18FC : F74;
18FD : F74;
18FE : F74;
18FF : F74;
1900 : F74;
1901 : F74;
1902 : F74;
1903 : F74;
1904 : F74;
1905 : F74;
1906 : F74;
1907 : F74;
1908 : F74;
1909 : F74;
190A : F74;
190B : F74;
190C : F74;
190D : F74;
190E : F74;
190F : F74;
1910 : F74;
1911 : F74;
1912 : F74;
1913 : F74;
1914 : F74;
1915 : F74;
1916 : F74;
1917 : F74;
1918 : F74;
1919 : F74;
191A : F74;
191B : F74;
191C : F74;
191D : F74;
191E : F74;
191F : F74;
1920 : F74;
1921 : F74;
1922 : F74;
1923 : F74;
1924 : F74;
1925 : F74;
1926 : F74;
1927 : F74;
1928 : F74;
1929 : F74;
192A : F74;
192B : F74;
192C : F74;
192D : F74;
192E : F74;
192F : F74;
1930 : F74;
1931 : F74;
1932 : F74;
1933 : F74;
1934 : F74;
1935 : F74;
1936 : E85;
1937 : FC9;
1938 : FCA;
1939 : FC9;
193A : FC9;
193B : FC9;
193C : FEB;
193D : FEB;
193E : FEB;
193F : FEB;
1940 : FEB;
1941 : FEB;
1942 : FEB;
1943 : FC8;
1944 : FC8;
1945 : FDA;
1946 : FDA;
1947 : FEB;
1948 : FEB;
1949 : FEB;
194A : FEB;
194B : FEB;
194C : FEB;
194D : FEB;
194E : FEB;
194F : FEB;
1950 : FEB;
1951 : FEB;
1952 : FEB;
1953 : FEB;
1954 : FEB;
1955 : FEB;
1956 : FEB;
1957 : FEB;
1958 : FEB;
1959 : FEB;
195A : FEB;
195B : FEB;
195C : FEB;
195D : FEB;
195E : FEB;
195F : FEB;
1960 : FEB;
1961 : FEB;
1962 : FEB;
1963 : FEB;
1964 : FEB;
1965 : FEB;
1966 : FEB;
1967 : FEB;
1968 : FEB;
1969 : FEB;
196A : FEB;
196B : FEB;
196C : FEB;
196D : FEB;
196E : FEB;
196F : FEB;
1970 : FEB;
1971 : FEB;
1972 : FEB;
1973 : FB8;
1974 : F74;
1975 : F84;
1976 : E95;
1977 : FDB;
1978 : FEB;
1979 : FEB;
197A : FEB;
197B : FEB;
197C : FEB;
197D : FEB;
197E : FEB;
197F : FC9;
1980 : E85;
1981 : E85;
1982 : E85;
1983 : F84;
1984 : F74;
1985 : F74;
1986 : F74;
1987 : F74;
1988 : F74;
1989 : F74;
198A : F74;
198B : F74;
198C : F74;
198D : F74;
198E : F74;
198F : F74;
1990 : F74;
1991 : F74;
1992 : F74;
1993 : F74;
1994 : F74;
1995 : F74;
1996 : F74;
1997 : F74;
1998 : F74;
1999 : F74;
199A : F74;
199B : F74;
199C : F74;
199D : F74;
199E : F74;
199F : F74;
19A0 : F74;
19A1 : F74;
19A2 : F74;
19A3 : F74;
19A4 : F74;
19A5 : F74;
19A6 : F74;
19A7 : F74;
19A8 : F74;
19A9 : F74;
19AA : F74;
19AB : F74;
19AC : F74;
19AD : F74;
19AE : F74;
19AF : F74;
19B0 : F74;
19B1 : F74;
19B2 : F74;
19B3 : F74;
19B4 : F74;
19B5 : F74;
19B6 : F74;
19B7 : F74;
19B8 : F74;
19B9 : F74;
19BA : F74;
19BB : F74;
19BC : F74;
19BD : F74;
19BE : F74;
19BF : F74;
19C0 : F74;
19C1 : F74;
19C2 : F74;
19C3 : F74;
19C4 : F74;
19C5 : F74;
19C6 : F74;
19C7 : F74;
19C8 : F74;
19C9 : F74;
19CA : F74;
19CB : F74;
19CC : F74;
19CD : F74;
19CE : F74;
19CF : F74;
19D0 : F74;
19D1 : F74;
19D2 : F74;
19D3 : F74;
19D4 : F74;
19D5 : F74;
19D6 : F74;
19D7 : F74;
19D8 : F83;
19D9 : F83;
19DA : F83;
19DB : F83;
19DC : F83;
19DD : F83;
19DE : F83;
19DF : F83;
19E0 : F83;
19E1 : F83;
19E2 : F83;
19E3 : F83;
19E4 : F83;
19E5 : F83;
19E6 : F83;
19E7 : F83;
19E8 : F83;
19E9 : F83;
19EA : F83;
19EB : F83;
19EC : F83;
19ED : F74;
19EE : F74;
19EF : F74;
19F0 : F74;
19F1 : F74;
19F2 : F74;
19F3 : F74;
19F4 : F74;
19F5 : F74;
19F6 : F74;
19F7 : F74;
19F8 : F74;
19F9 : F74;
19FA : F74;
19FB : F74;
19FC : F74;
19FD : F74;
19FE : F74;
19FF : F74;
1A00 : F74;
1A01 : F74;
1A02 : F74;
1A03 : F74;
1A04 : F74;
1A05 : F74;
1A06 : F74;
1A07 : F74;
1A08 : F74;
1A09 : F74;
1A0A : F74;
1A0B : F74;
1A0C : F74;
1A0D : F74;
1A0E : F74;
1A0F : F74;
1A10 : F74;
1A11 : F74;
1A12 : F74;
1A13 : F74;
1A14 : F74;
1A15 : F74;
1A16 : F74;
1A17 : F74;
1A18 : F74;
1A19 : F74;
1A1A : F74;
1A1B : F74;
1A1C : F74;
1A1D : F74;
1A1E : F74;
1A1F : F74;
1A20 : F74;
1A21 : F74;
1A22 : F74;
1A23 : F74;
1A24 : F74;
1A25 : F74;
1A26 : F74;
1A27 : F74;
1A28 : F74;
1A29 : F74;
1A2A : F74;
1A2B : F74;
1A2C : F74;
1A2D : F74;
1A2E : F74;
1A2F : F73;
1A30 : F73;
1A31 : F73;
1A32 : F74;
1A33 : F74;
1A34 : F73;
1A35 : F73;
1A36 : F73;
1A37 : F84;
1A38 : E85;
1A39 : E85;
1A3A : E96;
1A3B : FDB;
1A3C : FEB;
1A3D : FEB;
1A3E : FEB;
1A3F : FEB;
1A40 : FEB;
1A41 : FEB;
1A42 : FEB;
1A43 : FEB;
1A44 : FEB;
1A45 : FEB;
1A46 : FEB;
1A47 : FC8;
1A48 : FC7;
1A49 : FD8;
1A4A : FDA;
1A4B : FEB;
1A4C : FEB;
1A4D : FEB;
1A4E : FEB;
1A4F : FEB;
1A50 : FEB;
1A51 : FEB;
1A52 : FEB;
1A53 : FEB;
1A54 : FEB;
1A55 : FEB;
1A56 : FEB;
1A57 : FEB;
1A58 : FEB;
1A59 : FEB;
1A5A : FEB;
1A5B : FEB;
1A5C : FEB;
1A5D : FEB;
1A5E : FEB;
1A5F : FEB;
1A60 : FEB;
1A61 : FEB;
1A62 : FEB;
1A63 : FEB;
1A64 : FEB;
1A65 : FEB;
1A66 : FEB;
1A67 : FEB;
1A68 : FEB;
1A69 : FEB;
1A6A : FEB;
1A6B : FEB;
1A6C : FEB;
1A6D : FEB;
1A6E : FEB;
1A6F : FEB;
1A70 : FEB;
1A71 : FEB;
1A72 : FEB;
1A73 : FEB;
1A74 : FEB;
1A75 : FEB;
1A76 : FEB;
1A77 : FB8;
1A78 : F73;
1A79 : FB8;
1A7A : FDB;
1A7B : FEB;
1A7C : FEB;
1A7D : FEB;
1A7E : FEB;
1A7F : FEB;
1A80 : FEB;
1A81 : FEB;
1A82 : FEB;
1A83 : FEB;
1A84 : FDB;
1A85 : FDB;
1A86 : FDA;
1A87 : E95;
1A88 : F83;
1A89 : F73;
1A8A : F74;
1A8B : F74;
1A8C : F74;
1A8D : F74;
1A8E : F74;
1A8F : F74;
1A90 : F73;
1A91 : F73;
1A92 : F73;
1A93 : F73;
1A94 : F73;
1A95 : F73;
1A96 : F73;
1A97 : F73;
1A98 : F73;
1A99 : F73;
1A9A : F73;
1A9B : F73;
1A9C : F73;
1A9D : F73;
1A9E : F84;
1A9F : F84;
1AA0 : F84;
1AA1 : F84;
1AA2 : F84;
1AA3 : F84;
1AA4 : F84;
1AA5 : F84;
1AA6 : F84;
1AA7 : F84;
1AA8 : F84;
1AA9 : F84;
1AAA : F84;
1AAB : F84;
1AAC : F84;
1AAD : F84;
1AAE : F84;
1AAF : F84;
1AB0 : F84;
1AB1 : F84;
1AB2 : F84;
1AB3 : F84;
1AB4 : F84;
1AB5 : F84;
1AB6 : F84;
1AB7 : F84;
1AB8 : F84;
1AB9 : F84;
1ABA : F84;
1ABB : F84;
1ABC : F84;
1ABD : F84;
1ABE : F84;
1ABF : F84;
1AC0 : F84;
1AC1 : F84;
1AC2 : F84;
1AC3 : F84;
1AC4 : F84;
1AC5 : F84;
1AC6 : F84;
1AC7 : F84;
1AC8 : F84;
1AC9 : F84;
1ACA : F84;
1ACB : F84;
1ACC : F84;
1ACD : F84;
1ACE : F84;
1ACF : F84;
1AD0 : F84;
1AD1 : F84;
1AD2 : F84;
1AD3 : F84;
1AD4 : F83;
1AD5 : F83;
1AD6 : F84;
1AD7 : F74;
1AD8 : F74;
1AD9 : F84;
1ADA : F84;
1ADB : F83;
1ADC : F92;
1ADD : FA1;
1ADE : FA1;
1ADF : FA1;
1AE0 : FA1;
1AE1 : FA1;
1AE2 : FA1;
1AE3 : FA1;
1AE4 : FA1;
1AE5 : FA1;
1AE6 : FA1;
1AE7 : FA1;
1AE8 : FA1;
1AE9 : FA1;
1AEA : FA1;
1AEB : FA1;
1AEC : FA1;
1AED : FA1;
1AEE : FA1;
1AEF : FA1;
1AF0 : F91;
1AF1 : F84;
1AF2 : F74;
1AF3 : F74;
1AF4 : F74;
1AF5 : F74;
1AF6 : F84;
1AF7 : F74;
1AF8 : F74;
1AF9 : F84;
1AFA : F84;
1AFB : F83;
1AFC : F83;
1AFD : F83;
1AFE : F83;
1AFF : F83;
1B00 : F84;
1B01 : F84;
1B02 : F84;
1B03 : F84;
1B04 : F84;
1B05 : F84;
1B06 : F84;
1B07 : F84;
1B08 : F84;
1B09 : F84;
1B0A : F84;
1B0B : F84;
1B0C : F84;
1B0D : F84;
1B0E : F84;
1B0F : F84;
1B10 : F84;
1B11 : F84;
1B12 : F84;
1B13 : F84;
1B14 : F84;
1B15 : F84;
1B16 : F84;
1B17 : F84;
1B18 : F84;
1B19 : F84;
1B1A : F84;
1B1B : F84;
1B1C : F84;
1B1D : F84;
1B1E : F84;
1B1F : F84;
1B20 : F84;
1B21 : F84;
1B22 : F84;
1B23 : F84;
1B24 : F84;
1B25 : F84;
1B26 : F84;
1B27 : F84;
1B28 : F84;
1B29 : F84;
1B2A : F84;
1B2B : F84;
1B2C : F84;
1B2D : F84;
1B2E : F84;
1B2F : F84;
1B30 : F84;
1B31 : F84;
1B32 : F84;
1B33 : F84;
1B34 : F83;
1B35 : F83;
1B36 : F84;
1B37 : F84;
1B38 : F83;
1B39 : F73;
1B3A : F84;
1B3B : FB7;
1B3C : FDA;
1B3D : FDB;
1B3E : FEB;
1B3F : FEB;
1B40 : FEB;
1B41 : FEB;
1B42 : FEB;
1B43 : FEB;
1B44 : FEB;
1B45 : FEB;
1B46 : FEB;
1B47 : FEB;
1B48 : FEB;
1B49 : FEB;
1B4A : FEB;
1B4B : FD9;
1B4C : FC8;
1B4D : FC7;
1B4E : FC8;
1B4F : FD9;
1B50 : FEB;
1B51 : FEB;
1B52 : FEB;
1B53 : FEB;
1B54 : FEB;
1B55 : FEB;
1B56 : FEB;
1B57 : FEB;
1B58 : FEB;
1B59 : FEB;
1B5A : FEB;
1B5B : FEB;
1B5C : FEB;
1B5D : FEB;
1B5E : FEB;
1B5F : FEB;
1B60 : FEB;
1B61 : FEB;
1B62 : FEB;
1B63 : FEB;
1B64 : FEB;
1B65 : FEB;
1B66 : FEB;
1B67 : FEB;
1B68 : FEB;
1B69 : FEB;
1B6A : FDA;
1B6B : FD9;
1B6C : FEB;
1B6D : FEB;
1B6E : FEB;
1B6F : FEB;
1B70 : FEB;
1B71 : FEB;
1B72 : FEB;
1B73 : FEB;
1B74 : FEB;
1B75 : FEB;
1B76 : FEB;
1B77 : FEB;
1B78 : FEB;
1B79 : FEB;
1B7A : FEB;
1B7B : FC9;
1B7C : F95;
1B7D : FC9;
1B7E : FEB;
1B7F : FEB;
1B80 : FEB;
1B81 : FEB;
1B82 : FEB;
1B83 : FEB;
1B84 : FEB;
1B85 : FEB;
1B86 : FEB;
1B87 : FEB;
1B88 : FEB;
1B89 : FEB;
1B8A : FEB;
1B8B : EB7;
1B8C : EA6;
1B8D : E96;
1B8E : E95;
1B8F : F83;
1B90 : F83;
1B91 : F83;
1B92 : F83;
1B93 : F83;
1B94 : F83;
1B95 : F83;
1B96 : F83;
1B97 : F83;
1B98 : F83;
1B99 : F83;
1B9A : F83;
1B9B : F83;
1B9C : F83;
1B9D : F83;
1B9E : F83;
1B9F : F83;
1BA0 : F83;
1BA1 : F83;
1BA2 : F83;
1BA3 : F83;
1BA4 : F83;
1BA5 : F83;
1BA6 : F83;
1BA7 : F83;
1BA8 : F83;
1BA9 : F83;
1BAA : F83;
1BAB : F83;
1BAC : F83;
1BAD : F83;
1BAE : F83;
1BAF : F83;
1BB0 : F83;
1BB1 : F83;
1BB2 : F83;
1BB3 : F83;
1BB4 : F83;
1BB5 : F83;
1BB6 : F83;
1BB7 : F83;
1BB8 : F83;
1BB9 : F83;
1BBA : F83;
1BBB : F83;
1BBC : F83;
1BBD : F83;
1BBE : F83;
1BBF : F83;
1BC0 : F83;
1BC1 : F83;
1BC2 : F83;
1BC3 : F83;
1BC4 : F83;
1BC5 : F83;
1BC6 : F83;
1BC7 : F83;
1BC8 : F83;
1BC9 : F83;
1BCA : F83;
1BCB : F83;
1BCC : F83;
1BCD : F83;
1BCE : F83;
1BCF : F83;
1BD0 : F83;
1BD1 : F83;
1BD2 : F83;
1BD3 : F83;
1BD4 : F83;
1BD5 : F83;
1BD6 : F83;
1BD7 : F83;
1BD8 : F83;
1BD9 : F83;
1BDA : F83;
1BDB : F82;
1BDC : F82;
1BDD : F82;
1BDE : F82;
1BDF : F92;
1BE0 : FA1;
1BE1 : FA0;
1BE2 : FA0;
1BE3 : FA0;
1BE4 : FA0;
1BE5 : FA0;
1BE6 : FA0;
1BE7 : FA0;
1BE8 : FA0;
1BE9 : FA0;
1BEA : FA0;
1BEB : FA0;
1BEC : FA0;
1BED : FA0;
1BEE : FA0;
1BEF : FA0;
1BF0 : FA0;
1BF1 : FA0;
1BF2 : FA0;
1BF3 : FA0;
1BF4 : FA0;
1BF5 : F82;
1BF6 : F82;
1BF7 : F82;
1BF8 : F82;
1BF9 : F82;
1BFA : F83;
1BFB : F74;
1BFC : F73;
1BFD : F73;
1BFE : F83;
1BFF : F83;
1C00 : F83;
1C01 : F83;
1C02 : F83;
1C03 : F83;
1C04 : F83;
1C05 : F83;
1C06 : F83;
1C07 : F83;
1C08 : F83;
1C09 : F83;
1C0A : F83;
1C0B : F83;
1C0C : F83;
1C0D : F83;
1C0E : F83;
1C0F : F83;
1C10 : F83;
1C11 : F83;
1C12 : F83;
1C13 : F83;
1C14 : F83;
1C15 : F83;
1C16 : F83;
1C17 : F83;
1C18 : F83;
1C19 : F83;
1C1A : F83;
1C1B : F83;
1C1C : F83;
1C1D : F83;
1C1E : F83;
1C1F : F83;
1C20 : F83;
1C21 : F83;
1C22 : F83;
1C23 : F83;
1C24 : F83;
1C25 : F83;
1C26 : F83;
1C27 : F83;
1C28 : F83;
1C29 : F83;
1C2A : F83;
1C2B : F83;
1C2C : F83;
1C2D : F83;
1C2E : F83;
1C2F : F83;
1C30 : F83;
1C31 : F83;
1C32 : F83;
1C33 : F83;
1C34 : F83;
1C35 : F83;
1C36 : F83;
1C37 : F83;
1C38 : F83;
1C39 : F83;
1C3A : F83;
1C3B : F83;
1C3C : F83;
1C3D : F84;
1C3E : EA6;
1C3F : FC9;
1C40 : FEB;
1C41 : FEB;
1C42 : FEB;
1C43 : FEB;
1C44 : FEB;
1C45 : FEB;
1C46 : FEB;
1C47 : FEB;
1C48 : FEB;
1C49 : FEB;
1C4A : FEB;
1C4B : FEB;
1C4C : FEB;
1C4D : FEB;
1C4E : FEB;
1C4F : FDA;
1C50 : FD9;
1C51 : FC8;
1C52 : FC8;
1C53 : FC8;
1C54 : FDA;
1C55 : FDB;
1C56 : FEC;
1C57 : FEB;
1C58 : FEB;
1C59 : FEB;
1C5A : FEB;
1C5B : FEB;
1C5C : FEB;
1C5D : FEB;
1C5E : FEB;
1C5F : FEB;
1C60 : FEB;
1C61 : FEB;
1C62 : FEB;
1C63 : FEB;
1C64 : FEB;
1C65 : FEB;
1C66 : FEB;
1C67 : FEB;
1C68 : FEB;
1C69 : FEB;
1C6A : FEB;
1C6B : FEB;
1C6C : FEB;
1C6D : FEB;
1C6E : FDA;
1C6F : FD9;
1C70 : FEB;
1C71 : FEB;
1C72 : FEB;
1C73 : FEB;
1C74 : FEB;
1C75 : FEB;
1C76 : FEB;
1C77 : FEB;
1C78 : FEB;
1C79 : FEB;
1C7A : FEB;
1C7B : FEB;
1C7C : FEB;
1C7D : FEB;
1C7E : FEB;
1C7F : FDA;
1C80 : FD9;
1C81 : FDB;
1C82 : FEB;
1C83 : FEB;
1C84 : FEB;
1C85 : FEB;
1C86 : FEB;
1C87 : FEB;
1C88 : FEB;
1C89 : FEB;
1C8A : FEB;
1C8B : FEB;
1C8C : FEB;
1C8D : FEB;
1C8E : FEB;
1C8F : FEB;
1C90 : FEB;
1C91 : FEB;
1C92 : FC9;
1C93 : F84;
1C94 : F83;
1C95 : F83;
1C96 : F83;
1C97 : F83;
1C98 : F83;
1C99 : F83;
1C9A : F83;
1C9B : F83;
1C9C : F83;
1C9D : F83;
1C9E : F83;
1C9F : F83;
1CA0 : F83;
1CA1 : F83;
1CA2 : F83;
1CA3 : F83;
1CA4 : F83;
1CA5 : F83;
1CA6 : F83;
1CA7 : F83;
1CA8 : F83;
1CA9 : F83;
1CAA : F83;
1CAB : F83;
1CAC : F83;
1CAD : F83;
1CAE : F83;
1CAF : F83;
1CB0 : F83;
1CB1 : F83;
1CB2 : F83;
1CB3 : F83;
1CB4 : F83;
1CB5 : F83;
1CB6 : F83;
1CB7 : F83;
1CB8 : F83;
1CB9 : F83;
1CBA : F83;
1CBB : F83;
1CBC : F83;
1CBD : F83;
1CBE : F83;
1CBF : F83;
1CC0 : F83;
1CC1 : F83;
1CC2 : F83;
1CC3 : F83;
1CC4 : F83;
1CC5 : F83;
1CC6 : F83;
1CC7 : F83;
1CC8 : F83;
1CC9 : F83;
1CCA : F83;
1CCB : F83;
1CCC : F83;
1CCD : F83;
1CCE : F83;
1CCF : F83;
1CD0 : F83;
1CD1 : F83;
1CD2 : F83;
1CD3 : F83;
1CD4 : F83;
1CD5 : F83;
1CD6 : F83;
1CD7 : F83;
1CD8 : F83;
1CD9 : F83;
1CDA : F83;
1CDB : F83;
1CDC : F83;
1CDD : F84;
1CDE : F83;
1CDF : FA1;
1CE0 : FA1;
1CE1 : FA1;
1CE2 : FA1;
1CE3 : FA0;
1CE4 : FA0;
1CE5 : FA0;
1CE6 : FA0;
1CE7 : FA0;
1CE8 : FA0;
1CE9 : FA0;
1CEA : FA0;
1CEB : FA0;
1CEC : FA0;
1CED : FA0;
1CEE : FA0;
1CEF : FA0;
1CF0 : FA0;
1CF1 : FA0;
1CF2 : FA0;
1CF3 : FA0;
1CF4 : FA0;
1CF5 : FA0;
1CF6 : FA0;
1CF7 : FA0;
1CF8 : FA0;
1CF9 : FA1;
1CFA : FA1;
1CFB : FA1;
1CFC : FA0;
1CFD : FA1;
1CFE : F83;
1CFF : F84;
1D00 : F83;
1D01 : F83;
1D02 : F83;
1D03 : F83;
1D04 : F83;
1D05 : F83;
1D06 : F83;
1D07 : F83;
1D08 : F83;
1D09 : F83;
1D0A : F83;
1D0B : F83;
1D0C : F83;
1D0D : F83;
1D0E : F83;
1D0F : F83;
1D10 : F83;
1D11 : F83;
1D12 : F83;
1D13 : F83;
1D14 : F83;
1D15 : F83;
1D16 : F83;
1D17 : F83;
1D18 : F83;
1D19 : F83;
1D1A : F83;
1D1B : F83;
1D1C : F83;
1D1D : F83;
1D1E : F83;
1D1F : F83;
1D20 : F83;
1D21 : F83;
1D22 : F83;
1D23 : F83;
1D24 : F83;
1D25 : F83;
1D26 : F83;
1D27 : F83;
1D28 : F83;
1D29 : F83;
1D2A : F83;
1D2B : F83;
1D2C : F83;
1D2D : F83;
1D2E : F83;
1D2F : F83;
1D30 : F83;
1D31 : F83;
1D32 : F83;
1D33 : F83;
1D34 : F83;
1D35 : F83;
1D36 : F83;
1D37 : F83;
1D38 : F83;
1D39 : F83;
1D3A : F83;
1D3B : F83;
1D3C : F83;
1D3D : F83;
1D3E : F83;
1D3F : F83;
1D40 : F83;
1D41 : E96;
1D42 : FDB;
1D43 : FEC;
1D44 : FEB;
1D45 : FEB;
1D46 : FEB;
1D47 : FEB;
1D48 : FEB;
1D49 : FEB;
1D4A : FEB;
1D4B : FEB;
1D4C : FEB;
1D4D : FEB;
1D4E : FEB;
1D4F : FEB;
1D50 : FEB;
1D51 : FEB;
1D52 : FEB;
1D53 : FEB;
1D54 : FDA;
1D55 : FD9;
1D56 : FC8;
1D57 : FC7;
1D58 : FC8;
1D59 : FDA;
1D5A : FEB;
1D5B : FEB;
1D5C : FEB;
1D5D : FEB;
1D5E : FEB;
1D5F : FEB;
1D60 : FEB;
1D61 : FEB;
1D62 : FEB;
1D63 : FEB;
1D64 : FEB;
1D65 : FEB;
1D66 : FEB;
1D67 : FEB;
1D68 : FEB;
1D69 : FEB;
1D6A : FEB;
1D6B : FEB;
1D6C : FEB;
1D6D : FEB;
1D6E : FEB;
1D6F : FEB;
1D70 : FEB;
1D71 : FEB;
1D72 : FDA;
1D73 : FD9;
1D74 : FDA;
1D75 : FDA;
1D76 : FEB;
1D77 : FEB;
1D78 : FEB;
1D79 : FEB;
1D7A : FEB;
1D7B : FEB;
1D7C : FEB;
1D7D : FEB;
1D7E : FEB;
1D7F : FEB;
1D80 : FEB;
1D81 : FEB;
1D82 : FEB;
1D83 : FDB;
1D84 : FDA;
1D85 : FDB;
1D86 : FEB;
1D87 : FEB;
1D88 : FEB;
1D89 : FEB;
1D8A : FEB;
1D8B : FEB;
1D8C : FEB;
1D8D : FEB;
1D8E : FEB;
1D8F : FEB;
1D90 : FEB;
1D91 : FEB;
1D92 : FEB;
1D93 : FEB;
1D94 : FEB;
1D95 : FEB;
1D96 : FDA;
1D97 : FB8;
1D98 : F95;
1D99 : F83;
1D9A : F83;
1D9B : F83;
1D9C : F83;
1D9D : F83;
1D9E : F83;
1D9F : F83;
1DA0 : F83;
1DA1 : F83;
1DA2 : F83;
1DA3 : F83;
1DA4 : F83;
1DA5 : F83;
1DA6 : F83;
1DA7 : F83;
1DA8 : F83;
1DA9 : F83;
1DAA : F83;
1DAB : F83;
1DAC : F83;
1DAD : F83;
1DAE : F83;
1DAF : F83;
1DB0 : F83;
1DB1 : F83;
1DB2 : F83;
1DB3 : F83;
1DB4 : F83;
1DB5 : F83;
1DB6 : F83;
1DB7 : F83;
1DB8 : F83;
1DB9 : F83;
1DBA : F83;
1DBB : F83;
1DBC : F83;
1DBD : F83;
1DBE : F83;
1DBF : F83;
1DC0 : F83;
1DC1 : F83;
1DC2 : F83;
1DC3 : F83;
1DC4 : F83;
1DC5 : F83;
1DC6 : F83;
1DC7 : F83;
1DC8 : F83;
1DC9 : F83;
1DCA : F83;
1DCB : F83;
1DCC : F83;
1DCD : F83;
1DCE : F83;
1DCF : F83;
1DD0 : F83;
1DD1 : F83;
1DD2 : F83;
1DD3 : F83;
1DD4 : F83;
1DD5 : F83;
1DD6 : F83;
1DD7 : F83;
1DD8 : F83;
1DD9 : F83;
1DDA : F83;
1DDB : F83;
1DDC : F83;
1DDD : F83;
1DDE : F83;
1DDF : F83;
1DE0 : F83;
1DE1 : F83;
1DE2 : F91;
1DE3 : FA0;
1DE4 : FA0;
1DE5 : FA0;
1DE6 : FA0;
1DE7 : FA0;
1DE8 : FA0;
1DE9 : FA0;
1DEA : FA0;
1DEB : FA0;
1DEC : FA0;
1DED : FA0;
1DEE : FA0;
1DEF : FA0;
1DF0 : FA0;
1DF1 : FA0;
1DF2 : FA0;
1DF3 : FA0;
1DF4 : FA0;
1DF5 : FA0;
1DF6 : FA0;
1DF7 : FA0;
1DF8 : FA0;
1DF9 : FA0;
1DFA : FA0;
1DFB : FA0;
1DFC : FA0;
1DFD : FA0;
1DFE : FA0;
1DFF : FA0;
1E00 : FA0;
1E01 : FA0;
1E02 : F92;
1E03 : F92;
1E04 : F83;
1E05 : F83;
1E06 : F83;
1E07 : F83;
1E08 : F83;
1E09 : F83;
1E0A : F83;
1E0B : F83;
1E0C : F83;
1E0D : F83;
1E0E : F83;
1E0F : F83;
1E10 : F83;
1E11 : F83;
1E12 : F83;
1E13 : F83;
1E14 : F83;
1E15 : F83;
1E16 : F83;
1E17 : F83;
1E18 : F83;
1E19 : F83;
1E1A : F83;
1E1B : F83;
1E1C : F83;
1E1D : F83;
1E1E : F83;
1E1F : F83;
1E20 : F83;
1E21 : F83;
1E22 : F83;
1E23 : F83;
1E24 : F83;
1E25 : F83;
1E26 : F83;
1E27 : F83;
1E28 : F83;
1E29 : F83;
1E2A : F83;
1E2B : F83;
1E2C : F83;
1E2D : F83;
1E2E : F83;
1E2F : F83;
1E30 : F83;
1E31 : F83;
1E32 : F83;
1E33 : F83;
1E34 : F83;
1E35 : F83;
1E36 : F83;
1E37 : F83;
1E38 : F83;
1E39 : F83;
1E3A : F83;
1E3B : F83;
1E3C : F83;
1E3D : F83;
1E3E : F83;
1E3F : F83;
1E40 : F83;
1E41 : F83;
1E42 : F83;
1E43 : F83;
1E44 : F83;
1E45 : EA6;
1E46 : FEB;
1E47 : FEC;
1E48 : FEB;
1E49 : FEB;
1E4A : FEB;
1E4B : FEB;
1E4C : FEB;
1E4D : FEB;
1E4E : FEB;
1E4F : FEB;
1E50 : FEB;
1E51 : FEB;
1E52 : FEB;
1E53 : FEB;
1E54 : FEB;
1E55 : FEB;
1E56 : FEB;
1E57 : FEC;
1E58 : FEB;
1E59 : FD9;
1E5A : FC8;
1E5B : FC7;
1E5C : FC7;
1E5D : FC8;
1E5E : FDA;
1E5F : FDA;
1E60 : FEB;
1E61 : FEB;
1E62 : FEB;
1E63 : FEB;
1E64 : FEB;
1E65 : FEB;
1E66 : FEB;
1E67 : FEB;
1E68 : FEB;
1E69 : FEB;
1E6A : FEB;
1E6B : FEB;
1E6C : FEB;
1E6D : FEB;
1E6E : FEB;
1E6F : FEB;
1E70 : FEB;
1E71 : FEB;
1E72 : FEB;
1E73 : FEB;
1E74 : FEB;
1E75 : FEB;
1E76 : FDA;
1E77 : FD9;
1E78 : FD9;
1E79 : FDA;
1E7A : FEB;
1E7B : FEB;
1E7C : FEB;
1E7D : FEB;
1E7E : FEB;
1E7F : FEB;
1E80 : FEB;
1E81 : FEB;
1E82 : FEB;
1E83 : FEB;
1E84 : FEB;
1E85 : FEB;
1E86 : FEB;
1E87 : FDA;
1E88 : FD9;
1E89 : FDB;
1E8A : FEB;
1E8B : FEB;
1E8C : FEB;
1E8D : FEB;
1E8E : FEB;
1E8F : FEB;
1E90 : FEB;
1E91 : FEB;
1E92 : FEB;
1E93 : FEB;
1E94 : FEB;
1E95 : FEB;
1E96 : FEB;
1E97 : FEB;
1E98 : FEB;
1E99 : FEB;
1E9A : FEB;
1E9B : FEB;
1E9C : FA7;
1E9D : F83;
1E9E : F83;
1E9F : F83;
1EA0 : F83;
1EA1 : F83;
1EA2 : F83;
1EA3 : F83;
1EA4 : F83;
1EA5 : F83;
1EA6 : F83;
1EA7 : F83;
1EA8 : F83;
1EA9 : F83;
1EAA : F83;
1EAB : F83;
1EAC : F83;
1EAD : F83;
1EAE : F83;
1EAF : F83;
1EB0 : F83;
1EB1 : F83;
1EB2 : F83;
1EB3 : F83;
1EB4 : F83;
1EB5 : F83;
1EB6 : F83;
1EB7 : F83;
1EB8 : F83;
1EB9 : F83;
1EBA : F83;
1EBB : F83;
1EBC : F83;
1EBD : F83;
1EBE : F83;
1EBF : F83;
1EC0 : F83;
1EC1 : F83;
1EC2 : F83;
1EC3 : F83;
1EC4 : F83;
1EC5 : F83;
1EC6 : F83;
1EC7 : F83;
1EC8 : F83;
1EC9 : F83;
1ECA : F83;
1ECB : F83;
1ECC : F83;
1ECD : F83;
1ECE : F83;
1ECF : F83;
1ED0 : F83;
1ED1 : F83;
1ED2 : F83;
1ED3 : F83;
1ED4 : F83;
1ED5 : F83;
1ED6 : F83;
1ED7 : F83;
1ED8 : F83;
1ED9 : F83;
1EDA : F83;
1EDB : F83;
1EDC : F83;
1EDD : F83;
1EDE : F83;
1EDF : F83;
1EE0 : F83;
1EE1 : F83;
1EE2 : F83;
1EE3 : F83;
1EE4 : F83;
1EE5 : FA1;
1EE6 : FA0;
1EE7 : FA0;
1EE8 : FA0;
1EE9 : FA0;
1EEA : FB0;
1EEB : FB0;
1EEC : FB0;
1EED : FB0;
1EEE : FB0;
1EEF : FB0;
1EF0 : FB0;
1EF1 : FB0;
1EF2 : FB0;
1EF3 : FB0;
1EF4 : FB0;
1EF5 : FB0;
1EF6 : FB0;
1EF7 : FB0;
1EF8 : FB0;
1EF9 : FB0;
1EFA : FB0;
1EFB : FB0;
1EFC : FB0;
1EFD : FB0;
1EFE : FB0;
1EFF : FB0;
1F00 : FB0;
1F01 : FB0;
1F02 : FB0;
1F03 : FA0;
1F04 : FA0;
1F05 : FA0;
1F06 : FA0;
1F07 : FA1;
1F08 : F82;
1F09 : F83;
1F0A : F83;
1F0B : F83;
1F0C : F83;
1F0D : F83;
1F0E : F83;
1F0F : F83;
1F10 : F83;
1F11 : F83;
1F12 : F83;
1F13 : F83;
1F14 : F83;
1F15 : F83;
1F16 : F83;
1F17 : F83;
1F18 : F83;
1F19 : F83;
1F1A : F83;
1F1B : F83;
1F1C : F83;
1F1D : F83;
1F1E : F83;
1F1F : F83;
1F20 : F83;
1F21 : F83;
1F22 : F83;
1F23 : F83;
1F24 : F83;
1F25 : F83;
1F26 : F83;
1F27 : F83;
1F28 : F83;
1F29 : F83;
1F2A : F83;
1F2B : F83;
1F2C : F83;
1F2D : F83;
1F2E : F83;
1F2F : F83;
1F30 : F83;
1F31 : F83;
1F32 : F83;
1F33 : F83;
1F34 : F83;
1F35 : F83;
1F36 : F83;
1F37 : F83;
1F38 : F83;
1F39 : F83;
1F3A : F83;
1F3B : F83;
1F3C : F83;
1F3D : F83;
1F3E : F83;
1F3F : F83;
1F40 : F83;
1F41 : F83;
1F42 : F83;
1F43 : F83;
1F44 : F83;
1F45 : F83;
1F46 : F83;
1F47 : F83;
1F48 : E84;
1F49 : EA7;
1F4A : FEB;
1F4B : FEC;
1F4C : FEB;
1F4D : FEB;
1F4E : FEB;
1F4F : FEB;
1F50 : FEB;
1F51 : FEB;
1F52 : FEB;
1F53 : FEB;
1F54 : FEB;
1F55 : FEB;
1F56 : FEB;
1F57 : FEB;
1F58 : FEB;
1F59 : FEB;
1F5A : FEB;
1F5B : FEB;
1F5C : FEB;
1F5D : FD9;
1F5E : FC8;
1F5F : FC7;
1F60 : FC7;
1F61 : FC7;
1F62 : FD9;
1F63 : FDA;
1F64 : FEB;
1F65 : FEB;
1F66 : FEB;
1F67 : FEB;
1F68 : FEB;
1F69 : FEB;
1F6A : FEB;
1F6B : FEB;
1F6C : FEB;
1F6D : FEB;
1F6E : FEB;
1F6F : FEB;
1F70 : FEB;
1F71 : FEB;
1F72 : FEB;
1F73 : FEB;
1F74 : FEB;
1F75 : FEB;
1F76 : FEB;
1F77 : FEB;
1F78 : FEB;
1F79 : FEB;
1F7A : FDA;
1F7B : FD9;
1F7C : FD9;
1F7D : FDA;
1F7E : FEB;
1F7F : FEB;
1F80 : FEB;
1F81 : FEB;
1F82 : FEB;
1F83 : FEB;
1F84 : FEB;
1F85 : FEB;
1F86 : FEB;
1F87 : FEB;
1F88 : FEB;
1F89 : FEB;
1F8A : FDA;
1F8B : FD9;
1F8C : FD9;
1F8D : FDA;
1F8E : FEB;
1F8F : FEB;
1F90 : FEB;
1F91 : FEB;
1F92 : FEB;
1F93 : FEB;
1F94 : FEB;
1F95 : FEB;
1F96 : FEB;
1F97 : FEB;
1F98 : FEB;
1F99 : FEB;
1F9A : FEB;
1F9B : FEB;
1F9C : FEB;
1F9D : FEB;
1F9E : FEB;
1F9F : FEB;
1FA0 : FA7;
1FA1 : F83;
1FA2 : F83;
1FA3 : F83;
1FA4 : F83;
1FA5 : F83;
1FA6 : F83;
1FA7 : F83;
1FA8 : F83;
1FA9 : F83;
1FAA : F83;
1FAB : F83;
1FAC : F83;
1FAD : F83;
1FAE : F83;
1FAF : F83;
1FB0 : F83;
1FB1 : F83;
1FB2 : F83;
1FB3 : F83;
1FB4 : F83;
1FB5 : F83;
1FB6 : F83;
1FB7 : F83;
1FB8 : F83;
1FB9 : F83;
1FBA : F83;
1FBB : F83;
1FBC : F83;
1FBD : F83;
1FBE : F83;
1FBF : F83;
1FC0 : F83;
1FC1 : F83;
1FC2 : F83;
1FC3 : F83;
1FC4 : F83;
1FC5 : F83;
1FC6 : F83;
1FC7 : F83;
1FC8 : F83;
1FC9 : F83;
1FCA : F83;
1FCB : F83;
1FCC : F83;
1FCD : F83;
1FCE : F83;
1FCF : F83;
1FD0 : F83;
1FD1 : F83;
1FD2 : F83;
1FD3 : F83;
1FD4 : F83;
1FD5 : F83;
1FD6 : F83;
1FD7 : F83;
1FD8 : F83;
1FD9 : F83;
1FDA : F83;
1FDB : F83;
1FDC : F83;
1FDD : F83;
1FDE : F83;
1FDF : F83;
1FE0 : F83;
1FE1 : F83;
1FE2 : F83;
1FE3 : F83;
1FE4 : F83;
1FE5 : F83;
1FE6 : F83;
1FE7 : F92;
1FE8 : F91;
1FE9 : FA1;
1FEA : FA0;
1FEB : FB0;
1FEC : FB0;
1FED : FB0;
1FEE : FB1;
1FEF : FC2;
1FF0 : FC2;
1FF1 : FC2;
1FF2 : FC2;
1FF3 : FC2;
1FF4 : FC2;
1FF5 : FC2;
1FF6 : FC2;
1FF7 : FC2;
1FF8 : FC2;
1FF9 : FC2;
1FFA : FC2;
1FFB : FC2;
1FFC : FC2;
1FFD : FC2;
1FFE : FC2;
1FFF : FC2;
2000 : FC2;
2001 : FC2;
2002 : FC2;
2003 : FC2;
2004 : FC2;
2005 : FB1;
2006 : FB1;
2007 : FB0;
2008 : FB0;
2009 : FA0;
200A : FA0;
200B : FA0;
200C : FA1;
200D : F92;
200E : F84;
200F : F84;
2010 : F83;
2011 : F83;
2012 : F83;
2013 : F83;
2014 : F83;
2015 : F83;
2016 : F83;
2017 : F83;
2018 : F83;
2019 : F83;
201A : F83;
201B : F83;
201C : F83;
201D : F83;
201E : F83;
201F : F83;
2020 : F83;
2021 : F83;
2022 : F83;
2023 : F83;
2024 : F83;
2025 : F83;
2026 : F83;
2027 : F83;
2028 : F83;
2029 : F83;
202A : F83;
202B : F83;
202C : F83;
202D : F83;
202E : F83;
202F : F83;
2030 : F83;
2031 : F83;
2032 : F83;
2033 : F83;
2034 : F83;
2035 : F83;
2036 : F83;
2037 : F83;
2038 : F83;
2039 : F83;
203A : F83;
203B : F83;
203C : F83;
203D : F83;
203E : F83;
203F : F83;
2040 : F83;
2041 : F83;
2042 : F83;
2043 : F83;
2044 : F83;
2045 : F83;
2046 : F83;
2047 : F83;
2048 : F83;
2049 : F83;
204A : F83;
204B : F84;
204C : FC9;
204D : FDA;
204E : FEB;
204F : FEC;
2050 : FEB;
2051 : FEB;
2052 : FEB;
2053 : FEB;
2054 : FEB;
2055 : FEB;
2056 : FEB;
2057 : FEB;
2058 : FEB;
2059 : FEB;
205A : FEB;
205B : FEB;
205C : FEB;
205D : FEB;
205E : FEB;
205F : FEB;
2060 : FEB;
2061 : FD9;
2062 : FC8;
2063 : FC7;
2064 : FC7;
2065 : FC7;
2066 : FD8;
2067 : FDA;
2068 : FEB;
2069 : FEB;
206A : FEB;
206B : FEB;
206C : FEB;
206D : FEB;
206E : FEB;
206F : FEB;
2070 : FEB;
2071 : FEB;
2072 : FEB;
2073 : FEB;
2074 : FEB;
2075 : FEB;
2076 : FEB;
2077 : FEB;
2078 : FEB;
2079 : FEB;
207A : FEB;
207B : FEB;
207C : FEB;
207D : FEB;
207E : FDA;
207F : FD9;
2080 : FD9;
2081 : FDA;
2082 : FEB;
2083 : FEB;
2084 : FEB;
2085 : FEB;
2086 : FEB;
2087 : FEB;
2088 : FEB;
2089 : FEB;
208A : FEB;
208B : FEB;
208C : FEB;
208D : FEB;
208E : FD9;
208F : FD9;
2090 : FD9;
2091 : FDA;
2092 : FEB;
2093 : FEB;
2094 : FEB;
2095 : FEB;
2096 : FEB;
2097 : FEB;
2098 : FEB;
2099 : FEB;
209A : FEB;
209B : FEB;
209C : FEB;
209D : FEB;
209E : FEB;
209F : FEB;
20A0 : FEB;
20A1 : FEB;
20A2 : FEB;
20A3 : FEB;
20A4 : EB8;
20A5 : F95;
20A6 : F83;
20A7 : F83;
20A8 : F83;
20A9 : F83;
20AA : F83;
20AB : F83;
20AC : F83;
20AD : F83;
20AE : F83;
20AF : F83;
20B0 : F83;
20B1 : F83;
20B2 : F83;
20B3 : F83;
20B4 : F83;
20B5 : F83;
20B6 : F83;
20B7 : F83;
20B8 : F83;
20B9 : F83;
20BA : F83;
20BB : F83;
20BC : F83;
20BD : F83;
20BE : F83;
20BF : F83;
20C0 : F83;
20C1 : F83;
20C2 : F83;
20C3 : F83;
20C4 : F83;
20C5 : F83;
20C6 : F83;
20C7 : F83;
20C8 : F83;
20C9 : F83;
20CA : F83;
20CB : F83;
20CC : F83;
20CD : F83;
20CE : F83;
20CF : F83;
20D0 : F83;
20D1 : F83;
20D2 : F83;
20D3 : F83;
20D4 : F83;
20D5 : F83;
20D6 : F83;
20D7 : F83;
20D8 : F83;
20D9 : F83;
20DA : F83;
20DB : F83;
20DC : F83;
20DD : F83;
20DE : F83;
20DF : F83;
20E0 : F83;
20E1 : F83;
20E2 : F83;
20E3 : F83;
20E4 : F83;
20E5 : F83;
20E6 : F83;
20E7 : F83;
20E8 : F83;
20E9 : F83;
20EA : F83;
20EB : F91;
20EC : FA0;
20ED : FA0;
20EE : FA0;
20EF : FB0;
20F0 : FB0;
20F1 : FB1;
20F2 : FC2;
20F3 : FC2;
20F4 : FC2;
20F5 : FC2;
20F6 : FC2;
20F7 : FC2;
20F8 : FC2;
20F9 : FC2;
20FA : FC2;
20FB : FC2;
20FC : FC2;
20FD : FC2;
20FE : FC2;
20FF : FC2;
2100 : FC2;
2101 : FC2;
2102 : FC2;
2103 : FC2;
2104 : FC2;
2105 : FC2;
2106 : FC2;
2107 : FC2;
2108 : FC2;
2109 : FC2;
210A : FB2;
210B : FB0;
210C : FB0;
210D : FB0;
210E : FA0;
210F : FA0;
2110 : FA0;
2111 : F91;
2112 : F82;
2113 : F83;
2114 : F83;
2115 : F83;
2116 : F83;
2117 : F83;
2118 : F83;
2119 : F83;
211A : F83;
211B : F83;
211C : F83;
211D : F83;
211E : F83;
211F : F83;
2120 : F83;
2121 : F83;
2122 : F83;
2123 : F83;
2124 : F83;
2125 : F83;
2126 : F83;
2127 : F83;
2128 : F83;
2129 : F83;
212A : F83;
212B : F83;
212C : F83;
212D : F83;
212E : F83;
212F : F83;
2130 : F83;
2131 : F83;
2132 : F83;
2133 : F83;
2134 : F83;
2135 : F83;
2136 : F83;
2137 : F83;
2138 : F83;
2139 : F83;
213A : F83;
213B : F83;
213C : F83;
213D : F83;
213E : F83;
213F : F83;
2140 : F83;
2141 : F83;
2142 : F83;
2143 : F83;
2144 : F83;
2145 : F83;
2146 : F83;
2147 : F83;
2148 : F83;
2149 : F83;
214A : F83;
214B : F83;
214C : F83;
214D : F83;
214E : F84;
214F : E96;
2150 : FDB;
2151 : FEC;
2152 : FEB;
2153 : FEB;
2154 : FEB;
2155 : FEB;
2156 : FEB;
2157 : FEB;
2158 : FEB;
2159 : FEB;
215A : FEB;
215B : FEB;
215C : FEB;
215D : FEB;
215E : FEB;
215F : FEB;
2160 : FEB;
2161 : FEB;
2162 : FEB;
2163 : FEB;
2164 : FEA;
2165 : FD9;
2166 : FC8;
2167 : FC7;
2168 : FC7;
2169 : FC7;
216A : FD8;
216B : FD9;
216C : FEB;
216D : FEB;
216E : FEB;
216F : FEB;
2170 : FEB;
2171 : FEB;
2172 : FEB;
2173 : FEB;
2174 : FEB;
2175 : FEB;
2176 : FEB;
2177 : FEB;
2178 : FEB;
2179 : FEB;
217A : FEB;
217B : FEB;
217C : FEB;
217D : FEB;
217E : FEB;
217F : FEB;
2180 : FEB;
2181 : FEB;
2182 : FDA;
2183 : FD9;
2184 : FD9;
2185 : FDA;
2186 : FEB;
2187 : FEB;
2188 : FEB;
2189 : FEB;
218A : FEB;
218B : FEB;
218C : FEB;
218D : FEB;
218E : FEB;
218F : FEB;
2190 : FEB;
2191 : FEB;
2192 : FD9;
2193 : FD9;
2194 : FD9;
2195 : FDA;
2196 : FEB;
2197 : FEB;
2198 : FEB;
2199 : FEB;
219A : FEB;
219B : FEB;
219C : FEB;
219D : FEB;
219E : FEB;
219F : FEB;
21A0 : FEB;
21A1 : FEB;
21A2 : FEB;
21A3 : FEB;
21A4 : FEB;
21A5 : FEB;
21A6 : FEB;
21A7 : FEB;
21A8 : FDB;
21A9 : FDA;
21AA : F94;
21AB : F83;
21AC : F83;
21AD : F83;
21AE : F83;
21AF : F83;
21B0 : F83;
21B1 : F83;
21B2 : F83;
21B3 : F83;
21B4 : F83;
21B5 : F83;
21B6 : F83;
21B7 : F83;
21B8 : F83;
21B9 : F83;
21BA : F83;
21BB : F83;
21BC : F83;
21BD : F83;
21BE : F83;
21BF : F83;
21C0 : F83;
21C1 : F83;
21C2 : F83;
21C3 : F83;
21C4 : F83;
21C5 : F83;
21C6 : F83;
21C7 : F83;
21C8 : F83;
21C9 : F83;
21CA : F83;
21CB : F83;
21CC : F83;
21CD : F83;
21CE : F83;
21CF : F83;
21D0 : F83;
21D1 : F83;
21D2 : F83;
21D3 : F83;
21D4 : F83;
21D5 : F83;
21D6 : F83;
21D7 : F83;
21D8 : F83;
21D9 : F83;
21DA : F83;
21DB : F83;
21DC : F83;
21DD : F83;
21DE : F83;
21DF : F83;
21E0 : F83;
21E1 : F83;
21E2 : F83;
21E3 : F83;
21E4 : F83;
21E5 : F83;
21E6 : F83;
21E7 : F83;
21E8 : F83;
21E9 : F83;
21EA : F83;
21EB : F83;
21EC : F83;
21ED : F92;
21EE : FA1;
21EF : FA1;
21F0 : FA0;
21F1 : FB0;
21F2 : FB0;
21F3 : FB1;
21F4 : FC2;
21F5 : FC2;
21F6 : FC2;
21F7 : FC2;
21F8 : FC2;
21F9 : FC2;
21FA : FC2;
21FB : FC2;
21FC : FC2;
21FD : FC2;
21FE : FC2;
21FF : FC2;
2200 : FC2;
2201 : FC2;
2202 : FC2;
2203 : FC2;
2204 : FC2;
2205 : FC2;
2206 : FC2;
2207 : FC2;
2208 : FC2;
2209 : FC2;
220A : FC2;
220B : FC2;
220C : FC2;
220D : FC2;
220E : FC2;
220F : FC2;
2210 : FC2;
2211 : FC2;
2212 : FB1;
2213 : FB0;
2214 : FA0;
2215 : FA0;
2216 : FA0;
2217 : F92;
2218 : F83;
2219 : F83;
221A : F83;
221B : F83;
221C : F83;
221D : F83;
221E : F83;
221F : F83;
2220 : F83;
2221 : F83;
2222 : F83;
2223 : F83;
2224 : F83;
2225 : F83;
2226 : F83;
2227 : F83;
2228 : F83;
2229 : F83;
222A : F83;
222B : F83;
222C : F83;
222D : F83;
222E : F83;
222F : F83;
2230 : F83;
2231 : F83;
2232 : F83;
2233 : F83;
2234 : F83;
2235 : F83;
2236 : F83;
2237 : F83;
2238 : F83;
2239 : F83;
223A : F83;
223B : F83;
223C : F83;
223D : F83;
223E : F83;
223F : F83;
2240 : F83;
2241 : F83;
2242 : F83;
2243 : F83;
2244 : F83;
2245 : F83;
2246 : F83;
2247 : F83;
2248 : F83;
2249 : F83;
224A : F83;
224B : F83;
224C : F83;
224D : F83;
224E : F83;
224F : F83;
2250 : F83;
2251 : F83;
2252 : FC9;
2253 : FDB;
2254 : FEB;
2255 : FEB;
2256 : FEB;
2257 : FEB;
2258 : FEB;
2259 : FEB;
225A : FEB;
225B : FEB;
225C : FEB;
225D : FEB;
225E : FEB;
225F : FEB;
2260 : FEB;
2261 : FEB;
2262 : FEB;
2263 : FEB;
2264 : FEB;
2265 : FEB;
2266 : FEB;
2267 : FDA;
2268 : FD9;
2269 : FD9;
226A : FD9;
226B : FD8;
226C : FC8;
226D : FC7;
226E : FD8;
226F : FD9;
2270 : FD9;
2271 : FD9;
2272 : FD9;
2273 : FEB;
2274 : FEB;
2275 : FEB;
2276 : FEB;
2277 : FEB;
2278 : FEB;
2279 : FEB;
227A : FEB;
227B : FEB;
227C : FEB;
227D : FEB;
227E : FEB;
227F : FEB;
2280 : FEB;
2281 : FEB;
2282 : FEB;
2283 : FEB;
2284 : FDA;
2285 : FD9;
2286 : FD9;
2287 : FD9;
2288 : FD9;
2289 : FDA;
228A : FDA;
228B : FDB;
228C : FEB;
228D : FEC;
228E : FEB;
228F : FEB;
2290 : FEB;
2291 : FEB;
2292 : FEB;
2293 : FEB;
2294 : FEB;
2295 : FDB;
2296 : FD9;
2297 : FD9;
2298 : FD9;
2299 : FDA;
229A : FDA;
229B : FEB;
229C : FEB;
229D : FEB;
229E : FEB;
229F : FEB;
22A0 : FEB;
22A1 : FEB;
22A2 : FEB;
22A3 : FEB;
22A4 : FEB;
22A5 : FEB;
22A6 : FEB;
22A7 : FEB;
22A8 : FEB;
22A9 : FEB;
22AA : FEB;
22AB : FEB;
22AC : FEB;
22AD : FDB;
22AE : F94;
22AF : F83;
22B0 : F83;
22B1 : F83;
22B2 : F83;
22B3 : F83;
22B4 : F83;
22B5 : F83;
22B6 : F83;
22B7 : F83;
22B8 : F83;
22B9 : F83;
22BA : F83;
22BB : F83;
22BC : F83;
22BD : F83;
22BE : F83;
22BF : F83;
22C0 : F83;
22C1 : F83;
22C2 : F83;
22C3 : F83;
22C4 : F83;
22C5 : F83;
22C6 : F83;
22C7 : F83;
22C8 : F83;
22C9 : F83;
22CA : F83;
22CB : F83;
22CC : F83;
22CD : F83;
22CE : F83;
22CF : F83;
22D0 : F83;
22D1 : F83;
22D2 : F83;
22D3 : F83;
22D4 : F83;
22D5 : F83;
22D6 : F83;
22D7 : F83;
22D8 : F83;
22D9 : F83;
22DA : F83;
22DB : F83;
22DC : F83;
22DD : F83;
22DE : F83;
22DF : F83;
22E0 : F83;
22E1 : F83;
22E2 : F83;
22E3 : F83;
22E4 : F83;
22E5 : F83;
22E6 : F83;
22E7 : F83;
22E8 : F83;
22E9 : F83;
22EA : F83;
22EB : F83;
22EC : F83;
22ED : F83;
22EE : F83;
22EF : F83;
22F0 : F92;
22F1 : F92;
22F2 : FA0;
22F3 : FA0;
22F4 : FA0;
22F5 : FB0;
22F6 : FB1;
22F7 : FC2;
22F8 : FC2;
22F9 : FC2;
22FA : FC2;
22FB : FC2;
22FC : FC2;
22FD : FC2;
22FE : FC2;
22FF : FC2;
2300 : FC2;
2301 : FC2;
2302 : FC2;
2303 : FC2;
2304 : FC2;
2305 : FC2;
2306 : FC2;
2307 : FC2;
2308 : FC2;
2309 : FC2;
230A : FC2;
230B : FC2;
230C : FC2;
230D : FC2;
230E : FC2;
230F : FC2;
2310 : FC2;
2311 : FC2;
2312 : FC2;
2313 : FC2;
2314 : FC3;
2315 : FC2;
2316 : FB1;
2317 : FB1;
2318 : FB0;
2319 : FA0;
231A : FA0;
231B : F92;
231C : F92;
231D : F83;
231E : F83;
231F : F83;
2320 : F83;
2321 : F83;
2322 : F83;
2323 : F83;
2324 : F83;
2325 : F83;
2326 : F83;
2327 : F83;
2328 : F83;
2329 : F83;
232A : F83;
232B : F83;
232C : F83;
232D : F83;
232E : F83;
232F : F83;
2330 : F83;
2331 : F83;
2332 : F83;
2333 : F94;
2334 : FA6;
2335 : FA6;
2336 : FA6;
2337 : FA6;
2338 : FA6;
2339 : FA6;
233A : FA6;
233B : FA6;
233C : FA6;
233D : FA6;
233E : FA6;
233F : FA5;
2340 : F83;
2341 : F83;
2342 : F83;
2343 : F83;
2344 : F83;
2345 : F83;
2346 : F83;
2347 : F83;
2348 : F83;
2349 : F83;
234A : F83;
234B : F83;
234C : F83;
234D : F83;
234E : F83;
234F : F83;
2350 : F83;
2351 : F83;
2352 : F83;
2353 : F83;
2354 : F83;
2355 : F83;
2356 : FC9;
2357 : FEB;
2358 : FEB;
2359 : FEB;
235A : FEB;
235B : FEB;
235C : FEB;
235D : FEB;
235E : FEB;
235F : FEB;
2360 : FEB;
2361 : FEB;
2362 : FEB;
2363 : FEB;
2364 : FEB;
2365 : FEB;
2366 : FEB;
2367 : FEB;
2368 : FEB;
2369 : FEB;
236A : FEB;
236B : FD9;
236C : FD9;
236D : FD9;
236E : FD9;
236F : FD9;
2370 : FC8;
2371 : FC7;
2372 : FC8;
2373 : FD9;
2374 : FD9;
2375 : FD9;
2376 : FD9;
2377 : FDA;
2378 : FDA;
2379 : FDA;
237A : FDA;
237B : FDA;
237C : FDA;
237D : FDA;
237E : FDA;
237F : FDB;
2380 : FEB;
2381 : FEB;
2382 : FEB;
2383 : FEB;
2384 : FEB;
2385 : FDB;
2386 : FDA;
2387 : FDB;
2388 : FDA;
2389 : FD9;
238A : FD9;
238B : FD9;
238C : FD9;
238D : FD9;
238E : FD9;
238F : FDA;
2390 : FEB;
2391 : FEB;
2392 : FEB;
2393 : FEB;
2394 : FEB;
2395 : FEB;
2396 : FEB;
2397 : FEB;
2398 : FEB;
2399 : FDB;
239A : FD9;
239B : FD9;
239C : FD9;
239D : FD9;
239E : FD9;
239F : FEB;
23A0 : FEB;
23A1 : FEB;
23A2 : FEB;
23A3 : FEB;
23A4 : FEB;
23A5 : FEB;
23A6 : FEB;
23A7 : FEB;
23A8 : FEB;
23A9 : FEB;
23AA : FEB;
23AB : FEB;
23AC : FEB;
23AD : FEB;
23AE : FEB;
23AF : FEB;
23B0 : FEB;
23B1 : FDB;
23B2 : F94;
23B3 : F83;
23B4 : F83;
23B5 : F83;
23B6 : F83;
23B7 : F83;
23B8 : F83;
23B9 : F83;
23BA : F83;
23BB : F83;
23BC : F83;
23BD : F83;
23BE : F83;
23BF : F83;
23C0 : F83;
23C1 : F83;
23C2 : F83;
23C3 : F83;
23C4 : F83;
23C5 : F83;
23C6 : F83;
23C7 : F83;
23C8 : F83;
23C9 : F83;
23CA : F83;
23CB : F83;
23CC : F83;
23CD : F83;
23CE : F83;
23CF : F83;
23D0 : F83;
23D1 : F83;
23D2 : F83;
23D3 : F83;
23D4 : F83;
23D5 : F83;
23D6 : F83;
23D7 : F83;
23D8 : F83;
23D9 : F83;
23DA : F83;
23DB : F83;
23DC : F83;
23DD : F83;
23DE : F83;
23DF : F83;
23E0 : F83;
23E1 : F83;
23E2 : F83;
23E3 : F83;
23E4 : F83;
23E5 : F83;
23E6 : F83;
23E7 : F83;
23E8 : F83;
23E9 : F83;
23EA : F83;
23EB : F83;
23EC : F83;
23ED : F83;
23EE : F83;
23EF : F83;
23F0 : F83;
23F1 : F83;
23F2 : F83;
23F3 : F83;
23F4 : FA1;
23F5 : FA0;
23F6 : FA0;
23F7 : FA0;
23F8 : FB0;
23F9 : FB1;
23FA : FC2;
23FB : FC2;
23FC : FC2;
23FD : FC2;
23FE : FC2;
23FF : FC2;
2400 : FC2;
2401 : FC2;
2402 : FC2;
2403 : FC2;
2404 : FC2;
2405 : FC2;
2406 : FC2;
2407 : FC2;
2408 : FC2;
2409 : FC2;
240A : FC2;
240B : FC2;
240C : FC2;
240D : FC2;
240E : FC2;
240F : FC2;
2410 : FC2;
2411 : FC2;
2412 : FC2;
2413 : FC2;
2414 : FC2;
2415 : FC2;
2416 : FC2;
2417 : FC2;
2418 : FC3;
2419 : FC2;
241A : FC2;
241B : FB2;
241C : FB0;
241D : FB0;
241E : FA0;
241F : FA0;
2420 : FA1;
2421 : F92;
2422 : F83;
2423 : F83;
2424 : F83;
2425 : F83;
2426 : F83;
2427 : F83;
2428 : F83;
2429 : F83;
242A : F83;
242B : F83;
242C : F83;
242D : F83;
242E : F83;
242F : F83;
2430 : F83;
2431 : F83;
2432 : F83;
2433 : F83;
2434 : F83;
2435 : F83;
2436 : F83;
2437 : FB7;
2438 : FEB;
2439 : FEB;
243A : FEB;
243B : FEB;
243C : FEB;
243D : FEB;
243E : FEB;
243F : FEB;
2440 : FEB;
2441 : FEB;
2442 : FEB;
2443 : FD9;
2444 : E94;
2445 : F83;
2446 : F83;
2447 : F83;
2448 : F83;
2449 : F83;
244A : F83;
244B : F83;
244C : F83;
244D : F83;
244E : F83;
244F : F83;
2450 : F83;
2451 : F83;
2452 : F83;
2453 : F83;
2454 : F83;
2455 : F83;
2456 : F83;
2457 : F83;
2458 : F83;
2459 : F83;
245A : FC9;
245B : FEB;
245C : FEB;
245D : FEB;
245E : FEB;
245F : FEB;
2460 : FEB;
2461 : FEB;
2462 : FEB;
2463 : FEB;
2464 : FEB;
2465 : FEB;
2466 : FEB;
2467 : FEB;
2468 : FEB;
2469 : FEB;
246A : FEB;
246B : FEB;
246C : FEB;
246D : FEB;
246E : FEB;
246F : FD9;
2470 : FD9;
2471 : FD9;
2472 : FD9;
2473 : FD9;
2474 : FC8;
2475 : FC7;
2476 : FC8;
2477 : FD9;
2478 : FD9;
2479 : FD9;
247A : FD9;
247B : FD9;
247C : FD9;
247D : FD9;
247E : FD9;
247F : FD9;
2480 : FD9;
2481 : FD9;
2482 : FD9;
2483 : FD9;
2484 : FEB;
2485 : FEB;
2486 : FEB;
2487 : FEB;
2488 : FEB;
2489 : FDA;
248A : FD9;
248B : FD9;
248C : FD9;
248D : FD9;
248E : FD9;
248F : FD9;
2490 : FC8;
2491 : FC8;
2492 : FD9;
2493 : FD9;
2494 : FDA;
2495 : FEB;
2496 : FEB;
2497 : FEB;
2498 : FEB;
2499 : FEB;
249A : FEB;
249B : FEB;
249C : FDA;
249D : FDA;
249E : FD9;
249F : FD9;
24A0 : FD9;
24A1 : FD9;
24A2 : FD9;
24A3 : FEB;
24A4 : FEB;
24A5 : FEB;
24A6 : FEB;
24A7 : FEB;
24A8 : FEB;
24A9 : FEB;
24AA : FEB;
24AB : FEB;
24AC : FEB;
24AD : FEB;
24AE : FEB;
24AF : FEB;
24B0 : FEB;
24B1 : FEB;
24B2 : FEB;
24B3 : FEB;
24B4 : FEB;
24B5 : FEB;
24B6 : FC8;
24B7 : FB7;
24B8 : F83;
24B9 : F83;
24BA : F83;
24BB : F83;
24BC : F83;
24BD : F83;
24BE : F83;
24BF : F83;
24C0 : F83;
24C1 : F83;
24C2 : F83;
24C3 : F83;
24C4 : F83;
24C5 : F83;
24C6 : F83;
24C7 : F83;
24C8 : F83;
24C9 : F83;
24CA : F83;
24CB : F83;
24CC : F83;
24CD : F83;
24CE : F83;
24CF : F83;
24D0 : F83;
24D1 : F83;
24D2 : F83;
24D3 : F83;
24D4 : F83;
24D5 : F83;
24D6 : F83;
24D7 : F83;
24D8 : F83;
24D9 : F83;
24DA : F83;
24DB : F83;
24DC : F83;
24DD : F83;
24DE : F83;
24DF : F83;
24E0 : F83;
24E1 : F83;
24E2 : F83;
24E3 : F83;
24E4 : F83;
24E5 : F83;
24E6 : F83;
24E7 : F83;
24E8 : F83;
24E9 : F83;
24EA : F83;
24EB : F83;
24EC : F83;
24ED : F83;
24EE : F83;
24EF : F83;
24F0 : F83;
24F1 : F83;
24F2 : F83;
24F3 : F83;
24F4 : F83;
24F5 : F83;
24F6 : F92;
24F7 : F91;
24F8 : FA0;
24F9 : FA0;
24FA : FB0;
24FB : FB1;
24FC : FB1;
24FD : FC2;
24FE : FC3;
24FF : FC2;
2500 : FC2;
2501 : FC2;
2502 : FC2;
2503 : FC2;
2504 : FC2;
2505 : FC2;
2506 : FC2;
2507 : FC2;
2508 : FC2;
2509 : FC2;
250A : FC2;
250B : FC2;
250C : FC2;
250D : FC2;
250E : FC2;
250F : FC2;
2510 : FC2;
2511 : FC2;
2512 : FC2;
2513 : FC2;
2514 : FC2;
2515 : FC2;
2516 : FC2;
2517 : FC2;
2518 : FC2;
2519 : FC2;
251A : FC2;
251B : FC2;
251C : FC2;
251D : FC2;
251E : FC3;
251F : FC2;
2520 : FB1;
2521 : FB1;
2522 : FB0;
2523 : FA0;
2524 : FA0;
2525 : F91;
2526 : F92;
2527 : F83;
2528 : F83;
2529 : F83;
252A : F83;
252B : F83;
252C : F83;
252D : F83;
252E : F83;
252F : F83;
2530 : F83;
2531 : F83;
2532 : F83;
2533 : F83;
2534 : F83;
2535 : F83;
2536 : F83;
2537 : F93;
2538 : FB7;
2539 : FC8;
253A : FC8;
253B : FC9;
253C : FEB;
253D : FEB;
253E : FEB;
253F : FEB;
2540 : FEB;
2541 : FEB;
2542 : FEB;
2543 : FEB;
2544 : FEB;
2545 : FEB;
2546 : FEB;
2547 : FDA;
2548 : FC8;
2549 : FA5;
254A : F83;
254B : F83;
254C : F83;
254D : F83;
254E : F83;
254F : F83;
2550 : F83;
2551 : F83;
2552 : F83;
2553 : F83;
2554 : F83;
2555 : F83;
2556 : F83;
2557 : F83;
2558 : F83;
2559 : F83;
255A : F83;
255B : F83;
255C : FA5;
255D : FC8;
255E : FDA;
255F : FEB;
2560 : FEB;
2561 : FEB;
2562 : FEB;
2563 : FEB;
2564 : FEB;
2565 : FEB;
2566 : FEB;
2567 : FEB;
2568 : FEB;
2569 : FEB;
256A : FEB;
256B : FEB;
256C : FEB;
256D : FEB;
256E : FEB;
256F : FEB;
2570 : FEB;
2571 : FDB;
2572 : FDA;
2573 : FD9;
2574 : FD9;
2575 : FD9;
2576 : FD9;
2577 : FD9;
2578 : FC8;
2579 : FC7;
257A : FC8;
257B : FC8;
257C : FC8;
257D : FD8;
257E : FD9;
257F : FD9;
2580 : FD9;
2581 : FD9;
2582 : FD9;
2583 : FD9;
2584 : FD9;
2585 : FD9;
2586 : FD9;
2587 : FD9;
2588 : FDA;
2589 : FDA;
258A : FDA;
258B : FDA;
258C : FDA;
258D : FD9;
258E : FD9;
258F : FD9;
2590 : FD9;
2591 : FD9;
2592 : FD9;
2593 : FD9;
2594 : FC7;
2595 : FC8;
2596 : FD9;
2597 : FD9;
2598 : FD9;
2599 : FEB;
259A : FEB;
259B : FEB;
259C : FEB;
259D : FEB;
259E : FEB;
259F : FEB;
25A0 : FD9;
25A1 : FD9;
25A2 : FD9;
25A3 : FD9;
25A4 : FD9;
25A5 : FD9;
25A6 : FD9;
25A7 : FDB;
25A8 : FEB;
25A9 : FEB;
25AA : FEB;
25AB : FEB;
25AC : FEB;
25AD : FEB;
25AE : FEB;
25AF : FEB;
25B0 : FEB;
25B1 : FEB;
25B2 : FEB;
25B3 : FEB;
25B4 : FEB;
25B5 : FEB;
25B6 : FEB;
25B7 : FEB;
25B8 : FEB;
25B9 : FEB;
25BA : FEB;
25BB : FDA;
25BC : F94;
25BD : F83;
25BE : F83;
25BF : F83;
25C0 : F94;
25C1 : F94;
25C2 : F94;
25C3 : F83;
25C4 : F83;
25C5 : F83;
25C6 : F83;
25C7 : F83;
25C8 : F83;
25C9 : F83;
25CA : F83;
25CB : F83;
25CC : F83;
25CD : F83;
25CE : F83;
25CF : F83;
25D0 : F83;
25D1 : F83;
25D2 : F83;
25D3 : F83;
25D4 : F83;
25D5 : F83;
25D6 : F83;
25D7 : F83;
25D8 : F83;
25D9 : F83;
25DA : F83;
25DB : F83;
25DC : F83;
25DD : F83;
25DE : F83;
25DF : F83;
25E0 : F83;
25E1 : F83;
25E2 : F83;
25E3 : F83;
25E4 : F83;
25E5 : F83;
25E6 : F83;
25E7 : F83;
25E8 : F83;
25E9 : F83;
25EA : F83;
25EB : F83;
25EC : F83;
25ED : F83;
25EE : F83;
25EF : F83;
25F0 : F83;
25F1 : F83;
25F2 : F83;
25F3 : F83;
25F4 : F83;
25F5 : F83;
25F6 : F83;
25F7 : F83;
25F8 : F93;
25F9 : F82;
25FA : F91;
25FB : FA0;
25FC : FA0;
25FD : FA0;
25FE : FB0;
25FF : FB1;
2600 : FC3;
2601 : FC3;
2602 : FC2;
2603 : FC2;
2604 : FC2;
2605 : FC2;
2606 : FC2;
2607 : FC2;
2608 : FC2;
2609 : FC2;
260A : FC2;
260B : FC2;
260C : FC2;
260D : FC2;
260E : FC2;
260F : FC2;
2610 : FC2;
2611 : FC2;
2612 : FC2;
2613 : FC2;
2614 : FC2;
2615 : FC2;
2616 : FC2;
2617 : FC2;
2618 : FC2;
2619 : FC2;
261A : FC2;
261B : FC2;
261C : FC2;
261D : FC2;
261E : FC2;
261F : FC2;
2620 : FC2;
2621 : FC2;
2622 : FC2;
2623 : FC2;
2624 : FC2;
2625 : FB1;
2626 : FB0;
2627 : FA0;
2628 : FA0;
2629 : FA0;
262A : FA1;
262B : F92;
262C : F83;
262D : F83;
262E : F83;
262F : F83;
2630 : F83;
2631 : F83;
2632 : F83;
2633 : F83;
2634 : F83;
2635 : F83;
2636 : F83;
2637 : F83;
2638 : F83;
2639 : F83;
263A : F83;
263B : F94;
263C : FDA;
263D : FEB;
263E : FEB;
263F : FEB;
2640 : FEB;
2641 : FEB;
2642 : FEB;
2643 : FEB;
2644 : FEB;
2645 : FEB;
2646 : FEB;
2647 : FEB;
2648 : FEB;
2649 : FEB;
264A : FEB;
264B : FEB;
264C : FEB;
264D : FB7;
264E : F94;
264F : F83;
2650 : F83;
2651 : F83;
2652 : F83;
2653 : F83;
2654 : F83;
2655 : F83;
2656 : F83;
2657 : F83;
2658 : F83;
2659 : F83;
265A : F83;
265B : F83;
265C : F83;
265D : F83;
265E : F83;
265F : F82;
2660 : FB7;
2661 : FEB;
2662 : FEB;
2663 : FEB;
2664 : FEB;
2665 : FEB;
2666 : FEB;
2667 : FEB;
2668 : FEB;
2669 : FEB;
266A : FEB;
266B : FEB;
266C : FEB;
266D : FEB;
266E : FEB;
266F : FEB;
2670 : FEB;
2671 : FEB;
2672 : FEB;
2673 : FEB;
2674 : FEB;
2675 : FDA;
2676 : FD9;
2677 : FD9;
2678 : FD9;
2679 : FD9;
267A : FD9;
267B : FD9;
267C : FC8;
267D : FC7;
267E : FC7;
267F : FC7;
2680 : FC7;
2681 : FC8;
2682 : FD9;
2683 : FD9;
2684 : FD9;
2685 : FD9;
2686 : FD9;
2687 : FD9;
2688 : FD9;
2689 : FD9;
268A : FD9;
268B : FD9;
268C : FD9;
268D : FD9;
268E : FD9;
268F : FD9;
2690 : FD9;
2691 : FD9;
2692 : FD9;
2693 : FD9;
2694 : FD9;
2695 : FD9;
2696 : FD9;
2697 : FD9;
2698 : FC7;
2699 : FC8;
269A : FD9;
269B : FD9;
269C : FD9;
269D : FD9;
269E : FD9;
269F : FD9;
26A0 : FD9;
26A1 : FD9;
26A2 : FD9;
26A3 : FD9;
26A4 : FD9;
26A5 : FD9;
26A6 : FD9;
26A7 : FD9;
26A8 : FD9;
26A9 : FD9;
26AA : FD9;
26AB : FD9;
26AC : FDA;
26AD : FEB;
26AE : FEB;
26AF : FEB;
26B0 : FEB;
26B1 : FEB;
26B2 : FEB;
26B3 : FEB;
26B4 : FEB;
26B5 : FEB;
26B6 : FEB;
26B7 : FEB;
26B8 : FEB;
26B9 : FEB;
26BA : FEB;
26BB : FEB;
26BC : FEB;
26BD : FEB;
26BE : FEB;
26BF : FEB;
26C0 : FDA;
26C1 : FB7;
26C2 : F93;
26C3 : FC8;
26C4 : FDA;
26C5 : FDA;
26C6 : FC8;
26C7 : F93;
26C8 : F82;
26C9 : F83;
26CA : F83;
26CB : F83;
26CC : F83;
26CD : F83;
26CE : F83;
26CF : F83;
26D0 : F83;
26D1 : F83;
26D2 : F83;
26D3 : F83;
26D4 : F83;
26D5 : F83;
26D6 : F83;
26D7 : F83;
26D8 : F83;
26D9 : F83;
26DA : F83;
26DB : F83;
26DC : F83;
26DD : F83;
26DE : F83;
26DF : F83;
26E0 : F83;
26E1 : F83;
26E2 : F83;
26E3 : F83;
26E4 : F83;
26E5 : F83;
26E6 : F83;
26E7 : F83;
26E8 : F83;
26E9 : F83;
26EA : F83;
26EB : F83;
26EC : F83;
26ED : F83;
26EE : F83;
26EF : F83;
26F0 : F83;
26F1 : F83;
26F2 : F83;
26F3 : F83;
26F4 : F83;
26F5 : F83;
26F6 : F83;
26F7 : F83;
26F8 : F83;
26F9 : F83;
26FA : F83;
26FB : F83;
26FC : F92;
26FD : FA1;
26FE : FA0;
26FF : FA0;
2700 : FB0;
2701 : FB1;
2702 : FB1;
2703 : FC2;
2704 : FC2;
2705 : FC2;
2706 : FC2;
2707 : FC2;
2708 : FC2;
2709 : FC2;
270A : FC2;
270B : FC2;
270C : FC2;
270D : FC2;
270E : FC2;
270F : FC2;
2710 : FC2;
2711 : FC2;
2712 : FC2;
2713 : FC2;
2714 : FC2;
2715 : FC2;
2716 : FC2;
2717 : FC2;
2718 : FC2;
2719 : FC2;
271A : FC2;
271B : FC2;
271C : FC2;
271D : FC2;
271E : FC2;
271F : FC2;
2720 : FC2;
2721 : FC2;
2722 : FC2;
2723 : FC2;
2724 : FC2;
2725 : FC2;
2726 : FC2;
2727 : FC2;
2728 : FC2;
2729 : FC2;
272A : FB2;
272B : FB1;
272C : FB0;
272D : FA0;
272E : FA0;
272F : FA1;
2730 : F91;
2731 : F83;
2732 : F83;
2733 : F83;
2734 : F83;
2735 : F83;
2736 : F83;
2737 : F83;
2738 : F83;
2739 : F83;
273A : F83;
273B : F83;
273C : F82;
273D : F83;
273E : FB7;
273F : FDA;
2740 : FEB;
2741 : FEB;
2742 : FEB;
2743 : FEB;
2744 : FEB;
2745 : FEB;
2746 : FEB;
2747 : FEB;
2748 : FEB;
2749 : FEB;
274A : FEB;
274B : FEB;
274C : FEB;
274D : FEB;
274E : FEB;
274F : FEB;
2750 : FEB;
2751 : FDA;
2752 : FD9;
2753 : F95;
2754 : F83;
2755 : F83;
2756 : F83;
2757 : F83;
2758 : F83;
2759 : F83;
275A : F83;
275B : F83;
275C : F83;
275D : F83;
275E : F83;
275F : F83;
2760 : F83;
2761 : F83;
2762 : F83;
2763 : F82;
2764 : FB7;
2765 : FEB;
2766 : FEB;
2767 : FEB;
2768 : FEB;
2769 : FEB;
276A : FEB;
276B : FEB;
276C : FEB;
276D : FEB;
276E : FEB;
276F : FEB;
2770 : FEB;
2771 : FEB;
2772 : FEB;
2773 : FEB;
2774 : FEB;
2775 : FEB;
2776 : FEB;
2777 : FEB;
2778 : FEB;
2779 : FDA;
277A : FD9;
277B : FD9;
277C : FD9;
277D : FD9;
277E : FD9;
277F : FD9;
2780 : FC8;
2781 : FC7;
2782 : FC7;
2783 : FC7;
2784 : FC7;
2785 : FC8;
2786 : FD9;
2787 : FD9;
2788 : FD9;
2789 : FD9;
278A : FD9;
278B : FD9;
278C : FD9;
278D : FD9;
278E : FD9;
278F : FD9;
2790 : FD9;
2791 : FD9;
2792 : FD9;
2793 : FD9;
2794 : FD9;
2795 : FD9;
2796 : FD9;
2797 : FD9;
2798 : FD9;
2799 : FD9;
279A : FD9;
279B : FD9;
279C : FC7;
279D : FC8;
279E : FD9;
279F : FD9;
27A0 : FD9;
27A1 : FD9;
27A2 : FD9;
27A3 : FD9;
27A4 : FD9;
27A5 : FD9;
27A6 : FD9;
27A7 : FD9;
27A8 : FD9;
27A9 : FD9;
27AA : FD9;
27AB : FD9;
27AC : FD9;
27AD : FD9;
27AE : FD9;
27AF : FD9;
27B0 : FD9;
27B1 : FDB;
27B2 : FEB;
27B3 : FEB;
27B4 : FEB;
27B5 : FEB;
27B6 : FEB;
27B7 : FEB;
27B8 : FEB;
27B9 : FEB;
27BA : FEB;
27BB : FEB;
27BC : FEB;
27BD : FEB;
27BE : FEB;
27BF : FEB;
27C0 : FEB;
27C1 : FEB;
27C2 : FEB;
27C3 : FEB;
27C4 : FEB;
27C5 : FC8;
27C6 : F94;
27C7 : FC9;
27C8 : FEB;
27C9 : FEB;
27CA : FDA;
27CB : FA5;
27CC : F93;
27CD : F83;
27CE : F93;
27CF : F93;
27D0 : F83;
27D1 : F83;
27D2 : F83;
27D3 : F83;
27D4 : F93;
27D5 : F93;
27D6 : F83;
27D7 : F83;
27D8 : F83;
27D9 : F83;
27DA : F93;
27DB : F83;
27DC : F93;
27DD : F93;
27DE : F93;
27DF : F93;
27E0 : F93;
27E1 : F93;
27E2 : F93;
27E3 : F93;
27E4 : F93;
27E5 : F93;
27E6 : F93;
27E7 : F93;
27E8 : F93;
27E9 : F93;
27EA : F93;
27EB : F93;
27EC : F93;
27ED : F93;
27EE : F93;
27EF : F93;
27F0 : F93;
27F1 : F93;
27F2 : F93;
27F3 : F93;
27F4 : F93;
27F5 : F93;
27F6 : F93;
27F7 : F93;
27F8 : F93;
27F9 : F83;
27FA : F83;
27FB : F83;
27FC : F83;
27FD : F83;
27FE : F83;
27FF : F83;
2800 : F91;
2801 : FA0;
2802 : FA0;
2803 : FA0;
2804 : FB0;
2805 : FB1;
2806 : FC2;
2807 : FC2;
2808 : FC2;
2809 : FC2;
280A : FC2;
280B : FC2;
280C : FC2;
280D : FC2;
280E : FC2;
280F : FC2;
2810 : FC2;
2811 : FC2;
2812 : FC2;
2813 : FC2;
2814 : FC2;
2815 : FC2;
2816 : FC2;
2817 : FC2;
2818 : FC2;
2819 : FC2;
281A : FC2;
281B : FC2;
281C : FC2;
281D : FC2;
281E : FC2;
281F : FC2;
2820 : FC2;
2821 : FC2;
2822 : FC2;
2823 : FC2;
2824 : FC2;
2825 : FC2;
2826 : FC2;
2827 : FC2;
2828 : FC2;
2829 : FC2;
282A : FC2;
282B : FC2;
282C : FC2;
282D : FC2;
282E : FC2;
282F : FB1;
2830 : FB0;
2831 : FA0;
2832 : FA0;
2833 : FA0;
2834 : F91;
2835 : F93;
2836 : F93;
2837 : F83;
2838 : F83;
2839 : F83;
283A : F93;
283B : F83;
283C : F83;
283D : F83;
283E : F93;
283F : F93;
2840 : F93;
2841 : F94;
2842 : FC9;
2843 : FEB;
2844 : FEC;
2845 : FEB;
2846 : FEB;
2847 : FEB;
2848 : FEB;
2849 : FEB;
284A : FEB;
284B : FEB;
284C : FEB;
284D : FEB;
284E : FEB;
284F : FEB;
2850 : FEB;
2851 : FEB;
2852 : FEB;
2853 : FEB;
2854 : FEB;
2855 : FEB;
2856 : FEB;
2857 : FB7;
2858 : F94;
2859 : F93;
285A : F83;
285B : F83;
285C : F83;
285D : F83;
285E : F83;
285F : F83;
2860 : F83;
2861 : F83;
2862 : F83;
2863 : F83;
2864 : F83;
2865 : F83;
2866 : F83;
2867 : F82;
2868 : FB7;
2869 : FEB;
286A : FEB;
286B : FEB;
286C : FEB;
286D : FEB;
286E : FEB;
286F : FEB;
2870 : FEB;
2871 : FEB;
2872 : FEB;
2873 : FEB;
2874 : FEB;
2875 : FEB;
2876 : FEB;
2877 : FEB;
2878 : FEB;
2879 : FEB;
287A : FEB;
287B : FEB;
287C : FEB;
287D : FDA;
287E : FD9;
287F : FD9;
2880 : FD9;
2881 : FD9;
2882 : FD9;
2883 : FD9;
2884 : FC8;
2885 : FC7;
2886 : FC7;
2887 : FC7;
2888 : FC7;
2889 : FC8;
288A : FD8;
288B : FD9;
288C : FD9;
288D : FD9;
288E : FD9;
288F : FD9;
2890 : FD9;
2891 : FD9;
2892 : FD9;
2893 : FD9;
2894 : FD9;
2895 : FD9;
2896 : FD9;
2897 : FD9;
2898 : FD9;
2899 : FD9;
289A : FD9;
289B : FD9;
289C : FD9;
289D : FD9;
289E : FD9;
289F : FD9;
28A0 : FC7;
28A1 : FC8;
28A2 : FD9;
28A3 : FD9;
28A4 : FD9;
28A5 : FD9;
28A6 : FD9;
28A7 : FD9;
28A8 : FD9;
28A9 : FD9;
28AA : FD9;
28AB : FD9;
28AC : FD9;
28AD : FD9;
28AE : FD9;
28AF : FD9;
28B0 : FD9;
28B1 : FD9;
28B2 : FD9;
28B3 : FD9;
28B4 : FD9;
28B5 : FD9;
28B6 : FDA;
28B7 : FEB;
28B8 : FEB;
28B9 : FEB;
28BA : FEB;
28BB : FEB;
28BC : FEB;
28BD : FEB;
28BE : FEB;
28BF : FEB;
28C0 : FEB;
28C1 : FEB;
28C2 : FEB;
28C3 : FEB;
28C4 : FEB;
28C5 : FEB;
28C6 : FEB;
28C7 : FEB;
28C8 : FEB;
28C9 : FDA;
28CA : FC8;
28CB : FDA;
28CC : FEC;
28CD : FEB;
28CE : FEB;
28CF : FEB;
28D0 : FB7;
28D1 : F93;
28D2 : F93;
28D3 : F93;
28D4 : F93;
28D5 : F93;
28D6 : F93;
28D7 : F92;
28D8 : F92;
28D9 : F92;
28DA : F92;
28DB : F92;
28DC : F92;
28DD : F82;
28DE : F92;
28DF : F92;
28E0 : F93;
28E1 : F93;
28E2 : F93;
28E3 : F93;
28E4 : F93;
28E5 : F93;
28E6 : F93;
28E7 : F93;
28E8 : F93;
28E9 : F93;
28EA : F93;
28EB : F93;
28EC : F93;
28ED : F93;
28EE : F93;
28EF : F93;
28F0 : F93;
28F1 : F93;
28F2 : F93;
28F3 : F93;
28F4 : F93;
28F5 : F93;
28F6 : F93;
28F7 : F93;
28F8 : F93;
28F9 : F93;
28FA : F93;
28FB : F93;
28FC : F93;
28FD : F93;
28FE : F92;
28FF : F92;
2900 : F93;
2901 : F83;
2902 : F83;
2903 : F93;
2904 : F92;
2905 : FA0;
2906 : FA0;
2907 : FA0;
2908 : FB0;
2909 : FB1;
290A : FC2;
290B : FC2;
290C : FC2;
290D : FC2;
290E : FC2;
290F : FC2;
2910 : FC2;
2911 : FC2;
2912 : FC2;
2913 : FC2;
2914 : FC2;
2915 : FC2;
2916 : FC2;
2917 : FC2;
2918 : FC2;
2919 : FC2;
291A : FC2;
291B : FC2;
291C : FC2;
291D : FC2;
291E : FC2;
291F : FC2;
2920 : FC2;
2921 : FC2;
2922 : FC2;
2923 : FC2;
2924 : FC2;
2925 : FC2;
2926 : FC2;
2927 : FC2;
2928 : FC2;
2929 : FC2;
292A : FC2;
292B : FC2;
292C : FC2;
292D : FC2;
292E : FC2;
292F : FC2;
2930 : FC2;
2931 : FC2;
2932 : FC2;
2933 : FB0;
2934 : FB0;
2935 : FA0;
2936 : FA0;
2937 : FA0;
2938 : F91;
2939 : F93;
293A : F93;
293B : F93;
293C : F93;
293D : F93;
293E : F93;
293F : F92;
2940 : F92;
2941 : F93;
2942 : F93;
2943 : F92;
2944 : FA5;
2945 : FEB;
2946 : FEB;
2947 : FEB;
2948 : FEB;
2949 : FEB;
294A : FEB;
294B : FEB;
294C : FEB;
294D : FEB;
294E : FEB;
294F : FEB;
2950 : FEB;
2951 : FEB;
2952 : FEB;
2953 : FEB;
2954 : FEB;
2955 : FEB;
2956 : FEB;
2957 : FEB;
2958 : FEB;
2959 : FEB;
295A : FEB;
295B : FEB;
295C : FDA;
295D : F94;
295E : F92;
295F : F82;
2960 : F82;
2961 : F93;
2962 : F92;
2963 : F92;
2964 : F92;
2965 : F93;
2966 : F93;
2967 : F93;
2968 : F93;
2969 : F93;
296A : F92;
296B : F92;
296C : FB7;
296D : FEB;
296E : FEB;
296F : FEB;
2970 : FEB;
2971 : FEB;
2972 : FEB;
2973 : FEB;
2974 : FEB;
2975 : FEB;
2976 : FEB;
2977 : FEB;
2978 : FEB;
2979 : FEB;
297A : FEB;
297B : FEB;
297C : FEB;
297D : FEB;
297E : FEB;
297F : FDA;
2980 : FD9;
2981 : FD9;
2982 : FD9;
2983 : FD9;
2984 : FD9;
2985 : FD9;
2986 : FC8;
2987 : FC7;
2988 : FC7;
2989 : FC7;
298A : FC7;
298B : FC7;
298C : FC7;
298D : FC7;
298E : FC7;
298F : FD8;
2990 : FD9;
2991 : FD9;
2992 : FD9;
2993 : FD9;
2994 : FD9;
2995 : FD9;
2996 : FD9;
2997 : FD9;
2998 : FD9;
2999 : FD9;
299A : FD9;
299B : FD9;
299C : FD9;
299D : FD9;
299E : FD9;
299F : FD9;
29A0 : FD9;
29A1 : FD9;
29A2 : FD9;
29A3 : FD9;
29A4 : FC7;
29A5 : FC8;
29A6 : FD9;
29A7 : FD9;
29A8 : FD9;
29A9 : FD9;
29AA : FD9;
29AB : FD9;
29AC : FD9;
29AD : FD9;
29AE : FD9;
29AF : FD9;
29B0 : FD9;
29B1 : FD9;
29B2 : FD9;
29B3 : FD9;
29B4 : FD9;
29B5 : FD9;
29B6 : FD9;
29B7 : FD9;
29B8 : FD9;
29B9 : FD9;
29BA : FDA;
29BB : FDA;
29BC : FEB;
29BD : FEB;
29BE : FEB;
29BF : FEB;
29C0 : FEB;
29C1 : FEB;
29C2 : FEB;
29C3 : FEB;
29C4 : FDA;
29C5 : FDA;
29C6 : FDA;
29C7 : FDA;
29C8 : FEB;
29C9 : FEB;
29CA : FEB;
29CB : FEB;
29CC : FDA;
29CD : FDA;
29CE : FD9;
29CF : FDA;
29D0 : FEC;
29D1 : FEB;
29D2 : FEC;
29D3 : FEB;
29D4 : FC9;
29D5 : FB6;
29D6 : F94;
29D7 : F92;
29D8 : F92;
29D9 : F92;
29DA : F92;
29DB : F92;
29DC : F92;
29DD : FA5;
29DE : FB6;
29DF : FB6;
29E0 : FB6;
29E1 : FA6;
29E2 : F94;
29E3 : F92;
29E4 : F92;
29E5 : F93;
29E6 : F93;
29E7 : F93;
29E8 : F93;
29E9 : F93;
29EA : F93;
29EB : F93;
29EC : F93;
29ED : F92;
29EE : F92;
29EF : F93;
29F0 : F93;
29F1 : F93;
29F2 : F93;
29F3 : F93;
29F4 : F93;
29F5 : F93;
29F6 : F93;
29F7 : F92;
29F8 : F92;
29F9 : F93;
29FA : F92;
29FB : F92;
29FC : F92;
29FD : F92;
29FE : F92;
29FF : F92;
2A00 : F92;
2A01 : F93;
2A02 : F93;
2A03 : F92;
2A04 : F92;
2A05 : F92;
2A06 : F92;
2A07 : F92;
2A08 : FA1;
2A09 : FA0;
2A0A : FA0;
2A0B : FB0;
2A0C : FB1;
2A0D : FB1;
2A0E : FC2;
2A0F : FC2;
2A10 : FC2;
2A11 : FC2;
2A12 : FC2;
2A13 : FC2;
2A14 : FC2;
2A15 : FC2;
2A16 : FC2;
2A17 : FC2;
2A18 : FC2;
2A19 : FC2;
2A1A : FC2;
2A1B : FC2;
2A1C : FC2;
2A1D : FC2;
2A1E : FC2;
2A1F : FC2;
2A20 : FC2;
2A21 : FC2;
2A22 : FC2;
2A23 : FC2;
2A24 : FC2;
2A25 : FC2;
2A26 : FC2;
2A27 : FC2;
2A28 : FC2;
2A29 : FC2;
2A2A : FC2;
2A2B : FC2;
2A2C : FC2;
2A2D : FC2;
2A2E : FC2;
2A2F : FC2;
2A30 : FC2;
2A31 : FC2;
2A32 : FC2;
2A33 : FC2;
2A34 : FC2;
2A35 : FC2;
2A36 : FC2;
2A37 : FB1;
2A38 : FB1;
2A39 : FB0;
2A3A : FA0;
2A3B : FA0;
2A3C : FA1;
2A3D : F92;
2A3E : F92;
2A3F : F93;
2A40 : F93;
2A41 : F93;
2A42 : F93;
2A43 : F92;
2A44 : F92;
2A45 : FA5;
2A46 : FB6;
2A47 : FB6;
2A48 : FC8;
2A49 : FEB;
2A4A : FEB;
2A4B : FEB;
2A4C : FEB;
2A4D : FEB;
2A4E : FEB;
2A4F : FEB;
2A50 : FEB;
2A51 : FEB;
2A52 : FEB;
2A53 : FEB;
2A54 : FEB;
2A55 : FEB;
2A56 : FEB;
2A57 : FEB;
2A58 : FEB;
2A59 : FEB;
2A5A : FEB;
2A5B : FEB;
2A5C : FEB;
2A5D : FEB;
2A5E : FEB;
2A5F : FEB;
2A60 : FDB;
2A61 : FB7;
2A62 : FA5;
2A63 : F92;
2A64 : F92;
2A65 : F92;
2A66 : F93;
2A67 : F92;
2A68 : F92;
2A69 : F92;
2A6A : F92;
2A6B : F92;
2A6C : F92;
2A6D : F92;
2A6E : F93;
2A6F : FB6;
2A70 : FC9;
2A71 : FEB;
2A72 : FEB;
2A73 : FEB;
2A74 : FEB;
2A75 : FEB;
2A76 : FEB;
2A77 : FEB;
2A78 : FEB;
2A79 : FEB;
2A7A : FEB;
2A7B : FEB;
2A7C : FEB;
2A7D : FEB;
2A7E : FEB;
2A7F : FEB;
2A80 : FEB;
2A81 : FEB;
2A82 : FEB;
2A83 : FDA;
2A84 : FD9;
2A85 : FD9;
2A86 : FD9;
2A87 : FD9;
2A88 : FD9;
2A89 : FC8;
2A8A : FC7;
2A8B : FC7;
2A8C : FC7;
2A8D : FC7;
2A8E : FC7;
2A8F : FC7;
2A90 : FC7;
2A91 : FC7;
2A92 : FC7;
2A93 : FC8;
2A94 : FC8;
2A95 : FD9;
2A96 : FD9;
2A97 : FD9;
2A98 : FD9;
2A99 : FD9;
2A9A : FD9;
2A9B : FD9;
2A9C : FD9;
2A9D : FD9;
2A9E : FD9;
2A9F : FD9;
2AA0 : FD9;
2AA1 : FD9;
2AA2 : FD9;
2AA3 : FD9;
2AA4 : FD9;
2AA5 : FD9;
2AA6 : FD9;
2AA7 : FD9;
2AA8 : FC7;
2AA9 : FC8;
2AAA : FD9;
2AAB : FD9;
2AAC : FD9;
2AAD : FD9;
2AAE : FD9;
2AAF : FD9;
2AB0 : FD9;
2AB1 : FD9;
2AB2 : FD9;
2AB3 : FD9;
2AB4 : FD9;
2AB5 : FD9;
2AB6 : FD9;
2AB7 : FD9;
2AB8 : FD9;
2AB9 : FD9;
2ABA : FD9;
2ABB : FD9;
2ABC : FD9;
2ABD : FD9;
2ABE : FD9;
2ABF : FD9;
2AC0 : FDA;
2AC1 : FEB;
2AC2 : FEB;
2AC3 : FEB;
2AC4 : FEB;
2AC5 : FEB;
2AC6 : FEB;
2AC7 : FDA;
2AC8 : FD9;
2AC9 : FD9;
2ACA : FD9;
2ACB : FD9;
2ACC : FDA;
2ACD : FEB;
2ACE : FEB;
2ACF : FEB;
2AD0 : FD9;
2AD1 : FD9;
2AD2 : FD9;
2AD3 : FDA;
2AD4 : FEB;
2AD5 : FEB;
2AD6 : FEC;
2AD7 : FEC;
2AD8 : FEB;
2AD9 : FEB;
2ADA : FA6;
2ADB : F92;
2ADC : F92;
2ADD : F92;
2ADE : F92;
2ADF : F92;
2AE0 : F93;
2AE1 : FD9;
2AE2 : FEB;
2AE3 : FEB;
2AE4 : FEB;
2AE5 : FEB;
2AE6 : FB6;
2AE7 : F93;
2AE8 : F93;
2AE9 : F93;
2AEA : F93;
2AEB : F92;
2AEC : F93;
2AED : F92;
2AEE : F92;
2AEF : F92;
2AF0 : F92;
2AF1 : F92;
2AF2 : F92;
2AF3 : F92;
2AF4 : F92;
2AF5 : F92;
2AF6 : F92;
2AF7 : F92;
2AF8 : F93;
2AF9 : F93;
2AFA : F93;
2AFB : F92;
2AFC : F92;
2AFD : F92;
2AFE : F92;
2AFF : F92;
2B00 : F92;
2B01 : F92;
2B02 : F92;
2B03 : F92;
2B04 : F92;
2B05 : F93;
2B06 : F93;
2B07 : F93;
2B08 : F92;
2B09 : F93;
2B0A : F92;
2B0B : FA0;
2B0C : FA0;
2B0D : FA0;
2B0E : FA0;
2B0F : FB0;
2B10 : FC2;
2B11 : FC2;
2B12 : FC2;
2B13 : FC2;
2B14 : FC2;
2B15 : FC2;
2B16 : FC2;
2B17 : FC2;
2B18 : FC2;
2B19 : FC2;
2B1A : FC2;
2B1B : FC2;
2B1C : FC2;
2B1D : FC2;
2B1E : FC2;
2B1F : FC2;
2B20 : FC2;
2B21 : FC2;
2B22 : FC2;
2B23 : FC2;
2B24 : FC2;
2B25 : FC2;
2B26 : FC2;
2B27 : FC2;
2B28 : FC2;
2B29 : FC2;
2B2A : FC2;
2B2B : FC2;
2B2C : FC2;
2B2D : FC2;
2B2E : FC2;
2B2F : FC2;
2B30 : FC2;
2B31 : FC2;
2B32 : FC2;
2B33 : FC2;
2B34 : FC2;
2B35 : FC2;
2B36 : FC2;
2B37 : FC2;
2B38 : FC2;
2B39 : FC2;
2B3A : FC2;
2B3B : FC2;
2B3C : FC2;
2B3D : FB0;
2B3E : FB0;
2B3F : FA0;
2B40 : FA0;
2B41 : FA1;
2B42 : F92;
2B43 : F93;
2B44 : F92;
2B45 : F92;
2B46 : F92;
2B47 : F92;
2B48 : F93;
2B49 : FD9;
2B4A : FEB;
2B4B : FEB;
2B4C : FEB;
2B4D : FEB;
2B4E : FEB;
2B4F : FEB;
2B50 : FEB;
2B51 : FEB;
2B52 : FEB;
2B53 : FEB;
2B54 : FEB;
2B55 : FEB;
2B56 : FEB;
2B57 : FEB;
2B58 : FEB;
2B59 : FEB;
2B5A : FEB;
2B5B : FEB;
2B5C : FEB;
2B5D : FEB;
2B5E : FEB;
2B5F : FEB;
2B60 : FEB;
2B61 : FEB;
2B62 : FEB;
2B63 : FEB;
2B64 : FEB;
2B65 : FEB;
2B66 : FC9;
2B67 : F92;
2B68 : F92;
2B69 : F92;
2B6A : F92;
2B6B : F92;
2B6C : F92;
2B6D : F92;
2B6E : F92;
2B6F : F92;
2B70 : F92;
2B71 : F92;
2B72 : FA5;
2B73 : FEB;
2B74 : FEB;
2B75 : FEB;
2B76 : FEB;
2B77 : FEB;
2B78 : FEB;
2B79 : FEB;
2B7A : FEB;
2B7B : FEB;
2B7C : FEB;
2B7D : FEB;
2B7E : FEB;
2B7F : FEB;
2B80 : FEB;
2B81 : FEB;
2B82 : FEB;
2B83 : FEB;
2B84 : FEB;
2B85 : FEB;
2B86 : FEB;
2B87 : FDA;
2B88 : FD9;
2B89 : FD9;
2B8A : FD9;
2B8B : FD9;
2B8C : FC8;
2B8D : FC7;
2B8E : FC7;
2B8F : FC7;
2B90 : FC7;
2B91 : FC7;
2B92 : FC7;
2B93 : FC7;
2B94 : FC7;
2B95 : FC7;
2B96 : FC7;
2B97 : FC7;
2B98 : FC7;
2B99 : FD9;
2B9A : FD9;
2B9B : FD9;
2B9C : FD9;
2B9D : FD9;
2B9E : FD9;
2B9F : FD9;
2BA0 : FD9;
2BA1 : FD9;
2BA2 : FD9;
2BA3 : FD9;
2BA4 : FD9;
2BA5 : FD9;
2BA6 : FD9;
2BA7 : FD9;
2BA8 : FD9;
2BA9 : FD9;
2BAA : FD9;
2BAB : FD9;
2BAC : FC7;
2BAD : FC8;
2BAE : FD9;
2BAF : FD9;
2BB0 : FD9;
2BB1 : FD9;
2BB2 : FD9;
2BB3 : FD9;
2BB4 : FD9;
2BB5 : FD9;
2BB6 : FD9;
2BB7 : FD9;
2BB8 : FD9;
2BB9 : FD9;
2BBA : FD9;
2BBB : FD9;
2BBC : FD9;
2BBD : FD9;
2BBE : FD9;
2BBF : FD9;
2BC0 : FD9;
2BC1 : FD9;
2BC2 : FD9;
2BC3 : FD9;
2BC4 : FD9;
2BC5 : FDA;
2BC6 : FEB;
2BC7 : FEB;
2BC8 : FDA;
2BC9 : FDA;
2BCA : FDA;
2BCB : FD9;
2BCC : FD9;
2BCD : FD9;
2BCE : FD9;
2BCF : FD9;
2BD0 : FD9;
2BD1 : FDA;
2BD2 : FDA;
2BD3 : FDA;
2BD4 : FD9;
2BD5 : FD9;
2BD6 : FD9;
2BD7 : FD9;
2BD8 : FDA;
2BD9 : FEB;
2BDA : FEB;
2BDB : FEB;
2BDC : FEB;
2BDD : FEB;
2BDE : FA5;
2BDF : F92;
2BE0 : F92;
2BE1 : F92;
2BE2 : F92;
2BE3 : FB6;
2BE4 : FC9;
2BE5 : FDB;
2BE6 : FEB;
2BE7 : FEB;
2BE8 : FEB;
2BE9 : FEB;
2BEA : FDA;
2BEB : FC9;
2BEC : F94;
2BED : F92;
2BEE : F92;
2BEF : F92;
2BF0 : F93;
2BF1 : F92;
2BF2 : F93;
2BF3 : FC7;
2BF4 : FC9;
2BF5 : FC9;
2BF6 : FC9;
2BF7 : FC9;
2BF8 : FC9;
2BF9 : FC9;
2BFA : FC9;
2BFB : FB7;
2BFC : F93;
2BFD : F92;
2BFE : F92;
2BFF : F92;
2C00 : F92;
2C01 : F92;
2C02 : F92;
2C03 : F92;
2C04 : F92;
2C05 : F92;
2C06 : F92;
2C07 : F92;
2C08 : F92;
2C09 : F92;
2C0A : F92;
2C0B : F92;
2C0C : F92;
2C0D : F93;
2C0E : F92;
2C0F : FA0;
2C10 : FA0;
2C11 : FA0;
2C12 : FB0;
2C13 : FB0;
2C14 : FC2;
2C15 : FC2;
2C16 : FC2;
2C17 : FC2;
2C18 : FC2;
2C19 : FC2;
2C1A : FC2;
2C1B : FC2;
2C1C : FC2;
2C1D : FC2;
2C1E : FC2;
2C1F : FC2;
2C20 : FC2;
2C21 : FC2;
2C22 : FC2;
2C23 : FC2;
2C24 : FC2;
2C25 : FC2;
2C26 : FC2;
2C27 : FC2;
2C28 : FC2;
2C29 : FC2;
2C2A : FC2;
2C2B : FC2;
2C2C : FC2;
2C2D : FC2;
2C2E : FC2;
2C2F : FC2;
2C30 : FC2;
2C31 : FC2;
2C32 : FC2;
2C33 : FC2;
2C34 : FC2;
2C35 : FC2;
2C36 : FC2;
2C37 : FC2;
2C38 : FC2;
2C39 : FC2;
2C3A : FC2;
2C3B : FC2;
2C3C : FC2;
2C3D : FC2;
2C3E : FC2;
2C3F : FC2;
2C40 : FC2;
2C41 : FB0;
2C42 : FB0;
2C43 : FA0;
2C44 : FA0;
2C45 : FA0;
2C46 : F92;
2C47 : F92;
2C48 : F92;
2C49 : F93;
2C4A : F92;
2C4B : FB5;
2C4C : FC9;
2C4D : FDB;
2C4E : FEB;
2C4F : FEB;
2C50 : FEB;
2C51 : FEB;
2C52 : FEB;
2C53 : FEB;
2C54 : FEB;
2C55 : FEB;
2C56 : FEB;
2C57 : FEB;
2C58 : FEB;
2C59 : FEB;
2C5A : FEB;
2C5B : FEB;
2C5C : FEB;
2C5D : FEB;
2C5E : FEB;
2C5F : FEB;
2C60 : FEB;
2C61 : FEB;
2C62 : FEB;
2C63 : FEB;
2C64 : FEB;
2C65 : FEB;
2C66 : FEB;
2C67 : FEB;
2C68 : FEB;
2C69 : FDA;
2C6A : FD9;
2C6B : FC8;
2C6C : FC9;
2C6D : FC9;
2C6E : FC9;
2C6F : FC9;
2C70 : FC9;
2C71 : FB6;
2C72 : F92;
2C73 : F92;
2C74 : F92;
2C75 : F92;
2C76 : FA4;
2C77 : FEB;
2C78 : FEB;
2C79 : FEB;
2C7A : FEB;
2C7B : FEB;
2C7C : FEB;
2C7D : FEB;
2C7E : FEB;
2C7F : FEB;
2C80 : FEB;
2C81 : FEB;
2C82 : FEB;
2C83 : FEB;
2C84 : FEB;
2C85 : FEB;
2C86 : FDA;
2C87 : FDA;
2C88 : FDA;
2C89 : FDA;
2C8A : FD9;
2C8B : FD9;
2C8C : FD9;
2C8D : FD9;
2C8E : FD9;
2C8F : FD9;
2C90 : FC8;
2C91 : FC7;
2C92 : FC7;
2C93 : FC7;
2C94 : FC7;
2C95 : FC7;
2C96 : FC7;
2C97 : FC7;
2C98 : FC7;
2C99 : FC7;
2C9A : FC7;
2C9B : FC7;
2C9C : FC7;
2C9D : FC7;
2C9E : FC8;
2C9F : FD9;
2CA0 : FD9;
2CA1 : FD9;
2CA2 : FD9;
2CA3 : FD9;
2CA4 : FD9;
2CA5 : FD9;
2CA6 : FD9;
2CA7 : FD9;
2CA8 : FD9;
2CA9 : FD9;
2CAA : FD9;
2CAB : FD9;
2CAC : FD9;
2CAD : FD9;
2CAE : FD9;
2CAF : FD9;
2CB0 : FC7;
2CB1 : FC8;
2CB2 : FD9;
2CB3 : FD9;
2CB4 : FD9;
2CB5 : FD9;
2CB6 : FD9;
2CB7 : FD9;
2CB8 : FD9;
2CB9 : FD9;
2CBA : FD9;
2CBB : FD9;
2CBC : FD9;
2CBD : FD9;
2CBE : FD8;
2CBF : FD9;
2CC0 : FD9;
2CC1 : FD9;
2CC2 : FD9;
2CC3 : FD9;
2CC4 : FD9;
2CC5 : FD9;
2CC6 : FD9;
2CC7 : FD9;
2CC8 : FD9;
2CC9 : FD9;
2CCA : FEA;
2CCB : FDA;
2CCC : FD9;
2CCD : FD9;
2CCE : FD9;
2CCF : FD9;
2CD0 : FD9;
2CD1 : FD9;
2CD2 : FD9;
2CD3 : FD9;
2CD4 : FD9;
2CD5 : FC9;
2CD6 : FD9;
2CD7 : FD9;
2CD8 : FD9;
2CD9 : FD9;
2CDA : FD9;
2CDB : FD9;
2CDC : FD9;
2CDD : FEB;
2CDE : FEB;
2CDF : FEB;
2CE0 : FEB;
2CE1 : FEB;
2CE2 : FB6;
2CE3 : F92;
2CE4 : F92;
2CE5 : F92;
2CE6 : F93;
2CE7 : FC7;
2CE8 : FEB;
2CE9 : FEB;
2CEA : FEB;
2CEB : FEB;
2CEC : FEB;
2CED : FEB;
2CEE : FEB;
2CEF : FEB;
2CF0 : FA5;
2CF1 : F92;
2CF2 : F92;
2CF3 : F92;
2CF4 : F92;
2CF5 : F93;
2CF6 : FA4;
2CF7 : FDA;
2CF8 : FEC;
2CF9 : FEB;
2CFA : FEB;
2CFB : FEB;
2CFC : FEB;
2CFD : FEB;
2CFE : FEB;
2CFF : FC9;
2D00 : F93;
2D01 : F93;
2D02 : F93;
2D03 : F92;
2D04 : F92;
2D05 : F92;
2D06 : F92;
2D07 : F92;
2D08 : F92;
2D09 : F92;
2D0A : F92;
2D0B : F92;
2D0C : F92;
2D0D : F92;
2D0E : F92;
2D0F : F92;
2D10 : F92;
2D11 : F92;
2D12 : F92;
2D13 : FA0;
2D14 : FA0;
2D15 : FA0;
2D16 : FB0;
2D17 : FB0;
2D18 : FC2;
2D19 : FC2;
2D1A : FC2;
2D1B : FC2;
2D1C : FC2;
2D1D : FC2;
2D1E : FC2;
2D1F : FC2;
2D20 : FC2;
2D21 : FC2;
2D22 : FC2;
2D23 : FC2;
2D24 : FC2;
2D25 : FC2;
2D26 : FC2;
2D27 : FC2;
2D28 : FC2;
2D29 : FC2;
2D2A : FC2;
2D2B : FC2;
2D2C : FC2;
2D2D : FC2;
2D2E : FC2;
2D2F : FC2;
2D30 : FC2;
2D31 : FC2;
2D32 : FC2;
2D33 : FC2;
2D34 : FC2;
2D35 : FC2;
2D36 : FC2;
2D37 : FC2;
2D38 : FC2;
2D39 : FC2;
2D3A : FC2;
2D3B : FC2;
2D3C : FC2;
2D3D : FC2;
2D3E : FC2;
2D3F : FC2;
2D40 : FC2;
2D41 : FC2;
2D42 : FC2;
2D43 : FC2;
2D44 : FC2;
2D45 : FB0;
2D46 : FB0;
2D47 : FA0;
2D48 : FA0;
2D49 : FA0;
2D4A : F91;
2D4B : F92;
2D4C : F92;
2D4D : F93;
2D4E : F92;
2D4F : FC7;
2D50 : FEB;
2D51 : FEB;
2D52 : FEB;
2D53 : FEB;
2D54 : FEB;
2D55 : FEB;
2D56 : FEB;
2D57 : FEB;
2D58 : FEB;
2D59 : FEB;
2D5A : FEB;
2D5B : FEB;
2D5C : FEB;
2D5D : FEB;
2D5E : FEB;
2D5F : FEB;
2D60 : FEB;
2D61 : FEB;
2D62 : FEB;
2D63 : FEB;
2D64 : FEB;
2D65 : FEB;
2D66 : FEB;
2D67 : FEB;
2D68 : FEB;
2D69 : FEB;
2D6A : FEB;
2D6B : FEB;
2D6C : FEB;
2D6D : FDA;
2D6E : FDA;
2D6F : FEB;
2D70 : FEC;
2D71 : FEC;
2D72 : FEC;
2D73 : FEC;
2D74 : FEC;
2D75 : FC8;
2D76 : FA3;
2D77 : F93;
2D78 : F92;
2D79 : F93;
2D7A : FB5;
2D7B : FEB;
2D7C : FEB;
2D7D : FEB;
2D7E : FEB;
2D7F : FEB;
2D80 : FEB;
2D81 : FEB;
2D82 : FEB;
2D83 : FEB;
2D84 : FEB;
2D85 : FEB;
2D86 : FEB;
2D87 : FEB;
2D88 : FEB;
2D89 : FEB;
2D8A : FDA;
2D8B : FD9;
2D8C : FD9;
2D8D : FD9;
2D8E : FD9;
2D8F : FD9;
2D90 : FD9;
2D91 : FD9;
2D92 : FD9;
2D93 : FD9;
2D94 : FC8;
2D95 : FC7;
2D96 : FC7;
2D97 : FC7;
2D98 : FC7;
2D99 : FC7;
2D9A : FC7;
2D9B : FC7;
2D9C : FC7;
2D9D : FC7;
2D9E : FC7;
2D9F : FC7;
2DA0 : FC7;
2DA1 : FC7;
2DA2 : FC8;
2DA3 : FD9;
2DA4 : FD9;
2DA5 : FD9;
2DA6 : FD9;
2DA7 : FD9;
2DA8 : FD9;
2DA9 : FD9;
2DAA : FD9;
2DAB : FD9;
2DAC : FD9;
2DAD : FD9;
2DAE : FD9;
2DAF : FD9;
2DB0 : FD9;
2DB1 : FD9;
2DB2 : FD9;
2DB3 : FD9;
2DB4 : FC7;
2DB5 : FC8;
2DB6 : FD9;
2DB7 : FD9;
2DB8 : FD9;
2DB9 : FD9;
2DBA : FD9;
2DBB : FD9;
2DBC : FD9;
2DBD : FD9;
2DBE : FD9;
2DBF : FD9;
2DC0 : FD9;
2DC1 : FD8;
2DC2 : FC7;
2DC3 : FC7;
2DC4 : FC7;
2DC5 : FC7;
2DC6 : FC8;
2DC7 : FD9;
2DC8 : FD9;
2DC9 : FD9;
2DCA : FD9;
2DCB : FD9;
2DCC : FD9;
2DCD : FD9;
2DCE : FD9;
2DCF : FD9;
2DD0 : FD9;
2DD1 : FD9;
2DD2 : FD9;
2DD3 : FD9;
2DD4 : FD9;
2DD5 : FD9;
2DD6 : FD9;
2DD7 : FD9;
2DD8 : FD9;
2DD9 : FD9;
2DDA : FD9;
2DDB : FD9;
2DDC : FD9;
2DDD : FD9;
2DDE : FD9;
2DDF : FD9;
2DE0 : FD9;
2DE1 : FEB;
2DE2 : FEB;
2DE3 : FEB;
2DE4 : FEB;
2DE5 : FEB;
2DE6 : FD9;
2DE7 : FC7;
2DE8 : FA3;
2DE9 : FA5;
2DEA : FDA;
2DEB : FEB;
2DEC : FEB;
2DED : FEB;
2DEE : FEB;
2DEF : FEB;
2DF0 : FEB;
2DF1 : FEB;
2DF2 : FEB;
2DF3 : FEB;
2DF4 : FDA;
2DF5 : FC8;
2DF6 : F92;
2DF7 : F92;
2DF8 : F92;
2DF9 : FC7;
2DFA : FDA;
2DFB : FEB;
2DFC : FEB;
2DFD : FEB;
2DFE : FEB;
2DFF : FEB;
2E00 : FEB;
2E01 : FEB;
2E02 : FEB;
2E03 : FEB;
2E04 : FDA;
2E05 : FDA;
2E06 : FDA;
2E07 : FA4;
2E08 : F92;
2E09 : F92;
2E0A : F92;
2E0B : F92;
2E0C : F92;
2E0D : F92;
2E0E : F92;
2E0F : F92;
2E10 : F92;
2E11 : F92;
2E12 : F92;
2E13 : F92;
2E14 : F92;
2E15 : FA1;
2E16 : FA1;
2E17 : FA0;
2E18 : FA0;
2E19 : FB0;
2E1A : FB0;
2E1B : FB0;
2E1C : FC2;
2E1D : FC2;
2E1E : FC2;
2E1F : FC2;
2E20 : FC2;
2E21 : FC2;
2E22 : FC2;
2E23 : FC2;
2E24 : FC2;
2E25 : FC2;
2E26 : FC2;
2E27 : FC2;
2E28 : FC2;
2E29 : FC2;
2E2A : FC2;
2E2B : FC2;
2E2C : FC2;
2E2D : FC2;
2E2E : FC2;
2E2F : FC2;
2E30 : FC2;
2E31 : FC2;
2E32 : FC2;
2E33 : FC2;
2E34 : FC2;
2E35 : FC2;
2E36 : FC2;
2E37 : FC2;
2E38 : FC2;
2E39 : FC2;
2E3A : FC2;
2E3B : FC2;
2E3C : FC2;
2E3D : FC2;
2E3E : FC2;
2E3F : FC2;
2E40 : FC2;
2E41 : FC2;
2E42 : FC2;
2E43 : FC2;
2E44 : FC2;
2E45 : FC2;
2E46 : FC2;
2E47 : FC2;
2E48 : FC2;
2E49 : FB0;
2E4A : FB0;
2E4B : FB0;
2E4C : FB0;
2E4D : FA0;
2E4E : FA0;
2E4F : FA1;
2E50 : F92;
2E51 : F92;
2E52 : F92;
2E53 : FC7;
2E54 : FEB;
2E55 : FEB;
2E56 : FEB;
2E57 : FEB;
2E58 : FEB;
2E59 : FEB;
2E5A : FEB;
2E5B : FEB;
2E5C : FEB;
2E5D : FEB;
2E5E : FEB;
2E5F : FEB;
2E60 : FEB;
2E61 : FEB;
2E62 : FEB;
2E63 : FEB;
2E64 : FEB;
2E65 : FEB;
2E66 : FEB;
2E67 : FEB;
2E68 : FEB;
2E69 : FEB;
2E6A : FEB;
2E6B : FEB;
2E6C : FEB;
2E6D : FEB;
2E6E : FEB;
2E6F : FDA;
2E70 : FDA;
2E71 : FDA;
2E72 : FEB;
2E73 : FEB;
2E74 : FEB;
2E75 : FEB;
2E76 : FEB;
2E77 : FEB;
2E78 : FEB;
2E79 : FDB;
2E7A : FDA;
2E7B : FA5;
2E7C : F93;
2E7D : FD9;
2E7E : FDA;
2E7F : FEB;
2E80 : FEB;
2E81 : FEB;
2E82 : FEB;
2E83 : FEB;
2E84 : FEB;
2E85 : FEB;
2E86 : FEB;
2E87 : FEB;
2E88 : FEB;
2E89 : FEB;
2E8A : FEB;
2E8B : FEB;
2E8C : FDA;
2E8D : FD9;
2E8E : FD9;
2E8F : FD9;
2E90 : FD9;
2E91 : FD9;
2E92 : FD9;
2E93 : FD9;
2E94 : FD9;
2E95 : FD9;
2E96 : FD8;
2E97 : FC7;
2E98 : FC7;
2E99 : FC7;
2E9A : FC7;
2E9B : FC7;
2E9C : FC7;
2E9D : FC7;
2E9E : FC7;
2E9F : FC7;
2EA0 : FC7;
2EA1 : FC7;
2EA2 : FC7;
2EA3 : FC7;
2EA4 : FC7;
2EA5 : FC7;
2EA6 : FC7;
2EA7 : FC7;
2EA8 : FC7;
2EA9 : FC7;
2EAA : FC7;
2EAB : FC7;
2EAC : FC7;
2EAD : FC8;
2EAE : FD9;
2EAF : FD9;
2EB0 : FD9;
2EB1 : FD9;
2EB2 : FD9;
2EB3 : FD9;
2EB4 : FD9;
2EB5 : FD9;
2EB6 : FD9;
2EB7 : FD9;
2EB8 : FC7;
2EB9 : FC7;
2EBA : FC9;
2EBB : FD9;
2EBC : FD9;
2EBD : FD9;
2EBE : FD9;
2EBF : FD9;
2EC0 : FD9;
2EC1 : FD9;
2EC2 : FD9;
2EC3 : FD9;
2EC4 : FD8;
2EC5 : FC8;
2EC6 : FC7;
2EC7 : FC7;
2EC8 : FC7;
2EC9 : FC7;
2ECA : FC7;
2ECB : FC8;
2ECC : FD9;
2ECD : FD9;
2ECE : FD9;
2ECF : FD9;
2ED0 : FD9;
2ED1 : FD9;
2ED2 : FD9;
2ED3 : FD9;
2ED4 : FD9;
2ED5 : FD9;
2ED6 : FD9;
2ED7 : FD9;
2ED8 : FD9;
2ED9 : FD9;
2EDA : FD9;
2EDB : FD9;
2EDC : FD9;
2EDD : FD9;
2EDE : FD9;
2EDF : FD9;
2EE0 : FD9;
2EE1 : FD9;
2EE2 : FD9;
2EE3 : FD9;
2EE4 : FD9;
2EE5 : FDA;
2EE6 : FEB;
2EE7 : FEB;
2EE8 : FEB;
2EE9 : FDB;
2EEA : FDA;
2EEB : FC8;
2EEC : FA5;
2EED : FB6;
2EEE : FEB;
2EEF : FEB;
2EF0 : FEB;
2EF1 : FEB;
2EF2 : FEB;
2EF3 : FEB;
2EF4 : FEB;
2EF5 : FEB;
2EF6 : FEB;
2EF7 : FEB;
2EF8 : FEB;
2EF9 : FDA;
2EFA : FA5;
2EFB : FA4;
2EFC : FA4;
2EFD : FD9;
2EFE : FEB;
2EFF : FEB;
2F00 : FEB;
2F01 : FEB;
2F02 : FEB;
2F03 : FEB;
2F04 : FEB;
2F05 : FEB;
2F06 : FEB;
2F07 : FEB;
2F08 : FEB;
2F09 : FEB;
2F0A : FEB;
2F0B : FB7;
2F0C : FA5;
2F0D : F93;
2F0E : F92;
2F0F : F92;
2F10 : F92;
2F11 : F92;
2F12 : F92;
2F13 : F92;
2F14 : F92;
2F15 : F92;
2F16 : F92;
2F17 : F92;
2F18 : F92;
2F19 : FA1;
2F1A : FA0;
2F1B : FA0;
2F1C : FA0;
2F1D : FB0;
2F1E : FB1;
2F1F : FB1;
2F20 : FC2;
2F21 : FC2;
2F22 : FC2;
2F23 : FC2;
2F24 : FC2;
2F25 : FC2;
2F26 : FC2;
2F27 : FC2;
2F28 : FC2;
2F29 : FC2;
2F2A : FC2;
2F2B : FC2;
2F2C : FC2;
2F2D : FC2;
2F2E : FC2;
2F2F : FC2;
2F30 : FC2;
2F31 : FC2;
2F32 : FC2;
2F33 : FC2;
2F34 : FC2;
2F35 : FC2;
2F36 : FC2;
2F37 : FC2;
2F38 : FC2;
2F39 : FC2;
2F3A : FC2;
2F3B : FC2;
2F3C : FC2;
2F3D : FC2;
2F3E : FC2;
2F3F : FC2;
2F40 : FC2;
2F41 : FC2;
2F42 : FC2;
2F43 : FC2;
2F44 : FC2;
2F45 : FC2;
2F46 : FC2;
2F47 : FC2;
2F48 : FC2;
2F49 : FC2;
2F4A : FC2;
2F4B : FC2;
2F4C : FC2;
2F4D : FB1;
2F4E : FB0;
2F4F : FB0;
2F50 : FB0;
2F51 : FA0;
2F52 : FA0;
2F53 : FA1;
2F54 : F92;
2F55 : F93;
2F56 : FA5;
2F57 : FC8;
2F58 : FEB;
2F59 : FEB;
2F5A : FEB;
2F5B : FEB;
2F5C : FEB;
2F5D : FEB;
2F5E : FEB;
2F5F : FEB;
2F60 : FEB;
2F61 : FEB;
2F62 : FEB;
2F63 : FEB;
2F64 : FEB;
2F65 : FEB;
2F66 : FEB;
2F67 : FEB;
2F68 : FEB;
2F69 : FEB;
2F6A : FEB;
2F6B : FEB;
2F6C : FEB;
2F6D : FEB;
2F6E : FEB;
2F6F : FEB;
2F70 : FEB;
2F71 : FEB;
2F72 : FDA;
2F73 : FD9;
2F74 : FD9;
2F75 : FEB;
2F76 : FEC;
2F77 : FEB;
2F78 : FEC;
2F79 : FEB;
2F7A : FEB;
2F7B : FEB;
2F7C : FEB;
2F7D : FEB;
2F7E : FEB;
2F7F : FB6;
2F80 : FA4;
2F81 : FDA;
2F82 : FEB;
2F83 : FEB;
2F84 : FEB;
2F85 : FEB;
2F86 : FEB;
2F87 : FEB;
2F88 : FEB;
2F89 : FEB;
2F8A : FEB;
2F8B : FEB;
2F8C : FEB;
2F8D : FEA;
2F8E : FEA;
2F8F : FEA;
2F90 : FDA;
2F91 : FD9;
2F92 : FD9;
2F93 : FD9;
2F94 : FD9;
2F95 : FD9;
2F96 : FD9;
2F97 : FD9;
2F98 : FD9;
2F99 : FD9;
2F9A : FD8;
2F9B : FC7;
2F9C : FC7;
2F9D : FC7;
2F9E : FC7;
2F9F : FC7;
2FA0 : FC7;
2FA1 : FC7;
2FA2 : FC7;
2FA3 : FC7;
2FA4 : FC7;
2FA5 : FC7;
2FA6 : FC7;
2FA7 : FC7;
2FA8 : FC7;
2FA9 : FC7;
2FAA : FC7;
2FAB : FC7;
2FAC : FC7;
2FAD : FC7;
2FAE : FC7;
2FAF : FC7;
2FB0 : FC7;
2FB1 : FC7;
2FB2 : FC8;
2FB3 : FC8;
2FB4 : FC8;
2FB5 : FD9;
2FB6 : FD9;
2FB7 : FD9;
2FB8 : FD9;
2FB9 : FD8;
2FBA : FC8;
2FBB : FC8;
2FBC : FC7;
2FBD : FC7;
2FBE : FC7;
2FBF : FC8;
2FC0 : FD9;
2FC1 : FD9;
2FC2 : FD9;
2FC3 : FD9;
2FC4 : FD9;
2FC5 : FD9;
2FC6 : FD9;
2FC7 : FD9;
2FC8 : FC7;
2FC9 : FC7;
2FCA : FC7;
2FCB : FC7;
2FCC : FC7;
2FCD : FC7;
2FCE : FC7;
2FCF : FD9;
2FD0 : FD9;
2FD1 : FD9;
2FD2 : FD9;
2FD3 : FD9;
2FD4 : FD9;
2FD5 : FD9;
2FD6 : FD9;
2FD7 : FD9;
2FD8 : FD9;
2FD9 : FD9;
2FDA : FD9;
2FDB : FD9;
2FDC : FD9;
2FDD : FD9;
2FDE : FD9;
2FDF : FD9;
2FE0 : FD9;
2FE1 : FD9;
2FE2 : FD9;
2FE3 : FD9;
2FE4 : FD9;
2FE5 : FD9;
2FE6 : FD9;
2FE7 : FD9;
2FE8 : FD9;
2FE9 : FD9;
2FEA : FDA;
2FEB : FEB;
2FEC : FDA;
2FED : FD9;
2FEE : FD9;
2FEF : FD9;
2FF0 : FD9;
2FF1 : FD9;
2FF2 : FEB;
2FF3 : FEB;
2FF4 : FEB;
2FF5 : FEB;
2FF6 : FEB;
2FF7 : FEB;
2FF8 : FEB;
2FF9 : FEB;
2FFA : FEB;
2FFB : FEB;
2FFC : FEB;
2FFD : FEB;
2FFE : FEB;
2FFF : FDA;
3000 : FD9;
3001 : FDA;
3002 : FEB;
3003 : FEB;
3004 : FEB;
3005 : FEB;
3006 : FEB;
3007 : FEB;
3008 : FEB;
3009 : FEB;
300A : FEB;
300B : FEB;
300C : FEB;
300D : FEB;
300E : FEB;
300F : FEB;
3010 : FDA;
3011 : F93;
3012 : F92;
3013 : F92;
3014 : F92;
3015 : F92;
3016 : F92;
3017 : F92;
3018 : F92;
3019 : F92;
301A : F92;
301B : F92;
301C : F92;
301D : FA1;
301E : FA0;
301F : FA0;
3020 : FB0;
3021 : FB0;
3022 : FB2;
3023 : FC2;
3024 : FC2;
3025 : FC2;
3026 : FC2;
3027 : FC2;
3028 : FC2;
3029 : FC2;
302A : FC2;
302B : FC2;
302C : FC2;
302D : FC2;
302E : FC2;
302F : FC2;
3030 : FC2;
3031 : FC2;
3032 : FC2;
3033 : FC2;
3034 : FC2;
3035 : FC2;
3036 : FC2;
3037 : FC2;
3038 : FC2;
3039 : FC2;
303A : FC2;
303B : FC2;
303C : FC2;
303D : FC2;
303E : FC2;
303F : FC2;
3040 : FC2;
3041 : FC2;
3042 : FC2;
3043 : FC2;
3044 : FC2;
3045 : FC2;
3046 : FC2;
3047 : FC2;
3048 : FC2;
3049 : FC2;
304A : FC2;
304B : FC2;
304C : FC2;
304D : FC2;
304E : FC2;
304F : FC2;
3050 : FC2;
3051 : FC2;
3052 : FB2;
3053 : FB0;
3054 : FB0;
3055 : FA0;
3056 : FA0;
3057 : FA0;
3058 : F92;
3059 : FA5;
305A : FEB;
305B : FEB;
305C : FEB;
305D : FEB;
305E : FEB;
305F : FEB;
3060 : FEB;
3061 : FEB;
3062 : FEB;
3063 : FEB;
3064 : FEB;
3065 : FEB;
3066 : FEB;
3067 : FEB;
3068 : FEB;
3069 : FEB;
306A : FEB;
306B : FEB;
306C : FEB;
306D : FEB;
306E : FEB;
306F : FEB;
3070 : FEB;
3071 : FEB;
3072 : FEB;
3073 : FEB;
3074 : FEB;
3075 : FDA;
3076 : FD9;
3077 : FD9;
3078 : FD9;
3079 : FEB;
307A : FEB;
307B : FEB;
307C : FEB;
307D : FEB;
307E : FEB;
307F : FEB;
3080 : FEB;
3081 : FEB;
3082 : FEB;
3083 : FDA;
3084 : FD9;
3085 : FEB;
3086 : FEB;
3087 : FEB;
3088 : FEB;
3089 : FEB;
308A : FEB;
308B : FEB;
308C : FEB;
308D : FEB;
308E : FEB;
308F : FDA;
3090 : FD9;
3091 : FD9;
3092 : FD9;
3093 : FD9;
3094 : FD9;
3095 : FD9;
3096 : FD9;
3097 : FD9;
3098 : FD9;
3099 : FD9;
309A : FD9;
309B : FD9;
309C : FD9;
309D : FD9;
309E : FD9;
309F : FC7;
30A0 : FC7;
30A1 : FC7;
30A2 : FC7;
30A3 : FC7;
30A4 : FC7;
30A5 : FC7;
30A6 : FC7;
30A7 : FC7;
30A8 : FC7;
30A9 : FC7;
30AA : FC7;
30AB : FC7;
30AC : FC7;
30AD : FC7;
30AE : FC7;
30AF : FC7;
30B0 : FC7;
30B1 : FC7;
30B2 : FC7;
30B3 : FC7;
30B4 : FC7;
30B5 : FC7;
30B6 : FC7;
30B7 : FC7;
30B8 : FC8;
30B9 : FD9;
30BA : FD9;
30BB : FD9;
30BC : FC8;
30BD : FC7;
30BE : FC7;
30BF : FC7;
30C0 : FC7;
30C1 : FC7;
30C2 : FC7;
30C3 : FC8;
30C4 : FC8;
30C5 : FC8;
30C6 : FC8;
30C7 : FC8;
30C8 : FC8;
30C9 : FC8;
30CA : FC8;
30CB : FC8;
30CC : FC7;
30CD : FC7;
30CE : FC7;
30CF : FC7;
30D0 : FC7;
30D1 : FC7;
30D2 : FC7;
30D3 : FC8;
30D4 : FC8;
30D5 : FD9;
30D6 : FD9;
30D7 : FD9;
30D8 : FD9;
30D9 : FD9;
30DA : FD9;
30DB : FD9;
30DC : FD9;
30DD : FD9;
30DE : FD9;
30DF : FD9;
30E0 : FD9;
30E1 : FD9;
30E2 : FD9;
30E3 : FD9;
30E4 : FD9;
30E5 : FD9;
30E6 : FC8;
30E7 : FC8;
30E8 : FC8;
30E9 : FC8;
30EA : FC8;
30EB : FC8;
30EC : FC8;
30ED : FD9;
30EE : FD9;
30EF : FDA;
30F0 : FD9;
30F1 : FD9;
30F2 : FD9;
30F3 : FD9;
30F4 : FD9;
30F5 : FD9;
30F6 : FEB;
30F7 : FEB;
30F8 : FEB;
30F9 : FEB;
30FA : FEB;
30FB : FEB;
30FC : FEB;
30FD : FEB;
30FE : FEB;
30FF : FEB;
3100 : FEB;
3101 : FEB;
3102 : FEB;
3103 : FDA;
3104 : FD9;
3105 : FDA;
3106 : FDA;
3107 : FDA;
3108 : FDA;
3109 : FEB;
310A : FEB;
310B : FEB;
310C : FEB;
310D : FEB;
310E : FEB;
310F : FEB;
3110 : FEB;
3111 : FEB;
3112 : FEB;
3113 : FEB;
3114 : FEB;
3115 : FC7;
3116 : FB5;
3117 : F92;
3118 : F92;
3119 : F92;
311A : F92;
311B : F92;
311C : F92;
311D : F92;
311E : F92;
311F : F92;
3120 : FA1;
3121 : FA0;
3122 : FA0;
3123 : FA0;
3124 : FB0;
3125 : FB0;
3126 : FB2;
3127 : FC2;
3128 : FC2;
3129 : FC2;
312A : FC2;
312B : FC2;
312C : FC2;
312D : FC2;
312E : FC2;
312F : FC2;
3130 : FC2;
3131 : FC2;
3132 : FC2;
3133 : FC2;
3134 : FC2;
3135 : FC2;
3136 : FC2;
3137 : FC2;
3138 : FC2;
3139 : FC2;
313A : FC2;
313B : FC2;
313C : FC2;
313D : FC2;
313E : FC2;
313F : FC2;
3140 : FC2;
3141 : FC2;
3142 : FC2;
3143 : FC2;
3144 : FC2;
3145 : FC2;
3146 : FC2;
3147 : FC2;
3148 : FC2;
3149 : FC2;
314A : FC2;
314B : FC2;
314C : FC2;
314D : FC2;
314E : FC2;
314F : FC2;
3150 : FC2;
3151 : FC2;
3152 : FC2;
3153 : FC2;
3154 : FC2;
3155 : FC2;
3156 : FC2;
3157 : FB0;
3158 : FB0;
3159 : FA0;
315A : FA0;
315B : FA1;
315C : FB5;
315D : FC7;
315E : FDA;
315F : FDA;
3160 : FDA;
3161 : FEB;
3162 : FEB;
3163 : FEB;
3164 : FEB;
3165 : FEB;
3166 : FEB;
3167 : FEB;
3168 : FEB;
3169 : FEB;
316A : FEB;
316B : FEB;
316C : FEB;
316D : FEB;
316E : FEB;
316F : FEB;
3170 : FEB;
3171 : FEB;
3172 : FEB;
3173 : FEB;
3174 : FEB;
3175 : FEB;
3176 : FEB;
3177 : FEB;
3178 : FEB;
3179 : FDA;
317A : FD9;
317B : FC8;
317C : FC8;
317D : FDA;
317E : FDB;
317F : FEB;
3180 : FEB;
3181 : FEB;
3182 : FEB;
3183 : FEB;
3184 : FEB;
3185 : FEB;
3186 : FEB;
3187 : FDA;
3188 : FD9;
3189 : FDA;
318A : FDB;
318B : FEB;
318C : FEB;
318D : FEB;
318E : FEB;
318F : FEB;
3190 : FDA;
3191 : FDA;
3192 : FDA;
3193 : FD9;
3194 : FD9;
3195 : FD9;
3196 : FD9;
3197 : FD9;
3198 : FD9;
3199 : FD9;
319A : FD9;
319B : FD9;
319C : FD9;
319D : FD9;
319E : FD9;
319F : FD9;
31A0 : FD9;
31A1 : FD9;
31A2 : FD9;
31A3 : FC7;
31A4 : FC7;
31A5 : FC7;
31A6 : FC7;
31A7 : FC7;
31A8 : FC7;
31A9 : FC7;
31AA : FC7;
31AB : FC7;
31AC : FC7;
31AD : FC7;
31AE : FC7;
31AF : FC7;
31B0 : FC7;
31B1 : FC7;
31B2 : FC7;
31B3 : FC7;
31B4 : FC7;
31B5 : FC7;
31B6 : FC7;
31B7 : FC7;
31B8 : FC7;
31B9 : FC7;
31BA : FC7;
31BB : FC7;
31BC : FC7;
31BD : FC8;
31BE : FC8;
31BF : FC8;
31C0 : FC7;
31C1 : FC7;
31C2 : FC7;
31C3 : FC7;
31C4 : FC7;
31C5 : FC7;
31C6 : FC7;
31C7 : FC7;
31C8 : FC7;
31C9 : FC7;
31CA : FC7;
31CB : FC7;
31CC : FC7;
31CD : FC7;
31CE : FC7;
31CF : FC7;
31D0 : FC7;
31D1 : FC7;
31D2 : FC7;
31D3 : FC7;
31D4 : FC7;
31D5 : FC7;
31D6 : FC7;
31D7 : FC7;
31D8 : FC8;
31D9 : FD9;
31DA : FD9;
31DB : FD9;
31DC : FD9;
31DD : FD9;
31DE : FD9;
31DF : FD9;
31E0 : FD9;
31E1 : FD9;
31E2 : FD9;
31E3 : FD9;
31E4 : FD9;
31E5 : FD9;
31E6 : FD9;
31E7 : FD9;
31E8 : FD9;
31E9 : FD9;
31EA : FC7;
31EB : FC7;
31EC : FC7;
31ED : FC7;
31EE : FC7;
31EF : FC7;
31F0 : FC7;
31F1 : FC8;
31F2 : FD9;
31F3 : FD9;
31F4 : FD9;
31F5 : FD9;
31F6 : FD9;
31F7 : FD9;
31F8 : FD9;
31F9 : FDA;
31FA : FEB;
31FB : FEB;
31FC : FEB;
31FD : FEB;
31FE : FEB;
31FF : FEB;
3200 : FEB;
3201 : FEB;
3202 : FEB;
3203 : FEB;
3204 : FEB;
3205 : FEB;
3206 : FEB;
3207 : FDA;
3208 : FD9;
3209 : FD9;
320A : FD9;
320B : FD9;
320C : FD9;
320D : FEB;
320E : FEB;
320F : FEB;
3210 : FEB;
3211 : FEB;
3212 : FEB;
3213 : FEB;
3214 : FEB;
3215 : FEB;
3216 : FEB;
3217 : FEC;
3218 : FEB;
3219 : FEB;
321A : FC8;
321B : F92;
321C : F92;
321D : F92;
321E : FA2;
321F : FA2;
3220 : FA2;
3221 : F92;
3222 : F92;
3223 : FA1;
3224 : FA0;
3225 : FA0;
3226 : FA0;
3227 : FB0;
3228 : FB0;
3229 : FB0;
322A : FB2;
322B : FC2;
322C : FC2;
322D : FC2;
322E : FC2;
322F : FC2;
3230 : FC2;
3231 : FC2;
3232 : FC2;
3233 : FC2;
3234 : FC2;
3235 : FC2;
3236 : FC2;
3237 : FC2;
3238 : FC2;
3239 : FC2;
323A : FC2;
323B : FC2;
323C : FC2;
323D : FC2;
323E : FC2;
323F : FC2;
3240 : FC2;
3241 : FC2;
3242 : FC2;
3243 : FC2;
3244 : FC2;
3245 : FC2;
3246 : FC2;
3247 : FC2;
3248 : FC2;
3249 : FC2;
324A : FC2;
324B : FC2;
324C : FC2;
324D : FC2;
324E : FC2;
324F : FC2;
3250 : FC2;
3251 : FC2;
3252 : FC2;
3253 : FC2;
3254 : FC2;
3255 : FC2;
3256 : FC2;
3257 : FC2;
3258 : FC2;
3259 : FC2;
325A : FB2;
325B : FB0;
325C : FB0;
325D : FB0;
325E : FA0;
325F : FA2;
3260 : FC8;
3261 : FD9;
3262 : FD9;
3263 : FD9;
3264 : FD9;
3265 : FEB;
3266 : FEB;
3267 : FEB;
3268 : FEB;
3269 : FEB;
326A : FEB;
326B : FEB;
326C : FEB;
326D : FEB;
326E : FEB;
326F : FEB;
3270 : FEB;
3271 : FEB;
3272 : FEB;
3273 : FEB;
3274 : FEB;
3275 : FEB;
3276 : FEB;
3277 : FEB;
3278 : FEB;
3279 : FEB;
327A : FEB;
327B : FEB;
327C : FEB;
327D : FDA;
327E : FD9;
327F : FC7;
3280 : FC7;
3281 : FD9;
3282 : FDA;
3283 : FEB;
3284 : FEB;
3285 : FEB;
3286 : FEB;
3287 : FEB;
3288 : FEB;
3289 : FEB;
328A : FEB;
328B : FDA;
328C : FD9;
328D : FD9;
328E : FDA;
328F : FEB;
3290 : FEB;
3291 : FEB;
3292 : FEB;
3293 : FEB;
3294 : FDA;
3295 : FD9;
3296 : FD9;
3297 : FD9;
3298 : FD9;
3299 : FD9;
329A : FD9;
329B : FD9;
329C : FD9;
329D : FD9;
329E : FD9;
329F : FD9;
32A0 : FD9;
32A1 : FD9;
32A2 : FD9;
32A3 : FD9;
32A4 : FD9;
32A5 : FD9;
32A6 : FD8;
32A7 : FC7;
32A8 : FC7;
32A9 : FC7;
32AA : FC7;
32AB : FC7;
32AC : FC7;
32AD : FC7;
32AE : FC7;
32AF : FC7;
32B0 : FC7;
32B1 : FC7;
32B2 : FC7;
32B3 : FC7;
32B4 : FC7;
32B5 : FC7;
32B6 : FC7;
32B7 : FC7;
32B8 : FC7;
32B9 : FC7;
32BA : FC7;
32BB : FC7;
32BC : FC7;
32BD : FC7;
32BE : FC7;
32BF : FC7;
32C0 : FC7;
32C1 : FC7;
32C2 : FC7;
32C3 : FC7;
32C4 : FC7;
32C5 : FC7;
32C6 : FC7;
32C7 : FC7;
32C8 : FC7;
32C9 : FC7;
32CA : FC7;
32CB : FC7;
32CC : FC7;
32CD : FC7;
32CE : FC7;
32CF : FC7;
32D0 : FC7;
32D1 : FC7;
32D2 : FC7;
32D3 : FC7;
32D4 : FC7;
32D5 : FC7;
32D6 : FC7;
32D7 : FC7;
32D8 : FC7;
32D9 : FC7;
32DA : FC7;
32DB : FC7;
32DC : FC7;
32DD : FC7;
32DE : FC8;
32DF : FD9;
32E0 : FD9;
32E1 : FD9;
32E2 : FD9;
32E3 : FD9;
32E4 : FD9;
32E5 : FD9;
32E6 : FD9;
32E7 : FD9;
32E8 : FD9;
32E9 : FD9;
32EA : FD9;
32EB : FD9;
32EC : FC8;
32ED : FC7;
32EE : FC7;
32EF : FC7;
32F0 : FC7;
32F1 : FC7;
32F2 : FC7;
32F3 : FC7;
32F4 : FC7;
32F5 : FC7;
32F6 : FC7;
32F7 : FC7;
32F8 : FC8;
32F9 : FC8;
32FA : FD9;
32FB : FD9;
32FC : FD9;
32FD : FD9;
32FE : FDA;
32FF : FDA;
3300 : FDA;
3301 : FEB;
3302 : FEB;
3303 : FEB;
3304 : FEB;
3305 : FEB;
3306 : FEB;
3307 : FEB;
3308 : FEB;
3309 : FEB;
330A : FDA;
330B : FD9;
330C : FD9;
330D : FC8;
330E : FC7;
330F : FC7;
3310 : FC8;
3311 : FDA;
3312 : FDA;
3313 : FEB;
3314 : FEB;
3315 : FEB;
3316 : FEB;
3317 : FEB;
3318 : FEB;
3319 : FEB;
331A : FEB;
331B : FEB;
331C : FEC;
331D : FEB;
331E : FC8;
331F : FA2;
3320 : F92;
3321 : FA2;
3322 : FA2;
3323 : FA2;
3324 : F92;
3325 : FA2;
3326 : FA2;
3327 : FA1;
3328 : FA0;
3329 : FA0;
332A : FA0;
332B : FB0;
332C : FB0;
332D : FB0;
332E : FB2;
332F : FC2;
3330 : FC2;
3331 : FC2;
3332 : FC2;
3333 : FC2;
3334 : FC2;
3335 : FC2;
3336 : FC2;
3337 : FC2;
3338 : FC2;
3339 : FC2;
333A : FC2;
333B : FC2;
333C : FC2;
333D : FC2;
333E : FC2;
333F : FC2;
3340 : FC2;
3341 : FC2;
3342 : FC2;
3343 : FC2;
3344 : FC2;
3345 : FC2;
3346 : FC2;
3347 : FC2;
3348 : FC2;
3349 : FC2;
334A : FC2;
334B : FC2;
334C : FC2;
334D : FC2;
334E : FC2;
334F : FC2;
3350 : FC2;
3351 : FC2;
3352 : FC2;
3353 : FC2;
3354 : FC2;
3355 : FC2;
3356 : FC2;
3357 : FC2;
3358 : FC2;
3359 : FC2;
335A : FC2;
335B : FC2;
335C : FC2;
335D : FC2;
335E : FB2;
335F : FB0;
3360 : FB0;
3361 : FB0;
3362 : FA0;
3363 : FA2;
3364 : FC7;
3365 : FC8;
3366 : FD9;
3367 : FD9;
3368 : FD9;
3369 : FD9;
336A : FDA;
336B : FEB;
336C : FEB;
336D : FEB;
336E : FEB;
336F : FEB;
3370 : FEB;
3371 : FEB;
3372 : FEB;
3373 : FEB;
3374 : FEB;
3375 : FEB;
3376 : FEB;
3377 : FEB;
3378 : FEB;
3379 : FEB;
337A : FDB;
337B : FDA;
337C : FDA;
337D : FDA;
337E : FDA;
337F : FDA;
3380 : FDA;
3381 : FDA;
3382 : FD9;
3383 : FC7;
3384 : FC7;
3385 : FD9;
3386 : FD9;
3387 : FDA;
3388 : FDB;
3389 : FEB;
338A : FEB;
338B : FEB;
338C : FDA;
338D : FDA;
338E : FDA;
338F : FC8;
3390 : FC8;
3391 : FD9;
3392 : FD9;
3393 : FDA;
3394 : FDA;
3395 : FDA;
3396 : FDA;
3397 : FDA;
3398 : FD9;
3399 : FD9;
339A : FD9;
339B : FD9;
339C : FD9;
339D : FD9;
339E : FD9;
339F : FD9;
33A0 : FD9;
33A1 : FD9;
33A2 : FD9;
33A3 : FD9;
33A4 : FD9;
33A5 : FD9;
33A6 : FD9;
33A7 : FD9;
33A8 : FD9;
33A9 : FC8;
33AA : FC8;
33AB : FC7;
33AC : FC7;
33AD : FC7;
33AE : FC7;
33AF : FC7;
33B0 : FC7;
33B1 : FC7;
33B2 : FC7;
33B3 : FC7;
33B4 : FC7;
33B5 : FC7;
33B6 : FC7;
33B7 : FC7;
33B8 : FC7;
33B9 : FC7;
33BA : FC7;
33BB : FC7;
33BC : FC7;
33BD : FC7;
33BE : FC7;
33BF : FC7;
33C0 : FC7;
33C1 : FC7;
33C2 : FC7;
33C3 : FC7;
33C4 : FC7;
33C5 : FC7;
33C6 : FC7;
33C7 : FC7;
33C8 : FC7;
33C9 : FC7;
33CA : FC7;
33CB : FC7;
33CC : FC7;
33CD : FC7;
33CE : FC7;
33CF : FC7;
33D0 : FC7;
33D1 : FC7;
33D2 : FC7;
33D3 : FC7;
33D4 : FC7;
33D5 : FC7;
33D6 : FC7;
33D7 : FC7;
33D8 : FC7;
33D9 : FC7;
33DA : FC7;
33DB : FC7;
33DC : FC7;
33DD : FC7;
33DE : FC7;
33DF : FC7;
33E0 : FC7;
33E1 : FC7;
33E2 : FC8;
33E3 : FD9;
33E4 : FD9;
33E5 : FD9;
33E6 : FD9;
33E7 : FD9;
33E8 : FD9;
33E9 : FD9;
33EA : FD9;
33EB : FD9;
33EC : FD9;
33ED : FD9;
33EE : FD9;
33EF : FD9;
33F0 : FC8;
33F1 : FC6;
33F2 : FC7;
33F3 : FC7;
33F4 : FC7;
33F5 : FC7;
33F6 : FC7;
33F7 : FC7;
33F8 : FC7;
33F9 : FC7;
33FA : FC7;
33FB : FC7;
33FC : FC7;
33FD : FC7;
33FE : FC8;
33FF : FD9;
3400 : FD9;
3401 : FD9;
3402 : FD9;
3403 : FD9;
3404 : FD9;
3405 : FEA;
3406 : FEB;
3407 : FEB;
3408 : FEB;
3409 : FEB;
340A : FEB;
340B : FEB;
340C : FEB;
340D : FEB;
340E : FD9;
340F : FD8;
3410 : FD9;
3411 : FC7;
3412 : FC7;
3413 : FC7;
3414 : FC7;
3415 : FD9;
3416 : FDA;
3417 : FEB;
3418 : FEB;
3419 : FEB;
341A : FEB;
341B : FEB;
341C : FEB;
341D : FEB;
341E : FEB;
341F : FEB;
3420 : FEB;
3421 : FEB;
3422 : FC8;
3423 : FA4;
3424 : FA4;
3425 : FA4;
3426 : FA4;
3427 : FA3;
3428 : FA2;
3429 : FA2;
342A : FA2;
342B : FA1;
342C : FA0;
342D : FA0;
342E : FA0;
342F : FB0;
3430 : FB0;
3431 : FB0;
3432 : FB2;
3433 : FC2;
3434 : FC2;
3435 : FC2;
3436 : FC2;
3437 : FC2;
3438 : FC2;
3439 : FC2;
343A : FC2;
343B : FC2;
343C : FC2;
343D : FC2;
343E : FC2;
343F : FC2;
3440 : FC2;
3441 : FC2;
3442 : FC2;
3443 : FC2;
3444 : FC2;
3445 : FC2;
3446 : FC2;
3447 : FC2;
3448 : FC2;
3449 : FC2;
344A : FC2;
344B : FC2;
344C : FC2;
344D : FC2;
344E : FC2;
344F : FC2;
3450 : FC2;
3451 : FC2;
3452 : FC2;
3453 : FC2;
3454 : FC2;
3455 : FC2;
3456 : FC2;
3457 : FC2;
3458 : FC2;
3459 : FC2;
345A : FC4;
345B : FC4;
345C : FC4;
345D : FC4;
345E : FC4;
345F : FC4;
3460 : FC4;
3461 : FC3;
3462 : FB2;
3463 : FB0;
3464 : FB0;
3465 : FB0;
3466 : FB2;
3467 : FA3;
3468 : FC6;
3469 : FC7;
346A : FD9;
346B : FD9;
346C : FD9;
346D : FD9;
346E : FD9;
346F : FEB;
3470 : FEB;
3471 : FEB;
3472 : FEB;
3473 : FEB;
3474 : FEB;
3475 : FEB;
3476 : FEB;
3477 : FEB;
3478 : FEB;
3479 : FEB;
347A : FEB;
347B : FEB;
347C : FEB;
347D : FEB;
347E : FDA;
347F : FD9;
3480 : FD9;
3481 : FD9;
3482 : FD9;
3483 : FD9;
3484 : FD9;
3485 : FD9;
3486 : FC8;
3487 : FC7;
3488 : FC7;
3489 : FC8;
348A : FD9;
348B : FD9;
348C : FDA;
348D : FEB;
348E : FEB;
348F : FEB;
3490 : FD9;
3491 : FD9;
3492 : FD9;
3493 : FC8;
3494 : FC7;
3495 : FC8;
3496 : FD8;
3497 : FC8;
3498 : FD9;
3499 : FD9;
349A : FD9;
349B : FD9;
349C : FD9;
349D : FD9;
349E : FD9;
349F : FD9;
34A0 : FD9;
34A1 : FD9;
34A2 : FD9;
34A3 : FD9;
34A4 : FD9;
34A5 : FD9;
34A6 : FD9;
34A7 : FD9;
34A8 : FD9;
34A9 : FD9;
34AA : FD9;
34AB : FD9;
34AC : FD9;
34AD : FC8;
34AE : FC7;
34AF : FC7;
34B0 : FC7;
34B1 : FC7;
34B2 : FC7;
34B3 : FC7;
34B4 : FC7;
34B5 : FC7;
34B6 : FC7;
34B7 : FC7;
34B8 : FC7;
34B9 : FC7;
34BA : FC7;
34BB : FC7;
34BC : FC7;
34BD : FC7;
34BE : FC7;
34BF : FC7;
34C0 : FC7;
34C1 : FC7;
34C2 : FC7;
34C3 : FC7;
34C4 : FC7;
34C5 : FC7;
34C6 : FC7;
34C7 : FC7;
34C8 : FC7;
34C9 : FC7;
34CA : FC7;
34CB : FC7;
34CC : FC7;
34CD : FC7;
34CE : FC7;
34CF : FC7;
34D0 : FC7;
34D1 : FC7;
34D2 : FC7;
34D3 : FC7;
34D4 : FC7;
34D5 : FC7;
34D6 : FC7;
34D7 : FC7;
34D8 : FC7;
34D9 : FC7;
34DA : FC7;
34DB : FC7;
34DC : FC7;
34DD : FC7;
34DE : FC7;
34DF : FC7;
34E0 : FC7;
34E1 : FC7;
34E2 : FC7;
34E3 : FC7;
34E4 : FC7;
34E5 : FC7;
34E6 : FC7;
34E7 : FC7;
34E8 : FD8;
34E9 : FD9;
34EA : FD9;
34EB : FD9;
34EC : FD9;
34ED : FD9;
34EE : FD9;
34EF : FD9;
34F0 : FD9;
34F1 : FC7;
34F2 : FC7;
34F3 : FC7;
34F4 : FC7;
34F5 : FC7;
34F6 : FC7;
34F7 : FC7;
34F8 : FC7;
34F9 : FC7;
34FA : FC7;
34FB : FC7;
34FC : FC7;
34FD : FC7;
34FE : FC7;
34FF : FC7;
3500 : FC7;
3501 : FC7;
3502 : FC7;
3503 : FC7;
3504 : FC7;
3505 : FC8;
3506 : FD9;
3507 : FD9;
3508 : FD9;
3509 : FD9;
350A : FDA;
350B : FD9;
350C : FD9;
350D : FD9;
350E : FD9;
350F : FD9;
3510 : FD9;
3511 : FD9;
3512 : FC7;
3513 : FC7;
3514 : FC7;
3515 : FC7;
3516 : FC7;
3517 : FC7;
3518 : FC7;
3519 : FD9;
351A : FD9;
351B : FD9;
351C : FD9;
351D : FD9;
351E : FD9;
351F : FD9;
3520 : FD9;
3521 : FDA;
3522 : FEB;
3523 : FDA;
3524 : FD9;
3525 : FD9;
3526 : FDA;
3527 : FEA;
3528 : FDA;
3529 : FEA;
352A : FDA;
352B : FD9;
352C : FA2;
352D : FA2;
352E : FA1;
352F : FA1;
3530 : FA0;
3531 : FA0;
3532 : FA0;
3533 : FB0;
3534 : FB0;
3535 : FB0;
3536 : FB2;
3537 : FC2;
3538 : FC2;
3539 : FC2;
353A : FC2;
353B : FC2;
353C : FC2;
353D : FC2;
353E : FC2;
353F : FC2;
3540 : FC2;
3541 : FC2;
3542 : FC2;
3543 : FC2;
3544 : FC2;
3545 : FC2;
3546 : FC2;
3547 : FC2;
3548 : FC2;
3549 : FC2;
354A : FC2;
354B : FC2;
354C : FC2;
354D : FC2;
354E : FC2;
354F : FC2;
3550 : FC2;
3551 : FC2;
3552 : FC2;
3553 : FC2;
3554 : FC2;
3555 : FC2;
3556 : FC2;
3557 : FC2;
3558 : FC2;
3559 : FC2;
355A : FC2;
355B : FC2;
355C : FC2;
355D : FC3;
355E : FD9;
355F : FEA;
3560 : FEA;
3561 : FEA;
3562 : FEA;
3563 : FEB;
3564 : FD9;
3565 : FC4;
3566 : FB2;
3567 : FB0;
3568 : FB0;
3569 : FB1;
356A : FC6;
356B : FC8;
356C : FC7;
356D : FC7;
356E : FD8;
356F : FD9;
3570 : FD9;
3571 : FD9;
3572 : FD9;
3573 : FD9;
3574 : FD9;
3575 : FD9;
3576 : FD9;
3577 : FD9;
3578 : FD9;
3579 : FD9;
357A : FD9;
357B : FD9;
357C : FD9;
357D : FD9;
357E : FD9;
357F : FD9;
3580 : FD9;
3581 : FD9;
3582 : FD9;
3583 : FD9;
3584 : FD9;
3585 : FD9;
3586 : FD9;
3587 : FD9;
3588 : FD9;
3589 : FC8;
358A : FC7;
358B : FC7;
358C : FC7;
358D : FC7;
358E : FC8;
358F : FD9;
3590 : FD9;
3591 : FD9;
3592 : FD9;
3593 : FD9;
3594 : FD9;
3595 : FD9;
3596 : FD9;
3597 : FC8;
3598 : FC7;
3599 : FC7;
359A : FC7;
359B : FC7;
359C : FC8;
359D : FD9;
359E : FD9;
359F : FD9;
35A0 : FD9;
35A1 : FD9;
35A2 : FD9;
35A3 : FD9;
35A4 : FD9;
35A5 : FD9;
35A6 : FD9;
35A7 : FD9;
35A8 : FD9;
35A9 : FD9;
35AA : FD9;
35AB : FD9;
35AC : FD9;
35AD : FD9;
35AE : FD9;
35AF : FC8;
35B0 : FC7;
35B1 : FC7;
35B2 : FC7;
35B3 : FC7;
35B4 : FC7;
35B5 : FC7;
35B6 : FC7;
35B7 : FC7;
35B8 : FC7;
35B9 : FC7;
35BA : FC7;
35BB : FC7;
35BC : FC7;
35BD : FC7;
35BE : FC7;
35BF : FC7;
35C0 : FC7;
35C1 : FC7;
35C2 : FC7;
35C3 : FC7;
35C4 : FC7;
35C5 : FC7;
35C6 : FC7;
35C7 : FC7;
35C8 : FC7;
35C9 : FC7;
35CA : FC7;
35CB : FC7;
35CC : FC7;
35CD : FC7;
35CE : FC7;
35CF : FC7;
35D0 : FC7;
35D1 : FC7;
35D2 : FC7;
35D3 : FC7;
35D4 : FC7;
35D5 : FC7;
35D6 : FC7;
35D7 : FC7;
35D8 : FC7;
35D9 : FC7;
35DA : FC7;
35DB : FC7;
35DC : FC7;
35DD : FC7;
35DE : FC7;
35DF : FC7;
35E0 : FC7;
35E1 : FC7;
35E2 : FC7;
35E3 : FC7;
35E4 : FC7;
35E5 : FC7;
35E6 : FC7;
35E7 : FC7;
35E8 : FC7;
35E9 : FC7;
35EA : FC7;
35EB : FC7;
35EC : FC7;
35ED : FC8;
35EE : FC8;
35EF : FC8;
35F0 : FC8;
35F1 : FC8;
35F2 : FC8;
35F3 : FC8;
35F4 : FC8;
35F5 : FC7;
35F6 : FC7;
35F7 : FC7;
35F8 : FC7;
35F9 : FC7;
35FA : FC7;
35FB : FC7;
35FC : FC7;
35FD : FC7;
35FE : FC7;
35FF : FC7;
3600 : FC7;
3601 : FC7;
3602 : FC7;
3603 : FC7;
3604 : FC7;
3605 : FC7;
3606 : FC7;
3607 : FC7;
3608 : FC7;
3609 : FC7;
360A : FC8;
360B : FC8;
360C : FC8;
360D : FD9;
360E : FD9;
360F : FD9;
3610 : FD9;
3611 : FD9;
3612 : FD9;
3613 : FD8;
3614 : FC8;
3615 : FC8;
3616 : FC7;
3617 : FC7;
3618 : FC7;
3619 : FC7;
361A : FC7;
361B : FC7;
361C : FC7;
361D : FC8;
361E : FC8;
361F : FC8;
3620 : FD9;
3621 : FD9;
3622 : FD9;
3623 : FD9;
3624 : FD9;
3625 : FDA;
3626 : FDB;
3627 : FD9;
3628 : FD9;
3629 : FD9;
362A : FDA;
362B : FDA;
362C : FEB;
362D : FEB;
362E : FEC;
362F : FDA;
3630 : FB5;
3631 : FA4;
3632 : FA1;
3633 : FA1;
3634 : FA0;
3635 : FA0;
3636 : FA0;
3637 : FB0;
3638 : FB0;
3639 : FB0;
363A : FB2;
363B : FC2;
363C : FC2;
363D : FC2;
363E : FC2;
363F : FC2;
3640 : FC2;
3641 : FC2;
3642 : FC2;
3643 : FC2;
3644 : FC2;
3645 : FC2;
3646 : FC2;
3647 : FC2;
3648 : FC2;
3649 : FC2;
364A : FC2;
364B : FC2;
364C : FC2;
364D : FC2;
364E : FC2;
364F : FC2;
3650 : FC2;
3651 : FC2;
3652 : FC2;
3653 : FC2;
3654 : FC2;
3655 : FC2;
3656 : FC2;
3657 : FC2;
3658 : FC2;
3659 : FC2;
365A : FC2;
365B : FC2;
365C : FC2;
365D : FC2;
365E : FC3;
365F : FC5;
3660 : FC4;
3661 : FC5;
3662 : FDB;
3663 : FEB;
3664 : FEB;
3665 : FEC;
3666 : FEC;
3667 : FEC;
3668 : FEB;
3669 : FC6;
366A : FC3;
366B : FB0;
366C : FB2;
366D : FB4;
366E : FC7;
366F : FC8;
3670 : FC7;
3671 : FC7;
3672 : FC8;
3673 : FD8;
3674 : FC9;
3675 : FC8;
3676 : FC9;
3677 : FD9;
3678 : FD9;
3679 : FD9;
367A : FD9;
367B : FD9;
367C : FD9;
367D : FD9;
367E : FD9;
367F : FD9;
3680 : FD9;
3681 : FD9;
3682 : FD9;
3683 : FD9;
3684 : FD9;
3685 : FD9;
3686 : FD9;
3687 : FD9;
3688 : FD9;
3689 : FD9;
368A : FD9;
368B : FD9;
368C : FC8;
368D : FC7;
368E : FC7;
368F : FC7;
3690 : FC7;
3691 : FC7;
3692 : FC7;
3693 : FC8;
3694 : FD8;
3695 : FD9;
3696 : FD9;
3697 : FD9;
3698 : FC8;
3699 : FC8;
369A : FC8;
369B : FC7;
369C : FC7;
369D : FC7;
369E : FC7;
369F : FC7;
36A0 : FC7;
36A1 : FC8;
36A2 : FC8;
36A3 : FD9;
36A4 : FD9;
36A5 : FD9;
36A6 : FD9;
36A7 : FD9;
36A8 : FD9;
36A9 : FD9;
36AA : FD9;
36AB : FD9;
36AC : FD9;
36AD : FC8;
36AE : FC8;
36AF : FC8;
36B0 : FC8;
36B1 : FC8;
36B2 : FC8;
36B3 : FC8;
36B4 : FC7;
36B5 : FC7;
36B6 : FC7;
36B7 : FC7;
36B8 : FC7;
36B9 : FC7;
36BA : FC7;
36BB : FC7;
36BC : FC7;
36BD : FC7;
36BE : FC7;
36BF : FC7;
36C0 : FC7;
36C1 : FC7;
36C2 : FC7;
36C3 : FC7;
36C4 : FC7;
36C5 : FC7;
36C6 : FC7;
36C7 : FC7;
36C8 : FC7;
36C9 : FC7;
36CA : FC7;
36CB : FC7;
36CC : FC7;
36CD : FC7;
36CE : FC7;
36CF : FC7;
36D0 : FC7;
36D1 : FC7;
36D2 : FC7;
36D3 : FC7;
36D4 : FC7;
36D5 : FC7;
36D6 : FC7;
36D7 : FC7;
36D8 : FC7;
36D9 : FC7;
36DA : FC7;
36DB : FC7;
36DC : FC7;
36DD : FC7;
36DE : FC7;
36DF : FC7;
36E0 : FC7;
36E1 : FC7;
36E2 : FC7;
36E3 : FC7;
36E4 : FC7;
36E5 : FC7;
36E6 : FC7;
36E7 : FC7;
36E8 : FC7;
36E9 : FC7;
36EA : FC7;
36EB : FC7;
36EC : FC7;
36ED : FC7;
36EE : FC7;
36EF : FC7;
36F0 : FC7;
36F1 : FC7;
36F2 : FC7;
36F3 : FC7;
36F4 : FC7;
36F5 : FC7;
36F6 : FC7;
36F7 : FC7;
36F8 : FC7;
36F9 : FC7;
36FA : FC7;
36FB : FC7;
36FC : FC7;
36FD : FC7;
36FE : FC7;
36FF : FC7;
3700 : FC7;
3701 : FC7;
3702 : FC7;
3703 : FC7;
3704 : FC7;
3705 : FC7;
3706 : FC7;
3707 : FC7;
3708 : FC7;
3709 : FC7;
370A : FC7;
370B : FC7;
370C : FC7;
370D : FC7;
370E : FC7;
370F : FC7;
3710 : FC7;
3711 : FC8;
3712 : FD9;
3713 : FD9;
3714 : FC9;
3715 : FD9;
3716 : FC8;
3717 : FC7;
3718 : FC7;
3719 : FC7;
371A : FC7;
371B : FC7;
371C : FC7;
371D : FC7;
371E : FC7;
371F : FC7;
3720 : FC7;
3721 : FC7;
3722 : FC7;
3723 : FC7;
3724 : FC8;
3725 : FD9;
3726 : FD9;
3727 : FD9;
3728 : FD9;
3729 : FD9;
372A : FD9;
372B : FD9;
372C : FD9;
372D : FD9;
372E : FD9;
372F : FD9;
3730 : FDA;
3731 : FEB;
3732 : FEB;
3733 : FEB;
3734 : FEB;
3735 : FC8;
3736 : FA1;
3737 : FA1;
3738 : FA0;
3739 : FA0;
373A : FA0;
373B : FB0;
373C : FB0;
373D : FB0;
373E : FB2;
373F : FC2;
3740 : FC2;
3741 : FC2;
3742 : FC2;
3743 : FC2;
3744 : FC2;
3745 : FC2;
3746 : FC2;
3747 : FC2;
3748 : FC2;
3749 : FC2;
374A : FC2;
374B : FC2;
374C : FC2;
374D : FC2;
374E : FC2;
374F : FC2;
3750 : FC2;
3751 : FC2;
3752 : FC2;
3753 : FC2;
3754 : FC2;
3755 : FC2;
3756 : FC2;
3757 : FC2;
3758 : FC2;
3759 : FC2;
375A : FC2;
375B : FC2;
375C : FC2;
375D : FC3;
375E : FC2;
375F : FC2;
3760 : FC3;
3761 : FC2;
3762 : FC5;
3763 : FD9;
3764 : FD9;
3765 : FD9;
3766 : FDB;
3767 : FEB;
3768 : FEC;
3769 : FEB;
376A : FEB;
376B : FEB;
376C : FEB;
376D : FD9;
376E : FC7;
376F : FB1;
3770 : FC4;
3771 : FD8;
3772 : FC7;
3773 : FC7;
3774 : FC6;
3775 : FC7;
3776 : FC7;
3777 : FC7;
3778 : FC7;
3779 : FC7;
377A : FC7;
377B : FD9;
377C : FD9;
377D : FD9;
377E : FD9;
377F : FD9;
3780 : FD9;
3781 : FD9;
3782 : FD9;
3783 : FD9;
3784 : FD9;
3785 : FD9;
3786 : FD9;
3787 : FD9;
3788 : FD9;
3789 : FD9;
378A : FD9;
378B : FD9;
378C : FD9;
378D : FD9;
378E : FD9;
378F : FC8;
3790 : FC8;
3791 : FC7;
3792 : FC7;
3793 : FC7;
3794 : FC7;
3795 : FC7;
3796 : FC7;
3797 : FC7;
3798 : FC8;
3799 : FD9;
379A : FD9;
379B : FD9;
379C : FC7;
379D : FC7;
379E : FC7;
379F : FC7;
37A0 : FC7;
37A1 : FC7;
37A2 : FC7;
37A3 : FC7;
37A4 : FC7;
37A5 : FC7;
37A6 : FC7;
37A7 : FC8;
37A8 : FD9;
37A9 : FD9;
37AA : FD9;
37AB : FD9;
37AC : FD9;
37AD : FD9;
37AE : FD9;
37AF : FD9;
37B0 : FC8;
37B1 : FC7;
37B2 : FC7;
37B3 : FC7;
37B4 : FC7;
37B5 : FC7;
37B6 : FC7;
37B7 : FC7;
37B8 : FC7;
37B9 : FC7;
37BA : FC7;
37BB : FC7;
37BC : FC7;
37BD : FC7;
37BE : FC7;
37BF : FC7;
37C0 : FC7;
37C1 : FC7;
37C2 : FC7;
37C3 : FC7;
37C4 : FC7;
37C5 : FC7;
37C6 : FC7;
37C7 : FC7;
37C8 : FC7;
37C9 : FC7;
37CA : FC7;
37CB : FC7;
37CC : FC7;
37CD : FC7;
37CE : FC7;
37CF : FC7;
37D0 : FC7;
37D1 : FC7;
37D2 : FC7;
37D3 : FC7;
37D4 : FC7;
37D5 : FC7;
37D6 : FC7;
37D7 : FC7;
37D8 : FC7;
37D9 : FC7;
37DA : FC7;
37DB : FC7;
37DC : FC7;
37DD : FC7;
37DE : FC7;
37DF : FC7;
37E0 : FC7;
37E1 : FC7;
37E2 : FC7;
37E3 : FC7;
37E4 : FC7;
37E5 : FC7;
37E6 : FC7;
37E7 : FC7;
37E8 : FC7;
37E9 : FC7;
37EA : FC7;
37EB : FC7;
37EC : FC7;
37ED : FC7;
37EE : FC7;
37EF : FC7;
37F0 : FC7;
37F1 : FC7;
37F2 : FC7;
37F3 : FC7;
37F4 : FC7;
37F5 : FC7;
37F6 : FC7;
37F7 : FC7;
37F8 : FC7;
37F9 : FC7;
37FA : FC7;
37FB : FC7;
37FC : FC7;
37FD : FC7;
37FE : FC7;
37FF : FC7;
3800 : FC7;
3801 : FC7;
3802 : FC7;
3803 : FC7;
3804 : FC7;
3805 : FC7;
3806 : FC7;
3807 : FC7;
3808 : FC7;
3809 : FC7;
380A : FC7;
380B : FC7;
380C : FC7;
380D : FC7;
380E : FC7;
380F : FC7;
3810 : FC7;
3811 : FC7;
3812 : FC7;
3813 : FC7;
3814 : FC7;
3815 : FC7;
3816 : FC8;
3817 : FC8;
3818 : FC8;
3819 : FC8;
381A : FC7;
381B : FC7;
381C : FC7;
381D : FC7;
381E : FC7;
381F : FC7;
3820 : FC7;
3821 : FC7;
3822 : FC7;
3823 : FC7;
3824 : FC7;
3825 : FC7;
3826 : FC7;
3827 : FC7;
3828 : FC7;
3829 : FC8;
382A : FC8;
382B : FC8;
382C : FC8;
382D : FC9;
382E : FD9;
382F : FD9;
3830 : FD9;
3831 : FD9;
3832 : FD9;
3833 : FD9;
3834 : FDA;
3835 : FDA;
3836 : FDA;
3837 : FDA;
3838 : FEB;
3839 : FD9;
383A : FC6;
383B : FB3;
383C : FA0;
383D : FA0;
383E : FA0;
383F : FB0;
3840 : FB0;
3841 : FB0;
3842 : FB2;
3843 : FC2;
3844 : FC2;
3845 : FC2;
3846 : FC2;
3847 : FC2;
3848 : FC2;
3849 : FC2;
384A : FC2;
384B : FC2;
384C : FC2;
384D : FC2;
384E : FC2;
384F : FC2;
3850 : FC2;
3851 : FC2;
3852 : FC2;
3853 : FC2;
3854 : FC2;
3855 : FC2;
3856 : FC2;
3857 : FC2;
3858 : FC2;
3859 : FC2;
385A : FC2;
385B : FC2;
385C : FC2;
385D : FC2;
385E : FC2;
385F : FC2;
3860 : FC3;
3861 : FC2;
3862 : FC3;
3863 : FC5;
3864 : FC6;
3865 : FC5;
3866 : FD7;
3867 : FD9;
3868 : FD9;
3869 : FD9;
386A : FDA;
386B : FDB;
386C : FEB;
386D : FEB;
386E : FEB;
386F : FEB;
3870 : FEB;
3871 : FD9;
3872 : FC8;
3873 : FC5;
3874 : FC6;
3875 : FC8;
3876 : FC7;
3877 : FC7;
3878 : FC7;
3879 : FC7;
387A : FC7;
387B : FC7;
387C : FC7;
387D : FC7;
387E : FC7;
387F : FC8;
3880 : FC8;
3881 : FC8;
3882 : FC8;
3883 : FC8;
3884 : FC8;
3885 : FC8;
3886 : FC8;
3887 : FC8;
3888 : FC8;
3889 : FC8;
388A : FC8;
388B : FC8;
388C : FC8;
388D : FC8;
388E : FC8;
388F : FC8;
3890 : FC8;
3891 : FC8;
3892 : FC8;
3893 : FC8;
3894 : FC7;
3895 : FC7;
3896 : FC7;
3897 : FC7;
3898 : FC7;
3899 : FC7;
389A : FC7;
389B : FC7;
389C : FC7;
389D : FC8;
389E : FC8;
389F : FC8;
38A0 : FC7;
38A1 : FC7;
38A2 : FC7;
38A3 : FC7;
38A4 : FC7;
38A5 : FC7;
38A6 : FC7;
38A7 : FC7;
38A8 : FC7;
38A9 : FC7;
38AA : FC7;
38AB : FC7;
38AC : FC8;
38AD : FC8;
38AE : FC8;
38AF : FC8;
38B0 : FC8;
38B1 : FC8;
38B2 : FC8;
38B3 : FC8;
38B4 : FC7;
38B5 : FC7;
38B6 : FC7;
38B7 : FC7;
38B8 : FC7;
38B9 : FC7;
38BA : FC7;
38BB : FC7;
38BC : FC7;
38BD : FC7;
38BE : FC7;
38BF : FC7;
38C0 : FC7;
38C1 : FC7;
38C2 : FC7;
38C3 : FC7;
38C4 : FC7;
38C5 : FC7;
38C6 : FC7;
38C7 : FC7;
38C8 : FC7;
38C9 : FC7;
38CA : FC7;
38CB : FC7;
38CC : FC7;
38CD : FC7;
38CE : FC7;
38CF : FC7;
38D0 : FC7;
38D1 : FC7;
38D2 : FC7;
38D3 : FC7;
38D4 : FC7;
38D5 : FC7;
38D6 : FC7;
38D7 : FC7;
38D8 : FC7;
38D9 : FC7;
38DA : FC7;
38DB : FC7;
38DC : FC7;
38DD : FC7;
38DE : FC7;
38DF : FC7;
38E0 : FC7;
38E1 : FC7;
38E2 : FC7;
38E3 : FC7;
38E4 : FC7;
38E5 : FC7;
38E6 : FC7;
38E7 : FC7;
38E8 : FC7;
38E9 : FC7;
38EA : FC7;
38EB : FC7;
38EC : FC7;
38ED : FC7;
38EE : FC7;
38EF : FC7;
38F0 : FC7;
38F1 : FC7;
38F2 : FC7;
38F3 : FC7;
38F4 : FC7;
38F5 : FC7;
38F6 : FC7;
38F7 : FC7;
38F8 : FC7;
38F9 : FC7;
38FA : FC7;
38FB : FC7;
38FC : FC7;
38FD : FC7;
38FE : FC7;
38FF : FC7;
3900 : FC7;
3901 : FC7;
3902 : FC7;
3903 : FC7;
3904 : FC7;
3905 : FC7;
3906 : FC7;
3907 : FC7;
3908 : FC7;
3909 : FC7;
390A : FC7;
390B : FC7;
390C : FC7;
390D : FC7;
390E : FC7;
390F : FC7;
3910 : FC7;
3911 : FC7;
3912 : FC7;
3913 : FC7;
3914 : FC7;
3915 : FC7;
3916 : FC7;
3917 : FC7;
3918 : FC7;
3919 : FC7;
391A : FC7;
391B : FC7;
391C : FC7;
391D : FC7;
391E : FC7;
391F : FC7;
3920 : FC7;
3921 : FC7;
3922 : FC7;
3923 : FC7;
3924 : FC7;
3925 : FC7;
3926 : FC7;
3927 : FC7;
3928 : FC7;
3929 : FC7;
392A : FC7;
392B : FC7;
392C : FC7;
392D : FC7;
392E : FC7;
392F : FC7;
3930 : FC7;
3931 : FC8;
3932 : FC9;
3933 : FD9;
3934 : FD9;
3935 : FD9;
3936 : FD9;
3937 : FD8;
3938 : FD9;
3939 : FD9;
393A : FD9;
393B : FDA;
393C : FEB;
393D : FEB;
393E : FEB;
393F : FB5;
3940 : FA1;
3941 : FA0;
3942 : FA0;
3943 : FB0;
3944 : FB0;
3945 : FB0;
3946 : FB2;
3947 : FC3;
3948 : FC3;
3949 : FC2;
394A : FC2;
394B : FC2;
394C : FC2;
394D : FC2;
394E : FC2;
394F : FC2;
3950 : FC2;
3951 : FC2;
3952 : FC2;
3953 : FC2;
3954 : FC2;
3955 : FC2;
3956 : FC2;
3957 : FC2;
3958 : FC2;
3959 : FC2;
395A : FC2;
395B : FC2;
395C : FC2;
395D : FC2;
395E : FC2;
395F : FC2;
3960 : FC2;
3961 : FC2;
3962 : FC2;
3963 : FC2;
3964 : FC2;
3965 : FC2;
3966 : FC4;
3967 : FD8;
3968 : FD9;
3969 : FD9;
396A : FD9;
396B : FD9;
396C : FD9;
396D : FD9;
396E : FD9;
396F : FDA;
3970 : FEB;
3971 : FEB;
3972 : FEB;
3973 : FEB;
3974 : FEB;
3975 : FD9;
3976 : FD9;
3977 : FD9;
3978 : FC8;
3979 : FC7;
397A : FC7;
397B : FC7;
397C : FC7;
397D : FC7;
397E : FC7;
397F : FC7;
3980 : FC7;
3981 : FC7;
3982 : FC7;
3983 : FC7;
3984 : FC7;
3985 : FC7;
3986 : FC7;
3987 : FC7;
3988 : FC7;
3989 : FC7;
398A : FC7;
398B : FC7;
398C : FC7;
398D : FC7;
398E : FC7;
398F : FC7;
3990 : FC7;
3991 : FC7;
3992 : FC7;
3993 : FC7;
3994 : FC7;
3995 : FC7;
3996 : FC7;
3997 : FC7;
3998 : FC7;
3999 : FC7;
399A : FC7;
399B : FC7;
399C : FC7;
399D : FC7;
399E : FC7;
399F : FC7;
39A0 : FC7;
39A1 : FC7;
39A2 : FC7;
39A3 : FC7;
39A4 : FC7;
39A5 : FC7;
39A6 : FC7;
39A7 : FC7;
39A8 : FC7;
39A9 : FC7;
39AA : FC7;
39AB : FC7;
39AC : FC7;
39AD : FC7;
39AE : FC7;
39AF : FC7;
39B0 : FC7;
39B1 : FC7;
39B2 : FC7;
39B3 : FC7;
39B4 : FC7;
39B5 : FC7;
39B6 : FC7;
39B7 : FC7;
39B8 : FC7;
39B9 : FC7;
39BA : FC7;
39BB : FC7;
39BC : FC7;
39BD : FC7;
39BE : FC7;
39BF : FC7;
39C0 : FC7;
39C1 : FC7;
39C2 : FC7;
39C3 : FC7;
39C4 : FC7;
39C5 : FC7;
39C6 : FC7;
39C7 : FC7;
39C8 : FC7;
39C9 : FC7;
39CA : FC7;
39CB : FC7;
39CC : FC7;
39CD : FC7;
39CE : FC7;
39CF : FC7;
39D0 : FC7;
39D1 : FC7;
39D2 : FC7;
39D3 : FC7;
39D4 : FC7;
39D5 : FC7;
39D6 : FC7;
39D7 : FC7;
39D8 : FC7;
39D9 : FC7;
39DA : FC7;
39DB : FC7;
39DC : FC7;
39DD : FC7;
39DE : FC7;
39DF : FC7;
39E0 : FC7;
39E1 : FC7;
39E2 : FC7;
39E3 : FC7;
39E4 : FC7;
39E5 : FC7;
39E6 : FC7;
39E7 : FC7;
39E8 : FC7;
39E9 : FC7;
39EA : FC7;
39EB : FC7;
39EC : FC7;
39ED : FC7;
39EE : FC7;
39EF : FC7;
39F0 : FC7;
39F1 : FC7;
39F2 : FC7;
39F3 : FC7;
39F4 : FC7;
39F5 : FC7;
39F6 : FC7;
39F7 : FC7;
39F8 : FC7;
39F9 : FC7;
39FA : FC7;
39FB : FC7;
39FC : FC7;
39FD : FC7;
39FE : FC7;
39FF : FC7;
3A00 : FC7;
3A01 : FC7;
3A02 : FC7;
3A03 : FC7;
3A04 : FC7;
3A05 : FC7;
3A06 : FC7;
3A07 : FC7;
3A08 : FC7;
3A09 : FC7;
3A0A : FC7;
3A0B : FC7;
3A0C : FC7;
3A0D : FC7;
3A0E : FC7;
3A0F : FC7;
3A10 : FC7;
3A11 : FC7;
3A12 : FC7;
3A13 : FC7;
3A14 : FC7;
3A15 : FC7;
3A16 : FC7;
3A17 : FC7;
3A18 : FC7;
3A19 : FC7;
3A1A : FC7;
3A1B : FC7;
3A1C : FC7;
3A1D : FC7;
3A1E : FC7;
3A1F : FC7;
3A20 : FC7;
3A21 : FC7;
3A22 : FC7;
3A23 : FC7;
3A24 : FC7;
3A25 : FC7;
3A26 : FC7;
3A27 : FC7;
3A28 : FC7;
3A29 : FC7;
3A2A : FC7;
3A2B : FC7;
3A2C : FC7;
3A2D : FC7;
3A2E : FC7;
3A2F : FC7;
3A30 : FC7;
3A31 : FC7;
3A32 : FC7;
3A33 : FC7;
3A34 : FC7;
3A35 : FC7;
3A36 : FC7;
3A37 : FC7;
3A38 : FC7;
3A39 : FC7;
3A3A : FC7;
3A3B : FC7;
3A3C : FC7;
3A3D : FC7;
3A3E : FC7;
3A3F : FC8;
3A40 : FD9;
3A41 : FD9;
3A42 : FD9;
3A43 : FD9;
3A44 : FD8;
3A45 : FB1;
3A46 : FA0;
3A47 : FB0;
3A48 : FB0;
3A49 : FB0;
3A4A : FC2;
3A4B : FC2;
3A4C : FC2;
3A4D : FC2;
3A4E : FC3;
3A4F : FC2;
3A50 : FC2;
3A51 : FC2;
3A52 : FC2;
3A53 : FC2;
3A54 : FC2;
3A55 : FC2;
3A56 : FC2;
3A57 : FC2;
3A58 : FC2;
3A59 : FC2;
3A5A : FC2;
3A5B : FC2;
3A5C : FC2;
3A5D : FC2;
3A5E : FC2;
3A5F : FC2;
3A60 : FC2;
3A61 : FC2;
3A62 : FC2;
3A63 : FC2;
3A64 : FC2;
3A65 : FC2;
3A66 : FC2;
3A67 : FC2;
3A68 : FC3;
3A69 : FC5;
3A6A : FD7;
3A6B : FD8;
3A6C : FD9;
3A6D : FD9;
3A6E : FD9;
3A6F : FD9;
3A70 : FD9;
3A71 : FD9;
3A72 : FD9;
3A73 : FD9;
3A74 : FDA;
3A75 : FD9;
3A76 : FC8;
3A77 : FC8;
3A78 : FC8;
3A79 : FC8;
3A7A : FC7;
3A7B : FC7;
3A7C : FC7;
3A7D : FC7;
3A7E : FC7;
3A7F : FC7;
3A80 : FC7;
3A81 : FC7;
3A82 : FC7;
3A83 : FC7;
3A84 : FC7;
3A85 : FC7;
3A86 : FC7;
3A87 : FC7;
3A88 : FC7;
3A89 : FC7;
3A8A : FC7;
3A8B : FC7;
3A8C : FC7;
3A8D : FC7;
3A8E : FC7;
3A8F : FC7;
3A90 : FC7;
3A91 : FC7;
3A92 : FC7;
3A93 : FC7;
3A94 : FC7;
3A95 : FC7;
3A96 : FC7;
3A97 : FC7;
3A98 : FC7;
3A99 : FC7;
3A9A : FC7;
3A9B : FC7;
3A9C : FC7;
3A9D : FC7;
3A9E : FC7;
3A9F : FC7;
3AA0 : FC7;
3AA1 : FC7;
3AA2 : FC7;
3AA3 : FC7;
3AA4 : FC7;
3AA5 : FC7;
3AA6 : FC7;
3AA7 : FC7;
3AA8 : FC7;
3AA9 : FC7;
3AAA : FC7;
3AAB : FC7;
3AAC : FC7;
3AAD : FC7;
3AAE : FC7;
3AAF : FC7;
3AB0 : FC7;
3AB1 : FC7;
3AB2 : FC7;
3AB3 : FC7;
3AB4 : FC7;
3AB5 : FC7;
3AB6 : FC7;
3AB7 : FC7;
3AB8 : FC7;
3AB9 : FC7;
3ABA : FC7;
3ABB : FC7;
3ABC : FC7;
3ABD : FC7;
3ABE : FC7;
3ABF : FC7;
3AC0 : FC7;
3AC1 : FC7;
3AC2 : FC7;
3AC3 : FC7;
3AC4 : FC7;
3AC5 : FC7;
3AC6 : FC7;
3AC7 : FC7;
3AC8 : FC7;
3AC9 : FC7;
3ACA : FC7;
3ACB : FC7;
3ACC : FC7;
3ACD : FC7;
3ACE : FC7;
3ACF : FC7;
3AD0 : FC7;
3AD1 : FC7;
3AD2 : FC7;
3AD3 : FC7;
3AD4 : FC7;
3AD5 : FC7;
3AD6 : FC7;
3AD7 : FC7;
3AD8 : FC7;
3AD9 : FC7;
3ADA : FC7;
3ADB : FC7;
3ADC : FC7;
3ADD : FC7;
3ADE : FC7;
3ADF : FC7;
3AE0 : FC7;
3AE1 : FC7;
3AE2 : FC7;
3AE3 : FC7;
3AE4 : FC7;
3AE5 : FC7;
3AE6 : FC7;
3AE7 : FC7;
3AE8 : FB7;
3AE9 : FB7;
3AEA : FB7;
3AEB : FB7;
3AEC : FB7;
3AED : FB7;
3AEE : FB7;
3AEF : FB7;
3AF0 : FB7;
3AF1 : FB7;
3AF2 : FB7;
3AF3 : FB7;
3AF4 : FB7;
3AF5 : FB7;
3AF6 : FB7;
3AF7 : FB7;
3AF8 : FB7;
3AF9 : FB7;
3AFA : FB7;
3AFB : FB7;
3AFC : FB7;
3AFD : FB7;
3AFE : FB7;
3AFF : FB7;
3B00 : FB7;
3B01 : FB7;
3B02 : FB7;
3B03 : FB7;
3B04 : FB7;
3B05 : FB7;
3B06 : FB7;
3B07 : FB7;
3B08 : FB7;
3B09 : FB7;
3B0A : FB7;
3B0B : FB7;
3B0C : FB7;
3B0D : FB7;
3B0E : FB7;
3B0F : FB7;
3B10 : FB7;
3B11 : FB7;
3B12 : FB7;
3B13 : FB7;
3B14 : FB7;
3B15 : FB7;
3B16 : FB7;
3B17 : FB7;
3B18 : FB7;
3B19 : FB7;
3B1A : FB7;
3B1B : FB7;
3B1C : FB7;
3B1D : FB7;
3B1E : FB7;
3B1F : FB7;
3B20 : FB7;
3B21 : FB7;
3B22 : FB7;
3B23 : FB7;
3B24 : FB7;
3B25 : FB7;
3B26 : FB7;
3B27 : FB7;
3B28 : FB7;
3B29 : FB7;
3B2A : FB7;
3B2B : FB7;
3B2C : FB7;
3B2D : FB7;
3B2E : FB7;
3B2F : FB7;
3B30 : FB7;
3B31 : FB7;
3B32 : FB7;
3B33 : FB7;
3B34 : FB7;
3B35 : FB7;
3B36 : FB7;
3B37 : FB7;
3B38 : FB7;
3B39 : FB7;
3B3A : FB7;
3B3B : FB7;
3B3C : FB7;
3B3D : FB7;
3B3E : FB7;
3B3F : FB7;
3B40 : FB7;
3B41 : FB7;
3B42 : FB7;
3B43 : FB7;
3B44 : FC8;
3B45 : FC8;
3B46 : FC8;
3B47 : FDB;
3B48 : FEB;
3B49 : FB2;
3B4A : FA0;
3B4B : FB0;
3B4C : FB0;
3B4D : FB0;
3B4E : FB1;
3B4F : FC2;
3B50 : FC2;
3B51 : FC2;
3B52 : FC2;
3B53 : FC2;
3B54 : FC2;
3B55 : FC2;
3B56 : FC2;
3B57 : FC2;
3B58 : FC2;
3B59 : FC2;
3B5A : FC2;
3B5B : FC2;
3B5C : FC2;
3B5D : FC2;
3B5E : FC2;
3B5F : FC2;
3B60 : FC2;
3B61 : FC2;
3B62 : FC2;
3B63 : FC2;
3B64 : FC2;
3B65 : FC2;
3B66 : FC2;
3B67 : FC2;
3B68 : FC2;
3B69 : FC2;
3B6A : FB2;
3B6B : FB2;
3B6C : FC3;
3B6D : FC5;
3B6E : FC8;
3B6F : FC8;
3B70 : FC8;
3B71 : FD8;
3B72 : FD8;
3B73 : FC8;
3B74 : FC8;
3B75 : FC8;
3B76 : FC8;
3B77 : FC8;
3B78 : FC8;
3B79 : FC7;
3B7A : FC6;
3B7B : FC6;
3B7C : FC6;
3B7D : FC6;
3B7E : FC6;
3B7F : FC6;
3B80 : FC6;
3B81 : FC6;
3B82 : FB6;
3B83 : FB6;
3B84 : FB6;
3B85 : FB6;
3B86 : FB7;
3B87 : FB6;
3B88 : FB6;
3B89 : FB7;
3B8A : FB8;
3B8B : FB7;
3B8C : FB7;
3B8D : FB7;
3B8E : FB7;
3B8F : FB7;
3B90 : FB7;
3B91 : FB7;
3B92 : FB7;
3B93 : FB7;
3B94 : FB7;
3B95 : FB7;
3B96 : FB7;
3B97 : FB7;
3B98 : FB7;
3B99 : FB7;
3B9A : FB7;
3B9B : FB7;
3B9C : FB7;
3B9D : FB7;
3B9E : FB7;
3B9F : FB7;
3BA0 : FB7;
3BA1 : FB7;
3BA2 : FB7;
3BA3 : FB7;
3BA4 : FB7;
3BA5 : FB7;
3BA6 : FB7;
3BA7 : FB7;
3BA8 : FB7;
3BA9 : FB7;
3BAA : FB7;
3BAB : FB7;
3BAC : FB7;
3BAD : FB7;
3BAE : EB7;
3BAF : EB7;
3BB0 : EB7;
3BB1 : EB7;
3BB2 : EB7;
3BB3 : EB7;
3BB4 : EB7;
3BB5 : EB7;
3BB6 : EB7;
3BB7 : EB7;
3BB8 : EB7;
3BB9 : EB7;
3BBA : EB7;
3BBB : EB7;
3BBC : EB7;
3BBD : EB7;
3BBE : EB7;
3BBF : EB7;
3BC0 : EB7;
3BC1 : EB7;
3BC2 : EB7;
3BC3 : EB7;
3BC4 : EB7;
3BC5 : EB7;
3BC6 : EB7;
3BC7 : EB7;
3BC8 : EB7;
3BC9 : EB7;
3BCA : EB7;
3BCB : EB7;
3BCC : EB7;
3BCD : EB7;
3BCE : EB7;
3BCF : EB7;
3BD0 : EB7;
3BD1 : EB7;
3BD2 : EB7;
3BD3 : EB7;
3BD4 : EB7;
3BD5 : EB7;
3BD6 : EB7;
3BD7 : EB7;
3BD8 : EB7;
3BD9 : EB7;
3BDA : EB7;
3BDB : EB7;
3BDC : EB7;
3BDD : EB7;
3BDE : EB7;
3BDF : EB7;
3BE0 : EB7;
3BE1 : EB7;
3BE2 : EB7;
3BE3 : EB7;
3BE4 : EB7;
3BE5 : EB7;
3BE6 : EB7;
3BE7 : EB7;
3BE8 : EB7;
3BE9 : EB7;
3BEA : EB7;
3BEB : EB7;
3BEC : 939;
3BED : 939;
3BEE : 939;
3BEF : 939;
3BF0 : 939;
3BF1 : 939;
3BF2 : 939;
3BF3 : 939;
3BF4 : 939;
3BF5 : 939;
3BF6 : 939;
3BF7 : 939;
3BF8 : 939;
3BF9 : 939;
3BFA : 939;
3BFB : 939;
3BFC : 939;
3BFD : 939;
3BFE : 939;
3BFF : 939;
3C00 : 939;
3C01 : 939;
3C02 : 939;
3C03 : 939;
3C04 : 939;
3C05 : 939;
3C06 : 939;
3C07 : 939;
3C08 : 939;
3C09 : 939;
3C0A : 939;
3C0B : 939;
3C0C : 939;
3C0D : 939;
3C0E : 939;
3C0F : 939;
3C10 : 939;
3C11 : 939;
3C12 : 939;
3C13 : 939;
3C14 : 939;
3C15 : 939;
3C16 : 939;
3C17 : 939;
3C18 : 939;
3C19 : 939;
3C1A : 939;
3C1B : 939;
3C1C : 939;
3C1D : 939;
3C1E : 939;
3C1F : 939;
3C20 : 939;
3C21 : 939;
3C22 : 939;
3C23 : 939;
3C24 : 939;
3C25 : 939;
3C26 : 939;
3C27 : 939;
3C28 : 939;
3C29 : 939;
3C2A : 939;
3C2B : 939;
3C2C : 939;
3C2D : 939;
3C2E : 939;
3C2F : 939;
3C30 : 939;
3C31 : 939;
3C32 : 939;
3C33 : 939;
3C34 : 939;
3C35 : 939;
3C36 : 939;
3C37 : 939;
3C38 : 939;
3C39 : 939;
3C3A : 939;
3C3B : 939;
3C3C : 939;
3C3D : 939;
3C3E : 939;
3C3F : 939;
3C40 : 939;
3C41 : 939;
3C42 : 939;
3C43 : 939;
3C44 : 939;
3C45 : 939;
3C46 : 939;
3C47 : A47;
3C48 : F92;
3C49 : F90;
3C4A : F91;
3C4B : FC8;
3C4C : FEB;
3C4D : FB2;
3C4E : FB0;
3C4F : FB0;
3C50 : FB0;
3C51 : FB0;
3C52 : FB0;
3C53 : FB0;
3C54 : FB0;
3C55 : FB0;
3C56 : FB0;
3C57 : FB1;
3C58 : FC2;
3C59 : FC3;
3C5A : FC2;
3C5B : FC2;
3C5C : FC2;
3C5D : FC3;
3C5E : FC3;
3C5F : FC2;
3C60 : FC2;
3C61 : FC3;
3C62 : FC2;
3C63 : FC2;
3C64 : FC2;
3C65 : FC2;
3C66 : FC2;
3C67 : FC2;
3C68 : FC2;
3C69 : FC2;
3C6A : FC2;
3C6B : FC2;
3C6C : FC2;
3C6D : FB2;
3C6E : FA1;
3C6F : FB1;
3C70 : FC2;
3C71 : FB1;
3C72 : FA1;
3C73 : FA1;
3C74 : FA1;
3C75 : FB2;
3C76 : FB2;
3C77 : FA1;
3C78 : FA1;
3C79 : FA1;
3C7A : FA1;
3C7B : FA1;
3C7C : FA1;
3C7D : FA0;
3C7E : FA0;
3C7F : FB0;
3C80 : FB0;
3C81 : FB0;
3C82 : FB0;
3C83 : FB0;
3C84 : FB0;
3C85 : FB0;
3C86 : FA0;
3C87 : F90;
3C88 : F91;
3C89 : E83;
3C8A : B5A;
3C8B : D74;
3C8C : F91;
3C8D : B58;
3C8E : 939;
3C8F : 93A;
3C90 : 93A;
3C91 : 939;
3C92 : A4A;
3C93 : A5A;
3C94 : 949;
3C95 : 939;
3C96 : 939;
3C97 : 939;
3C98 : 939;
3C99 : 939;
3C9A : 939;
3C9B : 939;
3C9C : 939;
3C9D : 939;
3C9E : 939;
3C9F : 939;
3CA0 : 939;
3CA1 : 939;
3CA2 : 939;
3CA3 : 939;
3CA4 : 939;
3CA5 : 939;
3CA6 : 939;
3CA7 : 939;
3CA8 : 939;
3CA9 : 939;
3CAA : 939;
3CAB : 939;
3CAC : 939;
3CAD : 939;
3CAE : 939;
3CAF : 939;
3CB0 : 939;
3CB1 : 939;
3CB2 : 939;
3CB3 : 939;
3CB4 : 939;
3CB5 : 939;
3CB6 : 939;
3CB7 : 939;
3CB8 : 939;
3CB9 : 939;
3CBA : 939;
3CBB : 939;
3CBC : 939;
3CBD : 939;
3CBE : 939;
3CBF : 939;
3CC0 : 939;
3CC1 : 939;
3CC2 : 939;
3CC3 : 939;
3CC4 : 939;
3CC5 : 939;
3CC6 : 939;
3CC7 : 939;
3CC8 : 939;
3CC9 : 939;
3CCA : 939;
3CCB : 939;
3CCC : 939;
3CCD : 939;
3CCE : 939;
3CCF : 939;
3CD0 : 939;
3CD1 : 939;
3CD2 : 939;
3CD3 : 939;
3CD4 : 939;
3CD5 : 939;
3CD6 : 939;
3CD7 : 939;
3CD8 : 939;
3CD9 : 939;
3CDA : 939;
3CDB : 939;
3CDC : 939;
3CDD : 939;
3CDE : 939;
3CDF : 939;
3CE0 : 939;
3CE1 : 939;
3CE2 : 939;
3CE3 : 939;
3CE4 : 939;
3CE5 : 939;
3CE6 : 939;
3CE7 : 939;
3CE8 : 939;
3CE9 : 939;
3CEA : 939;
3CEB : 939;
3CEC : 939;
3CED : 939;
3CEE : 939;
3CEF : 939;
3CF0 : 83A;
3CF1 : 83A;
3CF2 : 83A;
3CF3 : 83A;
3CF4 : 83A;
3CF5 : 93A;
3CF6 : 93A;
3CF7 : 93A;
3CF8 : 93A;
3CF9 : 93A;
3CFA : 93A;
3CFB : 83A;
3CFC : 83A;
3CFD : 83A;
3CFE : 83A;
3CFF : 83A;
3D00 : 83A;
3D01 : 83A;
3D02 : 83A;
3D03 : 83A;
3D04 : 83A;
3D05 : 83A;
3D06 : 83A;
3D07 : 83A;
3D08 : 83A;
3D09 : 83A;
3D0A : 83A;
3D0B : 83A;
3D0C : 83A;
3D0D : 83A;
3D0E : 83A;
3D0F : 83A;
3D10 : 83A;
3D11 : 83A;
3D12 : 83A;
3D13 : 83A;
3D14 : 83A;
3D15 : 83A;
3D16 : 83A;
3D17 : 83A;
3D18 : 93A;
3D19 : 93A;
3D1A : 93A;
3D1B : 93A;
3D1C : 93A;
3D1D : 93A;
3D1E : 93A;
3D1F : 93A;
3D20 : 93A;
3D21 : 93A;
3D22 : 93A;
3D23 : 83A;
3D24 : 93A;
3D25 : 83A;
3D26 : 83A;
3D27 : 83A;
3D28 : 83A;
3D29 : 83A;
3D2A : 93A;
3D2B : A4A;
3D2C : A4A;
3D2D : A4A;
3D2E : A4A;
3D2F : A4A;
3D30 : A4A;
3D31 : A4A;
3D32 : 83A;
3D33 : 93A;
3D34 : A4A;
3D35 : B4A;
3D36 : B4A;
3D37 : B4A;
3D38 : B4A;
3D39 : A4A;
3D3A : A3A;
3D3B : 93A;
3D3C : 93A;
3D3D : 93A;
3D3E : 93A;
3D3F : 93A;
3D40 : 93A;
3D41 : 83A;
3D42 : 83A;
3D43 : 83A;
3D44 : 83A;
3D45 : 83A;
3D46 : 83A;
3D47 : 83A;
3D48 : 93A;
3D49 : 93A;
3D4A : 83A;
3D4B : A48;
3D4C : D74;
3D4D : D73;
3D4E : D74;
3D4F : FB7;
3D50 : FC7;
3D51 : FA1;
3D52 : FA0;
3D53 : FA0;
3D54 : FA0;
3D55 : FA0;
3D56 : FA0;
3D57 : FA0;
3D58 : FB0;
3D59 : FB0;
3D5A : FB0;
3D5B : FB2;
3D5C : FC3;
3D5D : FC2;
3D5E : FC2;
3D5F : FC2;
3D60 : FC2;
3D61 : FC3;
3D62 : FC3;
3D63 : FC3;
3D64 : FC3;
3D65 : FC2;
3D66 : FB2;
3D67 : FB2;
3D68 : FC2;
3D69 : FB2;
3D6A : FB2;
3D6B : FB2;
3D6C : FB2;
3D6D : FB2;
3D6E : FB2;
3D6F : FC2;
3D70 : FB2;
3D71 : FB1;
3D72 : FA1;
3D73 : FA1;
3D74 : FB2;
3D75 : FB1;
3D76 : FB1;
3D77 : FA1;
3D78 : FB1;
3D79 : FC2;
3D7A : FB2;
3D7B : FB1;
3D7C : FB1;
3D7D : FB1;
3D7E : FA0;
3D7F : FA0;
3D80 : FA0;
3D81 : FA0;
3D82 : FA0;
3D83 : FA0;
3D84 : FB0;
3D85 : FB0;
3D86 : FB0;
3D87 : FB0;
3D88 : FB0;
3D89 : FB0;
3D8A : FA0;
3D8B : F90;
3D8C : E73;
3D8D : C65;
3D8E : A4A;
3D8F : C66;
3D90 : D73;
3D91 : A48;
3D92 : 93A;
3D93 : 93A;
3D94 : 83A;
3D95 : 83A;
3D96 : 94A;
3D97 : A4A;
3D98 : 93A;
3D99 : 83A;
3D9A : 839;
3D9B : 839;
3D9C : 839;
3D9D : 839;
3D9E : 839;
3D9F : 839;
3DA0 : 839;
3DA1 : 839;
3DA2 : 93A;
3DA3 : 83A;
3DA4 : 83A;
3DA5 : 83A;
3DA6 : 83A;
3DA7 : 83A;
3DA8 : 83A;
3DA9 : 83A;
3DAA : 83A;
3DAB : 83A;
3DAC : 83A;
3DAD : 83A;
3DAE : 93A;
3DAF : 94A;
3DB0 : 93A;
3DB1 : 839;
3DB2 : 93A;
3DB3 : 94A;
3DB4 : 93A;
3DB5 : 93A;
3DB6 : 93A;
3DB7 : 94A;
3DB8 : 94A;
3DB9 : 94A;
3DBA : 93A;
3DBB : 839;
3DBC : 83A;
3DBD : 839;
3DBE : 83A;
3DBF : 83A;
3DC0 : 83A;
3DC1 : 83A;
3DC2 : 839;
3DC3 : 839;
3DC4 : 839;
3DC5 : 839;
3DC6 : 83A;
3DC7 : 83A;
3DC8 : 83A;
3DC9 : 93A;
3DCA : 83A;
3DCB : 83A;
3DCC : 83A;
3DCD : 83A;
3DCE : 83A;
3DCF : 83A;
3DD0 : 83A;
3DD1 : 83A;
3DD2 : 83A;
3DD3 : 83A;
3DD4 : 83A;
3DD5 : 83A;
3DD6 : 83A;
3DD7 : 839;
3DD8 : 93A;
3DD9 : 94A;
3DDA : 94A;
3DDB : 93A;
3DDC : 93A;
3DDD : 93A;
3DDE : 93A;
3DDF : 94A;
3DE0 : 93A;
3DE1 : 83A;
3DE2 : 93A;
3DE3 : 93A;
3DE4 : 93A;
3DE5 : 83A;
3DE6 : 93A;
3DE7 : 94A;
3DE8 : 94A;
3DE9 : 94A;
3DEA : 94A;
3DEB : 94A;
3DEC : 93A;
3DED : 83A;
3DEE : 93A;
3DEF : 94A;
3DF0 : 93A;
3DF1 : 83A;
3DF2 : 83A;
3DF3 : 83A;
3DF4 : 83A;
3DF5 : 83A;
3DF6 : 83A;
3DF7 : 83A;
3DF8 : 83A;
3DF9 : 83A;
3DFA : 83A;
3DFB : 93A;
3DFC : 83A;
3DFD : 93A;
3DFE : 93A;
3DFF : 83A;
3E00 : 83A;
3E01 : 83A;
3E02 : 83A;
3E03 : 83A;
3E04 : 83A;
3E05 : 83A;
3E06 : 83A;
3E07 : 83A;
3E08 : 83A;
3E09 : 83A;
3E0A : 83A;
3E0B : 83A;
3E0C : 83A;
3E0D : 83A;
3E0E : 93A;
3E0F : 93A;
3E10 : 93A;
3E11 : 93A;
3E12 : 83A;
3E13 : 93A;
3E14 : 93A;
3E15 : 93A;
3E16 : 839;
3E17 : 839;
3E18 : 839;
3E19 : 839;
3E1A : 839;
3E1B : 93A;
3E1C : 93A;
3E1D : 93A;
3E1E : 839;
3E1F : 839;
3E20 : 839;
3E21 : 839;
3E22 : 839;
3E23 : 93A;
3E24 : 93A;
3E25 : 839;
3E26 : 839;
3E27 : 839;
3E28 : 93A;
3E29 : 839;
3E2A : 839;
3E2B : 839;
3E2C : 83A;
3E2D : 83A;
3E2E : 939;
3E2F : E6A;
3E30 : E6A;
3E31 : E6B;
3E32 : E6B;
3E33 : E7B;
3E34 : E7B;
3E35 : D6B;
3E36 : 939;
3E37 : B4A;
3E38 : E7B;
3E39 : E6B;
3E3A : E6B;
3E3B : E6B;
3E3C : E6B;
3E3D : E6A;
3E3E : C5A;
3E3F : 83A;
3E40 : 83A;
3E41 : 83A;
3E42 : 83A;
3E43 : 83A;
3E44 : 93A;
3E45 : 93A;
3E46 : 93A;
3E47 : 839;
3E48 : 839;
3E49 : 839;
3E4A : 83A;
3E4B : 83A;
3E4C : 83A;
3E4D : 83A;
3E4E : 839;
3E4F : 83A;
3E50 : 93A;
3E51 : 83A;
3E52 : 939;
3E53 : D74;
3E54 : F90;
3E55 : F90;
3E56 : F90;
3E57 : F90;
3E58 : F90;
3E59 : F90;
3E5A : F90;
3E5B : F90;
3E5C : FB0;
3E5D : FB0;
3E5E : FB0;
3E5F : FB2;
3E60 : FC3;
3E61 : FC2;
3E62 : FC2;
3E63 : FC2;
3E64 : FC2;
3E65 : FC2;
3E66 : FC2;
3E67 : FC3;
3E68 : FC3;
3E69 : FB2;
3E6A : FA1;
3E6B : FB1;
3E6C : FC2;
3E6D : FB1;
3E6E : FA0;
3E6F : FA0;
3E70 : FA0;
3E71 : FA0;
3E72 : FB1;
3E73 : FC2;
3E74 : FB1;
3E75 : FA0;
3E76 : FA0;
3E77 : FA0;
3E78 : FA0;
3E79 : FB1;
3E7A : FC2;
3E7B : FC2;
3E7C : FC2;
3E7D : FC2;
3E7E : FC2;
3E7F : FC2;
3E80 : FC3;
3E81 : FC2;
3E82 : FB0;
3E83 : FB0;
3E84 : FB0;
3E85 : FB0;
3E86 : FA0;
3E87 : FA0;
3E88 : FB0;
3E89 : FB0;
3E8A : FB0;
3E8B : FB0;
3E8C : FB0;
3E8D : FB0;
3E8E : FA0;
3E8F : F92;
3E90 : A38;
3E91 : 93A;
3E92 : 93A;
3E93 : 93A;
3E94 : 93A;
3E95 : A4A;
3E96 : A5A;
3E97 : 93A;
3E98 : 83A;
3E99 : 83A;
3E9A : 839;
3E9B : 839;
3E9C : 839;
3E9D : 839;
3E9E : 839;
3E9F : 839;
3EA0 : 839;
3EA1 : 839;
3EA2 : 839;
3EA3 : 839;
3EA4 : 839;
3EA5 : 839;
3EA6 : 839;
3EA7 : 839;
3EA8 : 839;
3EA9 : 83A;
3EAA : 83A;
3EAB : 83A;
3EAC : 83A;
3EAD : 83A;
3EAE : 83A;
3EAF : 83A;
3EB0 : 83A;
3EB1 : 93A;
3EB2 : 93A;
3EB3 : A5A;
3EB4 : 94A;
3EB5 : 839;
3EB6 : A5A;
3EB7 : A5A;
3EB8 : A5A;
3EB9 : A5A;
3EBA : A5A;
3EBB : A5A;
3EBC : A5A;
3EBD : A5A;
3EBE : A4A;
3EBF : 839;
3EC0 : 939;
3EC1 : 839;
3EC2 : 83A;
3EC3 : 83A;
3EC4 : 83A;
3EC5 : 839;
3EC6 : 839;
3EC7 : 839;
3EC8 : 839;
3EC9 : 839;
3ECA : 93A;
3ECB : 93A;
3ECC : 83A;
3ECD : 93A;
3ECE : 93A;
3ECF : 83A;
3ED0 : 83A;
3ED1 : 83A;
3ED2 : 83A;
3ED3 : 83A;
3ED4 : 93A;
3ED5 : 93A;
3ED6 : 83A;
3ED7 : 83A;
3ED8 : 83A;
3ED9 : 93A;
3EDA : 939;
3EDB : 839;
3EDC : A4A;
3EDD : A5A;
3EDE : A5A;
3EDF : A4A;
3EE0 : 93A;
3EE1 : 94A;
3EE2 : A5A;
3EE3 : A5A;
3EE4 : A5A;
3EE5 : 93A;
3EE6 : 93A;
3EE7 : A5A;
3EE8 : 94A;
3EE9 : 939;
3EEA : A5A;
3EEB : A5A;
3EEC : A5A;
3EED : A5A;
3EEE : A5A;
3EEF : A5A;
3EF0 : A5A;
3EF1 : 93A;
3EF2 : 93A;
3EF3 : A5A;
3EF4 : A4A;
3EF5 : 839;
3EF6 : 83A;
3EF7 : 83A;
3EF8 : 83A;
3EF9 : 83A;
3EFA : 83A;
3EFB : 83A;
3EFC : 93A;
3EFD : 93A;
3EFE : 93A;
3EFF : 93A;
3F00 : 93A;
3F01 : 93A;
3F02 : 93A;
3F03 : 93A;
3F04 : 83A;
3F05 : 83A;
3F06 : 83A;
3F07 : 83A;
3F08 : 83A;
3F09 : 83A;
3F0A : 83A;
3F0B : 83A;
3F0C : 83A;
3F0D : 83A;
3F0E : 83A;
3F0F : 83A;
3F10 : 83A;
3F11 : 93A;
3F12 : 93A;
3F13 : 93A;
3F14 : 93A;
3F15 : 93A;
3F16 : 93A;
3F17 : 93A;
3F18 : 93A;
3F19 : 93A;
3F1A : 93A;
3F1B : 93A;
3F1C : 93A;
3F1D : 93A;
3F1E : 93A;
3F1F : 93A;
3F20 : 83A;
3F21 : 93A;
3F22 : 93A;
3F23 : 93A;
3F24 : 93A;
3F25 : 93A;
3F26 : 93A;
3F27 : 93A;
3F28 : 93A;
3F29 : 93A;
3F2A : 93A;
3F2B : 93A;
3F2C : 93A;
3F2D : 93A;
3F2E : 93A;
3F2F : 939;
3F30 : 83A;
3F31 : 83A;
3F32 : 93A;
3F33 : B4A;
3F34 : B4A;
3F35 : B4A;
3F36 : B4A;
3F37 : B4A;
3F38 : B4A;
3F39 : B4A;
3F3A : 93A;
3F3B : A4A;
3F3C : B4A;
3F3D : B4A;
3F3E : B4A;
3F3F : B4A;
3F40 : B4A;
3F41 : B4A;
3F42 : A4A;
3F43 : 93A;
3F44 : 93A;
3F45 : 93A;
3F46 : 93A;
3F47 : 93A;
3F48 : 93A;
3F49 : 93A;
3F4A : 93A;
3F4B : 83A;
3F4C : 83A;
3F4D : 83A;
3F4E : 83A;
3F4F : 93A;
3F50 : 93A;
3F51 : 93A;
3F52 : 83A;
3F53 : 93A;
3F54 : 93A;
3F55 : 93A;
3F56 : 93A;
3F57 : B58;
3F58 : C66;
3F59 : C66;
3F5A : D75;
3F5B : F90;
3F5C : F90;
3F5D : F90;
3F5E : F90;
3F5F : F90;
3F60 : FB0;
3F61 : FB0;
3F62 : FB0;
3F63 : FB1;
3F64 : FB1;
3F65 : FC2;
3F66 : FC2;
3F67 : FC2;
3F68 : FC2;
3F69 : FB1;
3F6A : FB2;
3F6B : FC2;
3F6C : FC3;
3F6D : FB2;
3F6E : FB2;
3F6F : FB2;
3F70 : FC2;
3F71 : FB2;
3F72 : FB2;
3F73 : FB2;
3F74 : FB1;
3F75 : F90;
3F76 : FA1;
3F77 : FB1;
3F78 : FA0;
3F79 : F90;
3F7A : FB1;
3F7B : FB1;
3F7C : FB1;
3F7D : FB2;
3F7E : FC2;
3F7F : FB1;
3F80 : FB1;
3F81 : FA1;
3F82 : FA1;
3F83 : FB1;
3F84 : FB1;
3F85 : FB1;
3F86 : FA0;
3F87 : FA0;
3F88 : FA0;
3F89 : FA0;
3F8A : FA0;
3F8B : FA0;
3F8C : FA0;
3F8D : FA0;
3F8E : FA0;
3F8F : FA0;
3F90 : FA0;
3F91 : FA1;
3F92 : D74;
3F93 : C66;
3F94 : C64;
3F95 : D64;
3F96 : D64;
3F97 : D64;
3F98 : C64;
3F99 : A49;
3F9A : 94A;
3F9B : 93A;
3F9C : 93A;
3F9D : 93A;
3F9E : 93A;
3F9F : 83A;
3FA0 : 93A;
3FA1 : 939;
3FA2 : 939;
3FA3 : 939;
3FA4 : 93A;
3FA5 : 93A;
3FA6 : 93A;
3FA7 : 93A;
3FA8 : 839;
3FA9 : 83A;
3FAA : 93A;
3FAB : 93A;
3FAC : 93A;
3FAD : 93A;
3FAE : 93A;
3FAF : 93A;
3FB0 : 93A;
3FB1 : 93A;
3FB2 : 93A;
3FB3 : 93A;
3FB4 : 93A;
3FB5 : 93A;
3FB6 : 93A;
3FB7 : 94A;
3FB8 : 93A;
3FB9 : 939;
3FBA : A4A;
3FBB : A4A;
3FBC : 94A;
3FBD : 94A;
3FBE : 94A;
3FBF : 94A;
3FC0 : 94A;
3FC1 : 94A;
3FC2 : 94A;
3FC3 : 839;
3FC4 : 93A;
3FC5 : 839;
3FC6 : 93A;
3FC7 : 93A;
3FC8 : 93A;
3FC9 : 93A;
3FCA : 93A;
3FCB : 93A;
3FCC : 93A;
3FCD : 93A;
3FCE : 93A;
3FCF : 93A;
3FD0 : 93A;
3FD1 : 93A;
3FD2 : 93A;
3FD3 : 83A;
3FD4 : 93A;
3FD5 : 93A;
3FD6 : 93A;
3FD7 : 93A;
3FD8 : A4A;
3FD9 : 93A;
3FDA : 93A;
3FDB : 94A;
3FDC : 94A;
3FDD : 939;
3FDE : 93A;
3FDF : A4A;
3FE0 : 94A;
3FE1 : 94A;
3FE2 : 94A;
3FE3 : 93A;
3FE4 : 93A;
3FE5 : 93A;
3FE6 : 94A;
3FE7 : 94A;
3FE8 : 94A;
3FE9 : 93A;
3FEA : 93A;
3FEB : 94A;
3FEC : 93A;
3FED : 93A;
3FEE : 94A;
3FEF : 94A;
3FF0 : 94A;
3FF1 : 94A;
3FF2 : 94A;
3FF3 : 94A;
3FF4 : 94A;
3FF5 : 93A;
3FF6 : 93A;
3FF7 : 94A;
3FF8 : 93A;
3FF9 : 839;
3FFA : 83A;
3FFB : 93A;
3FFC : 83A;
3FFD : 83A;
3FFE : 83A;
3FFF : 83A;
4000 : 93A;
4001 : 94A;
4002 : 94A;
4003 : 93A;
4004 : 93A;
4005 : 94A;
4006 : 93A;
4007 : 93A;
4008 : 93A;
4009 : 93A;
400A : 93A;
400B : 93A;
400C : 93A;
400D : 93A;
400E : 93A;
400F : 93A;
4010 : 93A;
4011 : 83A;
4012 : 83A;
4013 : 83A;
4014 : 93A;
4015 : 93A;
4016 : 93A;
4017 : 94A;
4018 : 94A;
4019 : 94A;
401A : 94A;
401B : 93A;
401C : 93A;
401D : 94A;
401E : 94A;
401F : 94A;
4020 : 94A;
4021 : 94A;
4022 : 94A;
4023 : 94A;
4024 : 83A;
4025 : 93A;
4026 : 94B;
4027 : 94B;
4028 : 94B;
4029 : 94A;
402A : 93A;
402B : 83A;
402C : 93A;
402D : 94A;
402E : 94A;
402F : 94A;
4030 : 93A;
4031 : 93A;
4032 : 93A;
4033 : 93A;
4034 : 93A;
4035 : 93A;
4036 : 93A;
4037 : 93A;
4038 : 93A;
4039 : 93A;
403A : 93A;
403B : 83A;
403C : 83A;
403D : 93A;
403E : 94A;
403F : 93A;
4040 : 939;
4041 : 939;
4042 : 93A;
4043 : 939;
4044 : 939;
4045 : 939;
4046 : 93A;
4047 : 93A;
4048 : 93A;
4049 : 94A;
404A : 94A;
404B : 94A;
404C : 94A;
404D : 93A;
404E : 93A;
404F : 93A;
4050 : 93A;
4051 : 93A;
4052 : 83A;
4053 : 93A;
4054 : 93A;
4055 : 94A;
4056 : 93A;
4057 : 93A;
4058 : 94A;
4059 : 94A;
405A : 94A;
405B : 94A;
405C : 94A;
405D : A4A;
405E : B58;
405F : F91;
4060 : F90;
4061 : FA0;
4062 : F90;
4063 : F90;
4064 : FA0;
4065 : FB0;
4066 : FB0;
4067 : FB0;
4068 : FB0;
4069 : FC2;
406A : FC2;
406B : FC2;
406C : FB2;
406D : FA1;
406E : FB1;
406F : FC2;
4070 : FC2;
4071 : FC2;
4072 : FC2;
4073 : FC2;
4074 : FC2;
4075 : FC2;
4076 : FC2;
4077 : FC2;
4078 : FB2;
4079 : F90;
407A : FA0;
407B : FA0;
407C : F90;
407D : F90;
407E : FB2;
407F : FC2;
4080 : FC2;
4081 : FC2;
4082 : FB2;
4083 : FA1;
4084 : FA0;
4085 : F90;
4086 : F90;
4087 : FA0;
4088 : FA0;
4089 : FA0;
408A : F90;
408B : F90;
408C : F90;
408D : F90;
408E : FA0;
408F : FA0;
4090 : FA0;
4091 : FA0;
4092 : F90;
4093 : F90;
4094 : F90;
4095 : F92;
4096 : B56;
4097 : A48;
4098 : F92;
4099 : F90;
409A : F91;
409B : F91;
409C : F81;
409D : A48;
409E : 93A;
409F : 83A;
40A0 : 93A;
40A1 : 94A;
40A2 : 93A;
40A3 : 839;
40A4 : 93A;
40A5 : 93A;
40A6 : 93A;
40A7 : 839;
40A8 : 93A;
40A9 : 93A;
40AA : 93A;
40AB : 93A;
40AC : 83A;
40AD : 83A;
40AE : 93A;
40AF : 94A;
40B0 : 94A;
40B1 : 94A;
40B2 : 94A;
40B3 : 94A;
40B4 : 94A;
40B5 : 94A;
40B6 : 94A;
40B7 : 94A;
40B8 : 94A;
40B9 : 94A;
40BA : 93A;
40BB : 93A;
40BC : 939;
40BD : 93A;
40BE : 94A;
40BF : 93A;
40C0 : 839;
40C1 : 939;
40C2 : 939;
40C3 : 93A;
40C4 : 93A;
40C5 : 93A;
40C6 : 93A;
40C7 : 939;
40C8 : 939;
40C9 : 939;
40CA : 94A;
40CB : 94A;
40CC : 94A;
40CD : 93A;
40CE : 93A;
40CF : 93A;
40D0 : 93A;
40D1 : 93A;
40D2 : 93A;
40D3 : 94A;
40D4 : 94A;
40D5 : 94A;
40D6 : 93A;
40D7 : 93A;
40D8 : 93A;
40D9 : 93A;
40DA : 93A;
40DB : 94A;
40DC : A5B;
40DD : 94A;
40DE : 93A;
40DF : A5A;
40E0 : A4A;
40E1 : 93A;
40E2 : 94A;
40E3 : A5A;
40E4 : 94A;
40E5 : 93A;
40E6 : 93A;
40E7 : 93A;
40E8 : 93A;
40E9 : 93A;
40EA : 93A;
40EB : 93A;
40EC : 93A;
40ED : 93A;
40EE : 93A;
40EF : 83A;
40F0 : 83A;
40F1 : 83A;
40F2 : 83A;
40F3 : 83A;
40F4 : 839;
40F5 : 839;
40F6 : 839;
40F7 : 839;
40F8 : 839;
40F9 : 839;
40FA : 83A;
40FB : 83A;
40FC : 83A;
40FD : 83A;
40FE : 83A;
40FF : 83A;
4100 : 93A;
4101 : 93A;
4102 : 93A;
4103 : 93A;
4104 : 94A;
4105 : 94A;
4106 : 94A;
4107 : 94A;
4108 : 94A;
4109 : 94A;
410A : C5B;
410B : D6B;
410C : D6B;
410D : D6B;
410E : D6B;
410F : D6B;
4110 : D6B;
4111 : D6B;
4112 : D6B;
4113 : D6B;
4114 : C5A;
4115 : 93A;
4116 : 93A;
4117 : 94A;
4118 : 94A;
4119 : 94A;
411A : 94A;
411B : 94A;
411C : 94A;
411D : 94A;
411E : 94A;
411F : 94A;
4120 : 94A;
4121 : 94A;
4122 : B5A;
4123 : D6B;
4124 : D6B;
4125 : D6B;
4126 : D6B;
4127 : D6B;
4128 : D6B;
4129 : D6B;
412A : D6B;
412B : D6B;
412C : D6B;
412D : D6B;
412E : D6B;
412F : D6B;
4130 : B5A;
4131 : 94A;
4132 : 94A;
4133 : 94A;
4134 : 94A;
4135 : 93A;
4136 : 93A;
4137 : 93A;
4138 : 93A;
4139 : 94A;
413A : 94A;
413B : 94A;
413C : 94A;
413D : 94A;
413E : 94A;
413F : 94A;
4140 : 94A;
4141 : 94A;
4142 : 94A;
4143 : 93A;
4144 : 939;
4145 : 93A;
4146 : 94A;
4147 : 93A;
4148 : 939;
4149 : 93A;
414A : 93A;
414B : 93A;
414C : 93A;
414D : 93A;
414E : 93A;
414F : 93A;
4150 : 94A;
4151 : 94A;
4152 : 94A;
4153 : 94A;
4154 : 94A;
4155 : 94A;
4156 : 94A;
4157 : 94A;
4158 : 94A;
4159 : 94A;
415A : 94A;
415B : 94A;
415C : 94A;
415D : B6A;
415E : E9B;
415F : E9A;
4160 : E9A;
4161 : E9B;
4162 : EAB;
4163 : FA9;
4164 : FA5;
4165 : FA0;
4166 : FA0;
4167 : FA0;
4168 : FA0;
4169 : FA0;
416A : FA0;
416B : FA0;
416C : FA0;
416D : FA0;
416E : FA0;
416F : FA1;
4170 : FB1;
4171 : FB2;
4172 : FC2;
4173 : FC2;
4174 : FC2;
4175 : FC2;
4176 : FC2;
4177 : FC2;
4178 : FC2;
4179 : FC2;
417A : FC2;
417B : FA1;
417C : FA1;
417D : FB2;
417E : FB2;
417F : FB2;
4180 : FB2;
4181 : FB2;
4182 : FA1;
4183 : FA1;
4184 : FA1;
4185 : FA1;
4186 : FA1;
4187 : FA0;
4188 : FA0;
4189 : FA0;
418A : FA0;
418B : FA0;
418C : F90;
418D : F90;
418E : F90;
418F : F90;
4190 : F90;
4191 : F90;
4192 : FA0;
4193 : F90;
4194 : F90;
4195 : F90;
4196 : F90;
4197 : F90;
4198 : D74;
4199 : B58;
419A : D75;
419B : E82;
419C : F90;
419D : E82;
419E : B58;
419F : B58;
41A0 : A58;
41A1 : 949;
41A2 : 94A;
41A3 : 94A;
41A4 : 94A;
41A5 : 94A;
41A6 : 94A;
41A7 : 94A;
41A8 : 94A;
41A9 : 93A;
41AA : 93A;
41AB : 93A;
41AC : 94A;
41AD : 93A;
41AE : 93A;
41AF : 93A;
41B0 : 94A;
41B1 : 94A;
41B2 : 94A;
41B3 : A4A;
41B4 : 94A;
41B5 : 94A;
41B6 : 94A;
41B7 : 94A;
41B8 : 94A;
41B9 : 94A;
41BA : 94A;
41BB : 94A;
41BC : 94A;
41BD : 94A;
41BE : 94A;
41BF : 94A;
41C0 : 94A;
41C1 : 93A;
41C2 : 94A;
41C3 : 94A;
41C4 : 94A;
41C5 : 93A;
41C6 : 939;
41C7 : 93A;
41C8 : 93A;
41C9 : 93A;
41CA : 93A;
41CB : 93A;
41CC : 93A;
41CD : 939;
41CE : 93A;
41CF : 94A;
41D0 : 94A;
41D1 : 94A;
41D2 : 94A;
41D3 : 94A;
41D4 : 94A;
41D5 : 94A;
41D6 : 94A;
41D7 : 94A;
41D8 : 93A;
41D9 : 93A;
41DA : 93A;
41DB : 94A;
41DC : 93A;
41DD : 93A;
41DE : 93A;
41DF : 94A;
41E0 : A4A;
41E1 : 94A;
41E2 : 94A;
41E3 : A4A;
41E4 : A4A;
41E5 : 94A;
41E6 : 94A;
41E7 : A4A;
41E8 : 94A;
41E9 : 94A;
41EA : 94A;
41EB : 94A;
41EC : 93A;
41ED : A4A;
41EE : A4B;
41EF : 94A;
41F0 : 94A;
41F1 : 94A;
41F2 : 93A;
41F3 : 839;
41F4 : 83A;
41F5 : 83A;
41F6 : 83A;
41F7 : 83A;
41F8 : 83A;
41F9 : 83A;
41FA : 83A;
41FB : 83A;
41FC : 83A;
41FD : 83A;
41FE : 83A;
41FF : 83A;
4200 : 83A;
4201 : 83A;
4202 : 83A;
4203 : 83A;
4204 : 94A;
4205 : 94A;
4206 : 94A;
4207 : 94A;
4208 : 94A;
4209 : 94A;
420A : 94A;
420B : A4A;
420C : 94A;
420D : 94A;
420E : C6B;
420F : E7B;
4210 : E7B;
4211 : D6B;
4212 : D6B;
4213 : D6B;
4214 : D6B;
4215 : D6B;
4216 : D6B;
4217 : D6B;
4218 : C6B;
4219 : 939;
421A : 93A;
421B : 94A;
421C : 94A;
421D : 94A;
421E : 94A;
421F : 94A;
4220 : 94A;
4221 : 94A;
4222 : 94A;
4223 : 94A;
4224 : 94A;
4225 : A4A;
4226 : B5A;
4227 : E6B;
4228 : E6B;
4229 : E6B;
422A : E6B;
422B : E6B;
422C : E6B;
422D : E6B;
422E : E6B;
422F : E6B;
4230 : E6B;
4231 : E6B;
4232 : E6B;
4233 : D6B;
4234 : C5A;
4235 : A4A;
4236 : 94A;
4237 : 94A;
4238 : 94A;
4239 : 94A;
423A : 94A;
423B : 94A;
423C : 94A;
423D : 94A;
423E : 94A;
423F : 94A;
4240 : 94A;
4241 : 94A;
4242 : 94A;
4243 : 94A;
4244 : 94A;
4245 : 94A;
4246 : 94A;
4247 : 93A;
4248 : 93A;
4249 : 94A;
424A : 94A;
424B : 93A;
424C : 93A;
424D : 93A;
424E : 93A;
424F : 93A;
4250 : 93A;
4251 : 93A;
4252 : 93A;
4253 : 93A;
4254 : A4A;
4255 : A4A;
4256 : A4A;
4257 : A4A;
4258 : A4A;
4259 : A4A;
425A : 94A;
425B : 94A;
425C : 94A;
425D : A4A;
425E : 94A;
425F : 94A;
4260 : 94A;
4261 : C6B;
4262 : FAB;
4263 : FAB;
4264 : FAB;
4265 : FAB;
4266 : FAB;
4267 : FAC;
4268 : FA7;
4269 : F93;
426A : FA1;
426B : FA0;
426C : FA0;
426D : FA0;
426E : FA0;
426F : FA0;
4270 : FA0;
4271 : F90;
4272 : F90;
4273 : FA1;
4274 : FB1;
4275 : FC2;
4276 : FB2;
4277 : FB2;
4278 : FC2;
4279 : FB2;
427A : FB2;
427B : FB2;
427C : FB2;
427D : FB2;
427E : FB2;
427F : FA1;
4280 : FA1;
4281 : FB2;
4282 : FB2;
4283 : FB2;
4284 : FC2;
4285 : FC2;
4286 : FA1;
4287 : FA0;
4288 : FA1;
4289 : FA1;
428A : FA1;
428B : FA0;
428C : FA0;
428D : FA0;
428E : FA0;
428F : FA0;
4290 : F90;
4291 : F90;
4292 : F90;
4293 : F90;
4294 : F90;
4295 : F90;
4296 : FA0;
4297 : F90;
4298 : F91;
4299 : F82;
429A : F83;
429B : E83;
429C : C67;
429D : 94A;
429E : D76;
429F : F82;
42A0 : E83;
42A1 : D75;
42A2 : A4A;
42A3 : 94A;
42A4 : 94A;
42A5 : 94A;
42A6 : 94A;
42A7 : 94A;
42A8 : 94A;
42A9 : 94A;
42AA : 94A;
42AB : 94A;
42AC : 94A;
42AD : 94A;
42AE : 93A;
42AF : 93A;
42B0 : 94A;
42B1 : 94A;
42B2 : A4A;
42B3 : 94A;
42B4 : 94A;
42B5 : 94A;
42B6 : 94A;
42B7 : A4A;
42B8 : 94A;
42B9 : 94A;
42BA : 94A;
42BB : 94A;
42BC : 94A;
42BD : 94A;
42BE : 94A;
42BF : 94A;
42C0 : 94A;
42C1 : 94A;
42C2 : 94A;
42C3 : 94A;
42C4 : 94A;
42C5 : 94A;
42C6 : 94A;
42C7 : 94A;
42C8 : 94A;
42C9 : 93A;
42CA : 93A;
42CB : 93A;
42CC : 94A;
42CD : 93A;
42CE : 93A;
42CF : 93A;
42D0 : 93A;
42D1 : 939;
42D2 : 93A;
42D3 : 94A;
42D4 : 94A;
42D5 : 94A;
42D6 : A4A;
42D7 : A4A;
42D8 : 94A;
42D9 : 94A;
42DA : 94A;
42DB : 94A;
42DC : 93A;
42DD : 939;
42DE : 93A;
42DF : 94A;
42E0 : 94A;
42E1 : 94A;
42E2 : 94A;
42E3 : 94A;
42E4 : 94A;
42E5 : 94A;
42E6 : 94A;
42E7 : 94A;
42E8 : 94A;
42E9 : 94A;
42EA : 94A;
42EB : 94A;
42EC : 94A;
42ED : A4A;
42EE : A4A;
42EF : A4A;
42F0 : A4A;
42F1 : A4A;
42F2 : A5B;
42F3 : A4A;
42F4 : 94A;
42F5 : 94A;
42F6 : 93A;
42F7 : 93A;
42F8 : 93A;
42F9 : 93A;
42FA : 93A;
42FB : 93A;
42FC : 93A;
42FD : 93A;
42FE : 93A;
42FF : 93A;
4300 : 93A;
4301 : 93A;
4302 : 93A;
4303 : 93A;
4304 : 93A;
4305 : 93A;
4306 : 93A;
4307 : 93A;
4308 : 94A;
4309 : 94A;
430A : 94A;
430B : 94A;
430C : 94A;
430D : 94A;
430E : A4A;
430F : A5B;
4310 : A4A;
4311 : 94A;
4312 : A4A;
4313 : B5A;
4314 : A4A;
4315 : A4A;
4316 : A4A;
4317 : A4A;
4318 : A4A;
4319 : A4A;
431A : A4A;
431B : A4A;
431C : A4A;
431D : 94A;
431E : A4A;
431F : A4A;
4320 : 94A;
4321 : 94A;
4322 : 94A;
4323 : 94A;
4324 : 94A;
4325 : 94A;
4326 : 94A;
4327 : 94A;
4328 : A4A;
4329 : A5A;
432A : B5A;
432B : B5A;
432C : B5A;
432D : B5A;
432E : B5A;
432F : B5A;
4330 : A4A;
4331 : A4A;
4332 : A4A;
4333 : A4A;
4334 : A4A;
4335 : A4A;
4336 : A4A;
4337 : A4A;
4338 : A4A;
4339 : A5B;
433A : A4A;
433B : 94A;
433C : 94A;
433D : 94A;
433E : 94A;
433F : 94A;
4340 : 94A;
4341 : 94A;
4342 : 94A;
4343 : 94A;
4344 : 94A;
4345 : 94A;
4346 : 94A;
4347 : 94A;
4348 : 94A;
4349 : 94A;
434A : 94A;
434B : 94A;
434C : 94A;
434D : 94A;
434E : 94A;
434F : 94A;
4350 : 94A;
4351 : 94A;
4352 : 94A;
4353 : 94A;
4354 : A4A;
4355 : A5B;
4356 : 93A;
4357 : 93A;
4358 : A5B;
4359 : A5B;
435A : A5B;
435B : A5B;
435C : A5B;
435D : A5B;
435E : A4A;
435F : A4A;
4360 : A4A;
4361 : A5B;
4362 : A4A;
4363 : 94A;
4364 : 94A;
4365 : 94A;
4366 : A4A;
4367 : A4A;
4368 : 94A;
4369 : 949;
436A : A4A;
436B : 94A;
436C : 949;
436D : A49;
436E : E82;
436F : FA0;
4370 : FA0;
4371 : FA0;
4372 : FA0;
4373 : FA0;
4374 : FA0;
4375 : FA0;
4376 : FA0;
4377 : FB2;
4378 : FB2;
4379 : FA1;
437A : F90;
437B : F90;
437C : FA0;
437D : FA0;
437E : F90;
437F : F90;
4380 : F90;
4381 : F90;
4382 : F90;
4383 : F90;
4384 : F90;
4385 : F90;
4386 : F90;
4387 : FA1;
4388 : FB2;
4389 : FC2;
438A : FC2;
438B : FC2;
438C : FC2;
438D : FC2;
438E : FC2;
438F : FA0;
4390 : F90;
4391 : F90;
4392 : F90;
4393 : F90;
4394 : F90;
4395 : F90;
4396 : FA0;
4397 : FA0;
4398 : FA0;
4399 : FA0;
439A : FA0;
439B : FA0;
439C : FA2;
439D : A57;
439E : 949;
439F : 949;
43A0 : A4A;
43A1 : A5B;
43A2 : A49;
43A3 : A49;
43A4 : A49;
43A5 : A49;
43A6 : 94A;
43A7 : 94A;
43A8 : 94A;
43A9 : 94A;
43AA : 94A;
43AB : 94A;
43AC : 93A;
43AD : 939;
43AE : 93A;
43AF : 94A;
43B0 : 94A;
43B1 : 94A;
43B2 : 94A;
43B3 : 94A;
43B4 : 94A;
43B5 : A4A;
43B6 : A5B;
43B7 : 94A;
43B8 : 94A;
43B9 : 94A;
43BA : A4A;
43BB : A5B;
43BC : A4A;
43BD : 94A;
43BE : 94A;
43BF : 94A;
43C0 : 94A;
43C1 : 94A;
43C2 : 94A;
43C3 : 94A;
43C4 : 94A;
43C5 : 94A;
43C6 : 94A;
43C7 : 94A;
43C8 : A4A;
43C9 : 94A;
43CA : 94A;
43CB : 94A;
43CC : 94A;
43CD : 94A;
43CE : 94A;
43CF : 94A;
43D0 : 94A;
43D1 : 94A;
43D2 : 94A;
43D3 : 94A;
43D4 : 94A;
43D5 : 94A;
43D6 : 93A;
43D7 : 839;
43D8 : 93A;
43D9 : 93A;
43DA : 94A;
43DB : 94A;
43DC : 94A;
43DD : 94A;
43DE : 94A;
43DF : 94A;
43E0 : 94A;
43E1 : 94A;
43E2 : 94A;
43E3 : 94A;
43E4 : 94A;
43E5 : 94A;
43E6 : 94A;
43E7 : 94A;
43E8 : 94A;
43E9 : 94A;
43EA : 94A;
43EB : 94A;
43EC : 94A;
43ED : 94A;
43EE : 94A;
43EF : 94A;
43F0 : A4A;
43F1 : A5A;
43F2 : A5A;
43F3 : A5A;
43F4 : A5A;
43F5 : A5A;
43F6 : A5A;
43F7 : A5A;
43F8 : A5A;
43F9 : A5A;
43FA : A4A;
43FB : 94A;
43FC : 94A;
43FD : 94A;
43FE : 94A;
43FF : 94A;
4400 : 94A;
4401 : 94A;
4402 : 94A;
4403 : 94A;
4404 : 94A;
4405 : 94A;
4406 : 94A;
4407 : 94A;
4408 : 94A;
4409 : 94A;
440A : 94A;
440B : 94A;
440C : 94A;
440D : 94A;
440E : 94A;
440F : 94A;
4410 : 94A;
4411 : 94A;
4412 : A4A;
4413 : A4A;
4414 : A4A;
4415 : A4A;
4416 : A5B;
4417 : A5B;
4418 : A4A;
4419 : A4A;
441A : A4A;
441B : A4A;
441C : A4A;
441D : A4A;
441E : A4A;
441F : A4A;
4420 : A4A;
4421 : 94A;
4422 : 94A;
4423 : 94A;
4424 : 94A;
4425 : 94A;
4426 : A4A;
4427 : A4A;
4428 : 94A;
4429 : A4A;
442A : A4A;
442B : A4A;
442C : A4A;
442D : A5A;
442E : A5A;
442F : A5A;
4430 : A5A;
4431 : A5A;
4432 : A5A;
4433 : A4A;
4434 : 94A;
4435 : A4A;
4436 : A4A;
4437 : A4A;
4438 : A4A;
4439 : A4A;
443A : A4A;
443B : 94A;
443C : A4A;
443D : A4B;
443E : A4A;
443F : 94A;
4440 : 94A;
4441 : 94A;
4442 : 94A;
4443 : 94A;
4444 : 94A;
4445 : 94A;
4446 : 94A;
4447 : 94A;
4448 : 94A;
4449 : 94A;
444A : A4A;
444B : A4A;
444C : A4A;
444D : A4A;
444E : A4A;
444F : A4A;
4450 : 94A;
4451 : 94A;
4452 : 94A;
4453 : A4A;
4454 : A4A;
4455 : 94A;
4456 : 93A;
4457 : 93A;
4458 : A4A;
4459 : A4A;
445A : 93A;
445B : 93A;
445C : A4B;
445D : A4B;
445E : A4A;
445F : A4A;
4460 : A4A;
4461 : A5B;
4462 : A5A;
4463 : A4A;
4464 : A5A;
4465 : A5B;
4466 : A4A;
4467 : A4A;
4468 : A4A;
4469 : A4A;
446A : A4A;
446B : 94A;
446C : 94A;
446D : 94A;
446E : 94A;
446F : A4A;
4470 : 94A;
4471 : 94B;
4472 : C77;
4473 : D85;
4474 : E86;
4475 : E93;
4476 : FA0;
4477 : FA0;
4478 : FA0;
4479 : FA0;
447A : FA0;
447B : FB1;
447C : FB1;
447D : FA0;
447E : FA0;
447F : F90;
4480 : FA0;
4481 : FA0;
4482 : F90;
4483 : F90;
4484 : F90;
4485 : F90;
4486 : F90;
4487 : F90;
4488 : F90;
4489 : F90;
448A : F90;
448B : F90;
448C : FA1;
448D : FB1;
448E : FB1;
448F : FB1;
4490 : FB2;
4491 : FB1;
4492 : FB1;
4493 : FA0;
4494 : F90;
4495 : F90;
4496 : F90;
4497 : F90;
4498 : FA0;
4499 : F90;
449A : F90;
449B : FA0;
449C : FA0;
449D : FA0;
449E : FA0;
449F : FA0;
44A0 : FA2;
44A1 : C65;
44A2 : C66;
44A3 : C66;
44A4 : B58;
44A5 : A4B;
44A6 : A4A;
44A7 : 94A;
44A8 : 94A;
44A9 : 94A;
44AA : 94A;
44AB : 94A;
44AC : 94A;
44AD : 94A;
44AE : 94A;
44AF : 94A;
44B0 : 94A;
44B1 : 93A;
44B2 : 93A;
44B3 : 94A;
44B4 : 94A;
44B5 : 94A;
44B6 : A4A;
44B7 : A4A;
44B8 : 94A;
44B9 : A4A;
44BA : A4A;
44BB : 94A;
44BC : 94A;
44BD : 94A;
44BE : A4A;
44BF : A5B;
44C0 : A5A;
44C1 : A4A;
44C2 : A4A;
44C3 : A4A;
44C4 : A4A;
44C5 : A4A;
44C6 : A4A;
44C7 : A4A;
44C8 : A4A;
44C9 : 94A;
44CA : 94A;
44CB : 94A;
44CC : 94A;
44CD : 94A;
44CE : 94A;
44CF : 94A;
44D0 : 94A;
44D1 : 94A;
44D2 : 94A;
44D3 : A4A;
44D4 : A4A;
44D5 : 94A;
44D6 : 94A;
44D7 : 94A;
44D8 : 94A;
44D9 : 94A;
44DA : 93A;
44DB : 93A;
44DC : 93A;
44DD : 93A;
44DE : 94A;
44DF : 94A;
44E0 : 94A;
44E1 : 94A;
44E2 : 94A;
44E3 : 94A;
44E4 : 94A;
44E5 : A4A;
44E6 : A4A;
44E7 : A4A;
44E8 : A4A;
44E9 : A4A;
44EA : A4A;
44EB : A4A;
44EC : A4A;
44ED : A4A;
44EE : 94A;
44EF : A4A;
44F0 : A4A;
44F1 : 94A;
44F2 : 94A;
44F3 : 94A;
44F4 : A4A;
44F5 : A4A;
44F6 : A4A;
44F7 : A4A;
44F8 : A4A;
44F9 : A5A;
44FA : A5A;
44FB : A4A;
44FC : A4A;
44FD : A4A;
44FE : A4A;
44FF : A4A;
4500 : A4A;
4501 : 94A;
4502 : 94A;
4503 : 94A;
4504 : 94A;
4505 : 94A;
4506 : 94A;
4507 : 94A;
4508 : 94A;
4509 : A4A;
450A : A4A;
450B : A4A;
450C : A4A;
450D : A4A;
450E : A4A;
450F : A4A;
4510 : 94A;
4511 : 94A;
4512 : 94A;
4513 : 94A;
4514 : 94A;
4515 : 94A;
4516 : 94A;
4517 : 94A;
4518 : A4A;
4519 : A5B;
451A : A5B;
451B : A5B;
451C : A5B;
451D : A5B;
451E : A5A;
451F : A5A;
4520 : A5A;
4521 : A5A;
4522 : A5A;
4523 : A5A;
4524 : A4A;
4525 : 94A;
4526 : 94A;
4527 : 94A;
4528 : 94A;
4529 : A4A;
452A : A5B;
452B : A4A;
452C : 94A;
452D : A4A;
452E : A5A;
452F : A5A;
4530 : A5A;
4531 : 94A;
4532 : 94A;
4533 : 94A;
4534 : 94A;
4535 : 94A;
4536 : 94A;
4537 : 94A;
4538 : 94A;
4539 : A4A;
453A : A5A;
453B : A5A;
453C : A5A;
453D : A5A;
453E : A5A;
453F : 94A;
4540 : 94A;
4541 : 94A;
4542 : 94A;
4543 : 94A;
4544 : 94A;
4545 : 94A;
4546 : 94A;
4547 : 94A;
4548 : 94A;
4549 : 94A;
454A : 94A;
454B : 94A;
454C : 94A;
454D : 94A;
454E : A4A;
454F : A5B;
4550 : A5B;
4551 : A5B;
4552 : A5B;
4553 : A4A;
4554 : 94A;
4555 : 94A;
4556 : 94A;
4557 : A5A;
4558 : A5A;
4559 : 94A;
455A : 93A;
455B : 839;
455C : 93A;
455D : 94A;
455E : 93A;
455F : 93A;
4560 : 94A;
4561 : 94A;
4562 : 94A;
4563 : 94A;
4564 : A4A;
4565 : A5A;
4566 : A5B;
4567 : A5B;
4568 : A5B;
4569 : A5B;
456A : A5A;
456B : A5B;
456C : A5A;
456D : A5B;
456E : A5B;
456F : A4A;
4570 : 94A;
4571 : 94A;
4572 : A4A;
4573 : A5A;
4574 : A4A;
4575 : A4A;
4576 : 94A;
4577 : A49;
4578 : B5A;
4579 : C66;
457A : F91;
457B : F90;
457C : F90;
457D : FA0;
457E : FA0;
457F : FA0;
4580 : FA0;
4581 : FA0;
4582 : FA0;
4583 : FA0;
4584 : FA0;
4585 : FA0;
4586 : FA0;
4587 : FA0;
4588 : FA0;
4589 : FA0;
458A : FA0;
458B : FA0;
458C : FA0;
458D : FA0;
458E : F90;
458F : F90;
4590 : F90;
4591 : F90;
4592 : F90;
4593 : FA0;
4594 : FA1;
4595 : F90;
4596 : F90;
4597 : FA0;
4598 : FA0;
4599 : FA0;
459A : FA0;
459B : FA0;
459C : FA0;
459D : FA0;
459E : F90;
459F : F90;
45A0 : FA0;
45A1 : F90;
45A2 : F91;
45A3 : F90;
45A4 : F90;
45A5 : F91;
45A6 : F91;
45A7 : F92;
45A8 : D75;
45A9 : 94A;
45AA : 94A;
45AB : 94A;
45AC : 94A;
45AD : 94A;
45AE : 94A;
45AF : 94A;
45B0 : 94A;
45B1 : 94A;
45B2 : 94A;
45B3 : 94A;
45B4 : 94A;
45B5 : 94A;
45B6 : 94A;
45B7 : 94A;
45B8 : 94A;
45B9 : 94A;
45BA : A5A;
45BB : A4A;
45BC : 94A;
45BD : 94A;
45BE : 94A;
45BF : A4A;
45C0 : A4A;
45C1 : A4A;
45C2 : A4A;
45C3 : A5B;
45C4 : A5A;
45C5 : A5A;
45C6 : A5B;
45C7 : A5B;
45C8 : A5B;
45C9 : A5B;
45CA : A5B;
45CB : A5B;
45CC : A5B;
45CD : 94A;
45CE : 94A;
45CF : A4A;
45D0 : A4A;
45D1 : A4A;
45D2 : 94A;
45D3 : 94A;
45D4 : 94A;
45D5 : 94A;
45D6 : 94A;
45D7 : A4A;
45D8 : A5B;
45D9 : 94A;
45DA : 94A;
45DB : 94A;
45DC : 94A;
45DD : 94A;
45DE : 94A;
45DF : A4A;
45E0 : 94A;
45E1 : 94A;
45E2 : 94A;
45E3 : 94A;
45E4 : 94A;
45E5 : 94A;
45E6 : 94A;
45E7 : 94A;
45E8 : A4A;
45E9 : A5B;
45EA : A5B;
45EB : A5B;
45EC : A5B;
45ED : A5B;
45EE : A5B;
45EF : A5B;
45F0 : A5B;
45F1 : A4A;
45F2 : 94A;
45F3 : A5A;
45F4 : A5A;
45F5 : A4A;
45F6 : A4A;
45F7 : 94A;
45F8 : 94A;
45F9 : 94A;
45FA : 94A;
45FB : 94A;
45FC : 94A;
45FD : A4A;
45FE : A5B;
45FF : A4A;
4600 : 94A;
4601 : 94A;
4602 : A4A;
4603 : A5B;
4604 : A4A;
4605 : 94A;
4606 : 94A;
4607 : 94A;
4608 : 94A;
4609 : 94A;
460A : 94A;
460B : 94A;
460C : A4A;
460D : A5A;
460E : A5B;
460F : A5A;
4610 : B5A;
4611 : B5A;
4612 : B5A;
4613 : B5A;
4614 : 94A;
4615 : 94A;
4616 : 94A;
4617 : 94A;
4618 : 94A;
4619 : 94A;
461A : A4A;
461B : A5A;
461C : A5B;
461D : A5B;
461E : A5A;
461F : A4A;
4620 : A4A;
4621 : A4A;
4622 : A4A;
4623 : A4A;
4624 : A4A;
4625 : A5A;
4626 : A5A;
4627 : B5A;
4628 : A5A;
4629 : A4A;
462A : A5A;
462B : A5A;
462C : 94A;
462D : 94A;
462E : A4A;
462F : A4A;
4630 : 94A;
4631 : A4A;
4632 : A5A;
4633 : A4A;
4634 : A4A;
4635 : 94A;
4636 : 94A;
4637 : 94A;
4638 : 94A;
4639 : 94A;
463A : 94A;
463B : 94A;
463C : 94A;
463D : A4A;
463E : A4A;
463F : A4A;
4640 : A4A;
4641 : A4A;
4642 : A4A;
4643 : 94A;
4644 : A4A;
4645 : A4B;
4646 : A4A;
4647 : A4A;
4648 : A4A;
4649 : A4A;
464A : 94A;
464B : 94A;
464C : 94A;
464D : A4A;
464E : A4A;
464F : 94A;
4650 : 94A;
4651 : 94A;
4652 : A4A;
4653 : A4A;
4654 : A4A;
4655 : A4A;
4656 : A4A;
4657 : 94A;
4658 : 94A;
4659 : A4A;
465A : A5A;
465B : A5A;
465C : A5A;
465D : 94A;
465E : A4A;
465F : A4A;
4660 : A4A;
4661 : A4A;
4662 : 94A;
4663 : 94A;
4664 : A5A;
4665 : A4A;
4666 : A4A;
4667 : A4A;
4668 : A5A;
4669 : A5A;
466A : A5B;
466B : A5B;
466C : A5B;
466D : A4A;
466E : A4A;
466F : A4A;
4670 : A5A;
4671 : A5A;
4672 : A4A;
4673 : A4A;
4674 : A4A;
4675 : 94A;
4676 : 94A;
4677 : A4A;
4678 : C67;
4679 : D74;
467A : D75;
467B : E75;
467C : E75;
467D : E83;
467E : F90;
467F : F90;
4680 : F90;
4681 : FA0;
4682 : FA0;
4683 : FA0;
4684 : F90;
4685 : F90;
4686 : F90;
4687 : F90;
4688 : FB1;
4689 : FB2;
468A : FB2;
468B : FA1;
468C : F90;
468D : FB1;
468E : FB1;
468F : FB1;
4690 : FB1;
4691 : FB1;
4692 : FB2;
4693 : FB1;
4694 : FB1;
4695 : FA1;
4696 : FA0;
4697 : FA1;
4698 : FB2;
4699 : FB1;
469A : FB1;
469B : FB2;
469C : FB1;
469D : FA1;
469E : FA1;
469F : FB1;
46A0 : FB1;
46A1 : FA0;
46A2 : FB1;
46A3 : FB1;
46A4 : FB1;
46A5 : E94;
46A6 : B66;
46A7 : E82;
46A8 : F92;
46A9 : C65;
46AA : C67;
46AB : C67;
46AC : B58;
46AD : 94A;
46AE : A4A;
46AF : A4A;
46B0 : A4A;
46B1 : A5A;
46B2 : A5B;
46B3 : A5B;
46B4 : A5A;
46B5 : A5A;
46B6 : A5A;
46B7 : A5A;
46B8 : A4A;
46B9 : A4A;
46BA : A4A;
46BB : 94A;
46BC : 94A;
46BD : 94A;
46BE : A5A;
46BF : A4A;
46C0 : 94A;
46C1 : 94A;
46C2 : A4A;
46C3 : A4A;
46C4 : A4A;
46C5 : A4A;
46C6 : A5A;
46C7 : A5B;
46C8 : A5A;
46C9 : A5A;
46CA : A5A;
46CB : A5A;
46CC : A4A;
46CD : A4A;
46CE : A4A;
46CF : A4A;
46D0 : A4A;
46D1 : 94A;
46D2 : A4A;
46D3 : A4A;
46D4 : A5B;
46D5 : A5B;
46D6 : A4A;
46D7 : A4A;
46D8 : A4A;
46D9 : A4A;
46DA : 94A;
46DB : A4A;
46DC : A4A;
46DD : A4B;
46DE : A5B;
46DF : A4B;
46E0 : A4B;
46E1 : A4B;
46E2 : A4A;
46E3 : A4A;
46E4 : A4A;
46E5 : A4A;
46E6 : A4B;
46E7 : A4B;
46E8 : A4A;
46E9 : A4B;
46EA : A4B;
46EB : 94A;
46EC : 94A;
46ED : A4A;
46EE : A5B;
46EF : A5B;
46F0 : A5A;
46F1 : A5A;
46F2 : A5B;
46F3 : A5B;
46F4 : A5B;
46F5 : A5A;
46F6 : A4A;
46F7 : A5B;
46F8 : A5B;
46F9 : A4A;
46FA : A5B;
46FB : A4B;
46FC : A4A;
46FD : 94A;
46FE : A4A;
46FF : A4A;
4700 : 94A;
4701 : A4A;
4702 : A5A;
4703 : A4A;
4704 : 94A;
4705 : 94A;
4706 : A4A;
4707 : A5B;
4708 : A4A;
4709 : 94A;
470A : A4B;
470B : A4B;
470C : A4B;
470D : A4B;
470E : A4B;
470F : A4B;
4710 : A4B;
4711 : A5B;
4712 : A5A;
4713 : A5A;
4714 : C5B;
4715 : D6B;
4716 : D6B;
4717 : D6B;
4718 : 94A;
4719 : 94A;
471A : 94A;
471B : 94A;
471C : 94A;
471D : 94A;
471E : A4A;
471F : A5B;
4720 : A5B;
4721 : A5B;
4722 : A4A;
4723 : 94A;
4724 : 94A;
4725 : 94A;
4726 : 94A;
4727 : 94A;
4728 : 94A;
4729 : A5A;
472A : B5A;
472B : B5A;
472C : A5A;
472D : A5A;
472E : A5A;
472F : A5B;
4730 : A4A;
4731 : 94A;
4732 : A4A;
4733 : A4A;
4734 : 94A;
4735 : A4A;
4736 : A5A;
4737 : A4A;
4738 : A4A;
4739 : A4A;
473A : A4A;
473B : 94A;
473C : 94A;
473D : 94A;
473E : 94A;
473F : 94A;
4740 : 94A;
4741 : 94A;
4742 : 94A;
4743 : A4A;
4744 : A4A;
4745 : A4A;
4746 : 94A;
4747 : 94A;
4748 : A4A;
4749 : A5A;
474A : A4A;
474B : A4A;
474C : A5B;
474D : A4A;
474E : 94A;
474F : 94A;
4750 : 94A;
4751 : A4A;
4752 : A5B;
4753 : 94A;
4754 : 94A;
4755 : 94A;
4756 : 94A;
4757 : 94A;
4758 : 94A;
4759 : 94A;
475A : 94A;
475B : 94A;
475C : 94A;
475D : A5A;
475E : A5A;
475F : A5A;
4760 : A5A;
4761 : 94A;
4762 : A4A;
4763 : B5B;
4764 : A5B;
4765 : A5B;
4766 : 94A;
4767 : A4A;
4768 : A5B;
4769 : A5A;
476A : A5A;
476B : A5A;
476C : A5A;
476D : A5A;
476E : A5A;
476F : A5B;
4770 : A4A;
4771 : 94A;
4772 : 94A;
4773 : A4A;
4774 : A5A;
4775 : A4A;
4776 : A4A;
4777 : A4A;
4778 : A5B;
4779 : A4A;
477A : 94A;
477B : 94A;
477C : C66;
477D : F92;
477E : F90;
477F : F90;
4780 : F92;
4781 : F91;
4782 : F90;
4783 : F91;
4784 : FA2;
4785 : FA1;
4786 : FA0;
4787 : F90;
4788 : F90;
4789 : F90;
478A : F90;
478B : F90;
478C : FB2;
478D : FC2;
478E : FC2;
478F : FA1;
4790 : F90;
4791 : FB1;
4792 : FC2;
4793 : FC2;
4794 : FC2;
4795 : FC2;
4796 : FC2;
4797 : FC2;
4798 : FC2;
4799 : FB2;
479A : FA0;
479B : FA1;
479C : FC2;
479D : FC2;
479E : FC2;
479F : FC2;
47A0 : FB2;
47A1 : FA1;
47A2 : FA1;
47A3 : FB2;
47A4 : FB1;
47A5 : FA0;
47A6 : FB1;
47A7 : FB2;
47A8 : FC2;
47A9 : D96;
47AA : A48;
47AB : D84;
47AC : FA2;
47AD : B57;
47AE : A49;
47AF : A5A;
47B0 : A4A;
47B1 : 94A;
47B2 : A5A;
47B3 : A5B;
47B4 : A5B;
47B5 : A5B;
47B6 : A5B;
47B7 : A5B;
47B8 : A5A;
47B9 : A5A;
47BA : A5A;
47BB : A5A;
47BC : A5A;
47BD : A5B;
47BE : A4A;
47BF : 94A;
47C0 : 94A;
47C1 : A4A;
47C2 : A5B;
47C3 : A4A;
47C4 : 94A;
47C5 : 94A;
47C6 : 94A;
47C7 : A5B;
47C8 : A5B;
47C9 : A5B;
47CA : A5B;
47CB : A5B;
47CC : A5B;
47CD : A5B;
47CE : A5B;
47CF : A5A;
47D0 : A4A;
47D1 : 94A;
47D2 : 94A;
47D3 : A4A;
47D4 : A4A;
47D5 : 94A;
47D6 : A4A;
47D7 : A5A;
47D8 : A5B;
47D9 : A5B;
47DA : A5B;
47DB : A5B;
47DC : A5A;
47DD : A5A;
47DE : 94A;
47DF : 94A;
47E0 : 94A;
47E1 : A5B;
47E2 : A5B;
47E3 : A5B;
47E4 : A5B;
47E5 : A5B;
47E6 : A5B;
47E7 : A5A;
47E8 : A4A;
47E9 : A4A;
47EA : B5B;
47EB : A5A;
47EC : A49;
47ED : B5A;
47EE : B5A;
47EF : A49;
47F0 : A4A;
47F1 : 94A;
47F2 : A4A;
47F3 : A5A;
47F4 : A5A;
47F5 : A5A;
47F6 : A5A;
47F7 : A5A;
47F8 : A5B;
47F9 : A5B;
47FA : A5A;
47FB : B5A;
47FC : B5A;
47FD : B5A;
47FE : B5A;
47FF : A5B;
4800 : A4A;
4801 : A4A;
4802 : A5A;
4803 : A5A;
4804 : A4A;
4805 : A4A;
4806 : A5A;
4807 : A4A;
4808 : A4A;
4809 : 94A;
480A : A4A;
480B : B5A;
480C : A4A;
480D : 94A;
480E : A5A;
480F : B5A;
4810 : B5A;
4811 : B5A;
4812 : B5B;
4813 : B5A;
4814 : B5A;
4815 : B5A;
4816 : B5A;
4817 : B5A;
4818 : D6B;
4819 : E7B;
481A : E7B;
481B : E7B;
481C : A5A;
481D : A5A;
481E : A5A;
481F : A5A;
4820 : A5A;
4821 : A5A;
4822 : A5A;
4823 : A5A;
4824 : A5B;
4825 : A5B;
4826 : A5A;
4827 : A5B;
4828 : A5B;
4829 : A5B;
482A : A5B;
482B : A5B;
482C : A5A;
482D : C6B;
482E : D6B;
482F : B5A;
4830 : A4A;
4831 : A4A;
4832 : A4A;
4833 : 94A;
4834 : A5A;
4835 : A5A;
4836 : A5A;
4837 : A5A;
4838 : A5A;
4839 : A5A;
483A : A5B;
483B : A5A;
483C : A5A;
483D : A5B;
483E : A5B;
483F : A5B;
4840 : A5B;
4841 : A5B;
4842 : A5B;
4843 : A5B;
4844 : A5A;
4845 : A5A;
4846 : A5A;
4847 : A5A;
4848 : A5A;
4849 : A5A;
484A : A5A;
484B : A5A;
484C : A5A;
484D : A5A;
484E : A5B;
484F : A5B;
4850 : A5B;
4851 : A5A;
4852 : A5A;
4853 : A5A;
4854 : A5A;
4855 : A5A;
4856 : A5A;
4857 : A5A;
4858 : A5A;
4859 : A5A;
485A : A5A;
485B : A5A;
485C : A5A;
485D : A5A;
485E : A5A;
485F : A5A;
4860 : A5A;
4861 : A5B;
4862 : A5B;
4863 : A5A;
4864 : A5A;
4865 : A5A;
4866 : A5B;
4867 : A5B;
4868 : A5B;
4869 : A5B;
486A : A5B;
486B : A5A;
486C : A5A;
486D : A5A;
486E : A5A;
486F : A5A;
4870 : A5A;
4871 : A5A;
4872 : A5A;
4873 : A5A;
4874 : A5B;
4875 : A5B;
4876 : A5A;
4877 : A5A;
4878 : A5A;
4879 : A5A;
487A : A5A;
487B : A5A;
487C : A5A;
487D : A5A;
487E : A5A;
487F : A5B;
4880 : B59;
4881 : C58;
4882 : E82;
4883 : F91;
4884 : C68;
4885 : C75;
4886 : FA1;
4887 : D85;
4888 : B68;
4889 : F93;
488A : FA0;
488B : FA0;
488C : FA0;
488D : FA0;
488E : FA0;
488F : FA0;
4890 : FA1;
4891 : FA1;
4892 : FA1;
4893 : FA0;
4894 : FA0;
4895 : FA0;
4896 : FB1;
4897 : FA1;
4898 : FA1;
4899 : FA1;
489A : FA1;
489B : FA1;
489C : FA1;
489D : FA1;
489E : FA0;
489F : FA0;
48A0 : FA1;
48A1 : FA1;
48A2 : FA1;
48A3 : FA1;
48A4 : FA1;
48A5 : FA0;
48A6 : FA0;
48A7 : FA1;
48A8 : FA0;
48A9 : FA0;
48AA : FA0;
48AB : FA1;
48AC : FA0;
48AD : F92;
48AE : E83;
48AF : F91;
48B0 : F90;
48B1 : E82;
48B2 : D86;
48B3 : B5A;
48B4 : A5A;
48B5 : A5A;
48B6 : A5B;
48B7 : A5B;
48B8 : A5A;
48B9 : A5A;
48BA : A5A;
48BB : A5A;
48BC : A5A;
48BD : A5A;
48BE : A5A;
48BF : A5A;
48C0 : A5A;
48C1 : A5A;
48C2 : A5B;
48C3 : A5B;
48C4 : A5B;
48C5 : A5B;
48C6 : A5B;
48C7 : A5B;
48C8 : A5B;
48C9 : A5A;
48CA : A5A;
48CB : A5B;
48CC : A5B;
48CD : A5B;
48CE : A5B;
48CF : A5B;
48D0 : A5A;
48D1 : A5A;
48D2 : A5A;
48D3 : A5B;
48D4 : A5B;
48D5 : A5B;
48D6 : A5B;
48D7 : A5A;
48D8 : A5A;
48D9 : A5A;
48DA : A5A;
48DB : A5B;
48DC : A5B;
48DD : A5A;
48DE : A5B;
48DF : A5A;
48E0 : A5A;
48E1 : A5A;
48E2 : A5B;
48E3 : A5B;
48E4 : A5B;
48E5 : A5B;
48E6 : A5B;
48E7 : A5B;
48E8 : A5B;
48E9 : A5B;
48EA : A5B;
48EB : B5A;
48EC : E9C;
48ED : FAB;
48EE : FAB;
48EF : FAB;
48F0 : FAB;
48F1 : FAB;
48F2 : FAB;
48F3 : FAB;
48F4 : D8B;
48F5 : A5A;
48F6 : A5A;
48F7 : B5A;
48F8 : A5A;
48F9 : A5A;
48FA : A5A;
48FB : A5A;
48FC : A5A;
48FD : A5B;
48FE : B5A;
48FF : E9B;
4900 : FAB;
4901 : FAB;
4902 : D8B;
4903 : B5A;
4904 : D8B;
4905 : E9B;
4906 : B5A;
4907 : C6B;
4908 : F9C;
4909 : C7B;
490A : B5B;
490B : E8B;
490C : E9B;
490D : A5B;
490E : C6A;
490F : EAB;
4910 : C7B;
4911 : B5A;
4912 : E9B;
4913 : FAB;
4914 : FAB;
4915 : E8B;
4916 : D7B;
4917 : E8B;
4918 : E9B;
4919 : E7B;
491A : E7B;
491B : FAB;
491C : F8B;
491D : E7B;
491E : F9B;
491F : FAB;
4920 : B5A;
4921 : B5A;
4922 : A5A;
4923 : B5A;
4924 : B6A;
4925 : B5A;
4926 : A5A;
4927 : B6A;
4928 : B5A;
4929 : A5A;
492A : B5A;
492B : B6A;
492C : B6A;
492D : B6A;
492E : A5A;
492F : A5B;
4930 : B5A;
4931 : D6B;
4932 : D6B;
4933 : C5A;
4934 : B5A;
4935 : A4A;
4936 : A4A;
4937 : A4A;
4938 : B5A;
4939 : B5A;
493A : B5A;
493B : B5A;
493C : B5A;
493D : A5A;
493E : A5A;
493F : A5A;
4940 : A5A;
4941 : A5B;
4942 : A5A;
4943 : B5A;
4944 : B5A;
4945 : B5A;
4946 : B5A;
4947 : B5A;
4948 : B5A;
4949 : B5A;
494A : B5A;
494B : B5A;
494C : A5A;
494D : A5A;
494E : A5B;
494F : A5A;
4950 : A5B;
4951 : A5B;
4952 : A5A;
4953 : A5A;
4954 : A5A;
4955 : A5A;
4956 : B5A;
4957 : B5A;
4958 : B5A;
4959 : B5A;
495A : A5A;
495B : A5A;
495C : A5A;
495D : A5A;
495E : A5A;
495F : A5A;
4960 : A5B;
4961 : A5B;
4962 : B5B;
4963 : B5B;
4964 : A5A;
4965 : A5B;
4966 : A5B;
4967 : A5A;
4968 : A5A;
4969 : A5A;
496A : A5B;
496B : A5A;
496C : B5B;
496D : B5A;
496E : B5A;
496F : B5A;
4970 : B5A;
4971 : B5A;
4972 : B5A;
4973 : B5A;
4974 : A5A;
4975 : A5A;
4976 : A5B;
4977 : A5B;
4978 : B5B;
4979 : B5A;
497A : B5A;
497B : B5A;
497C : A5A;
497D : A5A;
497E : A5A;
497F : A5B;
4980 : A5A;
4981 : A5A;
4982 : B5A;
4983 : B5A;
4984 : B5A;
4985 : B5A;
4986 : E85;
4987 : F85;
4988 : C68;
4989 : C76;
498A : FA1;
498B : D85;
498C : C68;
498D : F93;
498E : FA1;
498F : F93;
4990 : FA3;
4991 : FB1;
4992 : FA0;
4993 : FA0;
4994 : FA1;
4995 : FA1;
4996 : FA1;
4997 : FA0;
4998 : FA0;
4999 : FA0;
499A : FA0;
499B : FA0;
499C : FA1;
499D : FA1;
499E : FA1;
499F : FA1;
49A0 : FA1;
49A1 : FA1;
49A2 : FA1;
49A3 : FA0;
49A4 : FA0;
49A5 : FA0;
49A6 : FA0;
49A7 : FA0;
49A8 : FA0;
49A9 : FA1;
49AA : FA0;
49AB : FA0;
49AC : FA0;
49AD : FA0;
49AE : F93;
49AF : F94;
49B0 : F94;
49B1 : F94;
49B2 : E83;
49B3 : E84;
49B4 : F84;
49B5 : E83;
49B6 : E76;
49B7 : B5A;
49B8 : A5A;
49B9 : A5B;
49BA : A5B;
49BB : A5B;
49BC : A5A;
49BD : A5A;
49BE : A5A;
49BF : A5A;
49C0 : A5A;
49C1 : A5A;
49C2 : A5A;
49C3 : A5A;
49C4 : A5A;
49C5 : A5A;
49C6 : A5B;
49C7 : A5B;
49C8 : A5B;
49C9 : A5B;
49CA : A5B;
49CB : A5B;
49CC : A5B;
49CD : A5A;
49CE : A5A;
49CF : A5A;
49D0 : A5B;
49D1 : A5B;
49D2 : A5B;
49D3 : A5A;
49D4 : B6A;
49D5 : B6A;
49D6 : B6A;
49D7 : B6A;
49D8 : B6A;
49D9 : B6A;
49DA : B6A;
49DB : B6A;
49DC : B6A;
49DD : B6A;
49DE : B6A;
49DF : A5A;
49E0 : A5B;
49E1 : A5B;
49E2 : A5B;
49E3 : A5A;
49E4 : A5A;
49E5 : B5A;
49E6 : B5A;
49E7 : B5A;
49E8 : A5B;
49E9 : A5B;
49EA : A5B;
49EB : A5B;
49EC : A5B;
49ED : A5B;
49EE : A5B;
49EF : B5A;
49F0 : E9B;
49F1 : EAB;
49F2 : EAB;
49F3 : EAB;
49F4 : EAB;
49F5 : FAB;
49F6 : FAB;
49F7 : FAB;
49F8 : E8A;
49F9 : B5A;
49FA : B5A;
49FB : B5A;
49FC : B5A;
49FD : A5A;
49FE : A5A;
49FF : A5A;
4A00 : A5A;
4A01 : A5B;
4A02 : B5A;
4A03 : E9B;
4A04 : FAB;
4A05 : FAB;
4A06 : E8B;
4A07 : B5A;
4A08 : E8B;
4A09 : F9B;
4A0A : C6A;
4A0B : C7B;
4A0C : FAB;
4A0D : D7B;
4A0E : B5B;
4A0F : E9B;
4A10 : F9B;
4A11 : B5B;
4A12 : C6B;
4A13 : E9B;
4A14 : C7B;
4A15 : A5A;
4A16 : E9B;
4A17 : EAB;
4A18 : EAB;
4A19 : E9B;
4A1A : E8A;
4A1B : E9B;
4A1C : E9B;
4A1D : E7B;
4A1E : E7B;
4A1F : FAB;
4A20 : E9B;
4A21 : E6B;
4A22 : E9B;
4A23 : EAB;
4A24 : E7B;
4A25 : D6B;
4A26 : B5B;
4A27 : D8B;
4A28 : FAC;
4A29 : B6B;
4A2A : B6A;
4A2B : FAC;
4A2C : E8B;
4A2D : A5A;
4A2E : D8B;
4A2F : FAB;
4A30 : FAB;
4A31 : E9B;
4A32 : A5A;
4A33 : A5B;
4A34 : A5B;
4A35 : A5A;
4A36 : B5A;
4A37 : E7B;
4A38 : E7B;
4A39 : E7B;
4A3A : C6B;
4A3B : B5B;
4A3C : D6B;
4A3D : E7B;
4A3E : B5A;
4A3F : A5A;
4A40 : A5A;
4A41 : A5A;
4A42 : A5A;
4A43 : A5A;
4A44 : A5A;
4A45 : A5A;
4A46 : B5A;
4A47 : B5A;
4A48 : D6B;
4A49 : E7B;
4A4A : E7B;
4A4B : E6B;
4A4C : B5A;
4A4D : C5B;
4A4E : E7B;
4A4F : B5B;
4A50 : B5A;
4A51 : A5A;
4A52 : A5A;
4A53 : A5A;
4A54 : A5A;
4A55 : A5A;
4A56 : A5B;
4A57 : A5B;
4A58 : A5B;
4A59 : B5A;
4A5A : B5A;
4A5B : D6B;
4A5C : E7B;
4A5D : B5A;
4A5E : B5B;
4A5F : A5B;
4A60 : A5A;
4A61 : A5A;
4A62 : A5A;
4A63 : A5A;
4A64 : B5B;
4A65 : B5A;
4A66 : E7B;
4A67 : C6B;
4A68 : A5A;
4A69 : A5A;
4A6A : A5A;
4A6B : A5A;
4A6C : A5A;
4A6D : A5B;
4A6E : A5B;
4A6F : A5A;
4A70 : D6B;
4A71 : E7B;
4A72 : E7B;
4A73 : E7B;
4A74 : E7B;
4A75 : E7B;
4A76 : E7B;
4A77 : B5A;
4A78 : B5A;
4A79 : A5B;
4A7A : A5B;
4A7B : A5B;
4A7C : D6B;
4A7D : E7B;
4A7E : E7B;
4A7F : D6B;
4A80 : B5B;
4A81 : A5B;
4A82 : A5B;
4A83 : A5B;
4A84 : A5B;
4A85 : A5A;
4A86 : C5B;
4A87 : E7B;
4A88 : E7B;
4A89 : E7B;
4A8A : E7A;
4A8B : E79;
4A8C : F93;
4A8D : F91;
4A8E : F90;
4A8F : F91;
4A90 : F92;
4A91 : F91;
4A92 : F83;
4A93 : B68;
4A94 : C77;
4A95 : FC2;
4A96 : FB1;
4A97 : FA0;
4A98 : FB2;
4A99 : FC2;
4A9A : FC2;
4A9B : FB2;
4A9C : FA0;
4A9D : FA0;
4A9E : FA1;
4A9F : FB2;
4AA0 : FC2;
4AA1 : FC2;
4AA2 : FC2;
4AA3 : FC2;
4AA4 : FC2;
4AA5 : FC2;
4AA6 : FC2;
4AA7 : FB2;
4AA8 : FA0;
4AA9 : FA0;
4AAA : FA0;
4AAB : FB2;
4AAC : FC2;
4AAD : FC2;
4AAE : FB1;
4AAF : FA1;
4AB0 : FA0;
4AB1 : FA1;
4AB2 : C68;
4AB3 : B59;
4AB4 : B59;
4AB5 : B59;
4AB6 : A5A;
4AB7 : B5A;
4AB8 : B5A;
4AB9 : B5A;
4ABA : B5A;
4ABB : A5B;
4ABC : A5A;
4ABD : A5A;
4ABE : A5A;
4ABF : A5A;
4AC0 : A5A;
4AC1 : A5A;
4AC2 : A5A;
4AC3 : A5A;
4AC4 : A5A;
4AC5 : A5A;
4AC6 : A5A;
4AC7 : A5A;
4AC8 : A5A;
4AC9 : A5A;
4ACA : A5A;
4ACB : A5A;
4ACC : A5A;
4ACD : A5B;
4ACE : A5A;
4ACF : A5A;
4AD0 : A5A;
4AD1 : A5A;
4AD2 : A5A;
4AD3 : A5A;
4AD4 : A5B;
4AD5 : A5B;
4AD6 : A5B;
4AD7 : B5A;
4AD8 : E9B;
4AD9 : FAB;
4ADA : FAB;
4ADB : FAB;
4ADC : FAB;
4ADD : FAB;
4ADE : FAB;
4ADF : FAB;
4AE0 : FAB;
4AE1 : FAB;
4AE2 : E8B;
4AE3 : B5A;
4AE4 : A5B;
4AE5 : A5B;
4AE6 : A5A;
4AE7 : A5A;
4AE8 : A5A;
4AE9 : C6B;
4AEA : E7B;
4AEB : C5B;
4AEC : B5B;
4AED : B5B;
4AEE : B5B;
4AEF : A5B;
4AF0 : B5B;
4AF1 : B5A;
4AF2 : B5A;
4AF3 : B5A;
4AF4 : B5A;
4AF5 : B5A;
4AF6 : B5A;
4AF7 : B5A;
4AF8 : B5A;
4AF9 : D6B;
4AFA : E7B;
4AFB : E7B;
4AFC : E7B;
4AFD : E6B;
4AFE : E6B;
4AFF : E6B;
4B00 : B5A;
4B01 : B5A;
4B02 : A5B;
4B03 : A5B;
4B04 : A5B;
4B05 : A5B;
4B06 : B5A;
4B07 : D7B;
4B08 : E7B;
4B09 : E7B;
4B0A : E7B;
4B0B : E6B;
4B0C : E7B;
4B0D : E7B;
4B0E : E7B;
4B0F : E7B;
4B10 : E7B;
4B11 : E7B;
4B12 : E7B;
4B13 : E7B;
4B14 : E7B;
4B15 : B5A;
4B16 : A5A;
4B17 : B5A;
4B18 : A5A;
4B19 : A5B;
4B1A : B5A;
4B1B : B5A;
4B1C : B5A;
4B1D : C7A;
4B1E : FAB;
4B1F : C7A;
4B20 : B5A;
4B21 : B5A;
4B22 : C6A;
4B23 : FAB;
4B24 : D8B;
4B25 : B5A;
4B26 : B5A;
4B27 : B5A;
4B28 : E7B;
4B29 : E7B;
4B2A : D7B;
4B2B : D8B;
4B2C : D8B;
4B2D : D8B;
4B2E : D7B;
4B2F : D8B;
4B30 : D8B;
4B31 : D7B;
4B32 : D8B;
4B33 : D8B;
4B34 : D8A;
4B35 : D8B;
4B36 : D7B;
4B37 : C6B;
4B38 : A5B;
4B39 : C7B;
4B3A : D7B;
4B3B : D6B;
4B3C : D6A;
4B3D : F8B;
4B3E : D7B;
4B3F : B5B;
4B40 : E7B;
4B41 : E8B;
4B42 : D7B;
4B43 : D7B;
4B44 : C7B;
4B45 : C7B;
4B46 : C7B;
4B47 : D7B;
4B48 : C7B;
4B49 : C6B;
4B4A : C6B;
4B4B : C5B;
4B4C : E6B;
4B4D : E6B;
4B4E : E6B;
4B4F : E6B;
4B50 : C6A;
4B51 : D6B;
4B52 : E7B;
4B53 : D6B;
4B54 : C6B;
4B55 : B5A;
4B56 : A5A;
4B57 : A5A;
4B58 : A5A;
4B59 : A5A;
4B5A : A5B;
4B5B : A5B;
4B5C : A5B;
4B5D : B5A;
4B5E : B5A;
4B5F : D6B;
4B60 : E6B;
4B61 : D6B;
4B62 : C5B;
4B63 : A5A;
4B64 : B5B;
4B65 : C6B;
4B66 : C6B;
4B67 : C5B;
4B68 : C6B;
4B69 : C6B;
4B6A : D6B;
4B6B : C5B;
4B6C : A5A;
4B6D : B5B;
4B6E : C6B;
4B6F : C6B;
4B70 : C5B;
4B71 : A5A;
4B72 : A5A;
4B73 : A5A;
4B74 : C6B;
4B75 : D6B;
4B76 : D6B;
4B77 : D6B;
4B78 : E7B;
4B79 : E7B;
4B7A : E7B;
4B7B : C6B;
4B7C : C6A;
4B7D : C7B;
4B7E : C7B;
4B7F : C6B;
4B80 : E7B;
4B81 : F8B;
4B82 : F8B;
4B83 : E8B;
4B84 : D7B;
4B85 : C7B;
4B86 : C7B;
4B87 : C7B;
4B88 : D7B;
4B89 : D7B;
4B8A : D7B;
4B8B : E8B;
4B8C : E7B;
4B8D : D6B;
4B8E : E7B;
4B8F : F8A;
4B90 : F86;
4B91 : F85;
4B92 : F85;
4B93 : F85;
4B94 : F85;
4B95 : F85;
4B96 : E86;
4B97 : C6A;
4B98 : D79;
4B99 : FA6;
4B9A : FA3;
4B9B : FA0;
4B9C : FB1;
4B9D : FB2;
4B9E : FB1;
4B9F : FB1;
4BA0 : FA0;
4BA1 : FA1;
4BA2 : FB1;
4BA3 : FB1;
4BA4 : FB2;
4BA5 : FB2;
4BA6 : FB2;
4BA7 : FC2;
4BA8 : FC2;
4BA9 : FC2;
4BAA : FB2;
4BAB : FB1;
4BAC : FA0;
4BAD : FA0;
4BAE : FA0;
4BAF : FB1;
4BB0 : FB1;
4BB1 : FB1;
4BB2 : FA3;
4BB3 : D85;
4BB4 : F92;
4BB5 : FA1;
4BB6 : D75;
4BB7 : D76;
4BB8 : D76;
4BB9 : C69;
4BBA : A5A;
4BBB : C68;
4BBC : D77;
4BBD : D67;
4BBE : C68;
4BBF : B5A;
4BC0 : A5A;
4BC1 : A5A;
4BC2 : A5A;
4BC3 : A5A;
4BC4 : A5A;
4BC5 : A5A;
4BC6 : A5A;
4BC7 : A5A;
4BC8 : A5A;
4BC9 : A5A;
4BCA : A5A;
4BCB : A5A;
4BCC : A5A;
4BCD : A5A;
4BCE : A5A;
4BCF : A5A;
4BD0 : A5A;
4BD1 : A5A;
4BD2 : A5A;
4BD3 : A5A;
4BD4 : A5A;
4BD5 : A5A;
4BD6 : A5A;
4BD7 : A5A;
4BD8 : B5B;
4BD9 : D7B;
4BDA : D7B;
4BDB : D7B;
4BDC : D8B;
4BDD : D8A;
4BDE : D8B;
4BDF : E8B;
4BE0 : F9B;
4BE1 : F9B;
4BE2 : F9B;
4BE3 : F9B;
4BE4 : F9B;
4BE5 : F9B;
4BE6 : D8B;
4BE7 : A5A;
4BE8 : A5B;
4BE9 : A5A;
4BEA : A5A;
4BEB : A5A;
4BEC : A5A;
4BED : B5B;
4BEE : D6B;
4BEF : B5B;
4BF0 : A5B;
4BF1 : C6B;
4BF2 : C5B;
4BF3 : C5B;
4BF4 : C5B;
4BF5 : C5B;
4BF6 : C6B;
4BF7 : C6B;
4BF8 : C6B;
4BF9 : B5A;
4BFA : A5A;
4BFB : A5A;
4BFC : A5A;
4BFD : C6B;
4BFE : D6B;
4BFF : D6B;
4C00 : D6B;
4C01 : D6B;
4C02 : D6B;
4C03 : D6A;
4C04 : B5A;
4C05 : B5B;
4C06 : A5B;
4C07 : A5B;
4C08 : A5B;
4C09 : C5B;
4C0A : C6B;
4C0B : D6B;
4C0C : D6B;
4C0D : D6B;
4C0E : D6B;
4C0F : D6B;
4C10 : D6B;
4C11 : D6B;
4C12 : D6B;
4C13 : D6B;
4C14 : E7B;
4C15 : E7B;
4C16 : E7B;
4C17 : E6B;
4C18 : E6B;
4C19 : C6B;
4C1A : C6A;
4C1B : C6A;
4C1C : B5A;
4C1D : A5A;
4C1E : C5B;
4C1F : C6B;
4C20 : C6B;
4C21 : C7A;
4C22 : D8B;
4C23 : B6A;
4C24 : A5B;
4C25 : A5A;
4C26 : B6A;
4C27 : D8B;
4C28 : C7B;
4C29 : A5A;
4C2A : A5B;
4C2B : A5B;
4C2C : E7B;
4C2D : F8B;
4C2E : FAB;
4C2F : D7B;
4C30 : B5A;
4C31 : E9B;
4C32 : FAB;
4C33 : B5A;
4C34 : C7A;
4C35 : FAB;
4C36 : C7A;
4C37 : A5B;
4C38 : A5B;
4C39 : B6A;
4C3A : FAC;
4C3B : D8B;
4C3C : A5A;
4C3D : E9B;
4C3E : FAB;
4C3F : B5A;
4C40 : C6A;
4C41 : FAB;
4C42 : D8B;
4C43 : A5A;
4C44 : E9B;
4C45 : FAB;
4C46 : FAB;
4C47 : FAB;
4C48 : FAB;
4C49 : FAB;
4C4A : FAB;
4C4B : FAB;
4C4C : FAB;
4C4D : E7B;
4C4E : E6B;
4C4F : E7B;
4C50 : E7B;
4C51 : E6B;
4C52 : E6B;
4C53 : E6B;
4C54 : E7B;
4C55 : E7B;
4C56 : E7B;
4C57 : E7B;
4C58 : E7B;
4C59 : B5A;
4C5A : A5A;
4C5B : B5A;
4C5C : B5A;
4C5D : A5B;
4C5E : A5B;
4C5F : A5B;
4C60 : A5B;
4C61 : A5B;
4C62 : B5A;
4C63 : C6B;
4C64 : E6B;
4C65 : E6B;
4C66 : E6B;
4C67 : B5A;
4C68 : C6B;
4C69 : E7B;
4C6A : E7B;
4C6B : E6B;
4C6C : E7B;
4C6D : D6B;
4C6E : A5A;
4C6F : A5A;
4C70 : B5A;
4C71 : D6B;
4C72 : E6B;
4C73 : E6B;
4C74 : D6B;
4C75 : A5A;
4C76 : A5A;
4C77 : A5A;
4C78 : A5A;
4C79 : A5A;
4C7A : A5A;
4C7B : C5A;
4C7C : E7B;
4C7D : E7B;
4C7E : E7B;
4C7F : E7B;
4C80 : E7A;
4C81 : FAB;
4C82 : F9B;
4C83 : E7B;
4C84 : F9B;
4C85 : FAB;
4C86 : FAB;
4C87 : FAB;
4C88 : FAB;
4C89 : FAB;
4C8A : FBB;
4C8B : FBB;
4C8C : FAB;
4C8D : FAB;
4C8E : FAB;
4C8F : FAB;
4C90 : D8B;
4C91 : A5A;
4C92 : E9B;
4C93 : FAB;
4C94 : E7B;
4C95 : E6B;
4C96 : E7B;
4C97 : E7B;
4C98 : E7B;
4C99 : E7B;
4C9A : E7B;
4C9B : E7B;
4C9C : E7B;
4C9D : E7A;
4C9E : F96;
4C9F : FA1;
4CA0 : FA0;
4CA1 : FA0;
4CA2 : FA1;
4CA3 : FA1;
4CA4 : FA0;
4CA5 : FB2;
4CA6 : FC2;
4CA7 : FA0;
4CA8 : FA0;
4CA9 : FA0;
4CAA : FB1;
4CAB : FC2;
4CAC : FC2;
4CAD : FC2;
4CAE : FA0;
4CAF : FA0;
4CB0 : FA0;
4CB1 : FA0;
4CB2 : FA0;
4CB3 : FA0;
4CB4 : FA0;
4CB5 : FA0;
4CB6 : E84;
4CB7 : B5A;
4CB8 : E84;
4CB9 : FA0;
4CBA : F90;
4CBB : F91;
4CBC : F91;
4CBD : D75;
4CBE : B59;
4CBF : E84;
4CC0 : F91;
4CC1 : F91;
4CC2 : E84;
4CC3 : B5A;
4CC4 : A5A;
4CC5 : A5A;
4CC6 : A5A;
4CC7 : A5A;
4CC8 : A5A;
4CC9 : A5A;
4CCA : A5A;
4CCB : A5A;
4CCC : A5A;
4CCD : A5A;
4CCE : A5A;
4CCF : A5A;
4CD0 : A5A;
4CD1 : A5A;
4CD2 : A5A;
4CD3 : A5A;
4CD4 : B5A;
4CD5 : B5A;
4CD6 : A5B;
4CD7 : A5B;
4CD8 : A5A;
4CD9 : A5B;
4CDA : A5B;
4CDB : A5A;
4CDC : C6A;
4CDD : FAB;
4CDE : FAB;
4CDF : FAB;
4CE0 : C6A;
4CE1 : A5B;
4CE2 : A5B;
4CE3 : B5B;
4CE4 : E7B;
4CE5 : E7B;
4CE6 : E7B;
4CE7 : E7B;
4CE8 : E7B;
4CE9 : E7B;
4CEA : D6B;
4CEB : A5B;
4CEC : A5B;
4CED : B5A;
4CEE : A5B;
4CEF : A5B;
4CF0 : A5A;
4CF1 : A5A;
4CF2 : A5A;
4CF3 : A5B;
4CF4 : B5B;
4CF5 : E7B;
4CF6 : E7B;
4CF7 : E7B;
4CF8 : E7B;
4CF9 : E7B;
4CFA : E7B;
4CFB : E7B;
4CFC : E7B;
4CFD : D6B;
4CFE : B5A;
4CFF : A5A;
4D00 : A5A;
4D01 : B5B;
4D02 : B5B;
4D03 : B5A;
4D04 : B5A;
4D05 : A5A;
4D06 : A5A;
4D07 : B5A;
4D08 : A5A;
4D09 : B5B;
4D0A : A5B;
4D0B : A5B;
4D0C : A5B;
4D0D : D6B;
4D0E : E7B;
4D0F : B5A;
4D10 : B5A;
4D11 : B5A;
4D12 : B5A;
4D13 : B5A;
4D14 : A5A;
4D15 : A5A;
4D16 : A5A;
4D17 : B5B;
4D18 : E7B;
4D19 : E7B;
4D1A : E7B;
4D1B : E7B;
4D1C : E7B;
4D1D : E7B;
4D1E : E7B;
4D1F : E7B;
4D20 : C6A;
4D21 : B5A;
4D22 : E6B;
4D23 : E7B;
4D24 : E7B;
4D25 : C6B;
4D26 : A5A;
4D27 : A5B;
4D28 : A5B;
4D29 : A5B;
4D2A : A5A;
4D2B : A5A;
4D2C : A5A;
4D2D : A5A;
4D2E : A5A;
4D2F : A5A;
4D30 : E7B;
4D31 : E7B;
4D32 : F8B;
4D33 : E7B;
4D34 : D6B;
4D35 : E8B;
4D36 : E8B;
4D37 : D6B;
4D38 : D7B;
4D39 : E8B;
4D3A : C6A;
4D3B : A5B;
4D3C : A5B;
4D3D : B5A;
4D3E : C7A;
4D3F : B6A;
4D40 : A5A;
4D41 : D7B;
4D42 : E8B;
4D43 : D6B;
4D44 : D7B;
4D45 : E8B;
4D46 : E7B;
4D47 : D6B;
4D48 : C7B;
4D49 : C7A;
4D4A : C7A;
4D4B : C7A;
4D4C : C7A;
4D4D : C7A;
4D4E : C7A;
4D4F : C7A;
4D50 : C7A;
4D51 : B5A;
4D52 : C5A;
4D53 : C5A;
4D54 : C5A;
4D55 : C5A;
4D56 : C5A;
4D57 : C5A;
4D58 : C5A;
4D59 : C5A;
4D5A : C5A;
4D5B : C5A;
4D5C : C5B;
4D5D : B5A;
4D5E : B5A;
4D5F : D6B;
4D60 : C6B;
4D61 : B5B;
4D62 : A5B;
4D63 : A5B;
4D64 : A5B;
4D65 : A5B;
4D66 : A5A;
4D67 : B5B;
4D68 : C5B;
4D69 : E6B;
4D6A : E6B;
4D6B : D6B;
4D6C : C6B;
4D6D : B5A;
4D6E : C5A;
4D6F : B5A;
4D70 : C5A;
4D71 : B5A;
4D72 : A5A;
4D73 : B5B;
4D74 : D6B;
4D75 : C6B;
4D76 : C5A;
4D77 : C5B;
4D78 : B5A;
4D79 : A5A;
4D7A : A5A;
4D7B : A5A;
4D7C : A5A;
4D7D : A5B;
4D7E : A5B;
4D7F : B5B;
4D80 : C5A;
4D81 : C5A;
4D82 : C5A;
4D83 : C5A;
4D84 : C6A;
4D85 : C7A;
4D86 : C6A;
4D87 : C5A;
4D88 : C6A;
4D89 : C7A;
4D8A : C7A;
4D8B : C7B;
4D8C : C7B;
4D8D : C7B;
4D8E : C7B;
4D8F : C7B;
4D90 : C7B;
4D91 : C7B;
4D92 : C7B;
4D93 : C7A;
4D94 : B6B;
4D95 : A5B;
4D96 : C6A;
4D97 : C7A;
4D98 : C6A;
4D99 : C5A;
4D9A : C5A;
4D9B : E77;
4D9C : F85;
4D9D : F84;
4D9E : F84;
4D9F : F95;
4DA0 : F94;
4DA1 : F95;
4DA2 : D86;
4DA3 : C76;
4DA4 : FA2;
4DA5 : FA1;
4DA6 : C76;
4DA7 : E84;
4DA8 : F90;
4DA9 : FA1;
4DAA : FB1;
4DAB : FA0;
4DAC : FA0;
4DAD : FA0;
4DAE : FA1;
4DAF : FB1;
4DB0 : FB1;
4DB1 : FA1;
4DB2 : FA0;
4DB3 : FA0;
4DB4 : FA0;
4DB5 : FA0;
4DB6 : FA0;
4DB7 : FB1;
4DB8 : FB1;
4DB9 : F90;
4DBA : F91;
4DBB : E84;
4DBC : F92;
4DBD : F90;
4DBE : D76;
4DBF : C67;
4DC0 : C67;
4DC1 : D76;
4DC2 : E85;
4DC3 : D76;
4DC4 : C67;
4DC5 : FA7;
4DC6 : FA8;
4DC7 : E9B;
4DC8 : E9B;
4DC9 : E9B;
4DCA : E9B;
4DCB : E9B;
4DCC : E9B;
4DCD : E9B;
4DCE : E9B;
4DCF : E9B;
4DD0 : E9B;
4DD1 : E9B;
4DD2 : E9B;
4DD3 : E9B;
4DD4 : D8B;
4DD5 : B5A;
4DD6 : B5B;
4DD7 : B5B;
4DD8 : D8B;
4DD9 : D8B;
4DDA : B5A;
4DDB : C7B;
4DDC : E9C;
4DDD : C6B;
4DDE : B5A;
4DDF : E8C;
4DE0 : D8B;
4DE1 : C7A;
4DE2 : C6A;
4DE3 : C7A;
4DE4 : B5A;
4DE5 : A5B;
4DE6 : A5B;
4DE7 : B5B;
4DE8 : C5B;
4DE9 : C5A;
4DEA : C5A;
4DEB : C5B;
4DEC : C5B;
4DED : C5A;
4DEE : B5B;
4DEF : B5B;
4DF0 : C6B;
4DF1 : D6B;
4DF2 : B5B;
4DF3 : A5B;
4DF4 : A5B;
4DF5 : A5B;
4DF6 : A5B;
4DF7 : A5B;
4DF8 : B5A;
4DF9 : F9B;
4DFA : F9B;
4DFB : F9B;
4DFC : F9B;
4DFD : F9B;
4DFE : E7B;
4DFF : E7B;
4E00 : E7B;
4E01 : E7B;
4E02 : E8B;
4E03 : D7B;
4E04 : D6B;
4E05 : D6B;
4E06 : D6B;
4E07 : E8B;
4E08 : D7B;
4E09 : A5A;
4E0A : C6B;
4E0B : D6B;
4E0C : B5A;
4E0D : A5A;
4E0E : A5B;
4E0F : A5B;
4E10 : A5A;
4E11 : B5B;
4E12 : C5B;
4E13 : B5A;
4E14 : A5B;
4E15 : A5B;
4E16 : A5B;
4E17 : A5B;
4E18 : A5B;
4E19 : A5B;
4E1A : A5B;
4E1B : B5B;
4E1C : C5B;
4E1D : C5A;
4E1E : C5A;
4E1F : C5A;
4E20 : C5B;
4E21 : C5B;
4E22 : C5B;
4E23 : C5B;
4E24 : B5B;
4E25 : A5B;
4E26 : C5B;
4E27 : C5A;
4E28 : C5A;
4E29 : B5B;
4E2A : A5A;
4E2B : A5B;
4E2C : A5B;
4E2D : A5B;
4E2E : A5B;
4E2F : A5B;
4E30 : A5B;
4E31 : A5B;
4E32 : A5A;
4E33 : A5A;
4E34 : E7B;
4E35 : E7B;
4E36 : E7B;
4E37 : E7B;
4E38 : E7B;
4E39 : E7B;
4E3A : E7B;
4E3B : E7B;
4E3C : E7B;
4E3D : E7B;
4E3E : C6B;
4E3F : B5B;
4E40 : A5B;
4E41 : A5B;
4E42 : B5A;
4E43 : B5A;
4E44 : B5B;
4E45 : D6B;
4E46 : E6B;
4E47 : E6B;
4E48 : E6B;
4E49 : E6B;
4E4A : E6B;
4E4B : E6B;
4E4C : B5B;
4E4D : B5B;
4E4E : B5B;
4E4F : B5B;
4E50 : B5B;
4E51 : B5B;
4E52 : A5B;
4E53 : B5B;
4E54 : A5A;
4E55 : B5B;
4E56 : B5B;
4E57 : A5B;
4E58 : A5B;
4E59 : A5B;
4E5A : A5B;
4E5B : A5B;
4E5C : A5B;
4E5D : A5B;
4E5E : A5B;
4E5F : A5B;
4E60 : A5B;
4E61 : A5B;
4E62 : C5A;
4E63 : E6B;
4E64 : C6B;
4E65 : A5B;
4E66 : A5B;
4E67 : A5B;
4E68 : A5B;
4E69 : A5B;
4E6A : A5B;
4E6B : A5B;
4E6C : B5B;
4E6D : D6B;
4E6E : E6B;
4E6F : E6B;
4E70 : D6B;
4E71 : A5A;
4E72 : A5B;
4E73 : B5A;
4E74 : B5A;
4E75 : B5A;
4E76 : B5A;
4E77 : C5A;
4E78 : E6B;
4E79 : C5A;
4E7A : A5B;
4E7B : B5B;
4E7C : B5A;
4E7D : A5A;
4E7E : A5A;
4E7F : A5A;
4E80 : A5A;
4E81 : A5A;
4E82 : A5B;
4E83 : A5B;
4E84 : A5B;
4E85 : A5B;
4E86 : A5B;
4E87 : A5B;
4E88 : A5B;
4E89 : A5B;
4E8A : A5B;
4E8B : A5B;
4E8C : A5B;
4E8D : A5B;
4E8E : A5B;
4E8F : A5B;
4E90 : A5B;
4E91 : A5B;
4E92 : A5B;
4E93 : A5B;
4E94 : A5B;
4E95 : A5B;
4E96 : A5B;
4E97 : A5B;
4E98 : A5B;
4E99 : A5A;
4E9A : A5B;
4E9B : A5B;
4E9C : A5B;
4E9D : A5B;
4E9E : A5B;
4E9F : D75;
4EA0 : F81;
4EA1 : F91;
4EA2 : F91;
4EA3 : FA1;
4EA4 : FA1;
4EA5 : FA1;
4EA6 : D75;
4EA7 : B59;
4EA8 : F93;
4EA9 : F92;
4EAA : B5A;
4EAB : D76;
4EAC : F90;
4EAD : F90;
4EAE : FA0;
4EAF : FA0;
4EB0 : FA0;
4EB1 : FA0;
4EB2 : FA0;
4EB3 : FA0;
4EB4 : FA0;
4EB5 : FA0;
4EB6 : FA0;
4EB7 : FA0;
4EB8 : FA0;
4EB9 : FA0;
4EBA : FA0;
4EBB : FB2;
4EBC : FB3;
4EBD : F91;
4EBE : F91;
4EBF : F91;
4EC0 : F91;
4EC1 : F82;
4EC2 : C69;
4EC3 : B5A;
4EC4 : B5A;
4EC5 : C76;
4EC6 : F92;
4EC7 : C68;
4EC8 : B5B;
4EC9 : E9B;
4ECA : FAB;
4ECB : FAB;
4ECC : FAB;
4ECD : FAB;
4ECE : FAB;
4ECF : FAB;
4ED0 : FAB;
4ED1 : FAB;
4ED2 : FBB;
4ED3 : FBA;
4ED4 : FBB;
4ED5 : FBB;
4ED6 : FBB;
4ED7 : FBB;
4ED8 : E9B;
4ED9 : B5A;
4EDA : B5B;
4EDB : B6A;
4EDC : EAB;
4EDD : F9B;
4EDE : B5A;
4EDF : D7B;
4EE0 : FAB;
4EE1 : C7A;
4EE2 : B5A;
4EE3 : F9B;
4EE4 : E9B;
4EE5 : B5B;
4EE6 : B5B;
4EE7 : B5B;
4EE8 : B5A;
4EE9 : B5A;
4EEA : B5A;
4EEB : B5A;
4EEC : B5A;
4EED : B5A;
4EEE : B5A;
4EEF : A5A;
4EF0 : A5B;
4EF1 : A5B;
4EF2 : A5B;
4EF3 : B5B;
4EF4 : C6B;
4EF5 : E6B;
4EF6 : B5A;
4EF7 : A5B;
4EF8 : A5B;
4EF9 : A5B;
4EFA : A5B;
4EFB : A5B;
4EFC : B5A;
4EFD : EAB;
4EFE : FAB;
4EFF : FAB;
4F00 : FAB;
4F01 : FAB;
4F02 : E8B;
4F03 : E7B;
4F04 : E6B;
4F05 : E8B;
4F06 : FAB;
4F07 : E8B;
4F08 : E6B;
4F09 : E6B;
4F0A : E7B;
4F0B : FAB;
4F0C : D8B;
4F0D : B5A;
4F0E : D6B;
4F0F : E6B;
4F10 : B5A;
4F11 : B5A;
4F12 : A5A;
4F13 : A5A;
4F14 : A5A;
4F15 : A5A;
4F16 : A5A;
4F17 : A5A;
4F18 : A5A;
4F19 : A5A;
4F1A : A5A;
4F1B : A5A;
4F1C : A5B;
4F1D : A5B;
4F1E : A5B;
4F1F : A5B;
4F20 : A5A;
4F21 : B5A;
4F22 : B5A;
4F23 : B5B;
4F24 : B5B;
4F25 : B5B;
4F26 : B5B;
4F27 : B5B;
4F28 : B5A;
4F29 : A5B;
4F2A : A5B;
4F2B : A5A;
4F2C : A5B;
4F2D : A5A;
4F2E : A5B;
4F2F : A5B;
4F30 : A5B;
4F31 : A5B;
4F32 : A5B;
4F33 : A5B;
4F34 : B5B;
4F35 : B5B;
4F36 : B5A;
4F37 : A5A;
4F38 : E7B;
4F39 : E7B;
4F3A : E7B;
4F3B : E7B;
4F3C : E7B;
4F3D : E7B;
4F3E : E7B;
4F3F : E7B;
4F40 : E7B;
4F41 : E7B;
4F42 : E6B;
4F43 : E6B;
4F44 : B5B;
4F45 : B5B;
4F46 : E6B;
4F47 : D6B;
4F48 : A5A;
4F49 : B5B;
4F4A : B5B;
4F4B : B5A;
4F4C : B5B;
4F4D : B5B;
4F4E : B5A;
4F4F : B5B;
4F50 : A5B;
4F51 : B5A;
4F52 : D6B;
4F53 : D6B;
4F54 : B5B;
4F55 : A5B;
4F56 : A5B;
4F57 : A5A;
4F58 : B5A;
4F59 : D6B;
4F5A : D6B;
4F5B : A5B;
4F5C : A5B;
4F5D : A5B;
4F5E : A5B;
4F5F : A5B;
4F60 : A5B;
4F61 : A5B;
4F62 : A5B;
4F63 : A5B;
4F64 : A5B;
4F65 : A5B;
4F66 : B5B;
4F67 : B5A;
4F68 : B5A;
4F69 : A5B;
4F6A : A5B;
4F6B : A5B;
4F6C : A5B;
4F6D : A5B;
4F6E : A5B;
4F6F : A5B;
4F70 : A5B;
4F71 : B5B;
4F72 : B5A;
4F73 : B5A;
4F74 : B5B;
4F75 : A5A;
4F76 : D6B;
4F77 : E6B;
4F78 : E6B;
4F79 : E6B;
4F7A : E6B;
4F7B : E6B;
4F7C : E6B;
4F7D : C5B;
4F7E : B5A;
4F7F : D6B;
4F80 : D6B;
4F81 : B5A;
4F82 : A5A;
4F83 : A5A;
4F84 : A5A;
4F85 : A5A;
4F86 : A5B;
4F87 : A5B;
4F88 : A5B;
4F89 : A5B;
4F8A : A5B;
4F8B : A5B;
4F8C : A5B;
4F8D : A5B;
4F8E : A5B;
4F8F : A5B;
4F90 : A5B;
4F91 : A5A;
4F92 : A5A;
4F93 : A5A;
4F94 : A5A;
4F95 : A5A;
4F96 : A5A;
4F97 : A5A;
4F98 : A5A;
4F99 : A5A;
4F9A : A5A;
4F9B : A5A;
4F9C : A5A;
4F9D : A5B;
4F9E : A5B;
4F9F : A5B;
4FA0 : A5B;
4FA1 : A5B;
4FA2 : A5B;
4FA3 : B5A;
4FA4 : B59;
4FA5 : B59;
4FA6 : B59;
4FA7 : B59;
4FA8 : C77;
4FA9 : F91;
4FAA : F90;
4FAB : F81;
4FAC : F90;
4FAD : F90;
4FAE : F91;
4FAF : F91;
4FB0 : F90;
4FB1 : F90;
4FB2 : F90;
4FB3 : F90;
4FB4 : F90;
4FB5 : F90;
4FB6 : F90;
4FB7 : F90;
4FB8 : F90;
4FB9 : F90;
4FBA : F90;
4FBB : F90;
4FBC : F90;
4FBD : F90;
4FBE : F92;
4FBF : F88;
4FC0 : E7A;
4FC1 : B59;
4FC2 : B59;
4FC3 : B59;
4FC4 : D6A;
4FC5 : F79;
4FC6 : F93;
4FC7 : FA2;
4FC8 : F92;
4FC9 : E86;
4FCA : B59;
4FCB : B5A;
4FCC : B5B;
4FCD : B5B;
4FCE : B5A;
4FCF : B5A;
4FD0 : B5A;
4FD1 : B5A;
4FD2 : B5A;
4FD3 : B5A;
4FD4 : B5A;
4FD5 : C7A;
4FD6 : FAB;
4FD7 : FBB;
4FD8 : FBB;
4FD9 : FBB;
4FDA : FBB;
4FDB : FBB;
4FDC : FAB;
4FDD : FAB;
4FDE : FAB;
4FDF : FAB;
4FE0 : E8B;
4FE1 : E7B;
4FE2 : E6B;
4FE3 : E7B;
4FE4 : E7B;
4FE5 : E7B;
4FE6 : E6B;
4FE7 : E7B;
4FE8 : E8B;
4FE9 : FAB;
4FEA : FAB;
4FEB : FAB;
4FEC : FAB;
4FED : FAB;
4FEE : FAB;
4FEF : FAB;
4FF0 : FAB;
4FF1 : FAB;
4FF2 : FAB;
4FF3 : B6A;
4FF4 : A5B;
4FF5 : A5B;
4FF6 : A5B;
4FF7 : A5B;
4FF8 : B5B;
4FF9 : B5A;
4FFA : B5B;
4FFB : A5B;
4FFC : A5B;
4FFD : A5B;
4FFE : A5B;
4FFF : A5B;
5000 : A5B;
5001 : B5A;
5002 : B5A;
5003 : B5A;
5004 : B5A;
5005 : B5B;
5006 : B5B;
5007 : B5A;
5008 : B5B;
5009 : B5B;
500A : B5B;
500B : B5B;
500C : B5B;
500D : B5B;
500E : B5B;
500F : B5A;
5010 : B5B;
5011 : A5B;
5012 : B5B;
5013 : B5A;
5014 : D6B;
5015 : D6B;
5016 : B5A;
5017 : A5A;
5018 : A5A;
5019 : B5A;
501A : A5A;
501B : A5A;
501C : A5A;
501D : A5A;
501E : A5A;
501F : A5B;
5020 : A5B;
5021 : A5B;
5022 : A5B;
5023 : A5B;
5024 : B5A;
5025 : C6B;
5026 : E6B;
5027 : E6B;
5028 : E6B;
5029 : E6B;
502A : E6B;
502B : E6B;
502C : C6B;
502D : A5A;
502E : A5B;
502F : A5B;
5030 : A5A;
5031 : A5B;
5032 : A5B;
5033 : A5B;
5034 : A5B;
5035 : A5B;
5036 : A5B;
5037 : A5B;
5038 : C6B;
5039 : E6B;
503A : C5B;
503B : A5A;
503C : E6B;
503D : E6B;
503E : E7B;
503F : E7B;
5040 : E7B;
5041 : E7B;
5042 : E7B;
5043 : E7B;
5044 : E6B;
5045 : E6B;
5046 : E6B;
5047 : E6B;
5048 : C5A;
5049 : C5A;
504A : D6B;
504B : D6B;
504C : B5A;
504D : B5B;
504E : B5B;
504F : B5B;
5050 : B5B;
5051 : B5B;
5052 : B5B;
5053 : A5B;
5054 : A5B;
5055 : B5B;
5056 : D6B;
5057 : D6B;
5058 : B5B;
5059 : A5B;
505A : B5B;
505B : A5A;
505C : B5A;
505D : E7B;
505E : D7B;
505F : B5A;
5060 : B6B;
5061 : C6A;
5062 : B5A;
5063 : C5B;
5064 : C6B;
5065 : C6B;
5066 : C6B;
5067 : C6B;
5068 : C6B;
5069 : C6B;
506A : C6B;
506B : C6B;
506C : C6B;
506D : C6B;
506E : C6B;
506F : C6B;
5070 : C6B;
5071 : C6B;
5072 : C6B;
5073 : C6B;
5074 : C6A;
5075 : C6A;
5076 : B6B;
5077 : B5B;
5078 : B5B;
5079 : C6A;
507A : E7B;
507B : F7B;
507C : E6B;
507D : E6B;
507E : F7B;
507F : F7B;
5080 : F8B;
5081 : D7A;
5082 : C6A;
5083 : D6B;
5084 : C6B;
5085 : B5B;
5086 : B6B;
5087 : C6A;
5088 : B5B;
5089 : A5A;
508A : B6A;
508B : C6A;
508C : C6B;
508D : B5B;
508E : A5B;
508F : A5B;
5090 : A5B;
5091 : A5B;
5092 : A5B;
5093 : A5B;
5094 : A5B;
5095 : A5B;
5096 : A5B;
5097 : A5A;
5098 : A5A;
5099 : A5A;
509A : A5A;
509B : A5A;
509C : A5A;
509D : A5B;
509E : A5B;
509F : A5B;
50A0 : A5B;
50A1 : A5B;
50A2 : A5B;
50A3 : A5B;
50A4 : A5B;
50A5 : A5B;
50A6 : A5B;
50A7 : A5B;
50A8 : A5B;
50A9 : A5A;
50AA : A5A;
50AB : B5B;
50AC : C68;
50AD : E83;
50AE : F81;
50AF : F90;
50B0 : E82;
50B1 : E82;
50B2 : E82;
50B3 : F81;
50B4 : F90;
50B5 : F90;
50B6 : F90;
50B7 : F90;
50B8 : F90;
50B9 : F90;
50BA : F90;
50BB : F90;
50BC : F92;
50BD : F92;
50BE : F90;
50BF : F90;
50C0 : F90;
50C1 : F91;
50C2 : F94;
50C3 : F87;
50C4 : E79;
50C5 : C6A;
50C6 : C6B;
50C7 : C6B;
50C8 : D7B;
50C9 : E8A;
50CA : FA4;
50CB : FA2;
50CC : FA2;
50CD : E97;
50CE : C6A;
50CF : B5B;
50D0 : B5B;
50D1 : B6A;
50D2 : C6B;
50D3 : C5B;
50D4 : B5B;
50D5 : B5B;
50D6 : B5B;
50D7 : B5B;
50D8 : A5B;
50D9 : C6B;
50DA : E9B;
50DB : F9B;
50DC : FAB;
50DD : E9B;
50DE : E9B;
50DF : F9B;
50E0 : FAB;
50E1 : FAB;
50E2 : FAB;
50E3 : FAB;
50E4 : E8B;
50E5 : F8B;
50E6 : F7B;
50E7 : F7B;
50E8 : F8B;
50E9 : E7B;
50EA : E8B;
50EB : E8B;
50EC : F8B;
50ED : FAB;
50EE : FBB;
50EF : FAB;
50F0 : FAB;
50F1 : FAB;
50F2 : FAB;
50F3 : FAB;
50F4 : FAB;
50F5 : FAB;
50F6 : FAB;
50F7 : C7A;
50F8 : C6B;
50F9 : B5A;
50FA : B5A;
50FB : B5B;
50FC : B5A;
50FD : A5B;
50FE : A5B;
50FF : A5B;
5100 : A5B;
5101 : A5B;
5102 : A5B;
5103 : A5B;
5104 : A5B;
5105 : A5B;
5106 : B5B;
5107 : B5B;
5108 : B5B;
5109 : B5B;
510A : A5B;
510B : A5B;
510C : A5B;
510D : B5B;
510E : B5B;
510F : B5B;
5110 : A5B;
5111 : B5B;
5112 : B5B;
5113 : A5B;
5114 : A5B;
5115 : A5B;
5116 : B5B;
5117 : C5A;
5118 : E6B;
5119 : E6B;
511A : B5A;
511B : B5A;
511C : B5A;
511D : B6A;
511E : C6A;
511F : B5A;
5120 : C6A;
5121 : C6A;
5122 : B5A;
5123 : A5A;
5124 : A5B;
5125 : A5B;
5126 : A5B;
5127 : B5A;
5128 : C6A;
5129 : D6B;
512A : D6B;
512B : E7B;
512C : E7B;
512D : D6B;
512E : D6B;
512F : D6B;
5130 : C6B;
5131 : B6A;
5132 : B5A;
5133 : B5A;
5134 : B6A;
5135 : B6A;
5136 : B5A;
5137 : B5B;
5138 : A5B;
5139 : A5B;
513A : B5A;
513B : B5B;
513C : D6B;
513D : E7B;
513E : C5A;
513F : B5A;
5140 : A5A;
5141 : C5A;
5142 : E6B;
5143 : E6B;
5144 : E6B;
5145 : E6B;
5146 : E6B;
5147 : E6B;
5148 : E6B;
5149 : E6B;
514A : E6B;
514B : E7B;
514C : E7B;
514D : E6B;
514E : B5A;
514F : C6B;
5150 : E6B;
5151 : E6B;
5152 : E7B;
5153 : E7B;
5154 : E6B;
5155 : E6B;
5156 : C6B;
5157 : A5B;
5158 : A5B;
5159 : A5B;
515A : A5B;
515B : A5B;
515C : A5B;
515D : A5B;
515E : B5B;
515F : B5A;
5160 : B6A;
5161 : FAB;
5162 : E9B;
5163 : A5A;
5164 : E8B;
5165 : FAB;
5166 : E7B;
5167 : E7B;
5168 : FAB;
5169 : FAB;
516A : FAB;
516B : FAB;
516C : FAB;
516D : FAB;
516E : FAB;
516F : FAB;
5170 : FAB;
5171 : FAB;
5172 : FAB;
5173 : FAB;
5174 : FAB;
5175 : FAB;
5176 : FAB;
5177 : FAB;
5178 : FAB;
5179 : FAB;
517A : F9B;
517B : B5A;
517C : C7B;
517D : FAB;
517E : FAB;
517F : FAB;
5180 : B6B;
5181 : C6A;
5182 : FAB;
5183 : FAB;
5184 : FAB;
5185 : FAB;
5186 : FAB;
5187 : B6A;
5188 : B5B;
5189 : A5A;
518A : D8B;
518B : FAB;
518C : C6A;
518D : B5A;
518E : FAB;
518F : FAB;
5190 : FAB;
5191 : D7B;
5192 : B5B;
5193 : A5B;
5194 : A5B;
5195 : A5B;
5196 : A5B;
5197 : A5B;
5198 : A5B;
5199 : A5B;
519A : A5B;
519B : A5B;
519C : A5B;
519D : A5B;
519E : A5B;
519F : A5B;
51A0 : A5B;
51A1 : A5B;
51A2 : A5B;
51A3 : A5B;
51A4 : A5B;
51A5 : A5B;
51A6 : A5B;
51A7 : A5B;
51A8 : A5B;
51A9 : A5B;
51AA : A5B;
51AB : A5B;
51AC : A5B;
51AD : A5B;
51AE : A5B;
51AF : A5B;
51B0 : A5B;
51B1 : B5A;
51B2 : E75;
51B3 : F91;
51B4 : B68;
51B5 : A5B;
51B6 : A5B;
51B7 : D76;
51B8 : F90;
51B9 : F90;
51BA : F90;
51BB : F90;
51BC : F90;
51BD : F90;
51BE : F90;
51BF : F91;
51C0 : FA8;
51C1 : FAA;
51C2 : F92;
51C3 : F90;
51C4 : F91;
51C5 : FA6;
51C6 : FBA;
51C7 : F93;
51C8 : F92;
51C9 : FAA;
51CA : FAB;
51CB : FAB;
51CC : FAB;
51CD : FAB;
51CE : FBB;
51CF : FAB;
51D0 : FAB;
51D1 : FAB;
51D2 : FAB;
51D3 : C7B;
51D4 : B5A;
51D5 : FAB;
51D6 : F9B;
51D7 : E7B;
51D8 : D6B;
51D9 : A5B;
51DA : A5B;
51DB : A5B;
51DC : A5B;
51DD : A5B;
51DE : B5A;
51DF : D6B;
51E0 : E7B;
51E1 : B5A;
51E2 : B5A;
51E3 : E6B;
51E4 : E8B;
51E5 : FAB;
51E6 : FAB;
51E7 : FBB;
51E8 : FAB;
51E9 : FAB;
51EA : FAB;
51EB : FAB;
51EC : FAB;
51ED : FAB;
51EE : FAB;
51EF : FAB;
51F0 : FAB;
51F1 : FBB;
51F2 : FBB;
51F3 : FAB;
51F4 : FAB;
51F5 : FAB;
51F6 : FAB;
51F7 : FAB;
51F8 : FAB;
51F9 : FAB;
51FA : FBB;
51FB : FAB;
51FC : FAB;
51FD : E7B;
51FE : E7B;
51FF : E7B;
5200 : C5B;
5201 : A5B;
5202 : A5B;
5203 : A5B;
5204 : A5B;
5205 : A5B;
5206 : A5B;
5207 : A5B;
5208 : A5A;
5209 : A5B;
520A : B5A;
520B : E7B;
520C : C6B;
520D : B5A;
520E : A5A;
520F : A5A;
5210 : A5A;
5211 : C5A;
5212 : E7B;
5213 : C6B;
5214 : B5A;
5215 : D6B;
5216 : E6B;
5217 : B5A;
5218 : A5B;
5219 : A5B;
521A : D6B;
521B : E6B;
521C : E7B;
521D : E7B;
521E : E7B;
521F : E7B;
5220 : E7B;
5221 : F9B;
5222 : FAB;
5223 : E7A;
5224 : E8B;
5225 : FAB;
5226 : D8B;
5227 : A5A;
5228 : A5B;
5229 : A5B;
522A : B5B;
522B : C7B;
522C : FBB;
522D : D7B;
522E : B5A;
522F : E9B;
5230 : FAB;
5231 : B5A;
5232 : B5B;
5233 : B5A;
5234 : D8A;
5235 : FAB;
5236 : B6A;
5237 : B6A;
5238 : FAB;
5239 : F9B;
523A : E7B;
523B : C5B;
523C : A5B;
523D : A5B;
523E : B5B;
523F : E7B;
5240 : E6B;
5241 : E6B;
5242 : E6B;
5243 : E6B;
5244 : A5B;
5245 : B5B;
5246 : C6B;
5247 : C6B;
5248 : C6B;
5249 : C6B;
524A : C6B;
524B : C6B;
524C : C6B;
524D : C6B;
524E : C6B;
524F : C6B;
5250 : C6B;
5251 : C6B;
5252 : C6B;
5253 : C6B;
5254 : C6B;
5255 : C6B;
5256 : C6B;
5257 : C6B;
5258 : D6B;
5259 : D6B;
525A : C5B;
525B : A5B;
525C : C5B;
525D : C6B;
525E : B5B;
525F : B5A;
5260 : C6B;
5261 : B5B;
5262 : B5B;
5263 : B5B;
5264 : B5A;
5265 : E8B;
5266 : D7B;
5267 : A5A;
5268 : C7B;
5269 : D8B;
526A : C6B;
526B : C6B;
526C : D8B;
526D : E8B;
526E : F9B;
526F : E8B;
5270 : D8B;
5271 : F8B;
5272 : E8B;
5273 : D8B;
5274 : E8B;
5275 : F8B;
5276 : FAB;
5277 : FAB;
5278 : FAB;
5279 : FAB;
527A : FAB;
527B : FAB;
527C : FAB;
527D : F9B;
527E : F8B;
527F : D6B;
5280 : D6B;
5281 : D8B;
5282 : FAB;
5283 : FAB;
5284 : D8B;
5285 : D8B;
5286 : FAB;
5287 : FAB;
5288 : F9B;
5289 : F9B;
528A : F8B;
528B : D6B;
528C : C6B;
528D : C6B;
528E : E7B;
528F : F9B;
5290 : D6B;
5291 : C6B;
5292 : D7B;
5293 : E9B;
5294 : FAB;
5295 : D7B;
5296 : B5B;
5297 : C7B;
5298 : D8A;
5299 : D8A;
529A : C7B;
529B : A5A;
529C : A5B;
529D : A5B;
529E : A5B;
529F : A5B;
52A0 : A5B;
52A1 : A5B;
52A2 : A5B;
52A3 : A5B;
52A4 : B5A;
52A5 : D7B;
52A6 : D8A;
52A7 : D8A;
52A8 : D8A;
52A9 : D8A;
52AA : D8A;
52AB : D8A;
52AC : D8A;
52AD : C7B;
52AE : A5A;
52AF : C6B;
52B0 : D8B;
52B1 : D8A;
52B2 : D8A;
52B3 : D8A;
52B4 : D8B;
52B5 : D8B;
52B6 : E98;
52B7 : FA6;
52B8 : D75;
52B9 : D75;
52BA : D75;
52BB : E85;
52BC : F95;
52BD : F92;
52BE : F90;
52BF : F90;
52C0 : F90;
52C1 : F90;
52C2 : F90;
52C3 : F90;
52C4 : F94;
52C5 : FA5;
52C6 : F91;
52C7 : F90;
52C8 : F91;
52C9 : E86;
52CA : D8B;
52CB : F93;
52CC : F91;
52CD : F95;
52CE : F97;
52CF : D8B;
52D0 : E97;
52D1 : FA5;
52D2 : F9A;
52D3 : F9B;
52D4 : F9B;
52D5 : F9B;
52D6 : F8B;
52D7 : D7B;
52D8 : D6A;
52D9 : F8B;
52DA : E8B;
52DB : C6B;
52DC : B6B;
52DD : A5B;
52DE : A5B;
52DF : A5B;
52E0 : A5B;
52E1 : A5B;
52E2 : A5B;
52E3 : B5B;
52E4 : C6B;
52E5 : B5B;
52E6 : B5B;
52E7 : C6B;
52E8 : C7B;
52E9 : D8B;
52EA : E9B;
52EB : FAB;
52EC : FBB;
52ED : FBB;
52EE : FBB;
52EF : FBB;
52F0 : FBB;
52F1 : FBB;
52F2 : FBB;
52F3 : FBB;
52F4 : FBB;
52F5 : FBB;
52F6 : FBB;
52F7 : FBB;
52F8 : FAB;
52F9 : FAB;
52FA : FAB;
52FB : FAB;
52FC : FAB;
52FD : FAB;
52FE : FAB;
52FF : E8B;
5300 : D8B;
5301 : C6B;
5302 : C6B;
5303 : C6B;
5304 : B5B;
5305 : B5B;
5306 : C5B;
5307 : C6B;
5308 : C6B;
5309 : C6B;
530A : C6B;
530B : B5B;
530C : A5A;
530D : A5A;
530E : B5A;
530F : C6B;
5310 : B5B;
5311 : B5B;
5312 : A5A;
5313 : A5A;
5314 : A5A;
5315 : B5B;
5316 : C6B;
5317 : C6B;
5318 : C6B;
5319 : C6B;
531A : C6B;
531B : B5A;
531C : A5B;
531D : A5B;
531E : C5B;
531F : C6B;
5320 : C6B;
5321 : C6B;
5322 : C6B;
5323 : C6B;
5324 : C6B;
5325 : C7B;
5326 : D7B;
5327 : C6B;
5328 : C6B;
5329 : D8B;
532A : C6B;
532B : A5A;
532C : C7B;
532D : D7B;
532E : B5A;
532F : B6B;
5330 : D8B;
5331 : C6B;
5332 : A5B;
5333 : C7B;
5334 : D8B;
5335 : D6B;
5336 : C5B;
5337 : A5A;
5338 : C7B;
5339 : D8B;
533A : B5A;
533B : B5A;
533C : D8B;
533D : D7B;
533E : C6B;
533F : B5B;
5340 : B5B;
5341 : C6B;
5342 : D6B;
5343 : E7B;
5344 : E6B;
5345 : E6B;
5346 : E6B;
5347 : E6B;
5348 : A5A;
5349 : A5A;
534A : A5A;
534B : A5A;
534C : A5A;
534D : A5A;
534E : A5A;
534F : A5A;
5350 : A5A;
5351 : A5A;
5352 : A5A;
5353 : A5A;
5354 : A5A;
5355 : B5A;
5356 : E7B;
5357 : D6B;
5358 : A5A;
5359 : A5A;
535A : A5B;
535B : A5B;
535C : A5B;
535D : A5B;
535E : A5B;
535F : B5A;
5360 : D6B;
5361 : E6B;
5362 : B5A;
5363 : C5A;
5364 : E7B;
5365 : C6B;
5366 : B5A;
5367 : B5A;
5368 : B5A;
5369 : E7B;
536A : D6B;
536B : A5B;
536C : A5A;
536D : B5A;
536E : A5B;
536F : A5B;
5370 : B5B;
5371 : C5B;
5372 : E7B;
5373 : C6B;
5374 : B5A;
5375 : E6B;
5376 : D6B;
5377 : B5A;
5378 : C6B;
5379 : E7B;
537A : F9B;
537B : FAB;
537C : FAB;
537D : FAB;
537E : FAB;
537F : FAB;
5380 : FAB;
5381 : F8B;
5382 : E7B;
5383 : E7B;
5384 : D6B;
5385 : B5B;
5386 : E8B;
5387 : FBB;
5388 : FBB;
5389 : FBB;
538A : FBB;
538B : F9B;
538C : E7B;
538D : E7B;
538E : E7B;
538F : E7B;
5390 : E7B;
5391 : E7B;
5392 : E7B;
5393 : E7B;
5394 : E7B;
5395 : E6B;
5396 : B5B;
5397 : C6B;
5398 : FAB;
5399 : D7B;
539A : B5B;
539B : E9B;
539C : FAB;
539D : FAB;
539E : E8B;
539F : B5A;
53A0 : A5A;
53A1 : A5B;
53A2 : A5B;
53A3 : A5B;
53A4 : A5B;
53A5 : A5B;
53A6 : A5B;
53A7 : A5B;
53A8 : B5A;
53A9 : FAB;
53AA : FBB;
53AB : FBB;
53AC : FBB;
53AD : FBB;
53AE : FBB;
53AF : FBB;
53B0 : FBB;
53B1 : E9B;
53B2 : B5A;
53B3 : D8B;
53B4 : FAB;
53B5 : FBB;
53B6 : FBB;
53B7 : FBB;
53B8 : FAB;
53B9 : FAB;
53BA : FBB;
53BB : FAA;
53BC : F92;
53BD : F90;
53BE : F90;
53BF : F95;
53C0 : FBB;
53C1 : FA4;
53C2 : F90;
53C3 : FA0;
53C4 : FA0;
53C5 : F90;
53C6 : F90;
53C7 : F90;
53C8 : F90;
53C9 : F90;
53CA : F90;
53CB : F90;
53CC : F91;
53CD : D75;
53CE : B5A;
53CF : E83;
53D0 : F90;
53D1 : F90;
53D2 : E84;
53D3 : B5B;
53D4 : D74;
53D5 : F91;
53D6 : E79;
53D7 : E7B;
53D8 : E7B;
53D9 : E7B;
53DA : E7B;
53DB : E7B;
53DC : E7B;
53DD : E7B;
53DE : D6B;
53DF : B5A;
53E0 : A5B;
53E1 : A5A;
53E2 : A5A;
53E3 : A5A;
53E4 : B5A;
53E5 : B5A;
53E6 : A5B;
53E7 : A5A;
53E8 : A5A;
53E9 : B5A;
53EA : A5A;
53EB : A5A;
53EC : B5A;
53ED : B5A;
53EE : E8B;
53EF : FAB;
53F0 : FAB;
53F1 : FAB;
53F2 : FAB;
53F3 : FAB;
53F4 : FAB;
53F5 : FAB;
53F6 : FAB;
53F7 : FAB;
53F8 : FAB;
53F9 : FAB;
53FA : FAB;
53FB : FAB;
53FC : FAB;
53FD : FAB;
53FE : FAB;
53FF : FAB;
5400 : FBB;
5401 : FBB;
5402 : FAB;
5403 : B6A;
5404 : B5B;
5405 : B5B;
5406 : B5A;
5407 : B5A;
5408 : B5B;
5409 : B5A;
540A : D6B;
540B : E7B;
540C : E6B;
540D : E6B;
540E : E6B;
540F : C5B;
5410 : B5A;
5411 : A5A;
5412 : A5A;
5413 : A5A;
5414 : A5A;
5415 : A5A;
5416 : A5A;
5417 : A5A;
5418 : A5A;
5419 : A5A;
541A : A5A;
541B : C6B;
541C : E6B;
541D : B5A;
541E : A5B;
541F : B5A;
5420 : B5B;
5421 : B5B;
5422 : B5B;
5423 : A5B;
5424 : A5A;
5425 : A5A;
5426 : A5A;
5427 : A5A;
5428 : A5A;
5429 : A5A;
542A : A5B;
542B : A5B;
542C : A5B;
542D : B5B;
542E : B5B;
542F : B5A;
5430 : E9B;
5431 : FAB;
5432 : B5A;
5433 : B5B;
5434 : A5B;
5435 : A5B;
5436 : A5B;
5437 : A5B;
5438 : B5A;
5439 : E6B;
543A : D6B;
543B : B5A;
543C : A5B;
543D : A5B;
543E : A5B;
543F : B5B;
5440 : B5B;
5441 : B5B;
5442 : A5B;
5443 : A5B;
5444 : B5A;
5445 : E7B;
5446 : E6B;
5447 : E6B;
5448 : E6B;
5449 : E6B;
544A : E6B;
544B : E6B;
544C : D6B;
544D : D6B;
544E : D6B;
544F : D6B;
5450 : D6B;
5451 : D6B;
5452 : D6B;
5453 : D6B;
5454 : D6B;
5455 : D6B;
5456 : D6B;
5457 : D6B;
5458 : D6B;
5459 : E6B;
545A : F7B;
545B : E6B;
545C : D6B;
545D : B5B;
545E : A5B;
545F : A5A;
5460 : A5A;
5461 : A5B;
5462 : C5B;
5463 : D6B;
5464 : E6B;
5465 : E6B;
5466 : B5B;
5467 : C5A;
5468 : E7B;
5469 : C6B;
546A : B5A;
546B : D6B;
546C : D6B;
546D : B5A;
546E : B5B;
546F : A5B;
5470 : C6B;
5471 : D6B;
5472 : B5B;
5473 : B5B;
5474 : D6B;
5475 : C6B;
5476 : B5B;
5477 : D6B;
5478 : E6B;
5479 : E6B;
547A : D6B;
547B : B5A;
547C : B5B;
547D : C5B;
547E : E7B;
547F : E7B;
5480 : C6B;
5481 : D7B;
5482 : FAB;
5483 : FAB;
5484 : FAB;
5485 : FAB;
5486 : E9B;
5487 : B5B;
5488 : C5B;
5489 : D6B;
548A : F9B;
548B : FBB;
548C : FBB;
548D : FBB;
548E : FBB;
548F : FAB;
5490 : FAB;
5491 : FAB;
5492 : FAB;
5493 : FAB;
5494 : F9B;
5495 : E7B;
5496 : D6B;
5497 : B5B;
5498 : D6B;
5499 : E6B;
549A : B5B;
549B : B5B;
549C : C6B;
549D : D6B;
549E : D6B;
549F : C6B;
54A0 : C6A;
54A1 : C6B;
54A2 : B6A;
54A3 : B5A;
54A4 : A5B;
54A5 : A5B;
54A6 : A5B;
54A7 : A5B;
54A8 : A5B;
54A9 : A5B;
54AA : A5B;
54AB : A5B;
54AC : A5B;
54AD : C6B;
54AE : C6B;
54AF : C6B;
54B0 : C6B;
54B1 : C6A;
54B2 : E7B;
54B3 : E7B;
54B4 : C6A;
54B5 : C6B;
54B6 : D6B;
54B7 : D6B;
54B8 : C6B;
54B9 : B6B;
54BA : B6B;
54BB : B6B;
54BC : C6B;
54BD : C6B;
54BE : D7B;
54BF : F7B;
54C0 : F79;
54C1 : F79;
54C2 : F79;
54C3 : E7A;
54C4 : C6B;
54C5 : E93;
54C6 : FA0;
54C7 : F90;
54C8 : F90;
54C9 : FA0;
54CA : F85;
54CB : F79;
54CC : D69;
54CD : C68;
54CE : E79;
54CF : F79;
54D0 : F79;
54D1 : C6A;
54D2 : A5B;
54D3 : B69;
54D4 : C68;
54D5 : C68;
54D6 : B59;
54D7 : A5A;
54D8 : B59;
54D9 : C68;
54DA : E6A;
54DB : D6B;
54DC : B5B;
54DD : B5B;
54DE : B5B;
54DF : B5B;
54E0 : C5A;
54E1 : E6B;
54E2 : E6B;
54E3 : E6B;
54E4 : E6B;
54E5 : E6B;
54E6 : E6B;
54E7 : E6B;
54E8 : E6B;
54E9 : C6B;
54EA : A5A;
54EB : C6B;
54EC : D6B;
54ED : D6B;
54EE : D6B;
54EF : D6B;
54F0 : E6B;
54F1 : D6B;
54F2 : C6B;
54F3 : C6B;
54F4 : C6B;
54F5 : C6B;
54F6 : C6B;
54F7 : C6B;
54F8 : C6B;
54F9 : C6B;
54FA : C6B;
54FB : C6B;
54FC : C6B;
54FD : C6B;
54FE : C6B;
54FF : C6B;
5500 : C6B;
5501 : C6B;
5502 : C6B;
5503 : D7A;
5504 : FBB;
5505 : FBB;
5506 : FBB;
5507 : EAB;
5508 : E9B;
5509 : E9B;
550A : E9B;
550B : E9B;
550C : E7B;
550D : E6B;
550E : F9B;
550F : F9B;
5510 : E6B;
5511 : E6B;
5512 : E6B;
5513 : E6B;
5514 : D6B;
5515 : B5B;
5516 : A5B;
5517 : A5B;
5518 : B5B;
5519 : B5B;
551A : A5B;
551B : B5A;
551C : D6B;
551D : C6B;
551E : B5B;
551F : C6B;
5520 : E7B;
5521 : B5A;
5522 : B5B;
5523 : D6B;
5524 : E6B;
5525 : E6B;
5526 : E6B;
5527 : E6B;
5528 : E6B;
5529 : E6B;
552A : E6B;
552B : E6B;
552C : E6B;
552D : E6B;
552E : E6B;
552F : E6B;
5530 : E6B;
5531 : E6B;
5532 : D6B;
5533 : E6B;
5534 : D6B;
5535 : C6B;
5536 : D6B;
5537 : C6B;
5538 : A5B;
5539 : A5B;
553A : A5B;
553B : A5B;
553C : A5B;
553D : B5B;
553E : B5B;
553F : A5B;
5540 : A5B;
5541 : A5B;
5542 : A5B;
5543 : B5B;
5544 : D6B;
5545 : C6B;
5546 : A5A;
5547 : C6B;
5548 : D6B;
5549 : C5B;
554A : B5A;
554B : B5A;
554C : B5A;
554D : B5A;
554E : B5A;
554F : B5A;
5550 : E7B;
5551 : E7B;
5552 : E7B;
5553 : E7B;
5554 : E7B;
5555 : E7B;
5556 : E7B;
5557 : E7B;
5558 : E7B;
5559 : E7B;
555A : E7B;
555B : E7B;
555C : E7B;
555D : E6B;
555E : F6B;
555F : E6B;
5560 : E7B;
5561 : C5A;
5562 : B5A;
5563 : B5A;
5564 : B5A;
5565 : B5A;
5566 : D6B;
5567 : E7B;
5568 : E7B;
5569 : E6B;
556A : B5A;
556B : C5A;
556C : E7B;
556D : C6A;
556E : B5A;
556F : D6B;
5570 : E6B;
5571 : B5A;
5572 : B5B;
5573 : B5B;
5574 : D6B;
5575 : E6B;
5576 : B5B;
5577 : B5B;
5578 : E6B;
5579 : D6B;
557A : B6A;
557B : D7B;
557C : E7A;
557D : E7A;
557E : D7A;
557F : B6A;
5580 : B6A;
5581 : B5A;
5582 : D6B;
5583 : E6B;
5584 : B5A;
5585 : C6A;
5586 : FAB;
5587 : FAB;
5588 : FAB;
5589 : FAB;
558A : F9B;
558B : B5B;
558C : C5B;
558D : E7B;
558E : F9B;
558F : FAB;
5590 : FAB;
5591 : FAB;
5592 : FBB;
5593 : FBB;
5594 : FBB;
5595 : FBB;
5596 : FBB;
5597 : FBB;
5598 : FAB;
5599 : E7A;
559A : D6A;
559B : B5A;
559C : D7B;
559D : E7B;
559E : B5A;
559F : B5B;
55A0 : B5A;
55A1 : D6B;
55A2 : E6B;
55A3 : B5A;
55A4 : B5A;
55A5 : B5A;
55A6 : B5A;
55A7 : B5B;
55A8 : B5B;
55A9 : B5B;
55AA : B5B;
55AB : B5B;
55AC : B5B;
55AD : B5B;
55AE : B5B;
55AF : B5B;
55B0 : B5A;
55B1 : B5A;
55B2 : B5A;
55B3 : B5A;
55B4 : B5A;
55B5 : B5A;
55B6 : D6B;
55B7 : E7B;
55B8 : B5A;
55B9 : C6A;
55BA : E6B;
55BB : D6B;
55BC : B5A;
55BD : B5A;
55BE : B5A;
55BF : B5A;
55C0 : B5B;
55C1 : B5B;
55C2 : D6B;
55C3 : E6B;
55C4 : E6B;
55C5 : E6B;
55C6 : E7B;
55C7 : D6B;
55C8 : B5B;
55C9 : E85;
55CA : F92;
55CB : F90;
55CC : F90;
55CD : FA0;
55CE : F95;
55CF : E79;
55D0 : C69;
55D1 : B59;
55D2 : E79;
55D3 : E79;
55D4 : E7A;
55D5 : D6A;
55D6 : B5A;
55D7 : B59;
55D8 : B59;
55D9 : B5A;
55DA : B5A;
55DB : B5A;
55DC : B5A;
55DD : B5B;
55DE : E6B;
55DF : E6B;
55E0 : B5B;
55E1 : B5B;
55E2 : B5B;
55E3 : B5B;
55E4 : B5A;
55E5 : E6B;
55E6 : E6B;
55E7 : E6B;
55E8 : E6B;
55E9 : E6B;
55EA : E6B;
55EB : E7B;
55EC : E7B;
55ED : D6B;
55EE : B5A;
55EF : D6B;
55F0 : E7B;
55F1 : E7B;
55F2 : E7B;
55F3 : E7B;
55F4 : E7B;
55F5 : E7B;
55F6 : C6B;
55F7 : B5B;
55F8 : B5B;
55F9 : B5A;
55FA : B5A;
55FB : B5A;
55FC : B5A;
55FD : B5A;
55FE : B5A;
55FF : B5A;
5600 : B5A;
5601 : B5A;
5602 : B5A;
5603 : B5A;
5604 : B5A;
5605 : B5A;
5606 : B5A;
5607 : C6A;
5608 : FAB;
5609 : FAB;
560A : FAB;
560B : FAB;
560C : FAB;
560D : FAB;
560E : FAB;
560F : FAB;
5610 : F9B;
5611 : E7B;
5612 : FAB;
5613 : FAB;
5614 : E7B;
5615 : E7B;
5616 : E7B;
5617 : E7B;
5618 : E6B;
5619 : B5B;
561A : B5A;
561B : B5A;
561C : B5A;
561D : B5A;
561E : B5B;
561F : B5A;
5620 : E7B;
5621 : E7B;
5622 : B6A;
5623 : C7A;
5624 : E8B;
5625 : C6A;
5626 : B6A;
5627 : E7B;
5628 : E7B;
5629 : E7B;
562A : E6B;
562B : E6B;
562C : E6B;
562D : E6B;
562E : E6B;
562F : E6B;
5630 : E6B;
5631 : E6B;
5632 : E6B;
5633 : E6B;
5634 : E7B;
5635 : E7B;
5636 : E7B;
5637 : E6B;
5638 : C5B;
5639 : B5A;
563A : E6B;
563B : D6B;
563C : B5A;
563D : B5A;
563E : B5A;
563F : B5A;
5640 : B5A;
5641 : B5A;
5642 : B5A;
5643 : B5A;
5644 : B5A;
5645 : B5A;
5646 : B5A;
5647 : C5A;
5648 : E7B;
5649 : D6B;
564A : B5A;
564B : D6B;
564C : E6B;
564D : B5A;
564E : B5A;
564F : B5A;
5650 : B5A;
5651 : B5A;
5652 : B6A;
5653 : B6A;
5654 : E7B;
5655 : E7B;
5656 : E7B;
5657 : E7B;
5658 : E7B;
5659 : E7B;
565A : E7B;
565B : E7B;
565C : E7B;
565D : E7B;
565E : E7B;
565F : E7B;
5660 : E7B;
5661 : E6B;
5662 : E6B;
5663 : E6B;
5664 : E7B;
5665 : E6B;
5666 : E6B;
5667 : E6B;
5668 : E6B;
5669 : E6B;
566A : E6B;
566B : E6B;
566C : E6B;
566D : E7B;
566E : E6B;
566F : E6B;
5670 : E7B;
5671 : E6B;
5672 : E6B;
5673 : E7B;
5674 : E7B;
5675 : E6B;
5676 : E6B;
5677 : E7B;
5678 : E6B;
5679 : F6B;
567A : E6B;
567B : E6B;
567C : F6B;
567D : F9B;
567E : FDB;
567F : FDB;
5680 : FDB;
5681 : FDB;
5682 : FDB;
5683 : FDB;
5684 : EAB;
5685 : E7B;
5686 : E6B;
5687 : E6B;
5688 : E6B;
5689 : E6B;
568A : E7B;
568B : E7B;
568C : E7B;
568D : E7B;
568E : E7B;
568F : E6B;
5690 : E6B;
5691 : E7B;
5692 : E7B;
5693 : E7B;
5694 : E7B;
5695 : E8A;
5696 : FAB;
5697 : FBB;
5698 : FBB;
5699 : FBB;
569A : FBB;
569B : FAB;
569C : FAB;
569D : FAB;
569E : E8B;
569F : E6B;
56A0 : F9B;
56A1 : FAB;
56A2 : E7B;
56A3 : E6B;
56A4 : E6B;
56A5 : E6B;
56A6 : E6B;
56A7 : E6B;
56A8 : E6B;
56A9 : E6B;
56AA : E6B;
56AB : E6B;
56AC : E7B;
56AD : E6B;
56AE : E6B;
56AF : E6B;
56B0 : E6B;
56B1 : E6B;
56B2 : E6B;
56B3 : E6B;
56B4 : E6B;
56B5 : E6B;
56B6 : E6B;
56B7 : E6B;
56B8 : E6B;
56B9 : E6B;
56BA : E6B;
56BB : F7B;
56BC : E7B;
56BD : E7B;
56BE : F7B;
56BF : E6B;
56C0 : E6B;
56C1 : E6B;
56C2 : E6B;
56C3 : E6B;
56C4 : E6B;
56C5 : E6B;
56C6 : E6B;
56C7 : F6B;
56C8 : F6B;
56C9 : F6B;
56CA : F6B;
56CB : E6B;
56CC : E6B;
56CD : E7A;
56CE : F79;
56CF : F92;
56D0 : F90;
56D1 : FA0;
56D2 : F91;
56D3 : F92;
56D4 : F92;
56D5 : F82;
56D6 : F92;
56D7 : F92;
56D8 : F92;
56D9 : F86;
56DA : E7B;
56DB : E84;
56DC : E83;
56DD : E7A;
56DE : E7B;
56DF : E6B;
56E0 : E6B;
56E1 : E6C;
56E2 : E7B;
56E3 : E7B;
56E4 : E7B;
56E5 : E6B;
56E6 : E6B;
56E7 : E6B;
56E8 : E6B;
56E9 : E7B;
56EA : E6B;
56EB : E6B;
56EC : E6B;
56ED : E6B;
56EE : E6B;
56EF : E6B;
56F0 : E6B;
56F1 : E6B;
56F2 : E6B;
56F3 : E7B;
56F4 : E7B;
56F5 : E7B;
56F6 : E7B;
56F7 : E7B;
56F8 : E6B;
56F9 : E6B;
56FA : E6B;
56FB : E7B;
56FC : E7B;
56FD : E7B;
56FE : E7B;
56FF : E7B;
5700 : E7B;
5701 : E7B;
5702 : E7B;
5703 : E7B;
5704 : E7B;
5705 : E7B;
5706 : E7B;
5707 : E7B;
5708 : E7B;
5709 : E7B;
570A : E6B;
570B : E7B;
570C : E7B;
570D : E7B;
570E : E7B;
570F : E7B;
5710 : E7B;
5711 : E7B;
5712 : E8B;
5713 : FBB;
5714 : FAB;
5715 : FAB;
5716 : FAB;
5717 : FBB;
5718 : FAB;
5719 : FAB;
571A : FAB;
571B : F8B;
571C : E7B;
571D : E6B;
571E : E6B;
571F : E6B;
5720 : E6B;
5721 : E6B;
5722 : E6B;
5723 : E7B;
5724 : FCC;
5725 : FDB;
5726 : FDB;
5727 : FDB;
5728 : FDB;
5729 : FDB;
572A : FDB;
572B : FDB;
572C : FBB;
572D : E7B;
572E : F6B;
572F : E6B;
5730 : E6B;
5731 : E6B;
5732 : E6B;
5733 : E6B;
5734 : E6B;
5735 : E6B;
5736 : E6B;
5737 : E6B;
5738 : E6B;
5739 : E6B;
573A : E6B;
573B : E6B;
573C : E7B;
573D : E7B;
573E : E6B;
573F : E6B;
5740 : E6B;
5741 : E6B;
5742 : E6B;
5743 : E6B;
5744 : E6B;
5745 : E6B;
5746 : E6B;
5747 : E6B;
5748 : E6B;
5749 : E6B;
574A : E6B;
574B : E6B;
574C : E6B;
574D : E6B;
574E : E6B;
574F : E6B;
5750 : E6B;
5751 : E6B;
5752 : E6B;
5753 : E6B;
5754 : E6B;
5755 : E7B;
5756 : FBC;
5757 : FDB;
5758 : E7B;
5759 : E7B;
575A : E7B;
575B : E7B;
575C : E7B;
575D : E7B;
575E : E7B;
575F : E7B;
5760 : E7B;
5761 : E7B;
5762 : E7B;
5763 : E7B;
5764 : E7B;
5765 : E6B;
5766 : E6B;
5767 : E6B;
5768 : E6B;
5769 : E6B;
576A : E6B;
576B : F6B;
576C : F6B;
576D : F6B;
576E : F6B;
576F : F6B;
5770 : E6B;
5771 : E6B;
5772 : E6B;
5773 : F6B;
5774 : F6B;
5775 : F6B;
5776 : F6B;
5777 : F6B;
5778 : E6B;
5779 : E6B;
577A : F6B;
577B : E6B;
577C : F8B;
577D : E9A;
577E : E9A;
577F : E9A;
5780 : E9B;
5781 : FBA;
5782 : FEB;
5783 : FEB;
5784 : FEB;
5785 : FEB;
5786 : FEB;
5787 : FEB;
5788 : FBB;
5789 : E9A;
578A : E9A;
578B : E9A;
578C : E9A;
578D : E9A;
578E : E9B;
578F : E8B;
5790 : E6B;
5791 : E6B;
5792 : E7B;
5793 : E7B;
5794 : E7B;
5795 : E7B;
5796 : E7B;
5797 : E7B;
5798 : E7B;
5799 : E7B;
579A : F9B;
579B : F9B;
579C : F9B;
579D : F9B;
579E : F9B;
579F : FAB;
57A0 : FBB;
57A1 : FBB;
57A2 : F9B;
57A3 : F8A;
57A4 : F9B;
57A5 : F9B;
57A6 : F7B;
57A7 : E6B;
57A8 : E7B;
57A9 : E6B;
57AA : E7B;
57AB : E7B;
57AC : F7B;
57AD : F6B;
57AE : F6B;
57AF : F6B;
57B0 : E6B;
57B1 : E6B;
57B2 : E6B;
57B3 : E6B;
57B4 : E6B;
57B5 : E6B;
57B6 : E6B;
57B7 : E6B;
57B8 : E6B;
57B9 : E6B;
57BA : E6B;
57BB : E6B;
57BC : F6B;
57BD : F6B;
57BE : F6B;
57BF : E7B;
57C0 : E7B;
57C1 : E7B;
57C2 : E9A;
57C3 : E9A;
57C4 : E9A;
57C5 : E9A;
57C6 : E9A;
57C7 : E9A;
57C8 : E9A;
57C9 : E9A;
57CA : E9A;
57CB : E9A;
57CC : E9A;
57CD : E9A;
57CE : E9A;
57CF : E8B;
57D0 : F6B;
57D1 : F6B;
57D2 : F7B;
57D3 : F86;
57D4 : F84;
57D5 : F95;
57D6 : F85;
57D7 : F85;
57D8 : F85;
57D9 : F85;
57DA : F85;
57DB : F85;
57DC : F85;
57DD : F78;
57DE : F7B;
57DF : F86;
57E0 : E85;
57E1 : E7A;
57E2 : F6B;
57E3 : F6B;
57E4 : F78;
57E5 : F77;
57E6 : F7A;
57E7 : E7B;
57E8 : E7B;
57E9 : E7B;
57EA : E7B;
57EB : E7B;
57EC : E7B;
57ED : E7B;
57EE : E6B;
57EF : E6B;
57F0 : E6B;
57F1 : E6B;
57F2 : E6B;
57F3 : E6B;
57F4 : E6B;
57F5 : E7B;
57F6 : E7B;
57F7 : E7B;
57F8 : E7B;
57F9 : E7B;
57FA : E7B;
57FB : E6B;
57FC : E6B;
57FD : E6B;
57FE : E7B;
57FF : E7B;
5800 : E7B;
5801 : E7B;
5802 : E7B;
5803 : E7B;
5804 : E7B;
5805 : E7B;
5806 : E7B;
5807 : E7B;
5808 : E7B;
5809 : E7B;
580A : E7B;
580B : E7B;
580C : E7B;
580D : E7B;
580E : E7B;
580F : E6B;
5810 : E7B;
5811 : E7B;
5812 : E7B;
5813 : E7B;
5814 : E7B;
5815 : E7B;
5816 : E7B;
5817 : F9B;
5818 : F9B;
5819 : F9B;
581A : F9B;
581B : F9B;
581C : F9B;
581D : F9B;
581E : F9B;
581F : F8B;
5820 : E8B;
5821 : E7B;
5822 : E6B;
5823 : E7B;
5824 : E8B;
5825 : E9B;
5826 : E9B;
5827 : EAA;
5828 : FDB;
5829 : FDB;
582A : FEB;
582B : FEB;
582C : FEB;
582D : FEB;
582E : FEB;
582F : FEB;
5830 : FCB;
5831 : E9A;
5832 : E9B;
5833 : E9A;
5834 : E7B;
5835 : E6B;
5836 : E7B;
5837 : E6B;
5838 : E6B;
5839 : E6B;
583A : E6B;
583B : E6B;
583C : E6B;
583D : E6B;
583E : E6B;
583F : E6B;
5840 : E6B;
5841 : E6B;
5842 : E6B;
5843 : E6B;
5844 : E6B;
5845 : E6B;
5846 : E6B;
5847 : E6B;
5848 : E6B;
5849 : E6B;
584A : E6B;
584B : E6B;
584C : E6B;
584D : E6B;
584E : F6B;
584F : F6B;
5850 : F6B;
5851 : E6B;
5852 : E6B;
5853 : E6B;
5854 : E6B;
5855 : E6B;
5856 : E7B;
5857 : E9A;
5858 : E9A;
5859 : E9A;
585A : FCB;
585B : FEB;
585C : E7B;
585D : E7B;
585E : E7B;
585F : E7B;
5860 : E7B;
5861 : E7B;
5862 : E7B;
5863 : E7B;
5864 : E7B;
5865 : E7B;
5866 : E7B;
5867 : E7B;
5868 : E7B;
5869 : E6B;
586A : E6B;
586B : E6B;
586C : E6B;
586D : E6B;
586E : E6B;
586F : E7B;
5870 : E7B;
5871 : E6B;
5872 : F6B;
5873 : E6B;
5874 : E6B;
5875 : E6B;
5876 : F6B;
5877 : F6B;
5878 : F6B;
5879 : F6B;
587A : F6B;
587B : E6B;
587C : E6B;
587D : E6B;
587E : E7B;
587F : E7B;
5880 : FBC;
5881 : FEB;
5882 : FEB;
5883 : FEB;
5884 : FEB;
5885 : FEB;
5886 : FEB;
5887 : FEB;
5888 : FEB;
5889 : FEB;
588A : FEB;
588B : FEB;
588C : FEB;
588D : FEB;
588E : FEB;
588F : FDB;
5890 : FEB;
5891 : FEB;
5892 : FDB;
5893 : FAA;
5894 : E7B;
5895 : E6B;
5896 : E6B;
5897 : E7B;
5898 : E7B;
5899 : E7B;
589A : E7B;
589B : E7B;
589C : E7B;
589D : E7B;
589E : E7B;
589F : E7B;
58A0 : E7B;
58A1 : E7B;
58A2 : E7A;
58A3 : FAB;
58A4 : FBB;
58A5 : FBB;
58A6 : FBB;
58A7 : FAB;
58A8 : F8B;
58A9 : E7B;
58AA : E7B;
58AB : E7B;
58AC : E7B;
58AD : E7B;
58AE : E7B;
58AF : E7B;
58B0 : E7B;
58B1 : E7B;
58B2 : E7B;
58B3 : E7B;
58B4 : E7B;
58B5 : E7B;
58B6 : E7B;
58B7 : E7B;
58B8 : E7B;
58B9 : E7B;
58BA : E7B;
58BB : E7B;
58BC : E7B;
58BD : E7B;
58BE : E7B;
58BF : E7B;
58C0 : E7B;
58C1 : E7B;
58C2 : E7B;
58C3 : E7B;
58C4 : E7B;
58C5 : E9A;
58C6 : FDC;
58C7 : FDB;
58C8 : FDB;
58C9 : FDB;
58CA : FDB;
58CB : FDB;
58CC : FDB;
58CD : FDB;
58CE : FDB;
58CF : FDB;
58D0 : FDB;
58D1 : FEB;
58D2 : FEB;
58D3 : FBB;
58D4 : E7B;
58D5 : E7B;
58D6 : E7B;
58D7 : E7B;
58D8 : E7B;
58D9 : E7A;
58DA : F7A;
58DB : F7B;
58DC : E7B;
58DD : E7B;
58DE : E7B;
58DF : E7B;
58E0 : F7B;
58E1 : F7B;
58E2 : E7B;
58E3 : E7B;
58E4 : E7A;
58E5 : E7B;
58E6 : E6B;
58E7 : F7B;
58E8 : F85;
58E9 : F92;
58EA : F7A;
58EB : E7B;
58EC : E7B;
58ED : E7B;
58EE : E7B;
58EF : E7B;
58F0 : E7B;
58F1 : E7B;
58F2 : E6B;
58F3 : E6B;
58F4 : E6B;
58F5 : E6B;
58F6 : E6B;
58F7 : E6B;
58F8 : E7B;
58F9 : E7B;
58FA : E7B;
58FB : E7B;
58FC : E7B;
58FD : E7B;
58FE : E7B;
58FF : E6B;
5900 : E6B;
5901 : E6B;
5902 : E6B;
5903 : E6B;
5904 : E6B;
5905 : E7B;
5906 : E7B;
5907 : E7B;
5908 : E7B;
5909 : E7B;
590A : E7B;
590B : E7B;
590C : E7B;
590D : E7B;
590E : E6B;
590F : E6B;
5910 : E6B;
5911 : E6B;
5912 : E6B;
5913 : E7B;
5914 : E7B;
5915 : E7B;
5916 : E7B;
5917 : E7B;
5918 : E7B;
5919 : E7B;
591A : E7B;
591B : E7B;
591C : E7B;
591D : E7B;
591E : E7B;
591F : E7B;
5920 : E7B;
5921 : E7B;
5922 : E7B;
5923 : F9B;
5924 : FAB;
5925 : E7B;
5926 : E6B;
5927 : E7B;
5928 : EAB;
5929 : FDB;
592A : FDB;
592B : FDB;
592C : FEB;
592D : FEB;
592E : FEB;
592F : FEB;
5930 : FEB;
5931 : FEB;
5932 : FEB;
5933 : FEB;
5934 : FEB;
5935 : FDB;
5936 : FEB;
5937 : FDB;
5938 : E8B;
5939 : E6B;
593A : E7B;
593B : E7B;
593C : E6B;
593D : E6B;
593E : E6B;
593F : E6B;
5940 : E6B;
5941 : E6B;
5942 : E6B;
5943 : E7B;
5944 : E6B;
5945 : E6B;
5946 : E6B;
5947 : E6B;
5948 : E6B;
5949 : E6B;
594A : E6B;
594B : E6B;
594C : E6B;
594D : E6B;
594E : E6B;
594F : E6B;
5950 : E6B;
5951 : E6B;
5952 : E6B;
5953 : E7B;
5954 : E7B;
5955 : E7B;
5956 : E7B;
5957 : E7B;
5958 : E6B;
5959 : E6B;
595A : E8B;
595B : FDB;
595C : FDB;
595D : FDB;
595E : FEB;
595F : FEB;
5960 : E7B;
5961 : E7B;
5962 : E7B;
5963 : E7B;
5964 : E7B;
5965 : E7B;
5966 : E7B;
5967 : E7B;
5968 : E7B;
5969 : E7B;
596A : E7B;
596B : E7B;
596C : E7B;
596D : E6B;
596E : E6B;
596F : E6B;
5970 : E6B;
5971 : E6B;
5972 : E7B;
5973 : EAB;
5974 : EBB;
5975 : FBB;
5976 : FAB;
5977 : FAB;
5978 : FAB;
5979 : FAB;
597A : FAB;
597B : FAB;
597C : FAB;
597D : FAB;
597E : FAB;
597F : FAB;
5980 : FAB;
5981 : EBB;
5982 : EBB;
5983 : EBB;
5984 : FCB;
5985 : FEB;
5986 : FEB;
5987 : FEB;
5988 : FEB;
5989 : FEB;
598A : FEB;
598B : FEB;
598C : FEB;
598D : FEB;
598E : FEB;
598F : FEB;
5990 : FEB;
5991 : FEB;
5992 : FEB;
5993 : FEB;
5994 : FEB;
5995 : FEB;
5996 : FEB;
5997 : FCB;
5998 : EAB;
5999 : E7B;
599A : F6B;
599B : E6B;
599C : E7B;
599D : E7B;
599E : E7B;
599F : E7B;
59A0 : E7B;
59A1 : E6B;
59A2 : E6B;
59A3 : E6B;
59A4 : E6B;
59A5 : E6B;
59A6 : E7B;
59A7 : F8B;
59A8 : F8B;
59A9 : F8B;
59AA : F8B;
59AB : F8B;
59AC : E7B;
59AD : E7B;
59AE : EAB;
59AF : EBB;
59B0 : EBB;
59B1 : EBB;
59B2 : EBB;
59B3 : EBB;
59B4 : EBB;
59B5 : EBB;
59B6 : EBB;
59B7 : EBB;
59B8 : EBB;
59B9 : EBB;
59BA : EBB;
59BB : EBB;
59BC : EBB;
59BD : EBB;
59BE : EBB;
59BF : EBB;
59C0 : EBB;
59C1 : EBB;
59C2 : EBB;
59C3 : EBB;
59C4 : EBB;
59C5 : EBB;
59C6 : EBB;
59C7 : EBB;
59C8 : EBB;
59C9 : ECA;
59CA : FEB;
59CB : FEB;
59CC : FEB;
59CD : FEB;
59CE : FEB;
59CF : FEB;
59D0 : FEB;
59D1 : FEB;
59D2 : FEB;
59D3 : FEB;
59D4 : FEB;
59D5 : FEB;
59D6 : FEB;
59D7 : FCB;
59D8 : EBB;
59D9 : EBB;
59DA : FBB;
59DB : FAB;
59DC : FAB;
59DD : FAB;
59DE : FAB;
59DF : FAB;
59E0 : FAB;
59E1 : FBB;
59E2 : FBB;
59E3 : F9B;
59E4 : E7B;
59E5 : E6B;
59E6 : E6B;
59E7 : E6B;
59E8 : E6B;
59E9 : E7B;
59EA : E7B;
59EB : E7B;
59EC : F79;
59ED : F87;
59EE : F7A;
59EF : E7B;
59F0 : E7B;
59F1 : E7B;
59F2 : E7B;
59F3 : E7B;
59F4 : E7B;
59F5 : E7B;
59F6 : E6B;
59F7 : E6B;
59F8 : E6B;
59F9 : E6B;
59FA : E6B;
59FB : E6B;
59FC : E7B;
59FD : E7B;
59FE : E7B;
59FF : E7B;
5A00 : E7B;
5A01 : E7B;
5A02 : E7B;
5A03 : E6B;
5A04 : E6B;
5A05 : E6B;
5A06 : E6B;
5A07 : E6B;
5A08 : E6B;
5A09 : E6B;
5A0A : E7B;
5A0B : E7B;
5A0C : E7B;
5A0D : E7B;
5A0E : E7B;
5A0F : E7B;
5A10 : E7B;
5A11 : E7B;
5A12 : E6B;
5A13 : E6B;
5A14 : E6B;
5A15 : E6B;
5A16 : E6B;
5A17 : E7B;
5A18 : E7B;
5A19 : E7B;
5A1A : E7B;
5A1B : E7B;
5A1C : E7B;
5A1D : E7B;
5A1E : E6B;
5A1F : E6B;
5A20 : E6B;
5A21 : E7B;
5A22 : E7B;
5A23 : E7B;
5A24 : E7B;
5A25 : E7B;
5A26 : E7B;
5A27 : F8B;
5A28 : F8B;
5A29 : FAB;
5A2A : EBB;
5A2B : EBB;
5A2C : FCB;
5A2D : FEB;
5A2E : FEB;
5A2F : FEB;
5A30 : FEB;
5A31 : FEB;
5A32 : FEB;
5A33 : FEB;
5A34 : FEB;
5A35 : FEB;
5A36 : FEB;
5A37 : FEB;
5A38 : FEB;
5A39 : FEB;
5A3A : FEB;
5A3B : FEB;
5A3C : FBB;
5A3D : FBB;
5A3E : EBB;
5A3F : F9B;
5A40 : E7B;
5A41 : E7B;
5A42 : E6B;
5A43 : E6B;
5A44 : E6B;
5A45 : E6B;
5A46 : E6B;
5A47 : E6B;
5A48 : E6B;
5A49 : E6B;
5A4A : E6B;
5A4B : E6B;
5A4C : E6B;
5A4D : E6B;
5A4E : E6B;
5A4F : E6B;
5A50 : E6B;
5A51 : E6B;
5A52 : E6B;
5A53 : E6B;
5A54 : E6B;
5A55 : E6B;
5A56 : E6B;
5A57 : E7B;
5A58 : FAB;
5A59 : EBB;
5A5A : EBB;
5A5B : EBB;
5A5C : EBB;
5A5D : FBB;
5A5E : FBB;
5A5F : FEB;
5A60 : FEB;
5A61 : FEB;
5A62 : FEB;
5A63 : FEB;
5A64 : E7B;
5A65 : E7B;
5A66 : E7B;
5A67 : E7B;
5A68 : E7B;
5A69 : E7B;
5A6A : E7B;
5A6B : E7B;
5A6C : E7B;
5A6D : E7B;
5A6E : E7B;
5A6F : E7B;
5A70 : E7B;
5A71 : E7B;
5A72 : E7A;
5A73 : E7A;
5A74 : E7A;
5A75 : E7A;
5A76 : E8A;
5A77 : FDB;
5A78 : FEB;
5A79 : FEB;
5A7A : FEB;
5A7B : FEB;
5A7C : FEB;
5A7D : FEB;
5A7E : FEB;
5A7F : FEB;
5A80 : FEB;
5A81 : FEB;
5A82 : FEB;
5A83 : FEB;
5A84 : FEB;
5A85 : FEB;
5A86 : FEB;
5A87 : FEB;
5A88 : FEB;
5A89 : FEB;
5A8A : FEB;
5A8B : FEB;
5A8C : FEB;
5A8D : FEB;
5A8E : FEB;
5A8F : FEB;
5A90 : FEB;
5A91 : FEB;
5A92 : FEB;
5A93 : FEB;
5A94 : FEB;
5A95 : FEB;
5A96 : FEB;
5A97 : FEB;
5A98 : FEB;
5A99 : FEB;
5A9A : FEB;
5A9B : FEB;
5A9C : FDB;
5A9D : E8A;
5A9E : E7B;
5A9F : E7B;
5AA0 : E7A;
5AA1 : E7A;
5AA2 : E7B;
5AA3 : E6B;
5AA4 : E6B;
5AA5 : E6B;
5AA6 : E6B;
5AA7 : E6B;
5AA8 : E6B;
5AA9 : E6B;
5AAA : E6B;
5AAB : E6B;
5AAC : E7B;
5AAD : E7B;
5AAE : E7B;
5AAF : E7A;
5AB0 : E7A;
5AB1 : E8A;
5AB2 : FDB;
5AB3 : FEB;
5AB4 : FEB;
5AB5 : FEB;
5AB6 : FEB;
5AB7 : FEB;
5AB8 : FEB;
5AB9 : FEB;
5ABA : FEB;
5ABB : FEB;
5ABC : FEB;
5ABD : FEB;
5ABE : FEB;
5ABF : FEB;
5AC0 : FEB;
5AC1 : FEB;
5AC2 : FEB;
5AC3 : FEB;
5AC4 : FEB;
5AC5 : FEB;
5AC6 : FEB;
5AC7 : FEB;
5AC8 : FEB;
5AC9 : FEB;
5ACA : FEB;
5ACB : FEB;
5ACC : FEB;
5ACD : FEB;
5ACE : FEB;
5ACF : FEB;
5AD0 : FEB;
5AD1 : FEB;
5AD2 : FEB;
5AD3 : FEB;
5AD4 : FEB;
5AD5 : FEB;
5AD6 : FEB;
5AD7 : FEB;
5AD8 : FEB;
5AD9 : FEB;
5ADA : FEB;
5ADB : FEB;
5ADC : FEB;
5ADD : FEB;
5ADE : FEB;
5ADF : FEB;
5AE0 : FEB;
5AE1 : FEB;
5AE2 : FEB;
5AE3 : FEB;
5AE4 : FEB;
5AE5 : FEB;
5AE6 : FEB;
5AE7 : FCB;
5AE8 : E7A;
5AE9 : E7A;
5AEA : E7A;
5AEB : E7B;
5AEC : E6B;
5AED : E6B;
5AEE : F6B;
5AEF : E6B;
5AF0 : F6B;
5AF1 : F6B;
5AF2 : E6B;
5AF3 : F6B;
5AF4 : E6B;
5AF5 : E6B;
5AF6 : F6B;
5AF7 : F6B;
5AF8 : F6B;
5AF9 : F6B;
5AFA : F6B;
5AFB : F6B;
5AFC : F6B;
5AFD : F6B;
5AFE : F6B;
5AFF : F6B;
5B00 : E6B;
5B01 : E6B;
5B02 : E6B;
5B03 : E6B;
5B04 : E6B;
5B05 : E6B;
5B06 : E6B;
5B07 : F6B;
5B08 : F6B;
5B09 : F6B;
5B0A : F6B;
5B0B : F6B;
5B0C : F6B;
5B0D : F6B;
5B0E : F6B;
5B0F : F6B;
5B10 : F6B;
5B11 : F6B;
5B12 : F6B;
5B13 : F6B;
5B14 : E7B;
5B15 : E7A;
5B16 : E7A;
5B17 : E7A;
5B18 : E7A;
5B19 : E7A;
5B1A : E7A;
5B1B : E7A;
5B1C : E7A;
5B1D : E7A;
5B1E : E7A;
5B1F : E7A;
5B20 : E7A;
5B21 : E7A;
5B22 : E7B;
5B23 : E7B;
5B24 : E7B;
5B25 : E7B;
5B26 : E7A;
5B27 : E7A;
5B28 : E7A;
5B29 : E7A;
5B2A : E7B;
5B2B : E7B;
5B2C : E7A;
5B2D : FDB;
5B2E : FEB;
5B2F : FEB;
5B30 : FEB;
5B31 : FEB;
5B32 : FEB;
5B33 : FEB;
5B34 : FEB;
5B35 : FEB;
5B36 : FEB;
5B37 : FEB;
5B38 : FEB;
5B39 : FEB;
5B3A : FEB;
5B3B : FEB;
5B3C : FEB;
5B3D : FEB;
5B3E : FEB;
5B3F : FEB;
5B40 : FEB;
5B41 : FEB;
5B42 : FEB;
5B43 : FBB;
5B44 : E7A;
5B45 : E7B;
5B46 : E7A;
5B47 : E7A;
5B48 : E7A;
5B49 : E7A;
5B4A : E7A;
5B4B : E7A;
5B4C : E7A;
5B4D : E7A;
5B4E : E7A;
5B4F : E7A;
5B50 : E7A;
5B51 : E7A;
5B52 : E7A;
5B53 : E7A;
5B54 : E7A;
5B55 : E7A;
5B56 : E7A;
5B57 : E7A;
5B58 : E7A;
5B59 : E7B;
5B5A : E7B;
5B5B : E8A;
5B5C : FDB;
5B5D : FEB;
5B5E : FEB;
5B5F : FEB;
5B60 : FEB;
5B61 : FEB;
5B62 : FEB;
5B63 : FEB;
5B64 : FEB;
5B65 : FEB;
5B66 : FEB;
5B67 : FEB;
5B68 : E7B;
5B69 : E7B;
5B6A : E7B;
5B6B : E7B;
5B6C : E7B;
5B6D : E7B;
5B6E : E7B;
5B6F : E7B;
5B70 : E7B;
5B71 : E7B;
5B72 : E7B;
5B73 : E7B;
5B74 : E7B;
5B75 : E8B;
5B76 : FCC;
5B77 : FCB;
5B78 : FCB;
5B79 : FCB;
5B7A : FCB;
5B7B : FEB;
5B7C : FEB;
5B7D : FEB;
5B7E : FEB;
5B7F : FEB;
5B80 : FEB;
5B81 : FEB;
5B82 : FEB;
5B83 : FEB;
5B84 : FEB;
5B85 : FDB;
5B86 : FDB;
5B87 : FDB;
5B88 : FCB;
5B89 : FDB;
5B8A : FDB;
5B8B : FCB;
5B8C : FDB;
5B8D : FDB;
5B8E : FDB;
5B8F : FEB;
5B90 : FEB;
5B91 : FEB;
5B92 : FEB;
5B93 : FEB;
5B94 : FEB;
5B95 : FEB;
5B96 : FEB;
5B97 : FEB;
5B98 : FEB;
5B99 : FEB;
5B9A : FEB;
5B9B : FEB;
5B9C : FEB;
5B9D : FEB;
5B9E : FEB;
5B9F : FEB;
5BA0 : FEB;
5BA1 : FDB;
5BA2 : FCB;
5BA3 : FCB;
5BA4 : FCB;
5BA5 : FCC;
5BA6 : F9B;
5BA7 : E6B;
5BA8 : E6B;
5BA9 : E6B;
5BAA : E6B;
5BAB : E6B;
5BAC : E6B;
5BAD : E6B;
5BAE : E6B;
5BAF : E6B;
5BB0 : E6B;
5BB1 : E7B;
5BB2 : F9B;
5BB3 : FCB;
5BB4 : FCB;
5BB5 : FCB;
5BB6 : FEB;
5BB7 : FEB;
5BB8 : FEB;
5BB9 : FEB;
5BBA : FEB;
5BBB : FEB;
5BBC : FEB;
5BBD : FEB;
5BBE : FEB;
5BBF : FEB;
5BC0 : FEB;
5BC1 : FEB;
5BC2 : FEB;
5BC3 : FEB;
5BC4 : FEB;
5BC5 : FEB;
5BC6 : FEB;
5BC7 : FEB;
5BC8 : FEB;
5BC9 : FEB;
5BCA : FEB;
5BCB : FEB;
5BCC : FEB;
5BCD : FEB;
5BCE : FEB;
5BCF : FEB;
5BD0 : FEB;
5BD1 : FEB;
5BD2 : FEB;
5BD3 : FEB;
5BD4 : FEB;
5BD5 : FEB;
5BD6 : FEB;
5BD7 : FEB;
5BD8 : FEB;
5BD9 : FEB;
5BDA : FEB;
5BDB : FEB;
5BDC : FEB;
5BDD : FEB;
5BDE : FEB;
5BDF : FEB;
5BE0 : FEB;
5BE1 : FEB;
5BE2 : FEB;
5BE3 : FEB;
5BE4 : FEB;
5BE5 : FEB;
5BE6 : FEB;
5BE7 : FEB;
5BE8 : FEB;
5BE9 : FEB;
5BEA : FEB;
5BEB : FDB;
5BEC : FCB;
5BED : FCB;
5BEE : FCC;
5BEF : E8B;
5BF0 : F6B;
5BF1 : F6B;
5BF2 : F6B;
5BF3 : F6B;
5BF4 : F6B;
5BF5 : F6B;
5BF6 : F6B;
5BF7 : F6B;
5BF8 : F6B;
5BF9 : F6B;
5BFA : F6B;
5BFB : F6B;
5BFC : F6B;
5BFD : F6B;
5BFE : F6B;
5BFF : F6B;
5C00 : F6B;
5C01 : F6B;
5C02 : F6B;
5C03 : F6B;
5C04 : F6B;
5C05 : F6B;
5C06 : F6B;
5C07 : F6B;
5C08 : F6B;
5C09 : F6B;
5C0A : F6B;
5C0B : F6B;
5C0C : F6B;
5C0D : F6B;
5C0E : F6B;
5C0F : F6B;
5C10 : F6B;
5C11 : F6B;
5C12 : F6B;
5C13 : F6B;
5C14 : F6B;
5C15 : F6B;
5C16 : F6B;
5C17 : F6B;
5C18 : F8B;
5C19 : FCC;
5C1A : FCB;
5C1B : FCB;
5C1C : FCB;
5C1D : FCB;
5C1E : FCB;
5C1F : FCB;
5C20 : FCB;
5C21 : FCB;
5C22 : FCB;
5C23 : FCB;
5C24 : FCB;
5C25 : FCB;
5C26 : FCB;
5C27 : FCB;
5C28 : FCB;
5C29 : FCB;
5C2A : FCB;
5C2B : FCB;
5C2C : FCB;
5C2D : FCB;
5C2E : FCB;
5C2F : FCB;
5C30 : FCB;
5C31 : FDB;
5C32 : FEB;
5C33 : FEB;
5C34 : FEB;
5C35 : FEB;
5C36 : FEB;
5C37 : FEB;
5C38 : FEB;
5C39 : FEB;
5C3A : FEB;
5C3B : FEB;
5C3C : FEB;
5C3D : FEB;
5C3E : FEB;
5C3F : FEB;
5C40 : FEB;
5C41 : FEB;
5C42 : FEB;
5C43 : FEB;
5C44 : FEB;
5C45 : FEB;
5C46 : FEB;
5C47 : FDB;
5C48 : FCB;
5C49 : FCC;
5C4A : FCC;
5C4B : FCC;
5C4C : FCC;
5C4D : FCC;
5C4E : FCC;
5C4F : FCB;
5C50 : FCB;
5C51 : FCB;
5C52 : FCB;
5C53 : FCB;
5C54 : FCB;
5C55 : FCC;
5C56 : FCC;
5C57 : FCC;
5C58 : FCC;
5C59 : FCC;
5C5A : FCC;
5C5B : FCC;
5C5C : FCC;
5C5D : FCC;
5C5E : FCC;
5C5F : FCC;
5C60 : FEB;
5C61 : FEB;
5C62 : FEB;
5C63 : FEB;
5C64 : FEB;
5C65 : FEB;
5C66 : FEB;
5C67 : FEB;
5C68 : FEB;
5C69 : FEB;
5C6A : FEB;
5C6B : FEB;
5C6C : E8A;
5C6D : E8A;
5C6E : E8A;
5C6F : E8A;
5C70 : E8A;
5C71 : E8A;
5C72 : E8A;
5C73 : E8A;
5C74 : E8A;
5C75 : E8A;
5C76 : E8A;
5C77 : E8A;
5C78 : E8A;
5C79 : E9A;
5C7A : FDB;
5C7B : FDA;
5C7C : FEB;
5C7D : FEB;
5C7E : FDB;
5C7F : FEB;
5C80 : FEB;
5C81 : FEB;
5C82 : FEB;
5C83 : FEB;
5C84 : FEB;
5C85 : FEB;
5C86 : FDB;
5C87 : FDB;
5C88 : FEB;
5C89 : FDB;
5C8A : FCB;
5C8B : FCB;
5C8C : FCB;
5C8D : FCB;
5C8E : FCB;
5C8F : FCB;
5C90 : FCB;
5C91 : FCB;
5C92 : FDB;
5C93 : FEB;
5C94 : FEB;
5C95 : FEB;
5C96 : FDB;
5C97 : FDB;
5C98 : FDB;
5C99 : FEB;
5C9A : FEB;
5C9B : FEB;
5C9C : FEB;
5C9D : FDB;
5C9E : FDB;
5C9F : FDB;
5CA0 : FDB;
5CA1 : FDB;
5CA2 : FDB;
5CA3 : FEB;
5CA4 : FEB;
5CA5 : FEB;
5CA6 : FEB;
5CA7 : FEB;
5CA8 : FEB;
5CA9 : FEB;
5CAA : EAA;
5CAB : E8A;
5CAC : E8A;
5CAD : E8A;
5CAE : E8A;
5CAF : E8A;
5CB0 : E8A;
5CB1 : E8A;
5CB2 : E8A;
5CB3 : E8A;
5CB4 : E8A;
5CB5 : E8A;
5CB6 : FBB;
5CB7 : FEB;
5CB8 : FEB;
5CB9 : FEB;
5CBA : FEB;
5CBB : FEB;
5CBC : FEB;
5CBD : FEB;
5CBE : FEB;
5CBF : FEB;
5CC0 : FEB;
5CC1 : FEB;
5CC2 : FEB;
5CC3 : FEB;
5CC4 : FEB;
5CC5 : FEB;
5CC6 : FEB;
5CC7 : FEB;
5CC8 : FEB;
5CC9 : FEB;
5CCA : FEB;
5CCB : FEB;
5CCC : FEB;
5CCD : FEB;
5CCE : FEB;
5CCF : FEB;
5CD0 : FEB;
5CD1 : FEB;
5CD2 : FDB;
5CD3 : FDB;
5CD4 : FDB;
5CD5 : FDB;
5CD6 : FDB;
5CD7 : FDB;
5CD8 : FDB;
5CD9 : FDB;
5CDA : FDB;
5CDB : FDB;
5CDC : FEB;
5CDD : FEB;
5CDE : FEB;
5CDF : FEB;
5CE0 : FEB;
5CE1 : FDB;
5CE2 : FEB;
5CE3 : FEB;
5CE4 : FEB;
5CE5 : FDB;
5CE6 : FDB;
5CE7 : FDB;
5CE8 : FDB;
5CE9 : FDB;
5CEA : FDB;
5CEB : FDB;
5CEC : FDB;
5CED : FEB;
5CEE : FEB;
5CEF : FEB;
5CF0 : FEB;
5CF1 : FEB;
5CF2 : FDB;
5CF3 : E9A;
5CF4 : E8A;
5CF5 : E8A;
5CF6 : E8A;
5CF7 : E8A;
5CF8 : E8A;
5CF9 : E8A;
5CFA : E8A;
5CFB : E8A;
5CFC : E8A;
5CFD : E8A;
5CFE : E8A;
5CFF : E8A;
5D00 : E8A;
5D01 : E8A;
5D02 : E8A;
5D03 : E8A;
5D04 : E8A;
5D05 : E8A;
5D06 : E8A;
5D07 : E8A;
5D08 : E8A;
5D09 : E8A;
5D0A : E8A;
5D0B : E8A;
5D0C : E8A;
5D0D : E8A;
5D0E : E8A;
5D0F : E8A;
5D10 : E8A;
5D11 : E8A;
5D12 : E8A;
5D13 : E8A;
5D14 : E8A;
5D15 : E8A;
5D16 : E8A;
5D17 : E8A;
5D18 : E8A;
5D19 : E8A;
5D1A : E8A;
5D1B : E8A;
5D1C : E9B;
5D1D : FDB;
5D1E : FEA;
5D1F : FEB;
5D20 : FEB;
5D21 : FEB;
5D22 : FEB;
5D23 : FEB;
5D24 : FEB;
5D25 : FEB;
5D26 : FEB;
5D27 : FEB;
5D28 : FEB;
5D29 : FEB;
5D2A : FEB;
5D2B : FEB;
5D2C : FEB;
5D2D : FEB;
5D2E : FEB;
5D2F : FEB;
5D30 : FEB;
5D31 : FEB;
5D32 : FEB;
5D33 : FEB;
5D34 : FEB;
5D35 : FDB;
5D36 : FDB;
5D37 : FDB;
5D38 : FDB;
5D39 : FEB;
5D3A : FEB;
5D3B : FEB;
5D3C : FDB;
5D3D : FDB;
5D3E : FDB;
5D3F : FDB;
5D40 : FDB;
5D41 : FDB;
5D42 : FDB;
5D43 : FDB;
5D44 : FDB;
5D45 : FDB;
5D46 : FDB;
5D47 : FDB;
5D48 : FEB;
5D49 : FEB;
5D4A : FDB;
5D4B : FDB;
5D4C : FDB;
5D4D : FEB;
5D4E : FEB;
5D4F : FEB;
5D50 : FEB;
5D51 : FDB;
5D52 : FDB;
5D53 : FDB;
5D54 : FDB;
5D55 : FDB;
5D56 : FEB;
5D57 : FEB;
5D58 : FEB;
5D59 : FEB;
5D5A : FEB;
5D5B : FEB;
5D5C : FEB;
5D5D : FEB;
5D5E : FEB;
5D5F : FEB;
5D60 : FEB;
5D61 : FEB;
5D62 : FEB;
5D63 : FEB;
5D64 : FEB;
5D65 : FEB;
5D66 : FEB;
5D67 : FEB;
5D68 : FEB;
5D69 : FEB;
5D6A : FEB;
5D6B : FEB;
5D6C : FEB;
5D6D : FEB;
5D6E : FEB;
5D6F : FEB;
5D70 : FDC;
5D71 : FDC;
5D72 : FDB;
5D73 : FDB;
5D74 : FDB;
5D75 : FDB;
5D76 : FDB;
5D77 : FDB;
5D78 : FDB;
5D79 : FDB;
5D7A : FDB;
5D7B : FDB;
5D7C : FDB;
5D7D : FDB;
5D7E : FEB;
5D7F : FEB;
5D80 : FEB;
5D81 : FEB;
5D82 : FDB;
5D83 : FEB;
5D84 : FEB;
5D85 : FEB;
5D86 : FEB;
5D87 : FEB;
5D88 : FEB;
5D89 : FDB;
5D8A : FDB;
5D8B : FCB;
5D8C : FCB;
5D8D : FCB;
5D8E : FCB;
5D8F : FCB;
5D90 : FCB;
5D91 : FBB;
5D92 : FBB;
5D93 : FBB;
5D94 : FBB;
5D95 : FCB;
5D96 : FCB;
5D97 : FDB;
5D98 : FEB;
5D99 : FDB;
5D9A : FCB;
5D9B : FCB;
5D9C : FCB;
5D9D : FDB;
5D9E : FEB;
5D9F : FEB;
5DA0 : FDB;
5DA1 : FCB;
5DA2 : FCB;
5DA3 : FCB;
5DA4 : FCB;
5DA5 : FCB;
5DA6 : FCB;
5DA7 : FDB;
5DA8 : FEB;
5DA9 : FEB;
5DAA : FEB;
5DAB : FEB;
5DAC : FEB;
5DAD : FEB;
5DAE : FDB;
5DAF : FDC;
5DB0 : FDC;
5DB1 : FDC;
5DB2 : FDC;
5DB3 : FDC;
5DB4 : FDC;
5DB5 : FDC;
5DB6 : FDB;
5DB7 : FDB;
5DB8 : FDB;
5DB9 : FDB;
5DBA : FDB;
5DBB : FEB;
5DBC : FEB;
5DBD : FEB;
5DBE : FEB;
5DBF : FEB;
5DC0 : FEB;
5DC1 : FEB;
5DC2 : FEB;
5DC3 : FEB;
5DC4 : FEB;
5DC5 : FEB;
5DC6 : FEB;
5DC7 : FEB;
5DC8 : FEB;
5DC9 : FEB;
5DCA : FEB;
5DCB : FEB;
5DCC : FEB;
5DCD : FEB;
5DCE : FEB;
5DCF : FEB;
5DD0 : FEB;
5DD1 : FEB;
5DD2 : FEB;
5DD3 : FEB;
5DD4 : FEB;
5DD5 : FEB;
5DD6 : FDB;
5DD7 : FDB;
5DD8 : FCB;
5DD9 : FCB;
5DDA : FCB;
5DDB : FCB;
5DDC : FCB;
5DDD : FCB;
5DDE : FCB;
5DDF : FCB;
5DE0 : FDB;
5DE1 : FDB;
5DE2 : FEB;
5DE3 : FEB;
5DE4 : FDB;
5DE5 : FDB;
5DE6 : FEB;
5DE7 : FDB;
5DE8 : FCB;
5DE9 : FCB;
5DEA : FCB;
5DEB : FCB;
5DEC : FCB;
5DED : FCB;
5DEE : FCB;
5DEF : FCB;
5DF0 : FCB;
5DF1 : FDB;
5DF2 : FEB;
5DF3 : FEB;
5DF4 : FEB;
5DF5 : FEB;
5DF6 : FEB;
5DF7 : FDB;
5DF8 : FDB;
5DF9 : FDB;
5DFA : FDB;
5DFB : FDB;
5DFC : FDB;
5DFD : FDB;
5DFE : FDB;
5DFF : FDB;
5E00 : FDB;
5E01 : FDB;
5E02 : FDB;
5E03 : FDB;
5E04 : FDB;
5E05 : FDB;
5E06 : FDB;
5E07 : FDB;
5E08 : FDB;
5E09 : FDB;
5E0A : FDB;
5E0B : FDB;
5E0C : FDB;
5E0D : FDB;
5E0E : FDB;
5E0F : FDB;
5E10 : FDB;
5E11 : FDB;
5E12 : FDB;
5E13 : FDB;
5E14 : FDB;
5E15 : FDB;
5E16 : FDB;
5E17 : FDB;
5E18 : FDB;
5E19 : FDB;
5E1A : FDB;
5E1B : FDB;
5E1C : FDB;
5E1D : FDB;
5E1E : FDB;
5E1F : FDB;
5E20 : FDB;
5E21 : FEB;
5E22 : FEB;
5E23 : FEB;
5E24 : FEB;
5E25 : FEB;
5E26 : FEB;
5E27 : FEB;
5E28 : FEB;
5E29 : FEB;
5E2A : FEB;
5E2B : FEB;
5E2C : FEB;
5E2D : FEB;
5E2E : FEB;
5E2F : FEB;
5E30 : FEB;
5E31 : FEB;
5E32 : FEB;
5E33 : FEB;
5E34 : FEB;
5E35 : FEB;
5E36 : FEB;
5E37 : FEB;
5E38 : FEB;
5E39 : FDB;
5E3A : FCB;
5E3B : FCB;
5E3C : FDB;
5E3D : FEB;
5E3E : FEB;
5E3F : FDB;
5E40 : FCB;
5E41 : FCB;
5E42 : FCB;
5E43 : FCB;
5E44 : FCB;
5E45 : FCB;
5E46 : FCB;
5E47 : FCB;
5E48 : FCB;
5E49 : FCB;
5E4A : FCB;
5E4B : FCB;
5E4C : FDB;
5E4D : FDB;
5E4E : FCB;
5E4F : FCB;
5E50 : FDB;
5E51 : FDB;
5E52 : FEB;
5E53 : FEB;
5E54 : FDB;
5E55 : FDA;
5E56 : FCB;
5E57 : FCB;
5E58 : FCB;
5E59 : FDB;
5E5A : FDB;
5E5B : FEB;
5E5C : FEB;
5E5D : FEB;
5E5E : FEB;
5E5F : FEB;
5E60 : FEB;
5E61 : FEB;
5E62 : FEB;
5E63 : FEB;
5E64 : FEB;
5E65 : FEB;
5E66 : FEB;
5E67 : FEB;
5E68 : FEB;
5E69 : FEB;
5E6A : FEB;
5E6B : FEB;
5E6C : FEB;
5E6D : FEB;
5E6E : FEB;
5E6F : FEB;
5E70 : FEB;
5E71 : FEB;
5E72 : FEB;
5E73 : FEB;
5E74 : FDB;
5E75 : FDB;
5E76 : FDB;
5E77 : FDB;
5E78 : FDB;
5E79 : FEB;
5E7A : FEB;
5E7B : FEB;
5E7C : FEB;
5E7D : FEB;
5E7E : FEB;
5E7F : FEB;
5E80 : FEB;
5E81 : FEB;
5E82 : FEB;
5E83 : FEB;
5E84 : FEB;
5E85 : FEB;
5E86 : FEB;
5E87 : FEB;
5E88 : FEB;
5E89 : FEB;
5E8A : FDB;
5E8B : FDB;
5E8C : FDB;
5E8D : FDB;
5E8E : FCB;
5E8F : FCB;
5E90 : FCB;
5E91 : FCB;
5E92 : FCB;
5E93 : FCB;
5E94 : FCB;
5E95 : FBB;
5E96 : FBB;
5E97 : FBB;
5E98 : FBB;
5E99 : FCB;
5E9A : FCB;
5E9B : FCB;
5E9C : FDB;
5E9D : FDB;
5E9E : FCB;
5E9F : FCB;
5EA0 : FCB;
5EA1 : FDB;
5EA2 : FDB;
5EA3 : FDB;
5EA4 : FDB;
5EA5 : FCB;
5EA6 : FCB;
5EA7 : FCB;
5EA8 : FCB;
5EA9 : FCB;
5EAA : FCB;
5EAB : FDB;
5EAC : FDB;
5EAD : FDB;
5EAE : FDB;
5EAF : FDB;
5EB0 : FDB;
5EB1 : FDB;
5EB2 : FDB;
5EB3 : FDB;
5EB4 : FDB;
5EB5 : FDB;
5EB6 : FDB;
5EB7 : FDB;
5EB8 : FDB;
5EB9 : FDB;
5EBA : FDB;
5EBB : FDB;
5EBC : FDB;
5EBD : FDB;
5EBE : FDB;
5EBF : FEB;
5EC0 : FEB;
5EC1 : FEB;
5EC2 : FEB;
5EC3 : FEB;
5EC4 : FEB;
5EC5 : FDB;
5EC6 : FDB;
5EC7 : FDB;
5EC8 : FDB;
5EC9 : FDB;
5ECA : FDB;
5ECB : FCB;
5ECC : FDB;
5ECD : FDB;
5ECE : FCB;
5ECF : FCB;
5ED0 : FCB;
5ED1 : FDB;
5ED2 : FDB;
5ED3 : FDB;
5ED4 : FDB;
5ED5 : FDB;
5ED6 : FDB;
5ED7 : FDB;
5ED8 : FDB;
5ED9 : FDB;
5EDA : FDB;
5EDB : FCB;
5EDC : FCB;
5EDD : FCB;
5EDE : FCB;
5EDF : FCB;
5EE0 : FCB;
5EE1 : FCB;
5EE2 : FCB;
5EE3 : FCB;
5EE4 : FCB;
5EE5 : FDB;
5EE6 : FDB;
5EE7 : FDB;
5EE8 : FCB;
5EE9 : FCB;
5EEA : FDB;
5EEB : FDB;
5EEC : FCB;
5EED : FCB;
5EEE : FCB;
5EEF : FCB;
5EF0 : FCB;
5EF1 : FCB;
5EF2 : FCB;
5EF3 : FCB;
5EF4 : FCB;
5EF5 : FCB;
5EF6 : FDB;
5EF7 : FDB;
5EF8 : FDB;
5EF9 : FDB;
5EFA : FDB;
5EFB : FDB;
5EFC : FDB;
5EFD : FDB;
5EFE : FDB;
5EFF : FEB;
5F00 : FEB;
5F01 : FEB;
5F02 : FEB;
5F03 : FEB;
5F04 : FEB;
5F05 : FEB;
5F06 : FEB;
5F07 : FDB;
5F08 : FDB;
5F09 : FDB;
5F0A : FDB;
5F0B : FDB;
5F0C : FDB;
5F0D : FDB;
5F0E : FEB;
5F0F : FEB;
5F10 : FEB;
5F11 : FEB;
5F12 : FEB;
5F13 : FEB;
5F14 : FEB;
5F15 : FDB;
5F16 : FDB;
5F17 : FDB;
5F18 : FDB;
5F19 : FDB;
5F1A : FDB;
5F1B : FDB;
5F1C : FDB;
5F1D : FDB;
5F1E : FDB;
5F1F : FEB;
5F20 : FEB;
5F21 : FEB;
5F22 : FEB;
5F23 : FEB;
5F24 : FEB;
5F25 : FEB;
5F26 : FDB;
5F27 : FDB;
5F28 : FDB;
5F29 : FDB;
5F2A : FDB;
5F2B : FDB;
5F2C : FEB;
5F2D : FEB;
5F2E : FEB;
5F2F : FEB;
5F30 : FEB;
5F31 : FDB;
5F32 : FDB;
5F33 : FDB;
5F34 : FDB;
5F35 : FDB;
5F36 : FDB;
5F37 : FDB;
5F38 : FDB;
5F39 : FDB;
5F3A : FDB;
5F3B : FDB;
5F3C : FDB;
5F3D : FDB;
5F3E : FCB;
5F3F : FCB;
5F40 : FDB;
5F41 : FDB;
5F42 : FDB;
5F43 : FDB;
5F44 : FCB;
5F45 : FCB;
5F46 : FCB;
5F47 : FCB;
5F48 : FCB;
5F49 : FCB;
5F4A : FCB;
5F4B : FCB;
5F4C : FCB;
5F4D : FCB;
5F4E : FCB;
5F4F : FCB;
5F50 : FDB;
5F51 : FDB;
5F52 : FCB;
5F53 : FCB;
5F54 : FCB;
5F55 : FCB;
5F56 : FDB;
5F57 : FDB;
5F58 : FDB;
5F59 : FCB;
5F5A : FCB;
5F5B : FCB;
5F5C : FCB;
5F5D : FCB;
5F5E : FDB;
5F5F : FDB;
5F60 : FDB;
5F61 : FDB;
5F62 : FEB;
5F63 : FEB;
5F64 : FEB;
5F65 : FDB;
5F66 : FDB;
5F67 : FEB;
5F68 : FDB;
5F69 : FDB;
5F6A : FEB;
5F6B : FEB;
5F6C : FDB;
5F6D : FDB;
5F6E : FDB;
5F6F : FDB;
5F70 : FDB;
5F71 : FDB;
5F72 : FDB;
5F73 : FDB;
5F74 : FDB;
5F75 : FDB;
5F76 : FDB;
5F77 : FDB;
5F78 : FCB;
5F79 : FCB;
5F7A : FCB;
5F7B : FCB;
5F7C : FCB;
5F7D : FDB;
5F7E : FDB;
5F7F : FEB;
5F80 : FEB;
5F81 : FEB;
5F82 : FEB;
5F83 : FEB;
5F84 : FEB;
5F85 : FEB;
5F86 : FEB;
5F87 : FEB;
5F88 : FEB;
5F89 : FEB;
5F8A : FEB;
5F8B : FEB;
5F8C : FEB;
5F8D : FEB;
5F8E : FDB;
5F8F : FCB;
5F90 : FCB;
5F91 : FCB;
5F92 : FCB;
5F93 : FCB;
5F94 : FCB;
5F95 : FCB;
5F96 : FCB;
5F97 : FBB;
5F98 : FBB;
5F99 : FBB;
5F9A : FBB;
5F9B : FBB;
5F9C : FBB;
5F9D : FBB;
5F9E : FBB;
5F9F : FBB;
5FA0 : FCB;
5FA1 : FCB;
5FA2 : FCB;
5FA3 : FCB;
5FA4 : FCB;
5FA5 : FCB;
5FA6 : FCB;
5FA7 : FCB;
5FA8 : FCB;
5FA9 : FCB;
5FAA : FCB;
5FAB : FCB;
5FAC : FCB;
5FAD : FCB;
5FAE : FCB;
5FAF : FCB;
5FB0 : FCB;
5FB1 : FCB;
5FB2 : FCB;
5FB3 : FBB;
5FB4 : FBB;
5FB5 : FBB;
5FB6 : FBB;
5FB7 : FBB;
5FB8 : FBB;
5FB9 : FBB;
5FBA : FBB;
5FBB : FCB;
5FBC : FCB;
5FBD : FCB;
5FBE : FCB;
5FBF : FCB;
5FC0 : FCB;
5FC1 : FCB;
5FC2 : FDB;
5FC3 : FEB;
5FC4 : FEB;
5FC5 : FEB;
5FC6 : FEB;
5FC7 : FEB;
5FC8 : FEB;
5FC9 : FDB;
5FCA : FCB;
5FCB : FCB;
5FCC : FCB;
5FCD : FCB;
5FCE : FBB;
5FCF : FAA;
5FD0 : FAB;
5FD1 : FAB;
5FD2 : FAB;
5FD3 : FAB;
5FD4 : FAB;
5FD5 : FBB;
5FD6 : FCB;
5FD7 : FCB;
5FD8 : FCB;
5FD9 : FCB;
5FDA : FCB;
5FDB : FAB;
5FDC : FBB;
5FDD : FCB;
5FDE : FCB;
5FDF : FCB;
5FE0 : FCB;
5FE1 : FCB;
5FE2 : FCB;
5FE3 : FCB;
5FE4 : FCB;
5FE5 : FCB;
5FE6 : FCB;
5FE7 : FCB;
5FE8 : FCB;
5FE9 : FCB;
5FEA : FCB;
5FEB : FCB;
5FEC : FCB;
5FED : FCB;
5FEE : FCB;
5FEF : FCB;
5FF0 : FCB;
5FF1 : FCB;
5FF2 : FCB;
5FF3 : FCB;
5FF4 : FCB;
5FF5 : FCB;
5FF6 : FCB;
5FF7 : FCB;
5FF8 : FCB;
5FF9 : FCB;
5FFA : FCB;
5FFB : FCB;
5FFC : FCB;
5FFD : FCB;
5FFE : FCB;
5FFF : FCB;
6000 : FCB;
6001 : FCB;
6002 : FDB;
6003 : FEB;
6004 : FEB;
6005 : FEB;
6006 : FEB;
6007 : FEB;
6008 : FEB;
6009 : FEB;
600A : FEB;
600B : FDB;
600C : FCB;
600D : FCB;
600E : FCB;
600F : FCB;
6010 : FCB;
6011 : FCB;
6012 : FDB;
6013 : FEB;
6014 : FEB;
6015 : FEB;
6016 : FEB;
6017 : FEB;
6018 : FDB;
6019 : FDB;
601A : FCB;
601B : FCB;
601C : FCB;
601D : FCB;
601E : FCB;
601F : FCB;
6020 : FCB;
6021 : FCB;
6022 : FCB;
6023 : FDB;
6024 : FEB;
6025 : FEB;
6026 : FEB;
6027 : FEB;
6028 : FEB;
6029 : FEB;
602A : FDB;
602B : FCB;
602C : FCB;
602D : FCB;
602E : FCB;
602F : FDB;
6030 : FDB;
6031 : FEB;
6032 : FEB;
6033 : FEB;
6034 : FEB;
6035 : FCB;
6036 : FCB;
6037 : FCB;
6038 : FCB;
6039 : FCB;
603A : FCB;
603B : FCB;
603C : FCB;
603D : FCB;
603E : FCB;
603F : FCB;
6040 : FCB;
6041 : FCB;
6042 : FCB;
6043 : FCB;
6044 : FCB;
6045 : FCB;
6046 : FCB;
6047 : FCB;
6048 : FCB;
6049 : FCB;
604A : FCB;
604B : FCB;
604C : FCB;
604D : FCB;
604E : FCB;
604F : FCB;
6050 : FCB;
6051 : FCB;
6052 : FCB;
6053 : FCB;
6054 : FCB;
6055 : FCB;
6056 : FCB;
6057 : FCB;
6058 : FCB;
6059 : FCB;
605A : FCB;
605B : FCB;
605C : FCB;
605D : FCB;
605E : FCB;
605F : FCB;
6060 : FCB;
6061 : FCB;
6062 : FCB;
6063 : FCB;
6064 : FCB;
6065 : FDB;
6066 : FEB;
6067 : FEB;
6068 : FDB;
6069 : FCB;
606A : FDB;
606B : FEB;
606C : FDB;
606D : FCB;
606E : FDB;
606F : FDB;
6070 : FCB;
6071 : FCB;
6072 : FCB;
6073 : FCB;
6074 : FCB;
6075 : FCB;
6076 : FCB;
6077 : FCB;
6078 : FCB;
6079 : FCB;
607A : FCB;
607B : FCB;
607C : FCB;
607D : FCB;
607E : FCB;
607F : FCB;
6080 : FCB;
6081 : FDB;
6082 : FDB;
6083 : FDB;
6084 : FDB;
6085 : FDB;
6086 : FDB;
6087 : FDB;
6088 : FDB;
6089 : FDB;
608A : FDB;
608B : FDB;
608C : FDB;
608D : FDB;
608E : FDB;
608F : FDB;
6090 : FDB;
6091 : FDB;
6092 : FCB;
6093 : FCB;
6094 : FCB;
6095 : FCB;
6096 : FCB;
6097 : FCB;
6098 : FBB;
6099 : FBB;
609A : FBB;
609B : FBB;
609C : FAB;
609D : FAB;
609E : FAB;
609F : FBB;
60A0 : FBB;
60A1 : FBB;
60A2 : FBB;
60A3 : FBB;
60A4 : FBB;
60A5 : FBB;
60A6 : FBB;
60A7 : FBB;
60A8 : FBB;
60A9 : FBB;
60AA : FBB;
60AB : FBB;
60AC : FBB;
60AD : FBB;
60AE : FBB;
60AF : FBB;
60B0 : FBB;
60B1 : FBB;
60B2 : FBB;
60B3 : FBB;
60B4 : FBB;
60B5 : FBB;
60B6 : FBB;
60B7 : FBB;
60B8 : FBB;
60B9 : FBB;
60BA : FBB;
60BB : FBB;
60BC : FBB;
60BD : FBB;
60BE : FBB;
60BF : FBB;
60C0 : FBB;
60C1 : FBB;
60C2 : FBB;
60C3 : FBB;
60C4 : FBB;
60C5 : FBB;
60C6 : FCB;
60C7 : FCB;
60C8 : FDB;
60C9 : FDB;
60CA : FDB;
60CB : FDB;
60CC : FDB;
60CD : FCB;
60CE : FCB;
60CF : FCB;
60D0 : FCB;
60D1 : FCB;
60D2 : FCB;
60D3 : FBB;
60D4 : FBB;
60D5 : FBB;
60D6 : FBB;
60D7 : FBB;
60D8 : FBB;
60D9 : FCB;
60DA : FCB;
60DB : FCB;
60DC : FCB;
60DD : FCB;
60DE : FCB;
60DF : FBB;
60E0 : FCB;
60E1 : FCB;
60E2 : FCB;
60E3 : FCB;
60E4 : FCB;
60E5 : FCB;
60E6 : FCB;
60E7 : FCB;
60E8 : FCB;
60E9 : FBB;
60EA : FBB;
60EB : FCB;
60EC : FCB;
60ED : FBB;
60EE : FBB;
60EF : FBB;
60F0 : FCB;
60F1 : FCB;
60F2 : FCB;
60F3 : FCB;
60F4 : FBB;
60F5 : FCB;
60F6 : FCB;
60F7 : FCB;
60F8 : FCB;
60F9 : FCB;
60FA : FCB;
60FB : FCB;
60FC : FCB;
60FD : FCB;
60FE : FCB;
60FF : FCB;
6100 : FCB;
6101 : FCB;
6102 : FCB;
6103 : FCB;
6104 : FCB;
6105 : FCB;
6106 : FCB;
6107 : FDB;
6108 : FDB;
6109 : FDB;
610A : FDB;
610B : FDB;
610C : FDB;
610D : FDB;
610E : FDB;
610F : FCB;
6110 : FCB;
6111 : FCB;
6112 : FCB;
6113 : FCB;
6114 : FCB;
6115 : FCB;
6116 : FDB;
6117 : FDB;
6118 : FDB;
6119 : FDB;
611A : FDB;
611B : FDB;
611C : FDB;
611D : FCB;
611E : FCB;
611F : FCB;
6120 : FCB;
6121 : FCB;
6122 : FCB;
6123 : FCB;
6124 : FCB;
6125 : FCB;
6126 : FCB;
6127 : FCB;
6128 : FDB;
6129 : FDB;
612A : FCB;
612B : FCB;
612C : FCB;
612D : FCB;
612E : FCB;
612F : FBB;
6130 : FBB;
6131 : FBB;
6132 : FBB;
6133 : FCB;
6134 : FCB;
6135 : FCB;
6136 : FCB;
6137 : FCB;
6138 : FCB;
6139 : FBB;
613A : FBB;
613B : FBB;
613C : FBB;
613D : FBB;
613E : FBB;
613F : FBB;
6140 : FBB;
6141 : FBB;
6142 : FBB;
6143 : FBB;
6144 : FBB;
6145 : FBB;
6146 : FBB;
6147 : FBB;
6148 : FBB;
6149 : FBB;
614A : FBB;
614B : FBB;
614C : FBB;
614D : FBB;
614E : FCB;
614F : FCB;
6150 : FCB;
6151 : FCB;
6152 : FCB;
6153 : FCB;
6154 : FCB;
6155 : FCB;
6156 : FCB;
6157 : FCB;
6158 : FCB;
6159 : FCB;
615A : FCB;
615B : FCB;
615C : FCB;
615D : FCB;
615E : FCB;
615F : FCB;
6160 : FCB;
6161 : FCB;
6162 : FCB;
6163 : FCB;
6164 : FCB;
6165 : FCB;
6166 : FCB;
6167 : FCB;
6168 : FCB;
6169 : FDB;
616A : FDB;
616B : FDB;
616C : FDB;
616D : FCB;
616E : FCB;
616F : FBB;
6170 : FBB;
6171 : FBB;
6172 : FBB;
6173 : FBB;
6174 : FCB;
6175 : FCB;
6176 : FCB;
6177 : FCB;
6178 : FCB;
6179 : FCB;
617A : FCB;
617B : FCB;
617C : FCB;
617D : FCB;
617E : FCB;
617F : FCB;
6180 : FCB;
6181 : FCB;
6182 : FCB;
6183 : FCB;
6184 : FCB;
6185 : FCB;
6186 : FCB;
6187 : FCB;
6188 : FCB;
6189 : FCB;
618A : FCB;
618B : FCB;
618C : FCB;
618D : FCB;
618E : FCB;
618F : FCB;
6190 : FCB;
6191 : FCB;
6192 : FCB;
6193 : FCB;
6194 : FCB;
6195 : FCB;
6196 : FCB;
6197 : FCB;
6198 : FCB;
6199 : FCB;
619A : FCB;
619B : FBB;
619C : FAB;
619D : FAB;
619E : FAB;
619F : FAB;
61A0 : FAB;
61A1 : FAA;
61A2 : FAB;
61A3 : FAB;
61A4 : FAB;
61A5 : FAB;
61A6 : FAB;
61A7 : FAB;
61A8 : FAA;
61A9 : FAA;
61AA : FAA;
61AB : FAA;
61AC : FAA;
61AD : FAA;
61AE : FAA;
61AF : FAA;
61B0 : FAA;
61B1 : FAA;
61B2 : FAA;
61B3 : FAA;
61B4 : FAA;
61B5 : FAA;
61B6 : FAA;
61B7 : FAA;
61B8 : FAA;
61B9 : FAB;
61BA : FAB;
61BB : FAA;
61BC : FAB;
61BD : FAB;
61BE : FAB;
61BF : FAB;
61C0 : FAB;
61C1 : FAB;
61C2 : FAB;
61C3 : FAB;
61C4 : FAB;
61C5 : FAB;
61C6 : FAB;
61C7 : FBB;
61C8 : FBB;
61C9 : FBB;
61CA : FBB;
61CB : FBB;
61CC : FBB;
61CD : FCB;
61CE : FCB;
61CF : FCB;
61D0 : FCB;
61D1 : FCB;
61D2 : FCB;
61D3 : FCB;
61D4 : FCB;
61D5 : FCB;
61D6 : FCB;
61D7 : FCB;
61D8 : FCB;
61D9 : FCB;
61DA : FCB;
61DB : FCB;
61DC : FCB;
61DD : FCB;
61DE : FCB;
61DF : FCB;
61E0 : FCB;
61E1 : FCB;
61E2 : FCB;
61E3 : FCB;
61E4 : FCB;
61E5 : FCB;
61E6 : FCB;
61E7 : FCB;
61E8 : FCB;
61E9 : FCB;
61EA : FCB;
61EB : FCB;
61EC : FCB;
61ED : FBB;
61EE : FBB;
61EF : FCB;
61F0 : FBB;
61F1 : FAB;
61F2 : FAB;
61F3 : FAB;
61F4 : FCB;
61F5 : FCB;
61F6 : FCB;
61F7 : FBB;
61F8 : FBB;
61F9 : FCB;
61FA : FCB;
61FB : FCB;
61FC : FCB;
61FD : FCB;
61FE : FCB;
61FF : FCB;
6200 : FCB;
6201 : FCB;
6202 : FCB;
6203 : FCB;
6204 : FCB;
6205 : FCB;
6206 : FCB;
6207 : FCB;
6208 : FCB;
6209 : FCB;
620A : FCB;
620B : FCB;
620C : FCB;
620D : FCB;
620E : FCB;
620F : FCB;
6210 : FCB;
6211 : FCB;
6212 : FCB;
6213 : FCB;
6214 : FCB;
6215 : FCB;
6216 : FCB;
6217 : FCB;
6218 : FCB;
6219 : FCB;
621A : FCB;
621B : FCB;
621C : FCB;
621D : FCB;
621E : FCB;
621F : FCB;
6220 : FCB;
6221 : FCB;
6222 : FCB;
6223 : FCB;
6224 : FCB;
6225 : FCB;
6226 : FCB;
6227 : FCB;
6228 : FCB;
6229 : FCB;
622A : FCB;
622B : FCB;
622C : FCB;
622D : FCB;
622E : FCB;
622F : FBA;
6230 : FBA;
6231 : FBB;
6232 : FBB;
6233 : FBB;
6234 : FBB;
6235 : FBA;
6236 : FBA;
6237 : FBB;
6238 : FBB;
6239 : FBB;
623A : FBB;
623B : FBB;
623C : FBB;
623D : FBB;
623E : FBB;
623F : FBB;
6240 : FBB;
6241 : FBB;
6242 : FBB;
6243 : FBB;
6244 : FBB;
6245 : FBB;
6246 : FBB;
6247 : FBB;
6248 : FBB;
6249 : FBB;
624A : FBB;
624B : FBB;
624C : FBB;
624D : FBB;
624E : FBB;
624F : FBB;
6250 : FBB;
6251 : FBB;
6252 : FBB;
6253 : FCA;
6254 : FCA;
6255 : FCB;
6256 : FCB;
6257 : FCB;
6258 : FCB;
6259 : FCB;
625A : FCB;
625B : FCB;
625C : FCB;
625D : FCB;
625E : FCB;
625F : FCB;
6260 : FCB;
6261 : FCB;
6262 : FCB;
6263 : FCB;
6264 : FCB;
6265 : FCB;
6266 : FCB;
6267 : FCB;
6268 : FCB;
6269 : FCB;
626A : FCB;
626B : FCB;
626C : FCB;
626D : FCB;
626E : FCB;
626F : FCB;
6270 : FCB;
6271 : FCB;
6272 : FBB;
6273 : FAB;
6274 : F9B;
6275 : FAB;
6276 : FAB;
6277 : FAB;
6278 : FCB;
6279 : FCB;
627A : FCB;
627B : FCB;
627C : FCB;
627D : FCB;
627E : FCB;
627F : FCB;
6280 : FCB;
6281 : FCB;
6282 : FCB;
6283 : FCB;
6284 : FBB;
6285 : FBB;
6286 : FBB;
6287 : FBB;
6288 : FBB;
6289 : FCB;
628A : FCB;
628B : FCB;
628C : FCB;
628D : FCB;
628E : FCB;
628F : FCB;
6290 : FCB;
6291 : FCB;
6292 : FBB;
6293 : FBB;
6294 : FBB;
6295 : FBB;
6296 : FBB;
6297 : FBB;
6298 : FBB;
6299 : FBB;
629A : FBB;
629B : FBB;
629C : FBB;
629D : FBB;
629E : FBB;
629F : FAB;
62A0 : FAB;
62A1 : FAB;
62A2 : FAA;
62A3 : D76;
62A4 : D74;
62A5 : D74;
62A6 : D74;
62A7 : D74;
62A8 : D74;
62A9 : D74;
62AA : D74;
62AB : D74;
62AC : D74;
62AD : D74;
62AE : D74;
62AF : D74;
62B0 : D74;
62B1 : D74;
62B2 : D74;
62B3 : D74;
62B4 : D74;
62B5 : D74;
62B6 : D74;
62B7 : D74;
62B8 : D74;
62B9 : D74;
62BA : D74;
62BB : D74;
62BC : D74;
62BD : D74;
62BE : D74;
62BF : D74;
62C0 : D74;
62C1 : D74;
62C2 : D74;
62C3 : D74;
62C4 : D74;
62C5 : D74;
62C6 : D74;
62C7 : D74;
62C8 : D74;
62C9 : D74;
62CA : D74;
62CB : D74;
62CC : D74;
62CD : D74;
62CE : D74;
62CF : D74;
62D0 : D74;
62D1 : D74;
62D2 : D74;
62D3 : D86;
62D4 : FBB;
62D5 : FBB;
62D6 : FBB;
62D7 : FBB;
62D8 : FBB;
62D9 : FBB;
62DA : FBB;
62DB : FBB;
62DC : FBB;
62DD : FBB;
62DE : FBB;
62DF : FBB;
62E0 : FBB;
62E1 : FBB;
62E2 : FBB;
62E3 : FBB;
62E4 : FBB;
62E5 : FBB;
62E6 : FBB;
62E7 : FBB;
62E8 : FBB;
62E9 : FBB;
62EA : FBB;
62EB : FBB;
62EC : FBB;
62ED : FBB;
62EE : FBB;
62EF : FBB;
62F0 : FBB;
62F1 : FBB;
62F2 : FBB;
62F3 : FBB;
62F4 : FBB;
62F5 : FBB;
62F6 : FBB;
62F7 : FBB;
62F8 : FBB;
62F9 : FBB;
62FA : FBB;
62FB : FBB;
62FC : FAB;
62FD : FBB;
62FE : FBB;
62FF : FBB;
6300 : FBB;
6301 : FBB;
6302 : FBB;
6303 : FBB;
6304 : FBB;
6305 : FBB;
6306 : FBB;
6307 : FBB;
6308 : FBB;
6309 : FBB;
630A : FBB;
630B : FBB;
630C : FBB;
630D : FBB;
630E : FBB;
630F : FBB;
6310 : FBB;
6311 : FBB;
6312 : FBB;
6313 : FBB;
6314 : FBB;
6315 : FBB;
6316 : FBB;
6317 : FBB;
6318 : FBB;
6319 : FBB;
631A : FBB;
631B : FBB;
631C : FBB;
631D : FBB;
631E : FBB;
631F : FBB;
6320 : FBB;
6321 : FBB;
6322 : FBB;
6323 : FBB;
6324 : FAB;
6325 : FAB;
6326 : FAB;
6327 : FAB;
6328 : FAB;
6329 : FAB;
632A : FBB;
632B : FBB;
632C : FBB;
632D : FBB;
632E : FBB;
632F : FBB;
6330 : FBB;
6331 : FBB;
6332 : FBA;
6333 : D75;
6334 : D74;
6335 : D74;
6336 : D74;
6337 : D74;
6338 : D74;
6339 : D74;
633A : D74;
633B : D74;
633C : D74;
633D : D74;
633E : D74;
633F : D74;
6340 : D74;
6341 : D74;
6342 : D74;
6343 : D74;
6344 : D74;
6345 : D74;
6346 : D74;
6347 : D74;
6348 : D74;
6349 : D74;
634A : D74;
634B : D74;
634C : D74;
634D : D74;
634E : D74;
634F : D74;
6350 : D74;
6351 : D74;
6352 : D74;
6353 : D74;
6354 : D74;
6355 : D74;
6356 : D74;
6357 : D74;
6358 : D74;
6359 : FA9;
635A : FBB;
635B : FBB;
635C : FBB;
635D : FBB;
635E : FBB;
635F : FBB;
6360 : FBB;
6361 : FBB;
6362 : FBB;
6363 : FBB;
6364 : FBB;
6365 : FBB;
6366 : FBB;
6367 : FBB;
6368 : FBB;
6369 : FBB;
636A : FBB;
636B : FBB;
636C : FBB;
636D : FBB;
636E : FBB;
636F : FBB;
6370 : FBB;
6371 : FBB;
6372 : FBB;
6373 : FBB;
6374 : FBB;
6375 : FBB;
6376 : FBB;
6377 : FBB;
6378 : FBB;
6379 : FCB;
637A : FCB;
637B : FBB;
637C : FAB;
637D : FBB;
637E : FCB;
637F : FCB;
6380 : FBB;
6381 : FBB;
6382 : FBB;
6383 : FBB;
6384 : FBB;
6385 : FBB;
6386 : FBB;
6387 : FBB;
6388 : FBB;
6389 : FBB;
638A : FBB;
638B : FBB;
638C : FAB;
638D : FBB;
638E : FCB;
638F : FCB;
6390 : FCB;
6391 : FCB;
6392 : FCB;
6393 : FCB;
6394 : FCB;
6395 : FCB;
6396 : FAB;
6397 : FAA;
6398 : F99;
6399 : F9A;
639A : F9A;
639B : F9A;
639C : F9A;
639D : F9A;
639E : F9A;
639F : F9A;
63A0 : F9A;
63A1 : F9A;
63A2 : F9A;
63A3 : F9A;
63A4 : F9A;
63A5 : F9A;
63A6 : F9A;
63A7 : D64;
63A8 : D62;
63A9 : D62;
63AA : D62;
63AB : D62;
63AC : D62;
63AD : D62;
63AE : D62;
63AF : D62;
63B0 : D62;
63B1 : D62;
63B2 : D62;
63B3 : D62;
63B4 : D62;
63B5 : D62;
63B6 : D62;
63B7 : D62;
63B8 : D62;
63B9 : D62;
63BA : D62;
63BB : D62;
63BC : D62;
63BD : D62;
63BE : D62;
63BF : D62;
63C0 : D62;
63C1 : D62;
63C2 : D62;
63C3 : D62;
63C4 : D62;
63C5 : D62;
63C6 : D62;
63C7 : D62;
63C8 : D63;
63C9 : D63;
63CA : D63;
63CB : D63;
63CC : D63;
63CD : D63;
63CE : D62;
63CF : D62;
63D0 : D62;
63D1 : D62;
63D2 : D62;
63D3 : D62;
63D4 : D62;
63D5 : D62;
63D6 : D62;
63D7 : D74;
63D8 : FAA;
63D9 : FAA;
63DA : FAA;
63DB : FAA;
63DC : FAA;
63DD : FBB;
63DE : FBB;
63DF : FBB;
63E0 : FBB;
63E1 : FBB;
63E2 : FBB;
63E3 : FBB;
63E4 : FBB;
63E5 : FBB;
63E6 : FBB;
63E7 : FBB;
63E8 : FBB;
63E9 : FBB;
63EA : FBB;
63EB : FBB;
63EC : FBB;
63ED : FBB;
63EE : FBB;
63EF : FBB;
63F0 : FBB;
63F1 : FBB;
63F2 : FBB;
63F3 : FBB;
63F4 : FBB;
63F5 : FBB;
63F6 : FBB;
63F7 : FBB;
63F8 : FBB;
63F9 : FBB;
63FA : FBB;
63FB : FBB;
63FC : FAB;
63FD : FAB;
63FE : FAB;
63FF : FAB;
6400 : FAB;
6401 : FAB;
6402 : FAB;
6403 : FBB;
6404 : FBB;
6405 : FBB;
6406 : FBB;
6407 : FBB;
6408 : FBB;
6409 : FBB;
640A : FBB;
640B : FBB;
640C : FBB;
640D : FBB;
640E : FBB;
640F : FBB;
6410 : FBB;
6411 : FBB;
6412 : FBB;
6413 : FBB;
6414 : FBB;
6415 : FBB;
6416 : FBB;
6417 : FBB;
6418 : FBB;
6419 : FBB;
641A : FBB;
641B : FBB;
641C : FBB;
641D : FBB;
641E : FBB;
641F : FBB;
6420 : FBB;
6421 : FBB;
6422 : FBB;
6423 : FBB;
6424 : FBB;
6425 : FBB;
6426 : FBB;
6427 : FAA;
6428 : F9A;
6429 : F9A;
642A : F9A;
642B : F9A;
642C : F9A;
642D : F9A;
642E : FAA;
642F : FAA;
6430 : FAA;
6431 : FAA;
6432 : FAA;
6433 : FAA;
6434 : FAA;
6435 : FAA;
6436 : FA9;
6437 : D63;
6438 : D62;
6439 : D62;
643A : D62;
643B : D62;
643C : D62;
643D : D62;
643E : D62;
643F : D62;
6440 : D62;
6441 : D62;
6442 : D62;
6443 : D62;
6444 : D63;
6445 : D63;
6446 : D63;
6447 : D63;
6448 : D63;
6449 : D63;
644A : D63;
644B : D63;
644C : D63;
644D : D63;
644E : D63;
644F : D63;
6450 : D63;
6451 : D63;
6452 : D63;
6453 : D63;
6454 : D63;
6455 : D63;
6456 : D63;
6457 : D63;
6458 : D63;
6459 : D63;
645A : D63;
645B : D63;
645C : D63;
645D : E98;
645E : FAA;
645F : FA9;
6460 : FA9;
6461 : FA9;
6462 : FA9;
6463 : FA9;
6464 : FA9;
6465 : FA9;
6466 : FA9;
6467 : FA9;
6468 : FA9;
6469 : FA9;
646A : FA9;
646B : FA9;
646C : FA9;
646D : FA9;
646E : FA9;
646F : FA9;
6470 : FA9;
6471 : FA9;
6472 : FA9;
6473 : FA9;
6474 : FA9;
6475 : FA9;
6476 : FA9;
6477 : FBB;
6478 : FBB;
6479 : FBB;
647A : FBB;
647B : FBB;
647C : FCB;
647D : FCB;
647E : FCB;
647F : FBB;
6480 : FAB;
6481 : FAB;
6482 : FCB;
6483 : FBB;
6484 : FBB;
6485 : FBB;
6486 : FBB;
6487 : FBB;
6488 : FBB;
6489 : FBB;
648A : FBB;
648B : FBB;
648C : FAB;
648D : FAB;
648E : FAB;
648F : FAB;
6490 : FAB;
6491 : FBB;
6492 : FBB;
6493 : FBB;
6494 : FBB;
6495 : FBB;
6496 : FBB;
6497 : FBB;
6498 : FBB;
6499 : FBB;
649A : FBB;
649B : E98;
649C : D62;
649D : D62;
649E : D62;
649F : D62;
64A0 : D62;
64A1 : D62;
64A2 : D62;
64A3 : D62;
64A4 : D62;
64A5 : D63;
64A6 : D63;
64A7 : D63;
64A8 : D63;
64A9 : D62;
64AA : D62;
64AB : D62;
64AC : D62;
64AD : D62;
64AE : D62;
64AF : D63;
64B0 : D63;
64B1 : D63;
64B2 : D63;
64B3 : D63;
64B4 : D63;
64B5 : D62;
64B6 : D62;
64B7 : D63;
64B8 : D63;
64B9 : D63;
64BA : D63;
64BB : D63;
64BC : D63;
64BD : D63;
64BE : D63;
64BF : D63;
64C0 : D63;
64C1 : D63;
64C2 : D63;
64C3 : D63;
64C4 : D63;
64C5 : D63;
64C6 : D63;
64C7 : D63;
64C8 : D63;
64C9 : D63;
64CA : D63;
64CB : D63;
64CC : D63;
64CD : D63;
64CE : D63;
64CF : D63;
64D0 : C63;
64D1 : C63;
64D2 : C63;
64D3 : C63;
64D4 : C62;
64D5 : C62;
64D6 : C62;
64D7 : C62;
64D8 : D62;
64D9 : D62;
64DA : D62;
64DB : D62;
64DC : D63;
64DD : D63;
64DE : D62;
64DF : D62;
64E0 : D64;
64E1 : FBA;
64E2 : FBB;
64E3 : FBB;
64E4 : FBB;
64E5 : FBB;
64E6 : FBB;
64E7 : FBB;
64E8 : FBB;
64E9 : FBB;
64EA : FBB;
64EB : FBB;
64EC : FAB;
64ED : FAB;
64EE : FAB;
64EF : FAB;
64F0 : FAB;
64F1 : FAB;
64F2 : FAB;
64F3 : FAB;
64F4 : FAB;
64F5 : FAB;
64F6 : FAB;
64F7 : FAB;
64F8 : FAB;
64F9 : FAB;
64FA : FAB;
64FB : FAB;
64FC : FAB;
64FD : FAB;
64FE : FAB;
64FF : FAB;
6500 : FAB;
6501 : FAB;
6502 : FAB;
6503 : FAB;
6504 : FAB;
6505 : FAB;
6506 : FAB;
6507 : FAB;
6508 : FAB;
6509 : FAB;
650A : FAB;
650B : FAB;
650C : FAB;
650D : FAB;
650E : FAB;
650F : FAB;
6510 : FAB;
6511 : FAB;
6512 : FAB;
6513 : FAB;
6514 : FAB;
6515 : FAB;
6516 : FAB;
6517 : FAB;
6518 : FBB;
6519 : FBB;
651A : FBB;
651B : FBB;
651C : FBB;
651D : FBB;
651E : FBB;
651F : FBB;
6520 : FBB;
6521 : FAB;
6522 : F9A;
6523 : F9B;
6524 : FAB;
6525 : F9B;
6526 : F9B;
6527 : F9B;
6528 : F9B;
6529 : F9B;
652A : F9B;
652B : E86;
652C : D62;
652D : D62;
652E : D62;
652F : D62;
6530 : D62;
6531 : D62;
6532 : D62;
6533 : D62;
6534 : D62;
6535 : D62;
6536 : D62;
6537 : D62;
6538 : D62;
6539 : D62;
653A : D62;
653B : D62;
653C : D62;
653D : D62;
653E : D63;
653F : D63;
6540 : D63;
6541 : D63;
6542 : D63;
6543 : D63;
6544 : D63;
6545 : D63;
6546 : D63;
6547 : D63;
6548 : D63;
6549 : D63;
654A : D73;
654B : D73;
654C : D74;
654D : D74;
654E : D74;
654F : D74;
6550 : D74;
6551 : D74;
6552 : D74;
6553 : D74;
6554 : D73;
6555 : D63;
6556 : D62;
6557 : D62;
6558 : D62;
6559 : D63;
655A : D63;
655B : D63;
655C : D63;
655D : D63;
655E : D63;
655F : D63;
6560 : D62;
6561 : D62;
6562 : D62;
6563 : D62;
6564 : D62;
6565 : D62;
6566 : D62;
6567 : D62;
6568 : D62;
6569 : D62;
656A : D62;
656B : D62;
656C : D62;
656D : D62;
656E : D62;
656F : D62;
6570 : D62;
6571 : D62;
6572 : D62;
6573 : D62;
6574 : D62;
6575 : D62;
6576 : D62;
6577 : D62;
6578 : D62;
6579 : D62;
657A : D63;
657B : FA9;
657C : FBB;
657D : FBB;
657E : FBB;
657F : FBB;
6580 : FBB;
6581 : FBB;
6582 : FBB;
6583 : FBB;
6584 : FAB;
6585 : F9B;
6586 : FAB;
6587 : F9B;
6588 : FAB;
6589 : FBB;
658A : FBB;
658B : FAB;
658C : FAB;
658D : FBB;
658E : FAB;
658F : FAB;
6590 : E88;
6591 : E88;
6592 : E87;
6593 : E87;
6594 : E87;
6595 : E97;
6596 : E97;
6597 : E97;
6598 : E97;
6599 : E97;
659A : E97;
659B : E97;
659C : E97;
659D : E98;
659E : E98;
659F : E86;
65A0 : D62;
65A1 : D63;
65A2 : D63;
65A3 : D63;
65A4 : D62;
65A5 : D62;
65A6 : D63;
65A7 : D63;
65A8 : D63;
65A9 : D63;
65AA : D63;
65AB : D63;
65AC : D63;
65AD : D62;
65AE : D62;
65AF : D62;
65B0 : D62;
65B1 : D63;
65B2 : D63;
65B3 : D63;
65B4 : D63;
65B5 : D63;
65B6 : D73;
65B7 : D73;
65B8 : D63;
65B9 : D63;
65BA : D63;
65BB : D63;
65BC : D73;
65BD : D73;
65BE : D73;
65BF : D73;
65C0 : D73;
65C1 : D63;
65C2 : D63;
65C3 : D63;
65C4 : D63;
65C5 : D63;
65C6 : D63;
65C7 : D63;
65C8 : D63;
65C9 : D63;
65CA : D63;
65CB : D63;
65CC : D63;
65CD : D63;
65CE : D63;
65CF : D63;
65D0 : D63;
65D1 : D63;
65D2 : D63;
65D3 : D63;
65D4 : D63;
65D5 : D63;
65D6 : D63;
65D7 : D63;
65D8 : D63;
65D9 : D63;
65DA : D63;
65DB : D63;
65DC : D62;
65DD : D62;
65DE : D62;
65DF : D62;
65E0 : D62;
65E1 : D63;
65E2 : D62;
65E3 : D62;
65E4 : D63;
65E5 : E97;
65E6 : E98;
65E7 : E97;
65E8 : E97;
65E9 : E97;
65EA : E97;
65EB : E97;
65EC : E97;
65ED : E97;
65EE : E97;
65EF : E97;
65F0 : E87;
65F1 : E87;
65F2 : E87;
65F3 : E87;
65F4 : E87;
65F5 : E87;
65F6 : E87;
65F7 : E87;
65F8 : E87;
65F9 : E87;
65FA : E87;
65FB : E87;
65FC : E87;
65FD : E87;
65FE : E87;
65FF : E87;
6600 : E87;
6601 : E87;
6602 : E87;
6603 : E87;
6604 : E87;
6605 : E87;
6606 : E87;
6607 : E87;
6608 : E87;
6609 : E87;
660A : E87;
660B : E87;
660C : E87;
660D : E87;
660E : E87;
660F : E87;
6610 : E87;
6611 : E87;
6612 : E87;
6613 : E87;
6614 : E87;
6615 : E87;
6616 : E87;
6617 : E87;
6618 : E87;
6619 : E87;
661A : E87;
661B : E87;
661C : E97;
661D : E97;
661E : E97;
661F : E97;
6620 : E97;
6621 : E97;
6622 : E97;
6623 : E97;
6624 : E97;
6625 : E87;
6626 : E87;
6627 : E87;
6628 : E87;
6629 : E87;
662A : E87;
662B : E87;
662C : E87;
662D : E87;
662E : E87;
662F : D75;
6630 : D62;
6631 : D62;
6632 : D62;
6633 : D62;
6634 : D62;
6635 : D62;
6636 : D62;
6637 : D62;
6638 : D62;
6639 : D62;
663A : D62;
663B : D63;
663C : D63;
663D : D63;
663E : D63;
663F : D63;
6640 : D63;
6641 : D63;
6642 : D63;
6643 : D63;
6644 : D63;
6645 : D63;
6646 : D63;
6647 : D63;
6648 : D63;
6649 : D63;
664A : D63;
664B : D63;
664C : D63;
664D : D63;
664E : D73;
664F : D74;
6650 : D73;
6651 : D73;
6652 : D73;
6653 : D73;
6654 : D74;
6655 : D74;
6656 : D74;
6657 : D74;
6658 : D74;
6659 : D73;
665A : D63;
665B : D63;
665C : D63;
665D : D63;
665E : D63;
665F : D63;
6660 : D63;
6661 : D62;
6662 : D62;
6663 : D62;
6664 : D62;
6665 : D62;
6666 : D62;
6667 : D62;
6668 : D62;
6669 : D62;
666A : D62;
666B : D62;
666C : D62;
666D : D62;
666E : D62;
666F : D63;
6670 : D63;
6671 : D63;
6672 : D63;
6673 : D63;
6674 : D63;
6675 : D63;
6676 : D63;
6677 : D63;
6678 : D63;
6679 : D62;
667A : D62;
667B : D62;
667C : D62;
667D : D63;
667E : D63;
667F : E86;
6680 : E98;
6681 : E98;
6682 : E98;
6683 : E98;
6684 : E98;
6685 : E98;
6686 : E98;
6687 : E98;
6688 : E88;
6689 : E88;
668A : E88;
668B : E88;
668C : E88;
668D : E88;
668E : E87;
668F : E87;
6690 : E87;
6691 : E98;
6692 : E87;
6693 : E87;
6694 : D62;
6695 : D62;
6696 : D62;
6697 : D62;
6698 : D62;
6699 : C62;
669A : C62;
669B : D62;
669C : D62;
669D : D62;
669E : D62;
669F : D62;
66A0 : D62;
66A1 : D62;
66A2 : D62;
66A3 : D62;
66A4 : C62;
66A5 : D73;
66A6 : D73;
66A7 : D63;
66A8 : D62;
66A9 : D62;
66AA : D63;
66AB : D63;
66AC : D63;
66AD : D63;
66AE : D62;
66AF : D62;
66B0 : D62;
66B1 : D62;
66B2 : D62;
66B3 : D62;
66B4 : D63;
66B5 : D73;
66B6 : D73;
66B7 : D63;
66B8 : D73;
66B9 : D73;
66BA : D73;
66BB : D73;
66BC : D74;
66BD : D74;
66BE : D74;
66BF : D74;
66C0 : D74;
66C1 : D74;
66C2 : D74;
66C3 : D74;
66C4 : D74;
66C5 : D74;
66C6 : D73;
66C7 : D63;
66C8 : D63;
66C9 : D63;
66CA : D63;
66CB : D63;
66CC : D63;
66CD : D63;
66CE : D63;
66CF : D62;
66D0 : D63;
66D1 : D63;
66D2 : D63;
66D3 : D63;
66D4 : D63;
66D5 : D63;
66D6 : D63;
66D7 : D63;
66D8 : D63;
66D9 : D63;
66DA : D63;
66DB : D63;
66DC : D63;
66DD : D63;
66DE : D63;
66DF : D63;
66E0 : D63;
66E1 : D62;
66E2 : D62;
66E3 : D62;
66E4 : D62;
66E5 : D63;
66E6 : D63;
66E7 : D62;
66E8 : D62;
66E9 : D62;
66EA : D62;
66EB : D62;
66EC : D62;
66ED : D62;
66EE : D62;
66EF : D62;
66F0 : D62;
66F1 : D62;
66F2 : D62;
66F3 : D62;
66F4 : D62;
66F5 : D62;
66F6 : D62;
66F7 : D62;
66F8 : D62;
66F9 : D62;
66FA : D62;
66FB : D62;
66FC : D62;
66FD : D62;
66FE : D62;
66FF : D62;
6700 : D62;
6701 : D62;
6702 : D62;
6703 : D62;
6704 : D62;
6705 : D62;
6706 : D62;
6707 : D62;
6708 : D62;
6709 : D62;
670A : D62;
670B : D62;
670C : D62;
670D : D62;
670E : D62;
670F : D62;
6710 : D62;
6711 : D62;
6712 : D62;
6713 : D62;
6714 : D62;
6715 : D62;
6716 : D62;
6717 : D62;
6718 : D62;
6719 : D62;
671A : D62;
671B : D62;
671C : D62;
671D : D62;
671E : D62;
671F : D62;
6720 : D62;
6721 : D62;
6722 : D62;
6723 : D62;
6724 : D62;
6725 : D62;
6726 : D62;
6727 : D62;
6728 : D62;
6729 : D62;
672A : D62;
672B : D62;
672C : D62;
672D : D62;
672E : D62;
672F : D62;
6730 : D62;
6731 : D62;
6732 : D63;
6733 : D63;
6734 : D62;
6735 : D62;
6736 : D62;
6737 : D62;
6738 : D62;
6739 : D62;
673A : D62;
673B : C62;
673C : C62;
673D : D62;
673E : D63;
673F : D63;
6740 : D63;
6741 : D63;
6742 : D63;
6743 : D63;
6744 : D63;
6745 : D63;
6746 : D63;
6747 : D63;
6748 : D62;
6749 : D62;
674A : D62;
674B : D63;
674C : D74;
674D : D74;
674E : D74;
674F : D74;
6750 : D74;
6751 : D74;
6752 : D74;
6753 : D73;
6754 : D74;
6755 : D73;
6756 : D63;
6757 : D73;
6758 : D74;
6759 : D74;
675A : D74;
675B : D74;
675C : D74;
675D : D74;
675E : D74;
675F : D74;
6760 : D74;
6761 : D74;
6762 : D74;
6763 : D73;
6764 : D63;
6765 : D62;
6766 : D62;
6767 : D62;
6768 : D62;
6769 : D62;
676A : D62;
676B : D62;
676C : D62;
676D : D62;
676E : D62;
676F : D62;
6770 : D62;
6771 : D62;
6772 : D62;
6773 : D63;
6774 : D63;
6775 : D62;
6776 : C63;
6777 : D73;
6778 : D74;
6779 : D74;
677A : D73;
677B : D63;
677C : D63;
677D : D63;
677E : D62;
677F : D62;
6780 : D63;
6781 : D63;
6782 : D63;
6783 : D63;
6784 : D62;
6785 : D62;
6786 : D62;
6787 : D62;
6788 : D62;
6789 : D62;
678A : D62;
678B : D62;
678C : D62;
678D : D62;
678E : D62;
678F : D62;
6790 : D62;
6791 : D62;
6792 : D62;
6793 : D63;
6794 : D63;
6795 : D63;
6796 : D63;
6797 : D63;
6798 : D62;
6799 : D62;
679A : D62;
679B : D62;
679C : D62;
679D : D62;
679E : D62;
679F : D62;
67A0 : D62;
67A1 : D62;
67A2 : D62;
67A3 : D62;
67A4 : D62;
67A5 : D62;
67A6 : D62;
67A7 : D63;
67A8 : D73;
67A9 : D73;
67AA : D73;
67AB : C63;
67AC : D63;
67AD : D73;
67AE : D73;
67AF : D73;
67B0 : D73;
67B1 : D73;
67B2 : D73;
67B3 : D73;
67B4 : D73;
67B5 : D73;
67B6 : D73;
67B7 : D63;
67B8 : D63;
67B9 : D73;
67BA : D73;
67BB : D73;
67BC : D73;
67BD : D73;
67BE : D73;
67BF : D73;
67C0 : D74;
67C1 : D74;
67C2 : D74;
67C3 : D73;
67C4 : D74;
67C5 : D74;
67C6 : D74;
67C7 : D74;
67C8 : D74;
67C9 : D74;
67CA : D73;
67CB : D73;
67CC : D73;
67CD : D73;
67CE : D73;
67CF : D73;
67D0 : D73;
67D1 : D73;
67D2 : D73;
67D3 : D73;
67D4 : D73;
67D5 : D73;
67D6 : D73;
67D7 : D73;
67D8 : D73;
67D9 : D73;
67DA : D63;
67DB : D63;
67DC : D63;
67DD : D63;
67DE : D63;
67DF : D73;
67E0 : D73;
67E1 : D63;
67E2 : D63;
67E3 : D63;
67E4 : D63;
67E5 : D63;
67E6 : D73;
67E7 : D73;
67E8 : D73;
67E9 : D73;
67EA : D73;
67EB : D73;
67EC : D73;
67ED : D73;
67EE : D63;
67EF : D62;
67F0 : D62;
67F1 : D62;
67F2 : D62;
67F3 : D62;
67F4 : D62;
67F5 : D62;
67F6 : D62;
67F7 : D62;
67F8 : D62;
67F9 : D62;
67FA : D62;
67FB : C62;
67FC : C62;
67FD : C62;
67FE : C62;
67FF : C62;
6800 : C62;
6801 : C62;
6802 : C62;
6803 : C62;
6804 : D62;
6805 : D62;
6806 : D62;
6807 : C62;
6808 : C62;
6809 : C62;
680A : C62;
680B : D62;
680C : D62;
680D : D63;
680E : D63;
680F : D63;
6810 : D63;
6811 : D63;
6812 : D62;
6813 : D62;
6814 : D62;
6815 : D62;
6816 : D62;
6817 : D62;
6818 : D62;
6819 : D62;
681A : D62;
681B : D62;
681C : D62;
681D : D62;
681E : D62;
681F : D62;
6820 : D62;
6821 : D62;
6822 : D62;
6823 : D62;
6824 : D62;
6825 : D62;
6826 : D62;
6827 : D62;
6828 : D62;
6829 : D62;
682A : D62;
682B : D62;
682C : D62;
682D : D62;
682E : D62;
682F : D62;
6830 : D62;
6831 : D62;
6832 : D62;
6833 : D62;
6834 : D62;
6835 : D62;
6836 : D62;
6837 : D62;
6838 : D62;
6839 : D62;
683A : D62;
683B : D62;
683C : D62;
683D : D62;
683E : D73;
683F : D73;
6840 : D73;
6841 : D73;
6842 : D63;
6843 : D63;
6844 : D73;
6845 : D73;
6846 : D73;
6847 : D73;
6848 : D73;
6849 : D73;
684A : D73;
684B : D73;
684C : D73;
684D : D73;
684E : D73;
684F : D73;
6850 : D74;
6851 : D73;
6852 : D73;
6853 : D73;
6854 : D74;
6855 : D84;
6856 : D74;
6857 : D74;
6858 : D74;
6859 : D74;
685A : D73;
685B : D73;
685C : D74;
685D : D74;
685E : D74;
685F : D74;
6860 : D74;
6861 : D73;
6862 : D74;
6863 : D74;
6864 : D73;
6865 : D73;
6866 : D73;
6867 : D74;
6868 : D73;
6869 : D73;
686A : D73;
686B : D73;
686C : D73;
686D : D73;
686E : D73;
686F : D73;
6870 : D73;
6871 : D73;
6872 : D73;
6873 : D73;
6874 : D73;
6875 : D73;
6876 : D73;
6877 : D73;
6878 : D73;
6879 : D63;
687A : C63;
687B : D73;
687C : D74;
687D : D73;
687E : D73;
687F : D73;
6880 : D73;
6881 : D73;
6882 : D73;
6883 : D73;
6884 : D73;
6885 : D73;
6886 : D73;
6887 : D63;
6888 : D62;
6889 : D62;
688A : D62;
688B : D62;
688C : D62;
688D : D62;
688E : D62;
688F : D62;
6890 : D62;
6891 : D62;
6892 : D62;
6893 : D63;
6894 : D63;
6895 : D63;
6896 : D63;
6897 : D63;
6898 : D73;
6899 : D73;
689A : C73;
689B : C73;
689C : D62;
689D : D62;
689E : D62;
689F : D62;
68A0 : D62;
68A1 : D62;
68A2 : D62;
68A3 : D62;
68A4 : D62;
68A5 : D62;
68A6 : D62;
68A7 : D62;
68A8 : D62;
68A9 : D62;
68AA : D62;
68AB : D63;
68AC : D73;
68AD : D73;
68AE : D73;
68AF : D73;
68B0 : D73;
68B1 : D73;
68B2 : D74;
68B3 : D73;
68B4 : D73;
68B5 : D73;
68B6 : D73;
68B7 : D73;
68B8 : D73;
68B9 : D73;
68BA : D73;
68BB : D73;
68BC : D73;
68BD : D73;
68BE : D73;
68BF : D73;
68C0 : D73;
68C1 : D73;
68C2 : D73;
68C3 : D73;
68C4 : D74;
68C5 : D74;
68C6 : D74;
68C7 : D74;
68C8 : D73;
68C9 : D73;
68CA : D74;
68CB : D74;
68CC : D74;
68CD : D74;
68CE : D73;
68CF : D73;
68D0 : D73;
68D1 : D74;
68D2 : D74;
68D3 : D74;
68D4 : D74;
68D5 : D74;
68D6 : D74;
68D7 : D74;
68D8 : D73;
68D9 : D73;
68DA : D73;
68DB : D73;
68DC : D74;
68DD : D73;
68DE : D73;
68DF : D63;
68E0 : D63;
68E1 : D63;
68E2 : D73;
68E3 : D73;
68E4 : D73;
68E5 : D63;
68E6 : D63;
68E7 : D63;
68E8 : D63;
68E9 : D73;
68EA : D73;
68EB : D74;
68EC : D73;
68ED : D74;
68EE : D73;
68EF : D73;
68F0 : D73;
68F1 : D73;
68F2 : D73;
68F3 : D63;
68F4 : D62;
68F5 : D62;
68F6 : D62;
68F7 : D62;
68F8 : D62;
68F9 : D62;
68FA : D62;
68FB : D62;
68FC : D62;
68FD : D62;
68FE : D62;
68FF : D62;
6900 : D62;
6901 : D62;
6902 : D62;
6903 : D62;
6904 : D62;
6905 : D62;
6906 : D62;
6907 : D62;
6908 : D62;
6909 : D62;
690A : D62;
690B : D62;
690C : D62;
690D : D63;
690E : D63;
690F : D62;
6910 : D62;
6911 : D63;
6912 : D73;
6913 : D73;
6914 : D63;
6915 : D63;
6916 : D63;
6917 : D63;
6918 : D62;
6919 : D63;
691A : D62;
691B : D62;
691C : D62;
691D : D62;
691E : D62;
691F : D62;
6920 : D62;
6921 : D62;
6922 : C62;
6923 : D62;
6924 : D62;
6925 : D62;
6926 : D62;
6927 : D62;
6928 : D62;
6929 : D62;
692A : D62;
692B : D63;
692C : D62;
692D : D62;
692E : D63;
692F : D62;
6930 : D62;
6931 : D62;
6932 : D62;
6933 : D62;
6934 : D62;
6935 : D62;
6936 : D62;
6937 : D62;
6938 : D62;
6939 : D62;
693A : D62;
693B : D62;
693C : D63;
693D : D63;
693E : D63;
693F : D62;
6940 : D62;
6941 : D62;
6942 : D73;
6943 : D74;
6944 : D74;
6945 : D73;
6946 : D73;
6947 : D73;
6948 : D74;
6949 : D74;
694A : D74;
694B : D74;
694C : D73;
694D : D73;
694E : D73;
694F : D73;
6950 : D73;
6951 : D73;
6952 : D73;
6953 : D74;
6954 : D74;
6955 : D73;
6956 : D73;
6957 : D73;
6958 : D74;
6959 : D74;
695A : D74;
695B : D74;
695C : D74;
695D : D74;
695E : D74;
695F : D74;
6960 : D73;
6961 : D74;
6962 : D74;
6963 : D73;
6964 : D73;
6965 : D74;
6966 : D73;
6967 : D73;
6968 : D73;
6969 : C73;
696A : D73;
696B : D74;
696C : D74;
696D : D74;
696E : D74;
696F : D73;
6970 : D74;
6971 : D74;
6972 : D74;
6973 : D74;
6974 : D74;
6975 : D74;
6976 : D74;
6977 : D74;
6978 : D73;
6979 : D73;
697A : D74;
697B : D74;
697C : D74;
697D : D73;
697E : D73;
697F : D73;
6980 : D74;
6981 : D73;
6982 : D74;
6983 : D73;
6984 : D73;
6985 : D73;
6986 : D73;
6987 : D73;
6988 : D73;
6989 : D73;
698A : D73;
698B : D63;
698C : D62;
698D : D63;
698E : D63;
698F : D62;
6990 : D62;
6991 : D62;
6992 : D62;
6993 : D62;
6994 : D62;
6995 : D62;
6996 : D63;
6997 : D73;
6998 : D73;
6999 : D73;
699A : D73;
699B : D74;
699C : D74;
699D : D74;
699E : D74;
699F : D74;
69A0 : D73;
69A1 : D73;
69A2 : D73;
69A3 : D73;
69A4 : D73;
69A5 : D73;
69A6 : D73;
69A7 : D73;
69A8 : D73;
69A9 : D73;
69AA : D73;
69AB : D73;
69AC : D73;
69AD : D73;
69AE : D73;
69AF : D73;
69B0 : D73;
69B1 : D73;
69B2 : D73;
69B3 : D73;
69B4 : D73;
69B5 : D73;
69B6 : D73;
69B7 : D73;
69B8 : D73;
69B9 : D63;
69BA : D63;
69BB : D63;
69BC : D63;
69BD : D73;
69BE : D74;
69BF : D73;
69C0 : D73;
69C1 : D73;
69C2 : D73;
69C3 : D63;
69C4 : D73;
69C5 : D74;
69C6 : D74;
69C7 : D74;
69C8 : D74;
69C9 : D74;
69CA : D74;
69CB : D73;
69CC : C73;
69CD : D73;
69CE : D74;
69CF : D74;
69D0 : D74;
69D1 : D73;
69D2 : D73;
69D3 : D73;
69D4 : D73;
69D5 : D73;
69D6 : D74;
69D7 : D74;
69D8 : D74;
69D9 : D73;
69DA : D73;
69DB : D74;
69DC : D73;
69DD : D73;
69DE : D73;
69DF : D73;
69E0 : D74;
69E1 : D74;
69E2 : D73;
69E3 : D73;
69E4 : D73;
69E5 : D73;
69E6 : D73;
69E7 : D74;
69E8 : D73;
69E9 : D73;
69EA : D73;
69EB : D73;
69EC : D73;
69ED : D73;
69EE : D73;
69EF : D73;
69F0 : D74;
69F1 : D74;
69F2 : D74;
69F3 : D73;
69F4 : D73;
69F5 : D73;
69F6 : D73;
69F7 : D73;
69F8 : D73;
69F9 : D73;
69FA : D73;
69FB : D73;
69FC : D73;
69FD : D73;
69FE : D73;
69FF : C73;
6A00 : D63;
6A01 : D62;
6A02 : D63;
6A03 : D73;
6A04 : D73;
6A05 : D73;
6A06 : D73;
6A07 : D73;
6A08 : D63;
6A09 : D73;
6A0A : D73;
6A0B : D73;
6A0C : D63;
6A0D : D63;
6A0E : D63;
6A0F : D73;
6A10 : D73;
6A11 : D73;
6A12 : D63;
6A13 : D63;
6A14 : D73;
6A15 : D73;
6A16 : D73;
6A17 : D73;
6A18 : D73;
6A19 : D73;
6A1A : D73;
6A1B : D73;
6A1C : D73;
6A1D : D73;
6A1E : D73;
6A1F : D62;
6A20 : D63;
6A21 : D63;
6A22 : D73;
6A23 : D73;
6A24 : D73;
6A25 : D63;
6A26 : D62;
6A27 : D73;
6A28 : D73;
6A29 : D63;
6A2A : D62;
6A2B : D62;
6A2C : D63;
6A2D : D63;
6A2E : D73;
6A2F : D73;
6A30 : D62;
6A31 : D63;
6A32 : D73;
6A33 : D73;
6A34 : D73;
6A35 : D73;
6A36 : D63;
6A37 : D73;
6A38 : D73;
6A39 : D63;
6A3A : D73;
6A3B : D73;
6A3C : D63;
6A3D : D73;
6A3E : D73;
6A3F : D73;
6A40 : D73;
6A41 : D73;
6A42 : D73;
6A43 : D63;
6A44 : D63;
6A45 : D63;
6A46 : D73;
6A47 : D73;
6A48 : D73;
6A49 : D73;
6A4A : D73;
6A4B : C73;
6A4C : C73;
6A4D : D73;
6A4E : D74;
6A4F : D73;
6A50 : D73;
6A51 : D73;
6A52 : D73;
6A53 : D73;
6A54 : D73;
6A55 : D73;
6A56 : D73;
6A57 : D73;
6A58 : D74;
6A59 : D74;
6A5A : D74;
6A5B : D74;
6A5C : D74;
6A5D : D74;
6A5E : D74;
6A5F : D74;
6A60 : D74;
6A61 : D74;
6A62 : D74;
6A63 : D74;
6A64 : D73;
6A65 : D73;
6A66 : D74;
6A67 : D73;
6A68 : D73;
6A69 : D73;
6A6A : D73;
6A6B : D74;
6A6C : D73;
6A6D : D73;
6A6E : D73;
6A6F : D74;
6A70 : D73;
6A71 : D73;
6A72 : D74;
6A73 : D73;
6A74 : D73;
6A75 : D73;
6A76 : D73;
6A77 : D73;
6A78 : D73;
6A79 : D73;
6A7A : D63;
6A7B : D73;
6A7C : D73;
6A7D : D73;
6A7E : D73;
6A7F : D73;
6A80 : D73;
6A81 : D73;
6A82 : D73;
6A83 : D73;
6A84 : D73;
6A85 : D73;
6A86 : D73;
6A87 : D73;
6A88 : D73;
6A89 : D73;
6A8A : D73;
6A8B : D73;
6A8C : D73;
6A8D : D73;
6A8E : D73;
6A8F : D63;
6A90 : D63;
6A91 : D73;
6A92 : D73;
6A93 : D63;
6A94 : D73;
6A95 : D73;
6A96 : D63;
6A97 : D63;
6A98 : D73;
6A99 : D73;
6A9A : D73;
6A9B : D73;
6A9C : D73;
6A9D : D73;
6A9E : D73;
6A9F : D74;
6AA0 : D74;
6AA1 : D74;
6AA2 : D74;
6AA3 : D73;
6AA4 : D73;
6AA5 : D73;
6AA6 : D73;
6AA7 : D73;
6AA8 : D73;
6AA9 : D73;
6AAA : D73;
6AAB : D73;
6AAC : D73;
6AAD : D73;
6AAE : D73;
6AAF : D73;
6AB0 : D73;
6AB1 : D73;
6AB2 : D73;
6AB3 : D73;
6AB4 : D73;
6AB5 : D73;
6AB6 : D74;
6AB7 : D73;
6AB8 : D73;
6AB9 : D73;
6ABA : D73;
6ABB : D73;
6ABC : D73;
6ABD : D73;
6ABE : D63;
6ABF : D73;
6AC0 : D73;
6AC1 : D73;
6AC2 : D73;
6AC3 : D73;
6AC4 : D73;
6AC5 : D73;
6AC6 : D73;
6AC7 : D63;
6AC8 : D73;
6AC9 : D73;
6ACA : D74;
6ACB : D74;
6ACC : D73;
6ACD : D73;
6ACE : D74;
6ACF : D73;
6AD0 : D73;
6AD1 : D74;
6AD2 : D74;
6AD3 : D73;
6AD4 : D73;
6AD5 : D73;
6AD6 : D74;
6AD7 : D73;
6AD8 : D73;
6AD9 : D73;
6ADA : D74;
6ADB : D73;
6ADC : D73;
6ADD : D73;
6ADE : D73;
6ADF : D74;
6AE0 : D73;
6AE1 : D63;
6AE2 : D73;
6AE3 : D74;
6AE4 : D73;
6AE5 : D73;
6AE6 : D73;
6AE7 : D73;
6AE8 : D73;
6AE9 : D73;
6AEA : D73;
6AEB : D73;
6AEC : D73;
6AED : D73;
6AEE : D73;
6AEF : D73;
6AF0 : D73;
6AF1 : D73;
6AF2 : D73;
6AF3 : D73;
6AF4 : D74;
6AF5 : D74;
6AF6 : D74;
6AF7 : D73;
6AF8 : D63;
6AF9 : D73;
6AFA : D73;
6AFB : D73;
6AFC : D73;
6AFD : D73;
6AFE : D73;
6AFF : D73;
6B00 : D73;
6B01 : D73;
6B02 : D73;
6B03 : C73;
6B04 : D73;
6B05 : D63;
6B06 : D63;
6B07 : D73;
6B08 : D73;
6B09 : D73;
6B0A : D73;
6B0B : D73;
6B0C : D73;
6B0D : D73;
6B0E : D73;
6B0F : D73;
6B10 : D73;
6B11 : D63;
6B12 : D63;
6B13 : D73;
6B14 : D73;
6B15 : D73;
6B16 : D73;
6B17 : D63;
6B18 : D73;
6B19 : D74;
6B1A : D73;
6B1B : D73;
6B1C : D73;
6B1D : D73;
6B1E : D73;
6B1F : D73;
6B20 : D73;
6B21 : D73;
6B22 : D73;
6B23 : D63;
6B24 : D73;
6B25 : D73;
6B26 : D73;
6B27 : D73;
6B28 : D73;
6B29 : C73;
6B2A : C63;
6B2B : D73;
6B2C : D73;
6B2D : D63;
6B2E : D63;
6B2F : D63;
6B30 : D63;
6B31 : D73;
6B32 : D73;
6B33 : D73;
6B34 : D63;
6B35 : D73;
6B36 : D73;
6B37 : D73;
6B38 : D73;
6B39 : D73;
6B3A : D73;
6B3B : D74;
6B3C : D73;
6B3D : D73;
6B3E : D73;
6B3F : D73;
6B40 : D73;
6B41 : D73;
6B42 : D74;
6B43 : D74;
6B44 : D73;
6B45 : D74;
6B46 : D73;
6B47 : D73;
6B48 : D73;
6B49 : D73;
6B4A : D73;
6B4B : D73;
6B4C : D73;
6B4D : D73;
6B4E : D73;
6B4F : D73;
6B50 : D73;
6B51 : D73;
6B52 : D73;
6B53 : D73;
6B54 : D73;
6B55 : D73;
6B56 : D73;
6B57 : D73;
6B58 : D73;
6B59 : D73;
6B5A : D73;
6B5B : D73;
6B5C : D73;
6B5D : D74;
6B5E : D74;
6B5F : D74;
6B60 : D74;
6B61 : D74;
6B62 : D74;
6B63 : D74;
6B64 : D74;
6B65 : D73;
6B66 : D73;
6B67 : D73;
6B68 : D73;
6B69 : D73;
6B6A : D74;
6B6B : D73;
6B6C : D73;
6B6D : D73;
6B6E : D73;
6B6F : D73;
6B70 : D73;
6B71 : D73;
6B72 : D73;
6B73 : D73;
6B74 : D73;
6B75 : D73;
6B76 : D74;
6B77 : D73;
6B78 : D73;
6B79 : D73;
6B7A : D73;
6B7B : D73;
6B7C : D73;
6B7D : D73;
6B7E : D73;
6B7F : D73;
6B80 : D73;
6B81 : D73;
6B82 : D73;
6B83 : D73;
6B84 : D73;
6B85 : D74;
6B86 : D74;
6B87 : D74;
6B88 : D73;
6B89 : D73;
6B8A : D73;
6B8B : D74;
6B8C : D73;
6B8D : D73;
6B8E : D73;
6B8F : D73;
6B90 : D73;
6B91 : D73;
6B92 : D73;
6B93 : D73;
6B94 : D73;
6B95 : D73;
6B96 : D73;
6B97 : D73;
6B98 : D73;
6B99 : D74;
6B9A : D73;
6B9B : D73;
6B9C : D73;
6B9D : D73;
6B9E : D73;
6B9F : D73;
6BA0 : D73;
6BA1 : D74;
6BA2 : D73;
6BA3 : D74;
6BA4 : D74;
6BA5 : D74;
6BA6 : D74;
6BA7 : D73;
6BA8 : D63;
6BA9 : D63;
6BAA : D63;
6BAB : D63;
6BAC : D73;
6BAD : D73;
6BAE : D73;
6BAF : D73;
6BB0 : D63;
6BB1 : D63;
6BB2 : D63;
6BB3 : D63;
6BB4 : D73;
6BB5 : D73;
6BB6 : D73;
6BB7 : D73;
6BB8 : D73;
6BB9 : D74;
6BBA : D74;
6BBB : D73;
6BBC : D73;
6BBD : D73;
6BBE : D84;
6BBF : D84;
6BC0 : D74;
6BC1 : D74;
6BC2 : D74;
6BC3 : D73;
6BC4 : D73;
6BC5 : D73;
6BC6 : D73;
6BC7 : D73;
6BC8 : D63;
6BC9 : D63;
6BCA : D63;
6BCB : D63;
6BCC : D63;
6BCD : D63;
6BCE : D73;
6BCF : D73;
6BD0 : D73;
6BD1 : D73;
6BD2 : D74;
6BD3 : D74;
6BD4 : D73;
6BD5 : D74;
6BD6 : D73;
6BD7 : D73;
6BD8 : D63;
6BD9 : D63;
6BDA : D63;
6BDB : D63;
6BDC : D63;
6BDD : D63;
6BDE : D63;
6BDF : D63;
6BE0 : D63;
6BE1 : D73;
6BE2 : D73;
6BE3 : D73;
6BE4 : D73;
6BE5 : D63;
6BE6 : D73;
6BE7 : D74;
6BE8 : D73;
6BE9 : D63;
6BEA : D63;
6BEB : D63;
6BEC : D63;
6BED : D63;
6BEE : D63;
6BEF : D63;
6BF0 : D63;
6BF1 : D63;
6BF2 : D63;
6BF3 : D63;
6BF4 : D63;
6BF5 : D63;
6BF6 : D63;
6BF7 : D73;
6BF8 : D74;
6BF9 : D73;
6BFA : D73;
6BFB : D73;
6BFC : D63;
6BFD : D73;
6BFE : D73;
6BFF : D63;
6C00 : D63;
6C01 : D63;
6C02 : D73;
6C03 : D73;
6C04 : D63;
6C05 : D63;
6C06 : D63;
6C07 : D73;
6C08 : D74;
6C09 : D73;
6C0A : D74;
6C0B : D73;
6C0C : D73;
6C0D : D73;
6C0E : D73;
6C0F : D73;
6C10 : D74;
6C11 : D73;
6C12 : D63;
6C13 : D73;
6C14 : D74;
6C15 : D73;
6C16 : D73;
6C17 : D74;
6C18 : D74;
6C19 : D73;
6C1A : D73;
6C1B : D63;
6C1C : D74;
6C1D : D73;
6C1E : D73;
6C1F : D73;
6C20 : D73;
6C21 : D73;
6C22 : D73;
6C23 : D63;
6C24 : D73;
6C25 : D73;
6C26 : D73;
6C27 : D74;
6C28 : D74;
6C29 : D73;
6C2A : D73;
6C2B : D83;
6C2C : D84;
6C2D : D74;
6C2E : D73;
6C2F : D84;
6C30 : D73;
6C31 : D73;
6C32 : D73;
6C33 : D73;
6C34 : D73;
6C35 : D73;
6C36 : D73;
6C37 : D73;
6C38 : D73;
6C39 : D73;
6C3A : D74;
6C3B : D83;
6C3C : D83;
6C3D : D73;
6C3E : D73;
6C3F : D73;
6C40 : D74;
6C41 : D74;
6C42 : D74;
6C43 : D74;
6C44 : D74;
6C45 : D74;
6C46 : D74;
6C47 : D73;
6C48 : D73;
6C49 : D73;
6C4A : D74;
6C4B : D73;
6C4C : D74;
6C4D : D73;
6C4E : D73;
6C4F : D73;
6C50 : D73;
6C51 : D73;
6C52 : D73;
6C53 : D73;
6C54 : D73;
6C55 : D73;
6C56 : D63;
6C57 : D63;
6C58 : D73;
6C59 : D73;
6C5A : D73;
6C5B : D73;
6C5C : D73;
6C5D : D73;
6C5E : D73;
6C5F : D73;
6C60 : D73;
6C61 : D73;
6C62 : D73;
6C63 : D74;
6C64 : D73;
6C65 : D73;
6C66 : D73;
6C67 : D74;
6C68 : D73;
6C69 : D73;
6C6A : D73;
6C6B : D73;
6C6C : D73;
6C6D : D74;
6C6E : D74;
6C6F : D74;
6C70 : D73;
6C71 : D74;
6C72 : D73;
6C73 : D74;
6C74 : D73;
6C75 : C63;
6C76 : D73;
6C77 : D74;
6C78 : D73;
6C79 : D73;
6C7A : D74;
6C7B : D74;
6C7C : D74;
6C7D : D74;
6C7E : D74;
6C7F : D74;
6C80 : D73;
6C81 : D74;
6C82 : D74;
6C83 : D73;
6C84 : D73;
6C85 : D73;
6C86 : D73;
6C87 : D73;
6C88 : D74;
6C89 : D74;
6C8A : D74;
6C8B : D84;
6C8C : D74;
6C8D : D73;
6C8E : D74;
6C8F : D73;
6C90 : D73;
6C91 : D73;
6C92 : D73;
6C93 : D73;
6C94 : D73;
6C95 : D73;
6C96 : D73;
6C97 : D73;
6C98 : D73;
6C99 : D73;
6C9A : D73;
6C9B : D73;
6C9C : D73;
6C9D : D74;
6C9E : D73;
6C9F : D73;
6CA0 : D73;
6CA1 : D74;
6CA2 : D74;
6CA3 : D73;
6CA4 : D63;
6CA5 : D73;
6CA6 : D73;
6CA7 : D73;
6CA8 : D74;
6CA9 : D73;
6CAA : D73;
6CAB : D73;
6CAC : D63;
6CAD : D63;
6CAE : D63;
6CAF : D63;
6CB0 : D63;
6CB1 : D73;
6CB2 : D73;
6CB3 : D63;
6CB4 : D63;
6CB5 : D73;
6CB6 : D63;
6CB7 : D63;
6CB8 : D73;
6CB9 : D73;
6CBA : D73;
6CBB : D73;
6CBC : D73;
6CBD : D74;
6CBE : D74;
6CBF : D74;
6CC0 : D73;
6CC1 : D73;
6CC2 : D73;
6CC3 : D73;
6CC4 : D73;
6CC5 : D73;
6CC6 : D73;
6CC7 : D73;
6CC8 : D73;
6CC9 : D73;
6CCA : D63;
6CCB : D73;
6CCC : D73;
6CCD : D63;
6CCE : D63;
6CCF : D63;
6CD0 : D63;
6CD1 : D63;
6CD2 : D73;
6CD3 : D73;
6CD4 : D63;
6CD5 : D73;
6CD6 : D73;
6CD7 : D73;
6CD8 : D73;
6CD9 : D73;
6CDA : D73;
6CDB : D63;
6CDC : D63;
6CDD : D63;
6CDE : D73;
6CDF : D73;
6CE0 : D63;
6CE1 : D63;
6CE2 : D63;
6CE3 : D73;
6CE4 : D73;
6CE5 : D73;
6CE6 : D73;
6CE7 : D73;
6CE8 : D73;
6CE9 : D63;
6CEA : D73;
6CEB : D73;
6CEC : D73;
6CED : D63;
6CEE : D73;
6CEF : D73;
6CF0 : D63;
6CF1 : D63;
6CF2 : D63;
6CF3 : D63;
6CF4 : D63;
6CF5 : D63;
6CF6 : D63;
6CF7 : D63;
6CF8 : D63;
6CF9 : D63;
6CFA : D63;
6CFB : D63;
6CFC : D73;
6CFD : D73;
6CFE : D74;
6CFF : D73;
6D00 : D63;
6D01 : D73;
6D02 : D73;
6D03 : D73;
6D04 : D63;
6D05 : D73;
6D06 : D73;
6D07 : D73;
6D08 : D63;
6D09 : D63;
6D0A : D63;
6D0B : D73;
6D0C : D73;
6D0D : D73;
6D0E : D73;
6D0F : D73;
6D10 : D73;
6D11 : D63;
6D12 : D73;
6D13 : D73;
6D14 : D73;
6D15 : D73;
6D16 : D63;
6D17 : D73;
6D18 : D74;
6D19 : D73;
6D1A : D73;
6D1B : D73;
6D1C : D73;
6D1D : D73;
6D1E : D73;
6D1F : D73;
6D20 : D73;
6D21 : D73;
6D22 : D63;
6D23 : D63;
6D24 : D73;
6D25 : D63;
6D26 : D63;
6D27 : D63;
6D28 : D63;
6D29 : D73;
6D2A : D73;
6D2B : D73;
6D2C : D73;
6D2D : D73;
6D2E : D73;
6D2F : D73;
6D30 : D73;
6D31 : D74;
6D32 : D73;
6D33 : D73;
6D34 : D73;
6D35 : D73;
6D36 : D73;
6D37 : D73;
6D38 : D73;
6D39 : D73;
6D3A : D73;
6D3B : D73;
6D3C : D73;
6D3D : D73;
6D3E : D73;
6D3F : D73;
6D40 : D73;
6D41 : D73;
6D42 : D74;
6D43 : D73;
6D44 : D73;
6D45 : D74;
6D46 : D74;
6D47 : D74;
6D48 : D74;
6D49 : D74;
6D4A : D74;
6D4B : D73;
6D4C : D63;
6D4D : D73;
6D4E : D74;
6D4F : D73;
6D50 : D73;
6D51 : D74;
6D52 : D73;
6D53 : D73;
6D54 : D73;
6D55 : D73;
6D56 : D63;
6D57 : D63;
6D58 : D73;
6D59 : D73;
6D5A : D63;
6D5B : D63;
6D5C : D63;
6D5D : D73;
6D5E : D73;
6D5F : D73;
6D60 : D73;
6D61 : D73;
6D62 : D73;
6D63 : D73;
6D64 : D73;
6D65 : D73;
6D66 : D73;
6D67 : D74;
6D68 : D73;
6D69 : D73;
6D6A : D73;
6D6B : D73;
6D6C : D73;
6D6D : D63;
6D6E : D73;
6D6F : D73;
6D70 : D73;
6D71 : D73;
6D72 : D73;
6D73 : D73;
6D74 : D74;
6D75 : D74;
6D76 : D73;
6D77 : D73;
6D78 : D73;
6D79 : D73;
6D7A : D73;
6D7B : D73;
6D7C : D73;
6D7D : D74;
6D7E : D74;
6D7F : D74;
6D80 : D74;
6D81 : D74;
6D82 : D74;
6D83 : D74;
6D84 : D73;
6D85 : D74;
6D86 : D73;
6D87 : D73;
6D88 : D73;
6D89 : D73;
6D8A : D73;
6D8B : D73;
6D8C : D73;
6D8D : D73;
6D8E : D73;
6D8F : D73;
6D90 : D73;
6D91 : D73;
6D92 : D73;
6D93 : D74;
6D94 : D73;
6D95 : D73;
6D96 : D73;
6D97 : D73;
6D98 : D73;
6D99 : D73;
6D9A : D73;
6D9B : D73;
6D9C : D73;
6D9D : D73;
6D9E : D73;
6D9F : D73;
6DA0 : D73;
6DA1 : D73;
6DA2 : D63;
6DA3 : D63;
6DA4 : D73;
6DA5 : D73;
6DA6 : D73;
6DA7 : D73;
6DA8 : D63;
6DA9 : D73;
6DAA : D74;
6DAB : D84;
6DAC : D73;
6DAD : D73;
6DAE : D73;
6DAF : D73;
6DB0 : D63;
6DB1 : D63;
6DB2 : D63;
6DB3 : D63;
6DB4 : D63;
6DB5 : D74;
6DB6 : D73;
6DB7 : D63;
6DB8 : D73;
6DB9 : D73;
6DBA : D73;
6DBB : D63;
6DBC : D63;
6DBD : D63;
6DBE : D73;
6DBF : D73;
6DC0 : D73;
6DC1 : D73;
6DC2 : D74;
6DC3 : D73;
6DC4 : D74;
6DC5 : D73;
6DC6 : D73;
6DC7 : D63;
6DC8 : D63;
6DC9 : D63;
6DCA : D63;
6DCB : D73;
6DCC : D73;
6DCD : D73;
6DCE : D63;
6DCF : D73;
6DD0 : D73;
6DD1 : D73;
6DD2 : D63;
6DD3 : D63;
6DD4 : D63;
6DD5 : D63;
6DD6 : D63;
6DD7 : D63;
6DD8 : D63;
6DD9 : D63;
6DDA : D63;
6DDB : D63;
6DDC : D63;
6DDD : D63;
6DDE : D63;
6DDF : D63;
6DE0 : D63;
6DE1 : D63;
6DE2 : D73;
6DE3 : D74;
6DE4 : D63;
6DE5 : D63;
6DE6 : D63;
6DE7 : D73;
6DE8 : D73;
6DE9 : D73;
6DEA : D63;
6DEB : D63;
6DEC : D63;
6DED : D63;
6DEE : D63;
6DEF : D63;
6DF0 : D63;
6DF1 : D73;
6DF2 : D73;
6DF3 : D73;
6DF4 : D63;
6DF5 : D63;
6DF6 : D63;
6DF7 : D63;
6DF8 : D63;
6DF9 : D63;
6DFA : D63;
6DFB : D63;
6DFC : D63;
6DFD : D63;
6DFE : D63;
6DFF : D63;
6E00 : D63;
6E01 : D73;
6E02 : D73;
6E03 : D73;
6E04 : D63;
6E05 : D63;
6E06 : D73;
6E07 : D73;
6E08 : D73;
6E09 : D63;
6E0A : D63;
6E0B : D63;
6E0C : D63;
6E0D : D63;
6E0E : D63;
6E0F : D63;
6E10 : D63;
6E11 : D63;
6E12 : D63;
6E13 : D63;
6E14 : D63;
6E15 : D63;
6E16 : D63;
6E17 : D63;
6E18 : D63;
6E19 : D63;
6E1A : D63;
6E1B : D73;
6E1C : D73;
6E1D : D63;
6E1E : D63;
6E1F : D63;
6E20 : D63;
6E21 : D63;
6E22 : D73;
6E23 : D73;
6E24 : D63;
6E25 : D63;
6E26 : D63;
6E27 : D63;
6E28 : D63;
6E29 : D63;
6E2A : D63;
6E2B : D63;
6E2C : D63;
6E2D : D63;
6E2E : D63;
6E2F : D63;
6E30 : D63;
6E31 : D63;
6E32 : D63;
6E33 : D73;
6E34 : D73;
6E35 : D73;
6E36 : D63;
6E37 : D73;
6E38 : D73;
6E39 : D63;
6E3A : D73;
6E3B : D73;
6E3C : D73;
6E3D : D63;
6E3E : D73;
6E3F : D73;
6E40 : D73;
6E41 : D73;
6E42 : D73;
6E43 : D73;
6E44 : D73;
6E45 : D73;
6E46 : D74;
6E47 : C63;
6E48 : D73;
6E49 : D74;
6E4A : D74;
6E4B : D74;
6E4C : D74;
6E4D : D74;
6E4E : D74;
6E4F : D73;
6E50 : D63;
6E51 : D63;
6E52 : D63;
6E53 : D63;
6E54 : D73;
6E55 : D73;
6E56 : D73;
6E57 : D63;
6E58 : D63;
6E59 : D63;
6E5A : D63;
6E5B : D63;
6E5C : D63;
6E5D : D63;
6E5E : D63;
6E5F : D63;
6E60 : D63;
6E61 : D63;
6E62 : D63;
6E63 : D73;
6E64 : D73;
6E65 : D73;
6E66 : D73;
6E67 : D73;
6E68 : D74;
6E69 : D73;
6E6A : D73;
6E6B : D74;
6E6C : D73;
6E6D : C73;
6E6E : C73;
6E6F : D63;
6E70 : D63;
6E71 : D63;
6E72 : D63;
6E73 : D63;
6E74 : D63;
6E75 : D63;
6E76 : D63;
6E77 : D73;
6E78 : D74;
6E79 : D74;
6E7A : D74;
6E7B : D74;
6E7C : D74;
6E7D : D74;
6E7E : D63;
6E7F : D63;
6E80 : D73;
6E81 : D73;
6E82 : D73;
6E83 : D73;
6E84 : D73;
6E85 : D74;
6E86 : D74;
6E87 : D74;
6E88 : D74;
6E89 : D74;
6E8A : D73;
6E8B : D63;
6E8C : D63;
6E8D : D63;
6E8E : D63;
6E8F : D63;
6E90 : D63;
6E91 : D63;
6E92 : D63;
6E93 : D63;
6E94 : D63;
6E95 : D63;
6E96 : D73;
6E97 : D84;
6E98 : D74;
6E99 : D74;
6E9A : D74;
6E9B : D74;
6E9C : D73;
6E9D : D73;
6E9E : D63;
6E9F : D73;
6EA0 : D73;
6EA1 : D63;
6EA2 : D63;
6EA3 : D63;
6EA4 : D63;
6EA5 : D63;
6EA6 : D63;
6EA7 : D63;
6EA8 : D63;
6EA9 : D73;
6EAA : D73;
6EAB : D73;
6EAC : D63;
6EAD : D73;
6EAE : D73;
6EAF : D73;
6EB0 : D73;
6EB1 : D73;
6EB2 : D73;
6EB3 : D73;
6EB4 : D63;
6EB5 : D63;
6EB6 : D63;
6EB7 : D63;
6EB8 : D63;
6EB9 : D63;
6EBA : D63;
6EBB : D63;
6EBC : D63;
6EBD : D63;
6EBE : D63;
6EBF : D63;
6EC0 : D73;
6EC1 : D73;
6EC2 : D73;
6EC3 : D73;
6EC4 : D73;
6EC5 : D73;
6EC6 : D73;
6EC7 : D73;
6EC8 : D73;
6EC9 : D63;
6ECA : D63;
6ECB : D63;
6ECC : D73;
6ECD : D73;
6ECE : D73;
6ECF : D63;
6ED0 : D73;
6ED1 : D63;
6ED2 : D63;
6ED3 : D73;
6ED4 : D73;
6ED5 : D63;
6ED6 : D63;
6ED7 : D63;
6ED8 : D73;
6ED9 : D73;
6EDA : D63;
6EDB : D63;
6EDC : D63;
6EDD : D63;
6EDE : D73;
6EDF : D63;
6EE0 : D63;
6EE1 : D63;
6EE2 : D63;
6EE3 : D63;
6EE4 : D63;
6EE5 : D63;
6EE6 : D63;
6EE7 : D73;
6EE8 : D63;
6EE9 : D63;
6EEA : D63;
6EEB : D73;
6EEC : D73;
6EED : D63;
6EEE : D63;
6EEF : D73;
6EF0 : D73;
6EF1 : D63;
6EF2 : D63;
6EF3 : D63;
6EF4 : D63;
6EF5 : D63;
6EF6 : D73;
6EF7 : D73;
6EF8 : D63;
6EF9 : D63;
6EFA : D63;
6EFB : D63;
6EFC : D63;
6EFD : D73;
6EFE : D73;
6EFF : D73;
6F00 : D73;
6F01 : D63;
6F02 : D63;
6F03 : D63;
6F04 : D63;
6F05 : D63;
6F06 : D73;
6F07 : D73;
6F08 : D73;
6F09 : D73;
6F0A : D73;
6F0B : D73;
6F0C : D73;
6F0D : D73;
6F0E : D73;
6F0F : D73;
6F10 : D63;
6F11 : D63;
6F12 : D63;
6F13 : D63;
6F14 : D63;
6F15 : D73;
6F16 : D73;
6F17 : D63;
6F18 : D63;
6F19 : D63;
6F1A : D73;
6F1B : D73;
6F1C : D63;
6F1D : D63;
6F1E : D63;
6F1F : D63;
6F20 : D73;
6F21 : D63;
6F22 : D63;
6F23 : D63;
6F24 : D63;
6F25 : D63;
6F26 : D63;
6F27 : D73;
6F28 : D63;
6F29 : D63;
6F2A : D63;
6F2B : D63;
6F2C : D63;
6F2D : D73;
6F2E : D73;
6F2F : D73;
6F30 : D63;
6F31 : D63;
6F32 : D63;
6F33 : D63;
6F34 : D63;
6F35 : D63;
6F36 : D73;
6F37 : D73;
6F38 : D73;
6F39 : D63;
6F3A : D63;
6F3B : D73;
6F3C : D73;
6F3D : D63;
6F3E : D63;
6F3F : D73;
6F40 : D63;
6F41 : D63;
6F42 : D73;
6F43 : D73;
6F44 : D73;
6F45 : D73;
6F46 : D73;
6F47 : D63;
6F48 : D63;
6F49 : D73;
6F4A : D73;
6F4B : D63;
6F4C : D73;
6F4D : D73;
6F4E : D73;
6F4F : D73;
6F50 : D73;
6F51 : D73;
6F52 : D73;
6F53 : D73;
6F54 : D63;
6F55 : D74;
6F56 : D73;
6F57 : D63;
6F58 : D63;
6F59 : D63;
6F5A : D63;
6F5B : D63;
6F5C : D63;
6F5D : D63;
6F5E : D63;
6F5F : D73;
6F60 : D74;
6F61 : D63;
6F62 : D63;
6F63 : D63;
6F64 : D63;
6F65 : D63;
6F66 : D73;
6F67 : D73;
6F68 : D73;
6F69 : D73;
6F6A : D73;
6F6B : D63;
6F6C : D73;
6F6D : D73;
6F6E : D73;
6F6F : D73;
6F70 : D73;
6F71 : D73;
6F72 : D73;
6F73 : D73;
6F74 : D73;
6F75 : D73;
6F76 : D73;
6F77 : D73;
6F78 : D63;
6F79 : D63;
6F7A : D63;
6F7B : D73;
6F7C : D73;
6F7D : D73;
6F7E : D73;
6F7F : D73;
6F80 : D73;
6F81 : D73;
6F82 : D63;
6F83 : D63;
6F84 : D73;
6F85 : D73;
6F86 : C73;
6F87 : D73;
6F88 : D74;
6F89 : D74;
6F8A : D74;
6F8B : D73;
6F8C : D63;
6F8D : D73;
6F8E : D63;
6F8F : D63;
6F90 : D63;
6F91 : D63;
6F92 : D63;
6F93 : D73;
6F94 : D73;
6F95 : D73;
6F96 : D63;
6F97 : D63;
6F98 : D73;
6F99 : D73;
6F9A : D73;
6F9B : D73;
6F9C : D73;
6F9D : D73;
6F9E : D73;
6F9F : D73;
6FA0 : D73;
6FA1 : D63;
6FA2 : D63;
6FA3 : D73;
6FA4 : D73;
6FA5 : D73;
6FA6 : D73;
6FA7 : D63;
6FA8 : D63;
6FA9 : D63;
6FAA : D63;
6FAB : D63;
6FAC : D73;
6FAD : D73;
6FAE : D73;
6FAF : D63;
6FB0 : D63;
6FB1 : D73;
6FB2 : D73;
6FB3 : D63;
6FB4 : D63;
6FB5 : D63;
6FB6 : D73;
6FB7 : D73;
6FB8 : D63;
6FB9 : D63;
6FBA : D63;
6FBB : D63;
6FBC : D63;
6FBD : D63;
6FBE : D63;
6FBF : D63;
6FC0 : D63;
6FC1 : D63;
6FC2 : D63;
6FC3 : D63;
6FC4 : D73;
6FC5 : D73;
6FC6 : D73;
6FC7 : D73;
6FC8 : D73;
6FC9 : D73;
6FCA : D63;
6FCB : D63;
6FCC : D63;
6FCD : D63;
6FCE : D63;
6FCF : D63;
6FD0 : D73;
6FD1 : D74;
6FD2 : D73;
6FD3 : D63;
6FD4 : D63;
6FD5 : D63;
6FD6 : D63;
6FD7 : D63;
6FD8 : D63;
6FD9 : D63;
6FDA : D63;
6FDB : D63;
6FDC : D73;
6FDD : D73;
6FDE : D73;
6FDF : D63;
6FE0 : D63;
6FE1 : D73;
6FE2 : D74;
6FE3 : D73;
6FE4 : D63;
6FE5 : D63;
6FE6 : D63;
6FE7 : D63;
6FE8 : D63;
6FE9 : D63;
6FEA : D63;
6FEB : D63;
6FEC : D63;
6FED : D63;
6FEE : D63;
6FEF : D63;
6FF0 : D63;
6FF1 : D63;
6FF2 : D63;
6FF3 : D73;
6FF4 : D73;
6FF5 : D63;
6FF6 : D63;
6FF7 : D63;
6FF8 : D63;
6FF9 : D63;
6FFA : D63;
6FFB : D63;
6FFC : D63;
6FFD : D63;
6FFE : D63;
6FFF : D63;
7000 : D63;
7001 : D73;
7002 : D74;
7003 : D73;
7004 : D63;
7005 : D63;
7006 : D63;
7007 : D63;
7008 : D63;
7009 : D63;
700A : D63;
700B : D73;
700C : D73;
700D : D73;
700E : D73;
700F : D73;
7010 : D73;
7011 : D73;
7012 : D73;
7013 : D73;
7014 : D63;
7015 : D63;
7016 : D63;
7017 : D63;
7018 : D63;
7019 : D74;
701A : D73;
701B : D63;
701C : D63;
701D : D63;
701E : D73;
701F : D73;
7020 : D63;
7021 : D63;
7022 : D63;
7023 : D63;
7024 : D63;
7025 : D63;
7026 : D63;
7027 : D63;
7028 : D63;
7029 : D63;
702A : D63;
702B : D63;
702C : D63;
702D : D63;
702E : D63;
702F : D63;
7030 : D63;
7031 : D73;
7032 : D73;
7033 : D73;
7034 : D63;
7035 : D63;
7036 : D63;
7037 : D63;
7038 : D63;
7039 : D63;
703A : D73;
703B : D73;
703C : D63;
703D : D63;
703E : D63;
703F : D63;
7040 : D63;
7041 : D63;
7042 : D63;
7043 : D63;
7044 : D63;
7045 : D63;
7046 : D63;
7047 : D63;
7048 : D63;
7049 : D63;
704A : D63;
704B : D63;
704C : D63;
704D : D63;
704E : D63;
704F : D63;
7050 : D63;
7051 : D63;
7052 : D63;
7053 : D63;
7054 : D63;
7055 : D63;
7056 : D63;
7057 : D63;
7058 : D63;
7059 : D73;
705A : D74;
705B : D63;
705C : D63;
705D : D63;
705E : D63;
705F : D63;
7060 : D63;
7061 : D63;
7062 : D63;
7063 : D73;
7064 : D74;
7065 : D63;
7066 : D63;
7067 : D63;
7068 : D63;
7069 : D63;
706A : D73;
706B : D73;
706C : D73;
706D : D63;
706E : D63;
706F : D63;
7070 : D63;
7071 : D73;
7072 : D73;
7073 : D73;
7074 : D73;
7075 : D73;
7076 : D73;
7077 : D73;
7078 : D73;
7079 : D73;
707A : D74;
707B : D74;
707C : D63;
707D : D63;
707E : D63;
707F : D63;
7080 : D63;
7081 : D63;
7082 : D73;
7083 : D63;
7084 : D63;
7085 : D63;
7086 : D63;
7087 : D63;
7088 : D63;
7089 : D63;
708A : D63;
708B : D73;
708C : D74;
708D : D74;
708E : D73;
708F : D73;
7090 : D63;
7091 : D63;
7092 : D63;
7093 : D63;
7094 : D63;
7095 : D63;
7096 : D63;
7097 : D63;
7098 : D74;
7099 : D73;
709A : D63;
709B : D63;
709C : D73;
709D : D73;
709E : D73;
709F : D63;
70A0 : D73;
70A1 : D63;
70A2 : D63;
70A3 : D63;
70A4 : D63;
70A5 : D63;
70A6 : D63;
70A7 : D63;
70A8 : D63;
70A9 : D73;
70AA : D73;
70AB : D63;
70AC : D63;
70AD : D63;
70AE : D63;
70AF : D73;
70B0 : D73;
70B1 : D73;
70B2 : D63;
70B3 : D63;
70B4 : D63;
70B5 : D63;
70B6 : D63;
70B7 : D63;
70B8 : D63;
70B9 : D62;
70BA : D73;
70BB : D73;
70BC : D63;
70BD : D63;
70BE : D63;
70BF : D63;
70C0 : D63;
70C1 : D63;
70C2 : D63;
70C3 : D74;
70C4 : D73;
70C5 : D63;
70C6 : D63;
70C7 : D63;
70C8 : D73;
70C9 : D73;
70CA : D73;
70CB : D74;
70CC : D73;
70CD : D73;
70CE : D73;
70CF : D73;
70D0 : D73;
70D1 : D63;
70D2 : D63;
70D3 : D63;
70D4 : D63;
70D5 : D73;
70D6 : D74;
70D7 : D73;
70D8 : D63;
70D9 : D63;
70DA : D63;
70DB : D63;
70DC : D63;
70DD : D63;
70DE : D63;
70DF : D63;
70E0 : D63;
70E1 : D63;
70E2 : D63;
70E3 : D63;
70E4 : D74;
70E5 : D74;
70E6 : D63;
70E7 : D74;
70E8 : D73;
70E9 : D63;
70EA : D63;
70EB : D73;
70EC : D63;
70ED : D62;
70EE : D62;
70EF : D62;
70F0 : D62;
70F1 : D63;
70F2 : D63;
70F3 : D63;
70F4 : D62;
70F5 : D62;
70F6 : D62;
70F7 : D62;
70F8 : D63;
70F9 : D62;
70FA : D62;
70FB : D62;
70FC : D62;
70FD : D62;
70FE : D62;
70FF : D63;
7100 : D63;
7101 : D63;
7102 : D63;
7103 : D63;
7104 : D63;
7105 : D63;
7106 : D63;
7107 : D63;
7108 : D63;
7109 : D63;
710A : D63;
710B : D63;
710C : D63;
710D : D63;
710E : D63;
710F : D63;
7110 : D63;
7111 : D63;
7112 : D63;
7113 : D63;
7114 : D63;
7115 : D63;
7116 : D63;
7117 : D63;
7118 : D63;
7119 : D63;
711A : D63;
711B : D63;
711C : D63;
711D : D63;
711E : D63;
711F : D63;
7120 : D63;
7121 : D63;
7122 : D63;
7123 : D63;
7124 : D63;
7125 : D63;
7126 : D63;
7127 : D63;
7128 : D63;
7129 : D63;
712A : D63;
712B : D63;
712C : D63;
712D : D63;
712E : D63;
712F : D62;
7130 : D63;
7131 : D63;
7132 : D63;
7133 : D63;
7134 : D63;
7135 : D63;
7136 : D63;
7137 : D63;
7138 : D63;
7139 : D63;
713A : D63;
713B : D63;
713C : D63;
713D : D63;
713E : D63;
713F : D63;
7140 : D63;
7141 : D63;
7142 : D63;
7143 : D74;
7144 : D73;
7145 : D63;
7146 : D63;
7147 : D63;
7148 : D63;
7149 : D63;
714A : D63;
714B : D63;
714C : D63;
714D : D63;
714E : D63;
714F : D63;
7150 : C62;
7151 : D73;
7152 : D73;
7153 : D63;
7154 : D63;
7155 : D63;
7156 : D63;
7157 : D63;
7158 : D63;
7159 : D63;
715A : D63;
715B : D73;
715C : D74;
715D : D73;
715E : D63;
715F : D63;
7160 : D63;
7161 : D63;
7162 : D63;
7163 : D63;
7164 : D63;
7165 : D63;
7166 : D63;
7167 : D63;
7168 : D63;
7169 : D63;
716A : D63;
716B : D63;
716C : D63;
716D : D63;
716E : D63;
716F : D73;
7170 : D63;
7171 : D63;
7172 : D63;
7173 : D63;
7174 : D73;
7175 : D73;
7176 : D63;
7177 : D63;
7178 : D63;
7179 : D63;
717A : D63;
717B : D63;
717C : D63;
717D : D63;
717E : D63;
717F : D63;
7180 : D63;
7181 : D63;
7182 : D63;
7183 : D63;
7184 : D73;
7185 : D73;
7186 : D73;
7187 : D63;
7188 : D73;
7189 : D73;
718A : D63;
718B : D63;
718C : D63;
718D : D63;
718E : D63;
718F : D63;
7190 : D63;
7191 : D63;
7192 : D73;
7193 : D73;
7194 : D73;
7195 : D63;
7196 : D63;
7197 : D63;
7198 : D73;
7199 : D73;
719A : D63;
719B : D63;
719C : D63;
719D : D63;
719E : D63;
719F : D63;
71A0 : D63;
71A1 : D63;
71A2 : D63;
71A3 : D63;
71A4 : D63;
71A5 : D63;
71A6 : D63;
71A7 : D63;
71A8 : D74;
71A9 : D73;
71AA : D63;
71AB : D63;
71AC : D63;
71AD : D63;
71AE : D63;
71AF : D63;
71B0 : D63;
71B1 : D63;
71B2 : D63;
71B3 : D63;
71B4 : D63;
71B5 : D63;
71B6 : D63;
71B7 : D63;
71B8 : D63;
71B9 : D63;
71BA : D73;
71BB : D73;
71BC : D73;
71BD : D63;
71BE : D73;
71BF : D74;
71C0 : D63;
71C1 : D63;
71C2 : D63;
71C3 : D63;
71C4 : D63;
71C5 : D63;
71C6 : D63;
71C7 : D74;
71C8 : D73;
71C9 : D63;
71CA : D63;
71CB : D63;
71CC : D63;
71CD : D73;
71CE : D73;
71CF : D73;
71D0 : D73;
71D1 : D73;
71D2 : D73;
71D3 : D73;
71D4 : D73;
71D5 : D63;
71D6 : D63;
71D7 : D63;
71D8 : D63;
71D9 : D63;
71DA : D74;
71DB : D73;
71DC : D63;
71DD : D63;
71DE : D63;
71DF : D63;
71E0 : D63;
71E1 : D63;
71E2 : D63;
71E3 : D63;
71E4 : D63;
71E5 : D63;
71E6 : D63;
71E7 : D63;
71E8 : D73;
71E9 : D73;
71EA : D63;
71EB : D73;
71EC : D73;
71ED : D63;
71EE : D73;
71EF : D74;
71F0 : D63;
71F1 : D62;
71F2 : D62;
71F3 : D62;
71F4 : D63;
71F5 : D63;
71F6 : D63;
71F7 : D63;
71F8 : D62;
71F9 : D63;
71FA : D63;
71FB : D63;
71FC : D63;
71FD : D63;
71FE : D63;
71FF : D63;
7200 : D63;
7201 : D63;
7202 : D63;
7203 : D63;
7204 : D63;
7205 : D63;
7206 : D63;
7207 : D63;
7208 : D63;
7209 : D63;
720A : D63;
720B : D52;
720C : D63;
720D : D63;
720E : D63;
720F : D63;
7210 : D63;
7211 : D63;
7212 : D63;
7213 : D63;
7214 : D63;
7215 : D63;
7216 : D63;
7217 : D63;
7218 : D63;
7219 : D63;
721A : D63;
721B : D63;
721C : D73;
721D : D63;
721E : D63;
721F : D63;
7220 : D63;
7221 : D63;
7222 : D63;
7223 : D63;
7224 : D63;
7225 : D63;
7226 : D63;
7227 : D63;
7228 : D63;
7229 : D63;
722A : D63;
722B : D63;
722C : D63;
722D : D63;
722E : D63;
722F : D63;
7230 : D63;
7231 : D63;
7232 : D63;
7233 : D63;
7234 : D63;
7235 : D63;
7236 : D63;
7237 : D63;
7238 : D63;
7239 : D63;
723A : D63;
723B : D63;
723C : D63;
723D : D63;
723E : D63;
723F : D63;
7240 : D63;
7241 : D63;
7242 : D63;
7243 : D63;
7244 : D63;
7245 : D63;
7246 : D63;
7247 : D73;
7248 : D73;
7249 : D63;
724A : D63;
724B : D63;
724C : D63;
724D : D63;
724E : D63;
724F : D63;
7250 : D63;
7251 : D63;
7252 : D63;
7253 : D63;
7254 : D63;
7255 : D73;
7256 : D73;
7257 : D63;
7258 : D63;
7259 : D73;
725A : D63;
725B : D63;
725C : D63;
725D : D63;
725E : D63;
725F : D73;
7260 : D73;
7261 : D73;
7262 : D73;
7263 : D63;
7264 : D63;
7265 : D63;
7266 : D63;
7267 : D73;
7268 : D73;
7269 : D73;
726A : D63;
726B : D63;
726C : D73;
726D : D73;
726E : D63;
726F : D63;
7270 : D73;
7271 : D73;
7272 : D73;
7273 : D73;
7274 : D73;
7275 : D63;
7276 : D63;
7277 : D63;
7278 : D73;
7279 : D73;
727A : D63;
727B : D63;
727C : D63;
727D : D63;
727E : D63;
727F : D63;
7280 : D63;
7281 : D63;
7282 : D63;
7283 : D63;
7284 : D63;
7285 : D63;
7286 : D63;
7287 : D63;
7288 : D63;
7289 : D73;
728A : D73;
728B : D63;
728C : D73;
728D : D73;
728E : D63;
728F : D63;
7290 : D63;
7291 : D63;
7292 : D63;
7293 : D63;
7294 : D63;
7295 : D63;
7296 : D63;
7297 : D73;
7298 : D73;
7299 : D63;
729A : D63;
729B : D63;
729C : D73;
729D : D73;
729E : D63;
729F : D63;
72A0 : D52;
72A1 : D63;
72A2 : D63;
72A3 : D73;
72A4 : D73;
72A5 : D63;
72A6 : D63;
72A7 : D63;
72A8 : D63;
72A9 : D63;
72AA : D63;
72AB : D63;
72AC : D74;
72AD : D73;
72AE : D63;
72AF : D63;
72B0 : D63;
72B1 : D63;
72B2 : D63;
72B3 : D63;
72B4 : D63;
72B5 : D63;
72B6 : D73;
72B7 : D73;
72B8 : D63;
72B9 : D63;
72BA : D63;
72BB : D63;
72BC : D63;
72BD : D63;
72BE : D73;
72BF : D73;
72C0 : D73;
72C1 : D63;
72C2 : D73;
72C3 : D73;
72C4 : D63;
72C5 : D63;
72C6 : D63;
72C7 : D63;
72C8 : D63;
72C9 : D63;
72CA : D63;
72CB : D63;
72CC : D63;
72CD : D63;
72CE : D63;
72CF : D63;
72D0 : D63;
72D1 : D63;
72D2 : D63;
72D3 : D63;
72D4 : D63;
72D5 : D63;
72D6 : D63;
72D7 : D63;
72D8 : D63;
72D9 : D63;
72DA : D63;
72DB : D63;
72DC : D63;
72DD : D63;
72DE : D63;
72DF : D63;
72E0 : D63;
72E1 : D63;
72E2 : D63;
72E3 : D63;
72E4 : D63;
72E5 : D63;
72E6 : D63;
72E7 : D63;
72E8 : D63;
72E9 : D63;
72EA : D63;
72EB : D63;
72EC : D63;
72ED : D63;
72EE : D63;
72EF : D63;
72F0 : D63;
72F1 : D63;
72F2 : D63;
72F3 : D63;
72F4 : D63;
72F5 : D63;
72F6 : D63;
72F7 : D63;
72F8 : D63;
72F9 : D63;
72FA : D63;
72FB : D63;
72FC : D63;
72FD : D63;
72FE : D63;
72FF : D63;
7300 : D63;
7301 : D63;
7302 : D63;
7303 : D63;
7304 : D63;
7305 : D63;
7306 : D63;
7307 : D63;
7308 : D63;
7309 : D63;
730A : D63;
730B : D63;
730C : D63;
730D : D63;
730E : D63;
730F : D62;
7310 : D63;
7311 : D63;
7312 : D63;
7313 : D63;
7314 : D63;
7315 : D73;
7316 : D73;
7317 : D63;
7318 : D63;
7319 : D63;
731A : D63;
731B : D63;
731C : D63;
731D : D63;
731E : D63;
731F : D73;
7320 : D73;
7321 : D73;
7322 : D63;
7323 : D63;
7324 : D63;
7325 : D63;
7326 : D63;
7327 : D63;
7328 : D63;
7329 : D63;
732A : D63;
732B : D63;
732C : D63;
732D : D63;
732E : D63;
732F : D63;
7330 : D63;
7331 : D63;
7332 : D63;
7333 : D63;
7334 : D63;
7335 : D63;
7336 : D63;
7337 : D63;
7338 : D63;
7339 : D63;
733A : D63;
733B : D63;
733C : D63;
733D : D63;
733E : D63;
733F : D63;
7340 : D63;
7341 : D63;
7342 : D63;
7343 : D63;
7344 : D63;
7345 : D63;
7346 : D63;
7347 : D63;
7348 : D63;
7349 : D63;
734A : D63;
734B : D63;
734C : D63;
734D : D63;
734E : D63;
734F : D63;
7350 : D63;
7351 : D62;
7352 : D63;
7353 : D63;
7354 : D63;
7355 : D63;
7356 : D63;
7357 : D63;
7358 : D63;
7359 : D63;
735A : D63;
735B : D63;
735C : D73;
735D : D74;
735E : D63;
735F : D63;
7360 : D63;
7361 : D63;
7362 : D63;
7363 : D63;
7364 : D63;
7365 : D74;
7366 : D74;
7367 : D63;
7368 : D63;
7369 : D63;
736A : C73;
736B : D74;
736C : D74;
736D : D73;
736E : D63;
736F : D63;
7370 : D74;
7371 : D73;
7372 : D63;
7373 : D73;
7374 : D74;
7375 : D73;
7376 : D73;
7377 : D73;
7378 : D73;
7379 : D73;
737A : D63;
737B : D63;
737C : D73;
737D : D73;
737E : D63;
737F : D73;
7380 : D74;
7381 : D63;
7382 : D73;
7383 : D73;
7384 : D73;
7385 : D63;
7386 : D63;
7387 : D63;
7388 : D74;
7389 : D73;
738A : D63;
738B : D63;
738C : D63;
738D : D63;
738E : D73;
738F : D63;
7390 : D63;
7391 : D63;
7392 : D63;
7393 : D63;
7394 : D63;
7395 : D63;
7396 : D63;
7397 : D63;
7398 : D63;
7399 : D63;
739A : D63;
739B : D63;
739C : D63;
739D : D63;
739E : D63;
739F : D63;
73A0 : D63;
73A1 : D63;
73A2 : D63;
73A3 : D63;
73A4 : D52;
73A5 : D63;
73A6 : D63;
73A7 : D73;
73A8 : D73;
73A9 : D63;
73AA : D63;
73AB : D63;
73AC : D63;
73AD : D63;
73AE : D63;
73AF : D63;
73B0 : D74;
73B1 : D63;
73B2 : D52;
73B3 : D52;
73B4 : D62;
73B5 : D62;
73B6 : D62;
73B7 : D52;
73B8 : D63;
73B9 : D63;
73BA : D73;
73BB : D73;
73BC : D63;
73BD : D63;
73BE : D63;
73BF : D63;
73C0 : C62;
73C1 : D63;
73C2 : D63;
73C3 : D63;
73C4 : D63;
73C5 : D63;
73C6 : D63;
73C7 : D63;
73C8 : D63;
73C9 : D63;
73CA : D63;
73CB : D63;
73CC : D63;
73CD : D63;
73CE : D63;
73CF : D63;
73D0 : D63;
73D1 : D63;
73D2 : D63;
73D3 : D63;
73D4 : D63;
73D5 : D63;
73D6 : D63;
73D7 : D63;
73D8 : D63;
73D9 : D63;
73DA : D63;
73DB : D63;
73DC : D63;
73DD : D63;
73DE : D63;
73DF : D73;
73E0 : D63;
73E1 : D63;
73E2 : D63;
73E3 : D63;
73E4 : D63;
73E5 : D63;
73E6 : D63;
73E7 : D63;
73E8 : D63;
73E9 : D63;
73EA : D63;
73EB : D63;
73EC : D63;
73ED : D63;
73EE : D63;
73EF : D63;
73F0 : D63;
73F1 : D63;
73F2 : D63;
73F3 : D63;
73F4 : D63;
73F5 : D63;
73F6 : D63;
73F7 : D63;
73F8 : D63;
73F9 : D63;
73FA : D63;
73FB : D63;
73FC : D63;
73FD : D63;
73FE : D63;
73FF : D63;
7400 : D63;
7401 : D63;
7402 : D63;
7403 : D63;
7404 : D63;
7405 : D63;
7406 : D63;
7407 : D63;
7408 : D73;
7409 : D73;
740A : D63;
740B : D63;
740C : D63;
740D : D63;
740E : D63;
740F : D63;
7410 : D63;
7411 : D63;
7412 : D63;
7413 : D63;
7414 : D63;
7415 : D63;
7416 : D63;
7417 : D63;
7418 : D63;
7419 : D63;
741A : D73;
741B : D63;
741C : D63;
741D : D63;
741E : D63;
741F : D63;
7420 : D63;
7421 : D63;
7422 : D63;
7423 : D63;
7424 : D73;
7425 : D73;
7426 : D63;
7427 : D63;
7428 : D63;
7429 : D63;
742A : D63;
742B : D63;
742C : D63;
742D : D63;
742E : D63;
742F : D63;
7430 : D63;
7431 : D63;
7432 : D63;
7433 : D63;
7434 : D63;
7435 : D63;
7436 : D63;
7437 : D63;
7438 : D63;
7439 : D63;
743A : D63;
743B : D63;
743C : D63;
743D : D63;
743E : D63;
743F : D63;
7440 : D63;
7441 : D63;
7442 : D63;
7443 : D63;
7444 : D63;
7445 : D63;
7446 : D63;
7447 : D63;
7448 : D63;
7449 : D63;
744A : D63;
744B : D63;
744C : D63;
744D : D63;
744E : D63;
744F : D63;
7450 : D63;
7451 : D63;
7452 : D63;
7453 : D63;
7454 : D63;
7455 : D63;
7456 : D63;
7457 : D63;
7458 : D63;
7459 : D63;
745A : D63;
745B : D63;
745C : D63;
745D : D63;
745E : D63;
745F : D63;
7460 : D73;
7461 : D73;
7462 : D63;
7463 : D63;
7464 : D73;
7465 : D73;
7466 : D63;
7467 : D63;
7468 : D63;
7469 : D73;
746A : D73;
746B : D63;
746C : D63;
746D : D63;
746E : D63;
746F : D73;
7470 : D73;
7471 : D73;
7472 : D63;
7473 : D63;
7474 : D73;
7475 : D63;
7476 : D63;
7477 : D73;
7478 : D73;
7479 : D73;
747A : D73;
747B : D73;
747C : D73;
747D : D73;
747E : D73;
747F : D73;
7480 : D73;
7481 : D73;
7482 : D63;
7483 : D73;
7484 : D73;
7485 : D63;
7486 : D63;
7487 : D73;
7488 : D63;
7489 : D63;
748A : D63;
748B : D63;
748C : D73;
748D : D73;
748E : D63;
748F : D63;
7490 : D63;
7491 : D73;
7492 : D73;
7493 : D63;
7494 : D63;
7495 : D63;
7496 : D63;
7497 : D63;
7498 : D63;
7499 : D63;
749A : D63;
749B : D63;
749C : D63;
749D : D63;
749E : D63;
749F : D63;
74A0 : D63;
74A1 : D63;
74A2 : D63;
74A3 : D63;
74A4 : D63;
74A5 : D63;
74A6 : D63;
74A7 : D63;
74A8 : D63;
74A9 : D63;
74AA : D63;
74AB : D73;
74AC : D73;
74AD : D73;
74AE : D73;
74AF : D63;
74B0 : D73;
74B1 : D73;
74B2 : D63;
74B3 : D63;
74B4 : D73;
74B5 : D63;
74B6 : D63;
74B7 : D63;
74B8 : D63;
74B9 : D63;
74BA : D62;
74BB : D62;
74BC : D62;
74BD : D63;
74BE : D63;
74BF : D63;
74C0 : D63;
74C1 : D63;
74C2 : D63;
74C3 : D63;
74C4 : D63;
74C5 : D63;
74C6 : D63;
74C7 : D63;
74C8 : D63;
74C9 : D63;
74CA : D63;
74CB : D63;
74CC : D63;
74CD : D63;
74CE : D63;
74CF : D63;
74D0 : D63;
74D1 : D63;
74D2 : D63;
74D3 : D63;
74D4 : D63;
74D5 : D63;
74D6 : D63;
74D7 : D63;
74D8 : D63;
74D9 : D63;
74DA : D63;
74DB : D63;
74DC : D63;
74DD : D63;
74DE : D63;
74DF : D63;
74E0 : D63;
74E1 : D63;
74E2 : D73;
74E3 : D74;
74E4 : D73;
74E5 : D63;
74E6 : D63;
74E7 : D63;
74E8 : D63;
74E9 : D63;
74EA : D63;
74EB : D63;
74EC : D63;
74ED : D63;
74EE : D63;
74EF : D63;
74F0 : D63;
74F1 : D62;
74F2 : D62;
74F3 : D62;
74F4 : D62;
74F5 : D62;
74F6 : D52;
74F7 : D62;
74F8 : D63;
74F9 : D63;
74FA : D63;
74FB : D63;
74FC : D63;
74FD : D62;
74FE : D62;
74FF : D62;
7500 : D63;
7501 : D63;
7502 : D62;
7503 : D63;
7504 : D63;
7505 : D62;
7506 : D52;
7507 : D63;
7508 : D63;
7509 : D63;
750A : D63;
750B : D63;
750C : D73;
750D : D73;
750E : D63;
750F : D63;
7510 : D63;
7511 : D63;
7512 : D63;
7513 : D63;
7514 : D63;
7515 : D63;
7516 : D63;
7517 : D63;
7518 : D63;
7519 : D62;
751A : D63;
751B : D63;
751C : D63;
751D : D63;
751E : D63;
751F : D63;
7520 : D63;
7521 : D63;
7522 : D63;
7523 : D63;
7524 : D63;
7525 : D63;
7526 : D63;
7527 : D63;
7528 : D63;
7529 : D63;
752A : D63;
752B : D63;
752C : D63;
752D : D62;
752E : D62;
752F : D62;
7530 : D63;
7531 : D63;
7532 : D63;
7533 : D62;
7534 : D62;
7535 : D62;
7536 : D62;
7537 : D63;
7538 : D63;
7539 : D62;
753A : D62;
753B : D63;
753C : D63;
753D : D63;
753E : D63;
753F : D63;
7540 : D63;
7541 : D63;
7542 : D63;
7543 : D63;
7544 : D63;
7545 : D63;
7546 : D63;
7547 : D63;
7548 : D63;
7549 : D63;
754A : D63;
754B : D63;
754C : D63;
754D : D63;
754E : D63;
754F : D63;
7550 : D63;
7551 : D63;
7552 : D63;
7553 : D63;
7554 : D63;
7555 : D63;
7556 : D63;
7557 : D63;
7558 : D63;
7559 : D63;
755A : D63;
755B : D63;
755C : D63;
755D : D63;
755E : D63;
755F : D63;
7560 : D63;
7561 : D63;
7562 : D63;
7563 : D63;
7564 : D63;
7565 : D63;
7566 : D63;
7567 : D73;
7568 : D73;
7569 : D73;
756A : D63;
756B : D63;
756C : D63;
756D : D63;
756E : D63;
756F : D63;
7570 : D63;
7571 : D62;
7572 : D63;
7573 : D63;
7574 : D63;
7575 : D63;
7576 : D63;
7577 : D63;
7578 : D63;
7579 : D63;
757A : D52;
757B : D63;
757C : D63;
757D : D63;
757E : D63;
757F : D63;
7580 : D63;
7581 : D63;
7582 : D73;
7583 : D73;
7584 : D63;
7585 : D63;
7586 : D63;
7587 : D63;
7588 : D63;
7589 : D63;
758A : D63;
758B : D63;
758C : D63;
758D : D62;
758E : D63;
758F : D63;
7590 : D63;
7591 : D63;
7592 : D63;
7593 : D63;
7594 : D63;
7595 : D73;
7596 : D73;
7597 : D63;
7598 : D63;
7599 : D63;
759A : D63;
759B : D63;
759C : D63;
759D : D63;
759E : D63;
759F : D63;
75A0 : D63;
75A1 : D74;
75A2 : D74;
75A3 : D63;
75A4 : D63;
75A5 : D63;
75A6 : D63;
75A7 : D63;
75A8 : D63;
75A9 : D63;
75AA : D63;
75AB : D73;
75AC : D74;
75AD : D73;
75AE : D63;
75AF : D63;
75B0 : D73;
75B1 : D73;
75B2 : D73;
75B3 : D63;
75B4 : D73;
75B5 : D74;
75B6 : D73;
75B7 : D63;
75B8 : D63;
75B9 : D63;
75BA : D63;
75BB : D63;
75BC : D63;
75BD : D63;
75BE : D63;
75BF : D62;
75C0 : D62;
75C1 : D62;
75C2 : D52;
75C3 : D63;
75C4 : D63;
75C5 : D63;
75C6 : D63;
75C7 : D63;
75C8 : D63;
75C9 : D63;
75CA : D63;
75CB : D62;
75CC : D63;
75CD : D63;
75CE : D63;
75CF : D63;
75D0 : D63;
75D1 : D63;
75D2 : D63;
75D3 : D63;
75D4 : D63;
75D5 : D63;
75D6 : D63;
75D7 : D63;
75D8 : D63;
75D9 : D63;
75DA : D63;
75DB : D63;
75DC : D63;
75DD : D63;
75DE : D63;
75DF : D63;
75E0 : D63;
75E1 : D63;
75E2 : D63;
75E3 : D63;
75E4 : D63;
75E5 : D63;
75E6 : D63;
75E7 : D73;
75E8 : D63;
75E9 : D63;
75EA : D63;
75EB : D63;
75EC : D73;
75ED : D73;
75EE : D63;
75EF : D63;
75F0 : D63;
75F1 : D63;
75F2 : D63;
75F3 : D63;
75F4 : D63;
75F5 : D63;
75F6 : D63;
75F7 : D63;
75F8 : D63;
75F9 : D63;
75FA : D63;
75FB : D63;
75FC : D63;
75FD : D63;
75FE : D63;
75FF : D63;
7600 : D63;
7601 : D63;
7602 : D63;
7603 : D63;
7604 : D63;
7605 : D63;
7606 : D63;
7607 : D63;
7608 : D63;
7609 : D63;
760A : D63;
760B : D63;
760C : D63;
760D : D63;
760E : D63;
760F : D63;
7610 : D73;
7611 : D63;
7612 : D63;
7613 : D63;
7614 : D63;
7615 : D63;
7616 : D63;
7617 : D63;
7618 : D63;
7619 : D62;
761A : D63;
761B : D63;
761C : D63;
761D : D63;
761E : D63;
761F : D63;
7620 : D63;
7621 : D63;
7622 : D63;
7623 : D63;
7624 : D63;
7625 : D63;
7626 : D63;
7627 : D63;
7628 : D63;
7629 : D63;
762A : D63;
762B : D63;
762C : D63;
762D : D63;
762E : D63;
762F : D63;
7630 : D63;
7631 : D63;
7632 : D63;
7633 : D63;
7634 : D63;
7635 : D63;
7636 : D63;
7637 : D63;
7638 : D63;
7639 : D63;
763A : D63;
763B : D63;
763C : D63;
763D : D63;
763E : D63;
763F : D63;
7640 : D63;
7641 : D63;
7642 : D63;
7643 : D63;
7644 : D63;
7645 : D63;
7646 : D63;
7647 : D63;
7648 : D62;
7649 : D62;
764A : D62;
764B : D63;
764C : D63;
764D : D63;
764E : D63;
764F : D63;
7650 : D63;
7651 : D63;
7652 : D63;
7653 : D63;
7654 : D63;
7655 : D63;
7656 : D63;
7657 : D63;
7658 : D63;
7659 : D63;
765A : D63;
765B : D63;
765C : D63;
765D : D63;
765E : D63;
765F : D63;
7660 : D63;
7661 : D63;
7662 : D63;
7663 : D63;
7664 : D63;
7665 : D63;
7666 : D63;
7667 : D63;
7668 : D63;
7669 : D63;
766A : D63;
766B : D63;
766C : D63;
766D : D63;
766E : D63;
766F : D63;
7670 : D63;
7671 : D63;
7672 : D63;
7673 : D63;
7674 : D63;
7675 : D63;
7676 : D63;
7677 : D63;
7678 : D63;
7679 : D63;
767A : D63;
767B : D63;
767C : D63;
767D : D63;
767E : D63;
767F : D63;
7680 : D63;
7681 : D63;
7682 : D63;
7683 : D63;
7684 : D63;
7685 : D63;
7686 : D73;
7687 : D73;
7688 : D63;
7689 : D63;
768A : D63;
768B : D63;
768C : D63;
768D : D63;
768E : D63;
768F : D63;
7690 : D63;
7691 : D63;
7692 : D63;
7693 : D63;
7694 : D63;
7695 : D63;
7696 : D63;
7697 : D63;
7698 : D63;
7699 : D73;
769A : D73;
769B : D63;
769C : D63;
769D : D63;
769E : D63;
769F : D63;
76A0 : D63;
76A1 : D63;
76A2 : D63;
76A3 : D63;
76A4 : D63;
76A5 : D73;
76A6 : D63;
76A7 : D63;
76A8 : D63;
76A9 : D63;
76AA : D63;
76AB : D63;
76AC : D63;
76AD : D63;
76AE : D63;
76AF : D63;
76B0 : D63;
76B1 : D63;
76B2 : D63;
76B3 : D63;
76B4 : D63;
76B5 : D73;
76B6 : D63;
76B7 : D63;
76B8 : D63;
76B9 : D73;
76BA : D73;
76BB : D73;
76BC : D63;
76BD : D63;
76BE : D63;
76BF : D73;
76C0 : D73;
76C1 : D63;
76C2 : D63;
76C3 : D63;
76C4 : D63;
76C5 : D73;
76C6 : D63;
76C7 : D63;
76C8 : D63;
76C9 : D63;
76CA : D63;
76CB : D73;
76CC : D73;
76CD : D63;
76CE : D63;
76CF : D63;
76D0 : D63;
76D1 : D63;
76D2 : D63;
76D3 : D63;
76D4 : D63;
76D5 : D63;
76D6 : D63;
76D7 : D63;
76D8 : D63;
76D9 : D63;
76DA : D63;
76DB : D63;
76DC : D63;
76DD : D63;
76DE : D63;
76DF : D62;
76E0 : D63;
76E1 : D63;
76E2 : D63;
76E3 : D63;
76E4 : D63;
76E5 : D63;
76E6 : D63;
76E7 : D63;
76E8 : D63;
76E9 : D63;
76EA : D63;
76EB : D63;
76EC : D63;
76ED : D63;
76EE : D63;
76EF : D63;
76F0 : D73;
76F1 : D73;
76F2 : D63;
76F3 : D63;
76F4 : D63;
76F5 : D63;
76F6 : D63;
76F7 : D63;
76F8 : D63;
76F9 : D63;
76FA : D63;
76FB : D63;
76FC : D63;
76FD : D63;
76FE : D63;
76FF : D63;
7700 : D63;
7701 : D63;
7702 : D63;
7703 : D63;
7704 : D63;
7705 : D63;
7706 : D63;
7707 : D63;
7708 : D63;
7709 : D63;
770A : D63;
770B : D63;
770C : D63;
770D : D63;
770E : D63;
770F : D63;
7710 : D63;
7711 : D63;
7712 : D63;
7713 : D63;
7714 : D63;
7715 : D63;
7716 : D63;
7717 : D63;
7718 : D63;
7719 : D63;
771A : D63;
771B : D63;
771C : D63;
771D : D63;
771E : D63;
771F : D63;
7720 : D63;
7721 : D63;
7722 : D63;
7723 : D62;
7724 : D62;
7725 : D63;
7726 : D62;
7727 : D62;
7728 : D63;
7729 : D63;
772A : D63;
772B : D62;
772C : D63;
772D : D63;
772E : D63;
772F : D63;
7730 : D63;
7731 : D63;
7732 : D63;
7733 : D63;
7734 : D63;
7735 : D63;
7736 : D63;
7737 : D63;
7738 : D63;
7739 : D63;
773A : D63;
773B : D63;
773C : D63;
773D : D63;
773E : D63;
773F : D63;
7740 : D63;
7741 : D63;
7742 : D63;
7743 : D63;
7744 : D63;
7745 : D63;
7746 : D63;
7747 : D62;
7748 : D63;
7749 : D63;
774A : D63;
774B : D62;
774C : D62;
774D : D62;
774E : D62;
774F : D62;
7750 : D63;
7751 : D63;
7752 : D63;
7753 : D63;
7754 : D63;
7755 : D63;
7756 : D63;
7757 : D63;
7758 : D63;
7759 : D63;
775A : D63;
775B : D63;
775C : D63;
775D : D63;
775E : D63;
775F : D63;
7760 : D63;
7761 : D63;
7762 : D63;
7763 : D63;
7764 : D63;
7765 : D63;
7766 : D63;
7767 : D62;
7768 : D62;
7769 : D63;
776A : D63;
776B : D63;
776C : D63;
776D : D63;
776E : D63;
776F : D63;
7770 : D63;
7771 : D63;
7772 : D63;
7773 : D63;
7774 : D63;
7775 : D63;
7776 : D63;
7777 : D63;
7778 : D63;
7779 : D63;
777A : D63;
777B : D63;
777C : D63;
777D : D63;
777E : D63;
777F : D63;
7780 : D63;
7781 : D63;
7782 : D63;
7783 : D63;
7784 : D63;
7785 : D63;
7786 : D63;
7787 : D63;
7788 : D63;
7789 : D63;
778A : D63;
778B : D63;
778C : D63;
778D : D63;
778E : D63;
778F : D63;
7790 : D63;
7791 : D63;
7792 : D63;
7793 : D63;
7794 : D63;
7795 : D63;
7796 : D63;
7797 : D63;
7798 : D63;
7799 : D63;
779A : D63;
779B : D63;
779C : D63;
779D : D63;
779E : D63;
779F : D63;
77A0 : D63;
77A1 : D63;
77A2 : D62;
77A3 : D62;
77A4 : D63;
77A5 : D63;
77A6 : D63;
77A7 : D63;
77A8 : D63;
77A9 : D63;
77AA : D63;
77AB : D63;
77AC : D63;
77AD : D63;
77AE : D63;
77AF : D63;
77B0 : D63;
77B1 : D63;
77B2 : D63;
77B3 : D63;
77B4 : D63;
77B5 : D63;
77B6 : D63;
77B7 : D63;
77B8 : D63;
77B9 : D63;
77BA : D63;
77BB : D63;
77BC : D63;
77BD : D63;
77BE : D73;
77BF : D73;
77C0 : D63;
77C1 : D63;
77C2 : D63;
77C3 : D74;
77C4 : D74;
77C5 : D63;
77C6 : D63;
77C7 : D63;
77C8 : D73;
77C9 : D74;
77CA : D73;
77CB : D63;
77CC : D63;
77CD : D63;
77CE : D63;
77CF : D73;
77D0 : D73;
77D1 : D63;
77D2 : D63;
77D3 : D63;
77D4 : D63;
77D5 : D63;
77D6 : D63;
77D7 : D63;
77D8 : D63;
77D9 : D63;
77DA : D63;
77DB : D63;
77DC : D63;
77DD : D63;
77DE : D63;
77DF : D63;
77E0 : D63;
77E1 : D63;
77E2 : D63;
77E3 : D62;
77E4 : D63;
77E5 : D63;
77E6 : D63;
77E7 : D63;
77E8 : D63;
77E9 : D63;
77EA : D63;
77EB : D63;
77EC : D63;
77ED : D63;
77EE : D63;
77EF : D63;
77F0 : D63;
77F1 : D63;
77F2 : D63;
77F3 : D63;
77F4 : D63;
77F5 : D63;
77F6 : D63;
77F7 : D63;
77F8 : D62;
77F9 : D62;
77FA : D62;
77FB : D62;
77FC : D63;
77FD : D63;
77FE : D63;
77FF : D63;
7800 : D63;
7801 : D63;
7802 : D63;
7803 : D63;
7804 : D63;
7805 : D62;
7806 : D62;
7807 : D63;
7808 : D63;
7809 : D62;
780A : D63;
780B : D63;
780C : D63;
780D : D63;
780E : D63;
780F : D63;
7810 : D63;
7811 : D63;
7812 : D63;
7813 : D63;
7814 : D73;
7815 : D74;
7816 : D73;
7817 : D63;
7818 : D63;
7819 : D62;
781A : D63;
781B : D63;
781C : D62;
781D : D63;
781E : D63;
781F : D63;
7820 : D63;
7821 : D63;
7822 : D63;
7823 : D63;
7824 : D63;
7825 : D63;
7826 : D63;
7827 : D63;
7828 : D63;
7829 : D63;
782A : D63;
782B : D63;
782C : D63;
782D : D63;
782E : D63;
782F : D63;
7830 : D63;
7831 : D63;
7832 : D63;
7833 : D63;
7834 : D63;
7835 : D63;
7836 : D63;
7837 : D63;
7838 : D63;
7839 : D63;
783A : D63;
783B : D63;
783C : D63;
783D : D62;
783E : D63;
783F : D63;
7840 : D63;
7841 : D63;
7842 : D63;
7843 : D63;
7844 : D63;
7845 : D63;
7846 : D63;
7847 : D63;
7848 : D63;
7849 : D63;
784A : D63;
784B : D63;
784C : D63;
784D : D63;
784E : D63;
784F : D63;
7850 : D63;
7851 : D63;
7852 : D63;
7853 : D63;
7854 : D63;
7855 : D63;
7856 : D63;
7857 : D63;
7858 : D63;
7859 : D63;
785A : D63;
785B : D63;
785C : D63;
785D : D63;
785E : D63;
785F : D63;
7860 : D63;
7861 : D63;
7862 : D63;
7863 : D63;
7864 : D63;
7865 : D62;
7866 : D63;
7867 : D63;
7868 : D63;
7869 : D63;
786A : D63;
786B : D63;
786C : D63;
786D : D62;
786E : D63;
786F : D63;
7870 : D63;
7871 : D63;
7872 : D63;
7873 : D63;
7874 : D63;
7875 : D62;
7876 : D62;
7877 : D63;
7878 : D63;
7879 : D63;
787A : D63;
787B : D63;
787C : D63;
787D : D63;
787E : D63;
787F : D63;
7880 : D63;
7881 : D63;
7882 : D52;
7883 : D52;
7884 : D63;
7885 : D52;
7886 : D52;
7887 : D63;
7888 : D63;
7889 : D63;
788A : D63;
788B : D63;
788C : D63;
788D : D63;
788E : D62;
788F : D63;
7890 : D63;
7891 : D63;
7892 : D63;
7893 : D63;
7894 : D63;
7895 : D63;
7896 : D63;
7897 : D63;
7898 : D63;
7899 : D63;
789A : D63;
789B : D63;
789C : D63;
789D : D63;
789E : D62;
789F : D63;
78A0 : D63;
78A1 : D63;
78A2 : D63;
78A3 : D63;
78A4 : D63;
78A5 : D63;
78A6 : D62;
78A7 : D62;
78A8 : D63;
78A9 : D63;
78AA : D63;
78AB : D63;
78AC : D63;
78AD : D63;
78AE : D63;
78AF : D63;
78B0 : D63;
78B1 : D63;
78B2 : D63;
78B3 : D63;
78B4 : D63;
78B5 : D63;
78B6 : D63;
78B7 : D63;
78B8 : D63;
78B9 : D63;
78BA : D63;
78BB : D63;
78BC : D63;
78BD : D63;
78BE : D63;
78BF : D63;
78C0 : D63;
78C1 : D63;
78C2 : D63;
78C3 : D63;
78C4 : D63;
78C5 : D63;
78C6 : D63;
78C7 : D63;
78C8 : D63;
78C9 : D63;
78CA : D63;
78CB : D63;
78CC : D63;
78CD : D63;
78CE : D63;
78CF : D63;
78D0 : D62;
78D1 : D63;
78D2 : D63;
78D3 : D63;
78D4 : D63;
78D5 : D63;
78D6 : D63;
78D7 : D63;
78D8 : D63;
78D9 : D63;
78DA : D63;
78DB : D63;
78DC : D62;
78DD : D62;
78DE : D63;
78DF : D63;
78E0 : D63;
78E1 : D63;
78E2 : D63;
78E3 : D63;
78E4 : D63;
78E5 : D63;
78E6 : D63;
78E7 : D52;
78E8 : D63;
78E9 : D63;
78EA : D63;
78EB : D63;
78EC : D63;
78ED : D63;
78EE : D63;
78EF : D63;
78F0 : D63;
78F1 : D63;
78F2 : D63;
78F3 : D63;
78F4 : D63;
78F5 : D63;
78F6 : D63;
78F7 : D63;
78F8 : D63;
78F9 : D63;
78FA : D63;
78FB : D63;
78FC : D62;
78FD : D63;
78FE : D63;
78FF : D63;
7900 : D63;
7901 : D63;
7902 : D63;
7903 : D63;
7904 : D63;
7905 : D63;
7906 : D63;
7907 : D63;
7908 : D63;
7909 : D62;
790A : D62;
790B : D63;
790C : D63;
790D : D63;
790E : D63;
790F : D63;
7910 : D63;
7911 : D63;
7912 : D63;
7913 : D63;
7914 : D63;
7915 : D63;
7916 : D63;
7917 : D63;
7918 : D73;
7919 : D73;
791A : D63;
791B : D63;
791C : D62;
791D : D63;
791E : D63;
791F : D63;
7920 : D52;
7921 : D62;
7922 : D63;
7923 : D63;
7924 : D63;
7925 : D63;
7926 : D63;
7927 : D63;
7928 : D63;
7929 : D63;
792A : D63;
792B : D63;
792C : D63;
792D : D63;
792E : D63;
792F : D63;
7930 : D63;
7931 : D63;
7932 : D63;
7933 : D63;
7934 : D63;
7935 : D63;
7936 : D63;
7937 : D63;
7938 : D63;
7939 : D63;
793A : D63;
793B : D63;
793C : D63;
793D : D63;
793E : D63;
793F : D63;
7940 : D63;
7941 : D63;
7942 : D63;
7943 : D63;
7944 : D63;
7945 : D63;
7946 : D63;
7947 : D63;
7948 : D63;
7949 : D63;
794A : D63;
794B : D62;
794C : D62;
794D : D63;
794E : D63;
794F : D63;
7950 : D63;
7951 : D63;
7952 : D63;
7953 : D63;
7954 : D63;
7955 : D63;
7956 : D63;
7957 : D63;
7958 : D63;
7959 : D63;
795A : D63;
795B : D63;
795C : D63;
795D : D63;
795E : D63;
795F : D63;
7960 : D63;
7961 : D63;
7962 : D52;
7963 : D63;
7964 : D63;
7965 : D63;
7966 : D63;
7967 : D63;
7968 : D63;
7969 : D63;
796A : D63;
796B : D63;
796C : D63;
796D : D63;
796E : D63;
796F : D63;
7970 : D63;
7971 : D63;
7972 : D63;
7973 : D63;
7974 : D63;
7975 : D62;
7976 : D63;
7977 : D63;
7978 : D62;
7979 : D62;
797A : D62;
797B : D63;
797C : D63;
797D : D63;
797E : D63;
797F : D63;
7980 : D63;
7981 : D63;
7982 : D63;
7983 : D63;
7984 : D63;
7985 : D63;
7986 : C52;
7987 : C63;
7988 : D63;
7989 : D52;
798A : D52;
798B : D63;
798C : D63;
798D : D63;
798E : D63;
798F : D63;
7990 : D63;
7991 : D63;
7992 : D62;
7993 : D62;
7994 : D63;
7995 : D63;
7996 : D63;
7997 : D63;
7998 : D63;
7999 : D63;
799A : D63;
799B : D63;
799C : D62;
799D : D52;
799E : D63;
799F : D63;
79A0 : D63;
79A1 : D63;
79A2 : D62;
79A3 : D63;
79A4 : D63;
79A5 : D63;
79A6 : D63;
79A7 : D63;
79A8 : D63;
79A9 : D62;
79AA : D62;
79AB : D62;
79AC : D63;
79AD : D63;
79AE : D63;
79AF : D63;
79B0 : D63;
79B1 : D63;
79B2 : D63;
79B3 : D63;
79B4 : D63;
79B5 : D63;
79B6 : D63;
79B7 : D63;
79B8 : D63;
79B9 : D63;
79BA : D63;
79BB : D63;
79BC : D63;
79BD : D63;
79BE : D63;
79BF : D63;
79C0 : D63;
79C1 : D63;
79C2 : D63;
79C3 : D63;
79C4 : D63;
79C5 : D63;
79C6 : D63;
79C7 : D63;
79C8 : D63;
79C9 : D63;
79CA : D63;
79CB : D63;
79CC : D63;
79CD : D63;
79CE : D63;
79CF : D63;
79D0 : D63;
79D1 : D63;
79D2 : D63;
79D3 : D63;
79D4 : D52;
79D5 : D63;
79D6 : D63;
79D7 : D63;
79D8 : D63;
79D9 : D63;
79DA : D63;
79DB : D73;
79DC : D63;
79DD : D63;
79DE : D63;
79DF : D63;
79E0 : D62;
79E1 : D62;
79E2 : D63;
79E3 : D63;
79E4 : D52;
79E5 : D62;
79E6 : D62;
79E7 : D63;
79E8 : D63;
79E9 : D63;
79EA : D63;
79EB : D52;
79EC : D62;
79ED : D62;
79EE : D63;
79EF : D63;
79F0 : D63;
79F1 : D63;
79F2 : D63;
79F3 : D63;
79F4 : D63;
79F5 : D63;
79F6 : D63;
79F7 : D62;
79F8 : D63;
79F9 : D63;
79FA : D63;
79FB : D63;
79FC : D63;
79FD : D63;
79FE : D52;
79FF : D52;
7A00 : D63;
7A01 : D63;
7A02 : D63;
7A03 : D63;
7A04 : D63;
7A05 : C62;
7A06 : D62;
7A07 : D62;
7A08 : D62;
7A09 : D52;
7A0A : D62;
7A0B : D62;
7A0C : D62;
7A0D : D52;
7A0E : D62;
7A0F : D63;
7A10 : D63;
7A11 : D63;
7A12 : D62;
7A13 : D62;
7A14 : D63;
7A15 : D63;
7A16 : D63;
7A17 : D63;
7A18 : D63;
7A19 : D63;
7A1A : D63;
7A1B : D63;
7A1C : D63;
7A1D : D62;
7A1E : D62;
7A1F : D62;
7A20 : D52;
7A21 : D63;
7A22 : D63;
7A23 : D63;
7A24 : D52;
7A25 : D52;
7A26 : D52;
7A27 : D62;
7A28 : D62;
7A29 : D62;
7A2A : D62;
7A2B : D62;
7A2C : D63;
7A2D : D63;
7A2E : D62;
7A2F : D63;
7A30 : D63;
7A31 : D63;
7A32 : D63;
7A33 : D63;
7A34 : D63;
7A35 : D63;
7A36 : D63;
7A37 : D63;
7A38 : D63;
7A39 : D62;
7A3A : D52;
7A3B : D62;
7A3C : D63;
7A3D : D63;
7A3E : D62;
7A3F : D63;
7A40 : D63;
7A41 : D62;
7A42 : D63;
7A43 : D63;
7A44 : D63;
7A45 : D63;
7A46 : D63;
7A47 : D63;
7A48 : D63;
7A49 : D63;
7A4A : D63;
7A4B : D63;
7A4C : D63;
7A4D : D63;
7A4E : D63;
7A4F : D62;
7A50 : D62;
7A51 : D63;
7A52 : D63;
7A53 : D63;
7A54 : D63;
7A55 : D63;
7A56 : D63;
7A57 : D63;
7A58 : D63;
7A59 : D63;
7A5A : D63;
7A5B : D63;
7A5C : D62;
7A5D : D62;
7A5E : D63;
7A5F : D63;
7A60 : D63;
7A61 : D62;
7A62 : D62;
7A63 : D63;
7A64 : D63;
7A65 : D63;
7A66 : D62;
7A67 : D63;
7A68 : D63;
7A69 : D62;
7A6A : D63;
7A6B : D63;
7A6C : D63;
7A6D : D63;
7A6E : D62;
7A6F : D62;
7A70 : D63;
7A71 : D63;
7A72 : D63;
7A73 : D63;
7A74 : D63;
7A75 : D63;
7A76 : D63;
7A77 : D63;
7A78 : D63;
7A79 : D62;
7A7A : D62;
7A7B : D63;
7A7C : D63;
7A7D : D63;
7A7E : D63;
7A7F : D63;
7A80 : D63;
7A81 : D63;
7A82 : D62;
7A83 : D62;
7A84 : D63;
7A85 : D63;
7A86 : D63;
7A87 : C62;
7A88 : D63;
7A89 : D63;
7A8A : D63;
7A8B : D63;
7A8C : D63;
7A8D : D63;
7A8E : D62;
7A8F : D63;
7A90 : D63;
7A91 : D62;
7A92 : D52;
7A93 : D62;
7A94 : D63;
7A95 : D63;
7A96 : D62;
7A97 : D52;
7A98 : D52;
7A99 : D62;
7A9A : D62;
7A9B : D62;
7A9C : D62;
7A9D : D63;
7A9E : D63;
7A9F : D63;
7AA0 : C52;
7AA1 : D52;
7AA2 : D52;
7AA3 : D62;
7AA4 : D62;
7AA5 : D52;
7AA6 : D62;
7AA7 : D63;
7AA8 : D63;
7AA9 : D63;
7AAA : D63;
7AAB : D63;
7AAC : D63;
7AAD : D62;
7AAE : D62;
7AAF : D62;
7AB0 : D62;
7AB1 : D62;
7AB2 : D62;
7AB3 : D63;
7AB4 : D63;
7AB5 : D63;
7AB6 : D62;
7AB7 : D63;
7AB8 : D63;
7AB9 : D62;
7ABA : D63;
7ABB : D63;
7ABC : D63;
7ABD : D63;
7ABE : D63;
7ABF : D63;
7AC0 : D62;
7AC1 : D63;
7AC2 : D63;
7AC3 : D63;
7AC4 : C62;
7AC5 : D62;
7AC6 : D63;
7AC7 : D63;
7AC8 : D63;
7AC9 : D63;
7ACA : D63;
7ACB : D63;
7ACC : D63;
7ACD : D63;
7ACE : D63;
7ACF : D63;
7AD0 : D63;
7AD1 : D63;
7AD2 : D63;
7AD3 : D63;
7AD4 : D63;
7AD5 : D62;
7AD6 : D62;
7AD7 : D62;
7AD8 : D62;
7AD9 : D63;
7ADA : D63;
7ADB : D63;
7ADC : D63;
7ADD : D63;
7ADE : D73;
7ADF : D74;
7AE0 : D74;
7AE1 : D63;
7AE2 : D63;
7AE3 : D63;
7AE4 : D62;
7AE5 : D62;
7AE6 : D63;
7AE7 : D62;
7AE8 : D52;
7AE9 : D62;
7AEA : D62;
7AEB : D63;
7AEC : D63;
7AED : D63;
7AEE : D63;
7AEF : D52;
7AF0 : D52;
7AF1 : D52;
7AF2 : D62;
7AF3 : D63;
7AF4 : D63;
7AF5 : D63;
7AF6 : D63;
7AF7 : D63;
7AF8 : D63;
7AF9 : D63;
7AFA : D62;
7AFB : D52;
7AFC : D63;
7AFD : D63;
7AFE : D63;
7AFF : D63;
7B00 : D63;
7B01 : D62;
7B02 : D62;
7B03 : D63;
7B04 : D63;
7B05 : D63;
7B06 : D63;
7B07 : D63;
7B08 : D63;
7B09 : D63;
7B0A : D63;
7B0B : D63;
7B0C : D63;
7B0D : D63;
7B0E : D63;
7B0F : D63;
7B10 : D63;
7B11 : D63;
7B12 : D63;
7B13 : D63;
7B14 : D63;
7B15 : D63;
7B16 : D63;
7B17 : D63;
7B18 : D63;
7B19 : D63;
7B1A : D63;
7B1B : D63;
7B1C : D63;
7B1D : D63;
7B1E : D63;
7B1F : D63;
7B20 : D62;
7B21 : D52;
7B22 : D62;
7B23 : D62;
7B24 : D63;
7B25 : D63;
7B26 : D63;
7B27 : D63;
7B28 : D63;
7B29 : D63;
7B2A : D63;
7B2B : D63;
7B2C : D63;
7B2D : D63;
7B2E : D63;
7B2F : D63;
7B30 : D63;
7B31 : D63;
7B32 : D62;
7B33 : D62;
7B34 : D63;
7B35 : D63;
7B36 : D63;
7B37 : D63;
7B38 : D63;
7B39 : D63;
7B3A : D63;
7B3B : D63;
7B3C : D63;
7B3D : D63;
7B3E : D52;
7B3F : D62;
7B40 : D63;
7B41 : D63;
7B42 : D63;
7B43 : D63;
7B44 : D63;
7B45 : D63;
7B46 : D63;
7B47 : D63;
7B48 : D63;
7B49 : D63;
7B4A : D63;
7B4B : D63;
7B4C : D63;
7B4D : D63;
7B4E : D63;
7B4F : D63;
7B50 : D63;
7B51 : D63;
7B52 : D63;
7B53 : D63;
7B54 : D63;
7B55 : D63;
7B56 : D63;
7B57 : D63;
7B58 : D63;
7B59 : D63;
7B5A : D63;
7B5B : D63;
7B5C : D63;
7B5D : D63;
7B5E : D63;
7B5F : D63;
7B60 : D63;
7B61 : D63;
7B62 : D63;
7B63 : D63;
7B64 : D63;
7B65 : D63;
7B66 : D63;
7B67 : D63;
7B68 : D63;
7B69 : D63;
7B6A : D63;
7B6B : D63;
7B6C : D63;
7B6D : D63;
7B6E : D63;
7B6F : D63;
7B70 : D63;
7B71 : D63;
7B72 : D63;
7B73 : D63;
7B74 : D63;
7B75 : D63;
7B76 : D63;
7B77 : D63;
7B78 : D63;
7B79 : D63;
7B7A : D63;
7B7B : D63;
7B7C : D63;
7B7D : D63;
7B7E : D63;
7B7F : D63;
7B80 : D63;
7B81 : D63;
7B82 : D63;
7B83 : D63;
7B84 : D63;
7B85 : D63;
7B86 : D63;
7B87 : D63;
7B88 : D63;
7B89 : D63;
7B8A : D63;
7B8B : D63;
7B8C : D52;
7B8D : D52;
7B8E : D52;
7B8F : D62;
7B90 : D63;
7B91 : D63;
7B92 : D63;
7B93 : D63;
7B94 : D63;
7B95 : D63;
7B96 : D63;
7B97 : D63;
7B98 : D63;
7B99 : D63;
7B9A : D52;
7B9B : D52;
7B9C : D52;
7B9D : D62;
7B9E : D63;
7B9F : D52;
7BA0 : D52;
7BA1 : D63;
7BA2 : D63;
7BA3 : D63;
7BA4 : D63;
7BA5 : D62;
7BA6 : D63;
7BA7 : D63;
7BA8 : D63;
7BA9 : D63;
7BAA : D63;
7BAB : D62;
7BAC : D52;
7BAD : D63;
7BAE : D63;
7BAF : D52;
7BB0 : D52;
7BB1 : D52;
7BB2 : D62;
7BB3 : D63;
7BB4 : D52;
7BB5 : D62;
7BB6 : D52;
7BB7 : D62;
7BB8 : D63;
7BB9 : D63;
7BBA : D63;
7BBB : D63;
7BBC : D62;
7BBD : D62;
7BBE : D62;
7BBF : D63;
7BC0 : D63;
7BC1 : D63;
7BC2 : D63;
7BC3 : D63;
7BC4 : D52;
7BC5 : D62;
7BC6 : D63;
7BC7 : D62;
7BC8 : D62;
7BC9 : D52;
7BCA : D52;
7BCB : D62;
7BCC : D63;
7BCD : D63;
7BCE : D52;
7BCF : D52;
7BD0 : D62;
7BD1 : D63;
7BD2 : D63;
7BD3 : D63;
7BD4 : D63;
7BD5 : D63;
7BD6 : D63;
7BD7 : D63;
7BD8 : D63;
7BD9 : D52;
7BDA : D52;
7BDB : D62;
7BDC : D63;
7BDD : D63;
7BDE : D63;
7BDF : D63;
7BE0 : D63;
7BE1 : D63;
7BE2 : D63;
7BE3 : D63;
7BE4 : D63;
7BE5 : D63;
7BE6 : D63;
7BE7 : D63;
7BE8 : D62;
7BE9 : D62;
7BEA : D62;
7BEB : D62;
7BEC : D52;
7BED : D52;
7BEE : D62;
7BEF : D63;
7BF0 : D63;
7BF1 : D62;
7BF2 : D62;
7BF3 : D52;
7BF4 : D52;
7BF5 : D52;
7BF6 : D62;
7BF7 : D63;
7BF8 : D63;
7BF9 : D62;
7BFA : D52;
7BFB : D63;
7BFC : D63;
7BFD : D52;
7BFE : D62;
7BFF : D52;
7C00 : D52;
7C01 : D52;
7C02 : D52;
7C03 : D52;
7C04 : D52;
7C05 : D52;
7C06 : D62;
7C07 : D63;
7C08 : D63;
7C09 : D63;
7C0A : D63;
7C0B : D63;
7C0C : D63;
7C0D : D63;
7C0E : D63;
7C0F : D63;
7C10 : D63;
7C11 : D63;
7C12 : D63;
7C13 : D63;
7C14 : D63;
7C15 : D63;
7C16 : D63;
7C17 : D63;
7C18 : D63;
7C19 : D62;
7C1A : D63;
7C1B : D63;
7C1C : D63;
7C1D : D63;
7C1E : D52;
7C1F : D62;
7C20 : D63;
7C21 : D63;
7C22 : D63;
7C23 : D62;
7C24 : D52;
7C25 : D52;
7C26 : D52;
7C27 : D62;
7C28 : D63;
7C29 : D63;
7C2A : D63;
7C2B : D63;
7C2C : D63;
7C2D : D63;
7C2E : D63;
7C2F : D63;
7C30 : D63;
7C31 : D63;
7C32 : D63;
7C33 : D63;
7C34 : D63;
7C35 : D63;
7C36 : D62;
7C37 : D62;
7C38 : D62;
7C39 : D62;
7C3A : D62;
7C3B : D62;
7C3C : D62;
7C3D : D62;
7C3E : D62;
7C3F : D63;
7C40 : D63;
7C41 : D63;
7C42 : D62;
7C43 : D62;
7C44 : D63;
7C45 : D63;
7C46 : D63;
7C47 : D63;
7C48 : D63;
7C49 : D63;
7C4A : D63;
7C4B : D63;
7C4C : D63;
7C4D : D63;
7C4E : D63;
7C4F : D63;
7C50 : D63;
7C51 : D63;
7C52 : D63;
7C53 : D62;
7C54 : D62;
7C55 : D63;
7C56 : D63;
7C57 : D63;
7C58 : D63;
7C59 : D63;
7C5A : D63;
7C5B : D62;
7C5C : D63;
7C5D : D63;
7C5E : D63;
7C5F : D63;
7C60 : D63;
7C61 : D63;
7C62 : D63;
7C63 : D63;
7C64 : D63;
7C65 : D63;
7C66 : D63;
7C67 : D63;
7C68 : D63;
7C69 : D63;
7C6A : D63;
7C6B : D63;
7C6C : D63;
7C6D : D63;
7C6E : D63;
7C6F : D62;
7C70 : D52;
7C71 : D63;
7C72 : D63;
7C73 : D63;
7C74 : D63;
7C75 : D63;
7C76 : D63;
7C77 : D63;
7C78 : D63;
7C79 : D63;
7C7A : D63;
7C7B : D63;
7C7C : D63;
7C7D : D63;
7C7E : D63;
7C7F : D63;
7C80 : D63;
7C81 : D63;
7C82 : D63;
7C83 : D63;
7C84 : D63;
7C85 : D63;
7C86 : D52;
7C87 : D63;
7C88 : D63;
7C89 : D63;
7C8A : D63;
7C8B : D63;
7C8C : D63;
7C8D : D62;
7C8E : D63;
7C8F : D63;
7C90 : D52;
7C91 : D52;
7C92 : D52;
7C93 : D52;
7C94 : D52;
7C95 : D63;
7C96 : D63;
7C97 : D63;
7C98 : D63;
7C99 : D63;
7C9A : D63;
7C9B : D63;
7C9C : D63;
7C9D : D63;
7C9E : C52;
7C9F : D52;
7CA0 : D52;
7CA1 : D63;
7CA2 : D63;
7CA3 : D52;
7CA4 : D52;
7CA5 : D63;
7CA6 : D63;
7CA7 : D63;
7CA8 : D63;
7CA9 : D63;
7CAA : D63;
7CAB : D63;
7CAC : D63;
7CAD : D63;
7CAE : D63;
7CAF : D52;
7CB0 : D52;
7CB1 : D63;
7CB2 : D63;
7CB3 : D52;
7CB4 : D52;
7CB5 : D51;
7CB6 : D62;
7CB7 : D63;
7CB8 : D52;
7CB9 : D62;
7CBA : D52;
7CBB : D52;
7CBC : D62;
7CBD : D63;
7CBE : D63;
7CBF : D62;
7CC0 : D52;
7CC1 : D52;
7CC2 : D52;
7CC3 : D52;
7CC4 : D52;
7CC5 : D63;
7CC6 : D63;
7CC7 : D63;
7CC8 : D52;
7CC9 : D52;
7CCA : D52;
7CCB : D62;
7CCC : D62;
7CCD : D52;
7CCE : D52;
7CCF : C52;
7CD0 : D62;
7CD1 : D63;
7CD2 : C52;
7CD3 : D52;
7CD4 : D52;
7CD5 : D52;
7CD6 : D52;
7CD7 : D52;
7CD8 : D62;
7CD9 : D63;
7CDA : D63;
7CDB : D62;
7CDC : D62;
7CDD : D52;
7CDE : D52;
7CDF : D63;
7CE0 : D63;
7CE1 : D63;
7CE2 : D62;
7CE3 : D62;
7CE4 : D62;
7CE5 : D63;
7CE6 : D62;
7CE7 : D52;
7CE8 : D52;
7CE9 : D52;
7CEA : D63;
7CEB : D63;
7CEC : D62;
7CED : D62;
7CEE : D52;
7CEF : D52;
7CF0 : D52;
7CF1 : D52;
7CF2 : D62;
7CF3 : D62;
7CF4 : D62;
7CF5 : D52;
7CF6 : D52;
7CF7 : D52;
7CF8 : D52;
7CF9 : D62;
7CFA : D63;
7CFB : D63;
7CFC : D62;
7CFD : D62;
7CFE : D52;
7CFF : D62;
7D00 : D52;
7D01 : D52;
7D02 : D52;
7D03 : D52;
7D04 : D52;
7D05 : D52;
7D06 : D52;
7D07 : D52;
7D08 : D52;
7D09 : D52;
7D0A : D52;
7D0B : D62;
7D0C : D63;
7D0D : D62;
7D0E : D62;
7D0F : D62;
7D10 : D62;
7D11 : D62;
7D12 : D63;
7D13 : D62;
7D14 : D63;
7D15 : D62;
7D16 : D63;
7D17 : D63;
7D18 : D63;
7D19 : D62;
7D1A : D62;
7D1B : D62;
7D1C : D62;
7D1D : D52;
7D1E : D62;
7D1F : D62;
7D20 : D62;
7D21 : D62;
7D22 : D52;
7D23 : D62;
7D24 : D62;
7D25 : D62;
7D26 : D62;
7D27 : D62;
7D28 : D62;
7D29 : D62;
7D2A : D52;
7D2B : D52;
7D2C : D62;
7D2D : D62;
7D2E : D52;
7D2F : D62;
7D30 : D62;
7D31 : D52;
7D32 : D52;
7D33 : D62;
7D34 : D52;
7D35 : D52;
7D36 : D52;
7D37 : D62;
7D38 : D62;
7D39 : D63;
7D3A : D52;
7D3B : D52;
7D3C : D52;
7D3D : D62;
7D3E : D62;
7D3F : D52;
7D40 : D52;
7D41 : D62;
7D42 : D62;
7D43 : D62;
7D44 : D62;
7D45 : D62;
7D46 : D62;
7D47 : D62;
7D48 : D63;
7D49 : D62;
7D4A : D62;
7D4B : D63;
7D4C : D63;
7D4D : D63;
7D4E : D63;
7D4F : D63;
7D50 : D62;
7D51 : C62;
7D52 : D62;
7D53 : D62;
7D54 : D62;
7D55 : D62;
7D56 : D62;
7D57 : D52;
7D58 : D52;
7D59 : D62;
7D5A : D62;
7D5B : D63;
7D5C : D63;
7D5D : D63;
7D5E : D62;
7D5F : D62;
7D60 : D63;
7D61 : D63;
7D62 : D63;
7D63 : D63;
7D64 : D63;
7D65 : D63;
7D66 : D63;
7D67 : D63;
7D68 : D63;
7D69 : D62;
7D6A : D62;
7D6B : D62;
7D6C : D63;
7D6D : D63;
7D6E : D63;
7D6F : D63;
7D70 : D63;
7D71 : D63;
7D72 : D62;
7D73 : D52;
7D74 : D52;
7D75 : D62;
7D76 : D62;
7D77 : D62;
7D78 : D62;
7D79 : D63;
7D7A : D63;
7D7B : D63;
7D7C : D62;
7D7D : D62;
7D7E : D63;
7D7F : D63;
7D80 : D63;
7D81 : D63;
7D82 : D63;
7D83 : D62;
7D84 : D62;
7D85 : D62;
7D86 : D63;
7D87 : D63;
7D88 : D63;
7D89 : D62;
7D8A : D52;
7D8B : D62;
7D8C : D63;
7D8D : D63;
7D8E : D63;
7D8F : D62;
7D90 : D62;
7D91 : D62;
7D92 : D52;
7D93 : D52;
7D94 : D52;
7D95 : D52;
7D96 : D52;
7D97 : D62;
7D98 : D63;
7D99 : D63;
7D9A : D62;
7D9B : D62;
7D9C : D62;
7D9D : D62;
7D9E : D63;
7D9F : D63;
7DA0 : D63;
7DA1 : D62;
7DA2 : D52;
7DA3 : D52;
7DA4 : D52;
7DA5 : D62;
7DA6 : D62;
7DA7 : D52;
7DA8 : D52;
7DA9 : D63;
7DAA : D63;
7DAB : D62;
7DAC : D63;
7DAD : D63;
7DAE : D63;
7DAF : D62;
7DB0 : D62;
7DB1 : D63;
7DB2 : D63;
7DB3 : D63;
7DB4 : D52;
7DB5 : D62;
7DB6 : D63;
7DB7 : D52;
7DB8 : D52;
7DB9 : D52;
7DBA : D52;
7DBB : D62;
7DBC : D52;
7DBD : D62;
7DBE : D63;
7DBF : D63;
7DC0 : D62;
7DC1 : D62;
7DC2 : D62;
7DC3 : D62;
7DC4 : D52;
7DC5 : D52;
7DC6 : D52;
7DC7 : D52;
7DC8 : D52;
7DC9 : D62;
7DCA : D52;
7DCB : D52;
7DCC : D52;
7DCD : D63;
7DCE : D63;
7DCF : D62;
7DD0 : D62;
7DD1 : D62;
7DD2 : D52;
7DD3 : D52;
7DD4 : D62;
7DD5 : D62;
7DD6 : D52;
7DD7 : D52;
7DD8 : D52;
7DD9 : D52;
7DDA : D52;
7DDB : D52;
7DDC : D62;
7DDD : D62;
7DDE : D62;
7DDF : D62;
7DE0 : D62;
7DE1 : D52;
7DE2 : D52;
7DE3 : D62;
7DE4 : D63;
7DE5 : D62;
7DE6 : D62;
7DE7 : D63;
7DE8 : D63;
7DE9 : D63;
7DEA : D63;
7DEB : D52;
7DEC : D52;
7DED : D52;
7DEE : D52;
7DEF : D52;
7DF0 : D62;
7DF1 : D52;
7DF2 : D52;
7DF3 : D62;
7DF4 : D62;
7DF5 : D62;
7DF6 : D52;
7DF7 : D62;
7DF8 : D62;
7DF9 : D52;
7DFA : D52;
7DFB : D52;
7DFC : D62;
7DFD : D63;
7DFE : D63;
7DFF : D63;
7E00 : D52;
7E01 : D52;
7E02 : D52;
7E03 : D52;
7E04 : D52;
7E05 : D52;
7E06 : D52;
7E07 : D62;
7E08 : D63;
7E09 : D62;
7E0A : D52;
7E0B : D52;
7E0C : D52;
7E0D : D52;
7E0E : D52;
7E0F : D52;
7E10 : D62;
7E11 : D52;
7E12 : D52;
7E13 : D62;
7E14 : D62;
7E15 : D52;
7E16 : D52;
7E17 : D52;
7E18 : D62;
7E19 : D62;
7E1A : D62;
7E1B : D63;
7E1C : D63;
7E1D : D62;
7E1E : D62;
7E1F : D62;
7E20 : D52;
7E21 : D52;
7E22 : D62;
7E23 : D52;
7E24 : D52;
7E25 : D52;
7E26 : D52;
7E27 : D52;
7E28 : D52;
7E29 : D52;
7E2A : D52;
7E2B : D62;
7E2C : D62;
7E2D : D62;
7E2E : D62;
7E2F : D62;
7E30 : D62;
7E31 : D62;
7E32 : D62;
7E33 : D62;
7E34 : D52;
7E35 : D52;
7E36 : D52;
7E37 : D52;
7E38 : D52;
7E39 : D52;
7E3A : D52;
7E3B : D62;
7E3C : D62;
7E3D : D62;
7E3E : D52;
7E3F : D62;
7E40 : D62;
7E41 : D62;
7E42 : D62;
7E43 : D62;
7E44 : D62;
7E45 : D62;
7E46 : D62;
7E47 : D62;
7E48 : D52;
7E49 : D52;
7E4A : D52;
7E4B : D62;
7E4C : D63;
7E4D : D62;
7E4E : D52;
7E4F : D52;
7E50 : D52;
7E51 : D52;
7E52 : D62;
7E53 : D52;
7E54 : D52;
7E55 : D52;
7E56 : D52;
7E57 : D52;
7E58 : D62;
7E59 : D62;
7E5A : D62;
7E5B : D62;
7E5C : D52;
7E5D : D62;
7E5E : D52;
7E5F : D62;
7E60 : D62;
7E61 : D52;
7E62 : D62;
7E63 : D62;
7E64 : D63;
7E65 : D63;
7E66 : D52;
7E67 : D52;
7E68 : D52;
7E69 : D63;
7E6A : D63;
7E6B : D63;
7E6C : D63;
7E6D : D62;
7E6E : D52;
7E6F : D62;
7E70 : D63;
7E71 : D63;
7E72 : D62;
7E73 : D52;
7E74 : D52;
7E75 : D52;
7E76 : D52;
7E77 : D52;
7E78 : D62;
7E79 : D62;
7E7A : D62;
7E7B : D52;
7E7C : D52;
7E7D : D62;
7E7E : D63;
7E7F : D63;
7E80 : D63;
7E81 : D62;
7E82 : D62;
7E83 : D52;
7E84 : D62;
7E85 : D62;
7E86 : D62;
7E87 : D62;
7E88 : D52;
7E89 : D62;
7E8A : D63;
7E8B : D63;
7E8C : D52;
7E8D : D52;
7E8E : D52;
7E8F : D52;
7E90 : D62;
7E91 : D63;
7E92 : D63;
7E93 : D62;
7E94 : D62;
7E95 : D62;
7E96 : D52;
7E97 : D52;
7E98 : D52;
7E99 : D62;
7E9A : D62;
7E9B : D63;
7E9C : D63;
7E9D : D62;
7E9E : D52;
7E9F : D62;
7EA0 : D62;
7EA1 : D52;
7EA2 : D62;
7EA3 : D63;
7EA4 : D62;
7EA5 : D52;
7EA6 : D62;
7EA7 : D52;
7EA8 : D52;
7EA9 : D63;
7EAA : D63;
7EAB : D52;
7EAC : D52;
7EAD : D52;
7EAE : D52;
7EAF : D62;
7EB0 : D63;
7EB1 : D63;
7EB2 : D62;
7EB3 : D52;
7EB4 : D52;
7EB5 : D63;
7EB6 : D63;
7EB7 : D63;
7EB8 : D52;
7EB9 : D52;
7EBA : D62;
7EBB : D62;
7EBC : D52;
7EBD : D52;
7EBE : D52;
7EBF : D62;
7EC0 : D62;
7EC1 : D63;
7EC2 : D63;
7EC3 : D63;
7EC4 : D62;
7EC5 : D52;
7EC6 : D52;
7EC7 : D62;
7EC8 : D52;
7EC9 : D52;
7ECA : D52;
7ECB : D62;
7ECC : D52;
7ECD : D52;
7ECE : D52;
7ECF : D52;
7ED0 : D52;
7ED1 : D63;
7ED2 : D63;
7ED3 : D62;
7ED4 : D52;
7ED5 : D62;
7ED6 : D62;
7ED7 : D62;
7ED8 : D62;
7ED9 : D62;
7EDA : D52;
7EDB : D52;
7EDC : D52;
7EDD : D52;
7EDE : D52;
7EDF : D52;
7EE0 : D62;
7EE1 : D62;
7EE2 : D62;
7EE3 : D52;
7EE4 : D52;
7EE5 : D62;
7EE6 : D62;
7EE7 : D52;
7EE8 : D52;
7EE9 : D52;
7EEA : D62;
7EEB : D63;
7EEC : D63;
7EED : D63;
7EEE : D63;
7EEF : D52;
7EF0 : D52;
7EF1 : D52;
7EF2 : D52;
7EF3 : D52;
7EF4 : D52;
7EF5 : D52;
7EF6 : D52;
7EF7 : D62;
7EF8 : D63;
7EF9 : D62;
7EFA : D62;
7EFB : D63;
7EFC : D63;
7EFD : D62;
7EFE : D52;
7EFF : D62;
7F00 : D63;
7F01 : D63;
7F02 : D62;
7F03 : D62;
7F04 : D62;
7F05 : D52;
7F06 : D52;
7F07 : D52;
7F08 : D52;
7F09 : D52;
7F0A : D63;
7F0B : D63;
7F0C : D63;
7F0D : D63;
7F0E : D52;
7F0F : D52;
7F10 : D52;
7F11 : D62;
7F12 : D52;
7F13 : D52;
7F14 : D62;
7F15 : D62;
7F16 : D63;
7F17 : D63;
7F18 : D63;
7F19 : D52;
7F1A : D52;
7F1B : D62;
7F1C : D63;
7F1D : D63;
7F1E : D52;
7F1F : D62;
7F20 : D62;
7F21 : D52;
7F22 : D62;
7F23 : D63;
7F24 : D63;
7F25 : D52;
7F26 : D62;
7F27 : D52;
7F28 : D52;
7F29 : D52;
7F2A : D52;
7F2B : D52;
7F2C : D52;
7F2D : D52;
7F2E : D52;
7F2F : D62;
7F30 : D62;
7F31 : D62;
7F32 : D63;
7F33 : D63;
7F34 : D62;
7F35 : D62;
7F36 : D63;
7F37 : D63;
7F38 : D62;
7F39 : D52;
7F3A : D52;
7F3B : D62;
7F3C : D52;
7F3D : D52;
7F3E : D63;
7F3F : D63;
7F40 : D63;
7F41 : D62;
7F42 : D52;
7F43 : D62;
7F44 : D63;
7F45 : D62;
7F46 : D62;
7F47 : D63;
7F48 : D63;
7F49 : D63;
7F4A : D63;
7F4B : D63;
7F4C : D62;
7F4D : D52;
7F4E : D52;
7F4F : D62;
7F50 : D63;
7F51 : D63;
7F52 : D62;
7F53 : D62;
7F54 : D52;
7F55 : D62;
7F56 : D52;
7F57 : D52;
7F58 : C51;
7F59 : D52;
7F5A : D52;
7F5B : D62;
7F5C : D63;
7F5D : D63;
7F5E : D63;
7F5F : D63;
7F60 : D62;
7F61 : D63;
7F62 : D63;
7F63 : D52;
7F64 : D52;
7F65 : D52;
7F66 : D62;
7F67 : D62;
7F68 : D62;
7F69 : D52;
7F6A : C52;
7F6B : D52;
7F6C : D52;
7F6D : D52;
7F6E : D63;
7F6F : D63;
7F70 : D63;
7F71 : D62;
7F72 : D52;
7F73 : D62;
7F74 : D62;
7F75 : D52;
7F76 : D52;
7F77 : D52;
7F78 : D52;
7F79 : D52;
7F7A : D62;
7F7B : D52;
7F7C : D62;
7F7D : D63;
7F7E : D63;
7F7F : D52;
7F80 : D62;
7F81 : D62;
7F82 : D62;
7F83 : D63;
7F84 : D63;
7F85 : D63;
7F86 : D62;
7F87 : D52;
7F88 : D62;
7F89 : D63;
7F8A : D63;
7F8B : D63;
7F8C : D63;
7F8D : D52;
7F8E : D62;
7F8F : D52;
7F90 : D52;
7F91 : D52;
7F92 : D52;
7F93 : D52;
7F94 : D62;
7F95 : D62;
7F96 : D63;
7F97 : D63;
7F98 : D63;
7F99 : D62;
7F9A : D52;
7F9B : D52;
7F9C : D63;
7F9D : D63;
7F9E : D62;
7F9F : D62;
7FA0 : D62;
7FA1 : D52;
7FA2 : D52;
7FA3 : D62;
7FA4 : D62;
7FA5 : D52;
7FA6 : D62;
7FA7 : D62;
7FA8 : D52;
7FA9 : D52;
7FAA : D52;
7FAB : D62;
7FAC : D62;
7FAD : D63;
7FAE : D63;
7FAF : D62;
7FB0 : D52;
7FB1 : D62;
7FB2 : D63;
7FB3 : D63;
7FB4 : D63;
7FB5 : D62;
7FB6 : D52;
7FB7 : D52;
7FB8 : D62;
7FB9 : D62;
7FBA : D62;
7FBB : D62;
7FBC : D52;
7FBD : D52;
7FBE : D62;
7FBF : D63;
7FC0 : D63;
7FC1 : D52;
7FC2 : D62;
7FC3 : D62;
7FC4 : D63;
7FC5 : D63;
7FC6 : D62;
7FC7 : D62;
7FC8 : D52;
7FC9 : D52;
7FCA : D52;
7FCB : D52;
7FCC : D52;
7FCD : D52;
7FCE : D52;
7FCF : D62;
7FD0 : D62;
7FD1 : D52;
7FD2 : D52;
7FD3 : D52;
7FD4 : D52;
7FD5 : D52;
7FD6 : D52;
7FD7 : D52;
7FD8 : D52;
7FD9 : D62;
7FDA : D63;
7FDB : D63;
7FDC : D62;
7FDD : D52;
7FDE : D52;
7FDF : D52;
7FE0 : D52;
7FE1 : D62;
7FE2 : D52;
7FE3 : D52;
7FE4 : D62;
7FE5 : D63;
7FE6 : D63;
7FE7 : D52;
7FE8 : D62;
7FE9 : D52;
7FEA : D62;
7FEB : D52;
7FEC : D51;
7FED : D52;
7FEE : D52;
7FEF : D52;
7FF0 : D62;
7FF1 : D62;
7FF2 : D52;
7FF3 : D52;
7FF4 : D52;
7FF5 : D52;
7FF6 : D52;
7FF7 : D52;
7FF8 : D62;
7FF9 : D52;
7FFA : D52;
7FFB : D62;
7FFC : D63;
7FFD : D52;
7FFE : D52;
7FFF : D63;
8000 : D62;
8001 : D52;
8002 : D52;
8003 : D52;
8004 : D63;
8005 : D63;
8006 : D62;
8007 : D62;
8008 : D62;
8009 : D52;
800A : D52;
800B : D52;
800C : D52;
800D : D52;
800E : D62;
800F : D63;
8010 : D63;
8011 : D63;
8012 : D52;
8013 : D52;
8014 : D63;
8015 : D62;
8016 : D62;
8017 : D63;
8018 : D63;
8019 : D52;
801A : D62;
801B : D63;
801C : D62;
801D : D52;
801E : D52;
801F : D62;
8020 : D63;
8021 : D62;
8022 : D62;
8023 : D62;
8024 : D52;
8025 : D62;
8026 : D62;
8027 : D63;
8028 : D63;
8029 : D52;
802A : D52;
802B : D52;
802C : D52;
802D : D52;
802E : D62;
802F : D62;
8030 : D62;
8031 : D52;
8032 : D62;
8033 : D62;
8034 : D62;
8035 : D62;
8036 : D63;
8037 : D63;
8038 : D62;
8039 : D62;
803A : D63;
803B : D62;
803C : D52;
803D : D52;
803E : D52;
803F : D52;
8040 : D52;
8041 : D52;
8042 : D63;
8043 : D63;
8044 : D63;
8045 : D62;
8046 : D52;
8047 : D62;
8048 : D62;
8049 : D52;
804A : D52;
804B : D63;
804C : D63;
804D : D63;
804E : D63;
804F : D63;
8050 : D52;
8051 : D52;
8052 : D52;
8053 : D52;
8054 : D62;
8055 : D62;
8056 : D52;
8057 : D52;
8058 : D52;
8059 : D62;
805A : D52;
805B : D52;
805C : D51;
805D : D51;
805E : D52;
805F : D62;
8060 : D63;
8061 : D63;
8062 : D63;
8063 : D63;
8064 : D62;
8065 : D63;
8066 : D63;
8067 : D52;
8068 : D52;
8069 : D52;
806A : D62;
806B : D62;
806C : D52;
806D : D52;
806E : D52;
806F : D52;
8070 : D63;
8071 : D52;
8072 : D52;
8073 : D63;
8074 : D63;
8075 : D52;
8076 : D62;
8077 : D62;
8078 : D62;
8079 : D52;
807A : D52;
807B : D52;
807C : D51;
807D : D52;
807E : D52;
807F : D52;
8080 : D52;
8081 : D63;
8082 : D62;
8083 : D52;
8084 : D52;
8085 : D62;
8086 : D52;
8087 : D52;
8088 : D63;
8089 : D63;
808A : D52;
808B : D52;
808C : D63;
808D : D63;
808E : D63;
808F : D63;
8090 : D63;
8091 : D52;
8092 : D62;
8093 : D52;
8094 : D52;
8095 : D52;
8096 : D52;
8097 : D62;
8098 : D62;
8099 : D52;
809A : D52;
809B : D63;
809C : D62;
809D : D52;
809E : D52;
809F : D52;
80A0 : D63;
80A1 : D63;
80A2 : D52;
80A3 : D52;
80A4 : D62;
80A5 : D52;
80A6 : D52;
80A7 : D62;
80A8 : D63;
80A9 : D62;
80AA : D62;
80AB : D52;
80AC : D52;
80AD : D52;
80AE : D52;
80AF : D52;
80B0 : D62;
80B1 : D63;
80B2 : D63;
80B3 : D63;
80B4 : D62;
80B5 : D62;
80B6 : D62;
80B7 : D63;
80B8 : D62;
80B9 : D52;
80BA : D52;
80BB : D52;
80BC : D52;
80BD : D52;
80BE : D52;
80BF : D62;
80C0 : D62;
80C1 : D52;
80C2 : D52;
80C3 : D63;
80C4 : D63;
80C5 : D62;
80C6 : D52;
80C7 : D62;
80C8 : D63;
80C9 : D63;
80CA : D52;
80CB : D52;
80CC : D52;
80CD : D52;
80CE : D52;
80CF : D62;
80D0 : D52;
80D1 : D52;
80D2 : D52;
80D3 : D62;
80D4 : D62;
80D5 : D62;
80D6 : D63;
80D7 : D62;
80D8 : D62;
80D9 : D52;
80DA : D52;
80DB : D52;
80DC : D62;
80DD : D63;
80DE : D63;
80DF : D62;
80E0 : D52;
80E1 : D52;
80E2 : D52;
80E3 : D62;
80E4 : D62;
80E5 : D62;
80E6 : D62;
80E7 : D52;
80E8 : D52;
80E9 : D63;
80EA : D63;
80EB : D62;
80EC : D52;
80ED : D52;
80EE : D52;
80EF : D52;
80F0 : D52;
80F1 : D52;
80F2 : D52;
80F3 : D52;
80F4 : D52;
80F5 : D52;
80F6 : D52;
80F7 : D52;
80F8 : D52;
80F9 : D52;
80FA : D52;
80FB : D62;
80FC : D63;
80FD : D62;
80FE : D52;
80FF : D52;
8100 : D62;
8101 : D52;
8102 : D52;
8103 : D52;
8104 : D52;
8105 : D52;
8106 : C52;
8107 : C52;
8108 : D52;
8109 : D62;
810A : D63;
810B : D63;
810C : D52;
810D : D52;
810E : D52;
810F : D52;
8110 : D52;
8111 : D51;
8112 : D52;
8113 : D52;
8114 : D52;
8115 : D52;
8116 : D52;
8117 : D63;
8118 : D63;
8119 : D63;
811A : D62;
811B : D63;
811C : D63;
811D : D62;
811E : D62;
811F : D62;
8120 : D52;
8121 : D52;
8122 : D52;
8123 : D62;
8124 : D52;
8125 : D52;
8126 : D52;
8127 : D52;
8128 : D52;
8129 : D52;
812A : D52;
812B : D62;
812C : D62;
812D : D63;
812E : D52;
812F : D52;
8130 : D52;
8131 : D52;
8132 : D63;
8133 : D63;
8134 : D62;
8135 : D52;
8136 : D62;
8137 : D63;
8138 : D63;
8139 : D62;
813A : D62;
813B : D52;
813C : D52;
813D : D52;
813E : D52;
813F : D52;
8140 : D52;
8141 : D52;
8142 : D52;
8143 : D51;
8144 : D52;
8145 : D52;
8146 : D63;
8147 : D63;
8148 : D63;
8149 : D62;
814A : D52;
814B : D52;
814C : D52;
814D : D52;
814E : D52;
814F : D52;
8150 : D52;
8151 : D52;
8152 : D52;
8153 : D52;
8154 : D52;
8155 : D52;
8156 : D52;
8157 : D52;
8158 : D52;
8159 : D52;
815A : D62;
815B : D52;
815C : D52;
815D : D63;
815E : D63;
815F : D52;
8160 : D51;
8161 : D51;
8162 : D52;
8163 : D52;
8164 : D62;
8165 : D52;
8166 : D52;
8167 : D52;
8168 : D52;
8169 : D52;
816A : D52;
816B : D52;
816C : D52;
816D : D52;
816E : D63;
816F : D63;
8170 : D62;
8171 : D52;
8172 : D52;
8173 : D63;
8174 : D63;
8175 : D52;
8176 : C52;
8177 : D52;
8178 : D62;
8179 : D62;
817A : D62;
817B : D63;
817C : D62;
817D : D52;
817E : D52;
817F : D52;
8180 : D52;
8181 : D52;
8182 : D52;
8183 : D52;
8184 : D52;
8185 : D52;
8186 : D52;
8187 : D52;
8188 : D52;
8189 : D52;
818A : D52;
818B : C52;
818C : D52;
818D : D52;
818E : D52;
818F : D52;
8190 : D62;
8191 : D52;
8192 : D52;
8193 : D62;
8194 : D52;
8195 : D52;
8196 : D52;
8197 : D52;
8198 : D52;
8199 : D52;
819A : D52;
819B : D63;
819C : D63;
819D : D52;
819E : D52;
819F : D52;
81A0 : D52;
81A1 : D52;
81A2 : D52;
81A3 : D52;
81A4 : D52;
81A5 : D52;
81A6 : D52;
81A7 : D52;
81A8 : D62;
81A9 : D52;
81AA : D52;
81AB : D63;
81AC : D63;
81AD : D62;
81AE : D62;
81AF : D52;
81B0 : D52;
81B1 : D52;
81B2 : D52;
81B3 : D52;
81B4 : D52;
81B5 : D62;
81B6 : D63;
81B7 : D62;
81B8 : D52;
81B9 : D52;
81BA : D52;
81BB : D62;
81BC : D52;
81BD : D52;
81BE : D52;
81BF : D52;
81C0 : D52;
81C1 : D52;
81C2 : D52;
81C3 : D52;
81C4 : D52;
81C5 : D52;
81C6 : D52;
81C7 : D62;
81C8 : D62;
81C9 : D52;
81CA : D52;
81CB : D52;
81CC : D52;
81CD : D52;
81CE : D52;
81CF : D52;
81D0 : D52;
81D1 : D52;
81D2 : D52;
81D3 : D52;
81D4 : D52;
81D5 : D52;
81D6 : D52;
81D7 : D52;
81D8 : D62;
81D9 : D63;
81DA : D63;
81DB : D63;
81DC : D52;
81DD : D52;
81DE : D52;
81DF : D62;
81E0 : D63;
81E1 : D63;
81E2 : D62;
81E3 : D52;
81E4 : D52;
81E5 : D52;
81E6 : D52;
81E7 : D62;
81E8 : D63;
81E9 : D63;
81EA : D52;
81EB : D52;
81EC : D52;
81ED : D52;
81EE : D62;
81EF : D52;
81F0 : D52;
81F1 : D52;
81F2 : D52;
81F3 : D52;
81F4 : D52;
81F5 : D52;
81F6 : D52;
81F7 : D52;
81F8 : D52;
81F9 : D52;
81FA : D52;
81FB : D52;
81FC : D52;
81FD : D52;
81FE : D52;
81FF : D62;
8200 : D52;
8201 : D52;
8202 : D52;
8203 : D52;
8204 : D52;
8205 : D52;
8206 : D52;
8207 : D52;
8208 : D52;
8209 : D52;
820A : D52;
820B : D52;
820C : D52;
820D : D52;
820E : D52;
820F : D52;
8210 : D52;
8211 : D52;
8212 : D52;
8213 : D52;
8214 : D52;
8215 : D62;
8216 : D62;
8217 : D52;
8218 : D52;
8219 : D52;
821A : D52;
821B : D52;
821C : D52;
821D : D52;
821E : D62;
821F : D63;
8220 : D63;
8221 : D63;
8222 : D62;
8223 : D52;
8224 : D52;
8225 : D52;
8226 : D52;
8227 : D52;
8228 : D52;
8229 : D52;
822A : D52;
822B : D52;
822C : D52;
822D : D52;
822E : D52;
822F : D52;
8230 : D52;
8231 : D63;
8232 : D52;
8233 : D52;
8234 : D52;
8235 : D52;
8236 : D63;
8237 : D62;
8238 : D52;
8239 : D52;
823A : D52;
823B : D52;
823C : D52;
823D : D52;
823E : D52;
823F : D52;
8240 : D52;
8241 : D52;
8242 : D52;
8243 : D52;
8244 : D52;
8245 : D62;
8246 : D62;
8247 : D52;
8248 : D52;
8249 : D52;
824A : D62;
824B : D63;
824C : D62;
824D : D52;
824E : D52;
824F : D52;
8250 : D52;
8251 : D52;
8252 : D52;
8253 : D52;
8254 : D52;
8255 : D52;
8256 : D52;
8257 : D52;
8258 : D52;
8259 : D52;
825A : D52;
825B : D52;
825C : D52;
825D : D52;
825E : D52;
825F : D52;
8260 : D52;
8261 : D63;
8262 : D62;
8263 : D52;
8264 : D51;
8265 : D51;
8266 : D52;
8267 : D52;
8268 : D52;
8269 : D52;
826A : D52;
826B : D52;
826C : D52;
826D : D52;
826E : D52;
826F : D52;
8270 : D52;
8271 : D52;
8272 : D52;
8273 : D52;
8274 : D52;
8275 : D52;
8276 : D52;
8277 : D62;
8278 : D63;
8279 : D52;
827A : D52;
827B : D52;
827C : D52;
827D : D52;
827E : D52;
827F : D52;
8280 : D62;
8281 : D52;
8282 : D51;
8283 : D52;
8284 : D52;
8285 : D52;
8286 : D62;
8287 : D52;
8288 : D52;
8289 : D52;
828A : D52;
828B : D52;
828C : D52;
828D : D52;
828E : D62;
828F : D52;
8290 : D52;
8291 : D52;
8292 : D52;
8293 : D52;
8294 : D63;
8295 : D52;
8296 : D52;
8297 : D62;
8298 : D52;
8299 : D52;
829A : D52;
829B : D62;
829C : D52;
829D : D52;
829E : D52;
829F : D52;
82A0 : D52;
82A1 : D52;
82A2 : D52;
82A3 : D52;
82A4 : D52;
82A5 : D51;
82A6 : D52;
82A7 : D52;
82A8 : D52;
82A9 : D52;
82AA : D52;
82AB : D52;
82AC : D52;
82AD : D52;
82AE : D52;
82AF : D62;
82B0 : D62;
82B1 : D52;
82B2 : D52;
82B3 : D52;
82B4 : D52;
82B5 : D52;
82B6 : D52;
82B7 : D52;
82B8 : D52;
82B9 : D62;
82BA : D63;
82BB : D62;
82BC : D52;
82BD : D52;
82BE : D52;
82BF : D52;
82C0 : D52;
82C1 : D52;
82C2 : D52;
82C3 : D51;
82C4 : D52;
82C5 : D52;
82C6 : D52;
82C7 : D62;
82C8 : D63;
82C9 : D52;
82CA : D52;
82CB : D52;
82CC : D52;
82CD : D52;
82CE : D52;
82CF : D52;
82D0 : D52;
82D1 : D52;
82D2 : D52;
82D3 : D52;
82D4 : D52;
82D5 : D62;
82D6 : D63;
82D7 : D62;
82D8 : D52;
82D9 : D52;
82DA : D52;
82DB : D52;
82DC : D52;
82DD : D52;
82DE : D52;
82DF : D52;
82E0 : D52;
82E1 : D52;
82E2 : D52;
82E3 : D52;
82E4 : D52;
82E5 : D52;
82E6 : D52;
82E7 : D52;
82E8 : D52;
82E9 : D52;
82EA : D52;
82EB : D52;
82EC : D52;
82ED : D52;
82EE : D52;
82EF : D52;
82F0 : D52;
82F1 : D52;
82F2 : D52;
82F3 : D52;
82F4 : D52;
82F5 : D52;
82F6 : D52;
82F7 : D52;
82F8 : D52;
82F9 : D52;
82FA : D52;
82FB : D52;
82FC : D52;
82FD : D52;
82FE : D52;
82FF : D52;
8300 : D52;
8301 : D52;
8302 : D62;
8303 : D63;
8304 : D52;
8305 : D52;
8306 : D52;
8307 : D52;
8308 : D52;
8309 : D52;
830A : D52;
830B : D52;
830C : D52;
830D : D62;
830E : D62;
830F : D52;
8310 : D52;
8311 : D52;
8312 : D51;
8313 : D51;
8314 : D51;
8315 : D52;
8316 : D52;
8317 : D52;
8318 : D52;
8319 : D63;
831A : D63;
831B : D52;
831C : D52;
831D : D52;
831E : D52;
831F : D52;
8320 : D52;
8321 : D52;
8322 : D52;
8323 : D52;
8324 : D62;
8325 : D63;
8326 : D62;
8327 : D51;
8328 : D52;
8329 : D52;
832A : D52;
832B : D52;
832C : D52;
832D : D52;
832E : D52;
832F : D52;
8330 : D52;
8331 : D52;
8332 : D52;
8333 : D52;
8334 : D52;
8335 : D63;
8336 : D52;
8337 : D52;
8338 : D52;
8339 : D52;
833A : D52;
833B : D52;
833C : D52;
833D : D52;
833E : D51;
833F : D52;
8340 : D52;
8341 : D52;
8342 : D52;
8343 : D52;
8344 : D52;
8345 : D52;
8346 : D52;
8347 : D52;
8348 : D52;
8349 : D63;
834A : D63;
834B : D62;
834C : D62;
834D : D52;
834E : D52;
834F : D52;
8350 : D52;
8351 : D52;
8352 : D52;
8353 : D51;
8354 : D52;
8355 : D52;
8356 : D52;
8357 : D52;
8358 : D52;
8359 : D52;
835A : D52;
835B : D52;
835C : D52;
835D : D52;
835E : D52;
835F : D52;
8360 : D52;
8361 : D52;
8362 : D52;
8363 : D52;
8364 : D52;
8365 : D52;
8366 : D52;
8367 : D52;
8368 : D51;
8369 : D52;
836A : D51;
836B : C52;
836C : D52;
836D : D52;
836E : C52;
836F : D52;
8370 : D52;
8371 : D52;
8372 : D52;
8373 : D52;
8374 : D52;
8375 : D52;
8376 : D52;
8377 : D52;
8378 : D52;
8379 : D52;
837A : D52;
837B : D62;
837C : D63;
837D : D52;
837E : D51;
837F : D51;
8380 : D52;
8381 : D51;
8382 : D51;
8383 : D51;
8384 : D52;
8385 : D52;
8386 : D52;
8387 : D52;
8388 : D51;
8389 : D62;
838A : D63;
838B : D52;
838C : D51;
838D : D52;
838E : D52;
838F : D52;
8390 : D52;
8391 : D62;
8392 : D63;
8393 : D63;
8394 : D52;
8395 : D52;
8396 : D52;
8397 : D63;
8398 : D63;
8399 : D52;
839A : D52;
839B : D52;
839C : D52;
839D : D52;
839E : D52;
839F : D52;
83A0 : D52;
83A1 : D52;
83A2 : D62;
83A3 : D52;
83A4 : D52;
83A5 : D52;
83A6 : D52;
83A7 : D52;
83A8 : D52;
83A9 : D52;
83AA : D52;
83AB : D52;
83AC : D52;
83AD : D52;
83AE : D52;
83AF : D52;
83B0 : D52;
83B1 : D52;
83B2 : D52;
83B3 : D52;
83B4 : D52;
83B5 : D52;
83B6 : D52;
83B7 : D51;
83B8 : D52;
83B9 : D52;
83BA : D52;
83BB : D52;
83BC : D52;
83BD : D63;
83BE : D63;
83BF : D63;
83C0 : D62;
83C1 : D52;
83C2 : D52;
83C3 : D52;
83C4 : D52;
83C5 : D52;
83C6 : D52;
83C7 : D52;
83C8 : D52;
83C9 : D52;
83CA : D62;
83CB : D63;
83CC : D63;
83CD : D62;
83CE : D52;
83CF : D62;
83D0 : D52;
83D1 : D52;
83D2 : D52;
83D3 : D52;
83D4 : D51;
83D5 : D52;
83D6 : D52;
83D7 : D52;
83D8 : D52;
83D9 : D63;
83DA : D63;
83DB : D62;
83DC : D52;
83DD : D52;
83DE : D52;
83DF : D52;
83E0 : D52;
83E1 : D52;
83E2 : D52;
83E3 : D52;
83E4 : D62;
83E5 : D52;
83E6 : D52;
83E7 : D52;
83E8 : D52;
83E9 : D52;
83EA : D52;
83EB : D52;
83EC : D52;
83ED : D52;
83EE : D52;
83EF : D52;
83F0 : D51;
83F1 : D52;
83F2 : D62;
83F3 : D52;
83F4 : D52;
83F5 : D52;
83F6 : D52;
83F7 : D52;
83F8 : D52;
83F9 : D52;
83FA : D52;
83FB : D52;
83FC : D52;
83FD : D52;
83FE : D52;
83FF : D52;
8400 : D52;
8401 : D52;
8402 : D52;
8403 : D62;
8404 : D52;
8405 : D52;
8406 : D62;
8407 : D63;
END;
