Fitter report for top_level
Fri May 29 12:32:38 2026
Quartus Prime Version 18.1.0 Build 625 09/12/2018 SJ Lite Edition


---------------------
; Table of Contents ;
---------------------
  1. Legal Notice
  2. Fitter Summary
  3. Fitter Settings
  4. Parallel Compilation
  5. Fitter Netlist Optimizations
  6. Ignored Assignments
  7. Incremental Compilation Preservation Summary
  8. Incremental Compilation Partition Settings
  9. Incremental Compilation Placement Preservation
 10. Pin-Out File
 11. Fitter Resource Usage Summary
 12. Fitter Partition Statistics
 13. Input Pins
 14. Output Pins
 15. Bidir Pins
 16. I/O Bank Usage
 17. All Package Pins
 18. I/O Assignment Warnings
 19. PLL Usage Summary
 20. Fitter Resource Utilization by Entity
 21. Delay Chain Summary
 22. Pad To Core Delay Chain Fanout
 23. Control Signals
 24. Global & Other Fast Signals
 25. Fitter RAM Summary
 26. Routing Usage Summary
 27. I/O Rules Summary
 28. I/O Rules Details
 29. I/O Rules Matrix
 30. Fitter Device Options
 31. Operating Settings and Conditions
 32. Estimated Delay Added for Hold Timing Summary
 33. Estimated Delay Added for Hold Timing Details
 34. Fitter Messages
 35. Fitter Suppressed Messages



----------------
; Legal Notice ;
----------------
Copyright (C) 2018  Intel Corporation. All rights reserved.
Your use of Intel Corporation's design tools, logic functions 
and other software and tools, and its AMPP partner logic 
functions, and any output files from any of the foregoing 
(including device programming or simulation files), and any 
associated documentation or information are expressly subject 
to the terms and conditions of the Intel Program License 
Subscription Agreement, the Intel Quartus Prime License Agreement,
the Intel FPGA IP License Agreement, or other applicable license
agreement, including, without limitation, that your use is for
the sole purpose of programming logic devices manufactured by
Intel and sold by Intel or its authorized distributors.  Please
refer to the applicable agreement for further details.



+-------------------------------------------------------------------------------+
; Fitter Summary                                                                ;
+---------------------------------+---------------------------------------------+
; Fitter Status                   ; Successful - Fri May 29 12:32:38 2026       ;
; Quartus Prime Version           ; 18.1.0 Build 625 09/12/2018 SJ Lite Edition ;
; Revision Name                   ; top_level                                   ;
; Top-level Entity Name           ; top_level                                   ;
; Family                          ; Cyclone V                                   ;
; Device                          ; 5CEBA4F23C7                                 ;
; Timing Models                   ; Final                                       ;
; Logic utilization (in ALMs)     ; 1,573 / 18,480 ( 9 % )                      ;
; Total registers                 ; 635                                         ;
; Total pins                      ; 55 / 224 ( 25 % )                           ;
; Total virtual pins              ; 0                                           ;
; Total block memory bits         ; 987,820 / 3,153,920 ( 31 % )                ;
; Total RAM Blocks                ; 153 / 308 ( 50 % )                          ;
; Total DSP Blocks                ; 0 / 66 ( 0 % )                              ;
; Total HSSI RX PCSs              ; 0                                           ;
; Total HSSI PMA RX Deserializers ; 0                                           ;
; Total HSSI TX PCSs              ; 0                                           ;
; Total HSSI PMA TX Serializers   ; 0                                           ;
; Total PLLs                      ; 1 / 4 ( 25 % )                              ;
; Total DLLs                      ; 0 / 4 ( 0 % )                               ;
+---------------------------------+---------------------------------------------+


+----------------------------------------------------------------------------------------------------------------------------------------------------+
; Fitter Settings                                                                                                                                    ;
+--------------------------------------------------------------------+---------------------------------------+---------------------------------------+
; Option                                                             ; Setting                               ; Default Value                         ;
+--------------------------------------------------------------------+---------------------------------------+---------------------------------------+
; Device                                                             ; 5CEBA4F23C7                           ;                                       ;
; Minimum Core Junction Temperature                                  ; 0                                     ;                                       ;
; Maximum Core Junction Temperature                                  ; 85                                    ;                                       ;
; Use smart compilation                                              ; Off                                   ; Off                                   ;
; Enable parallel Assembler and Timing Analyzer during compilation   ; On                                    ; On                                    ;
; Enable compact report table                                        ; Off                                   ; Off                                   ;
; Router Timing Optimization Level                                   ; Normal                                ; Normal                                ;
; Perform Clocking Topology Analysis During Routing                  ; Off                                   ; Off                                   ;
; Placement Effort Multiplier                                        ; 1.0                                   ; 1.0                                   ;
; Device initialization clock source                                 ; INIT_INTOSC                           ; INIT_INTOSC                           ;
; Optimize Hold Timing                                               ; All Paths                             ; All Paths                             ;
; Optimize Multi-Corner Timing                                       ; On                                    ; On                                    ;
; Auto RAM to MLAB Conversion                                        ; On                                    ; On                                    ;
; Equivalent RAM and MLAB Power Up                                   ; Auto                                  ; Auto                                  ;
; Equivalent RAM and MLAB Paused Read Capabilities                   ; Care                                  ; Care                                  ;
; Power Optimization During Fitting                                  ; Normal compilation                    ; Normal compilation                    ;
; SSN Optimization                                                   ; Off                                   ; Off                                   ;
; Optimize Timing                                                    ; Normal compilation                    ; Normal compilation                    ;
; Optimize Timing for ECOs                                           ; Off                                   ; Off                                   ;
; Regenerate Full Fit Report During ECO Compiles                     ; Off                                   ; Off                                   ;
; Optimize IOC Register Placement for Timing                         ; Normal                                ; Normal                                ;
; Final Placement Optimizations                                      ; Automatically                         ; Automatically                         ;
; Fitter Aggressive Routability Optimizations                        ; Automatically                         ; Automatically                         ;
; Fitter Initial Placement Seed                                      ; 1                                     ; 1                                     ;
; Periphery to Core Placement and Routing Optimization               ; Off                                   ; Off                                   ;
; Weak Pull-Up Resistor                                              ; Off                                   ; Off                                   ;
; Enable Bus-Hold Circuitry                                          ; Off                                   ; Off                                   ;
; Auto Packed Registers                                              ; Auto                                  ; Auto                                  ;
; Auto Delay Chains                                                  ; On                                    ; On                                    ;
; Auto Delay Chains for High Fanout Input Pins                       ; Off                                   ; Off                                   ;
; Treat Bidirectional Pin as Output Pin                              ; Off                                   ; Off                                   ;
; Perform Physical Synthesis for Combinational Logic for Fitting     ; Off                                   ; Off                                   ;
; Perform Physical Synthesis for Combinational Logic for Performance ; Off                                   ; Off                                   ;
; Perform Register Duplication for Performance                       ; Off                                   ; Off                                   ;
; Perform Register Retiming for Performance                          ; Off                                   ; Off                                   ;
; Perform Asynchronous Signal Pipelining                             ; Off                                   ; Off                                   ;
; Fitter Effort                                                      ; Auto Fit                              ; Auto Fit                              ;
; Physical Synthesis Effort Level                                    ; Normal                                ; Normal                                ;
; Logic Cell Insertion - Logic Duplication                           ; Auto                                  ; Auto                                  ;
; Auto Register Duplication                                          ; Auto                                  ; Auto                                  ;
; Auto Global Clock                                                  ; On                                    ; On                                    ;
; Auto Global Register Control Signals                               ; On                                    ; On                                    ;
; Reserve all unused pins                                            ; As input tri-stated with weak pull-up ; As input tri-stated with weak pull-up ;
; Synchronizer Identification                                        ; Auto                                  ; Auto                                  ;
; Enable Beneficial Skew Optimization                                ; On                                    ; On                                    ;
; Optimize Design for Metastability                                  ; On                                    ; On                                    ;
; Active Serial clock source                                         ; FREQ_100MHz                           ; FREQ_100MHz                           ;
; Force Fitter to Avoid Periphery Placement Warnings                 ; Off                                   ; Off                                   ;
; Clamping Diode                                                     ; Off                                   ; Off                                   ;
; Enable input tri-state on active configuration pins in user mode   ; Off                                   ; Off                                   ;
; Advanced Physical Optimization                                     ; On                                    ; On                                    ;
+--------------------------------------------------------------------+---------------------------------------+---------------------------------------+


+------------------------------------------+
; Parallel Compilation                     ;
+----------------------------+-------------+
; Processors                 ; Number      ;
+----------------------------+-------------+
; Number detected on machine ; 24          ;
; Maximum allowed            ; 16          ;
;                            ;             ;
; Average used               ; 1.09        ;
; Maximum used               ; 16          ;
;                            ;             ;
; Usage by Processor         ; % Time Used ;
;     Processor 1            ; 100.0%      ;
;     Processor 2            ;   0.8%      ;
;     Processor 3            ;   0.7%      ;
;     Processor 4            ;   0.7%      ;
;     Processor 5            ;   0.7%      ;
;     Processor 6            ;   0.6%      ;
;     Processor 7            ;   0.6%      ;
;     Processor 8            ;   0.6%      ;
;     Processor 9            ;   0.6%      ;
;     Processor 10           ;   0.6%      ;
;     Processor 11           ;   0.6%      ;
;     Processor 12           ;   0.6%      ;
;     Processor 13           ;   0.6%      ;
;     Processor 14           ;   0.6%      ;
;     Processor 15           ;   0.6%      ;
;     Processor 16           ;   0.6%      ;
+----------------------------+-------------+


+-----------------------------------------------------------------------------------------------------------------------------------------------------------------------------------------------------------------------------------------------------------------------------------------------------------------------------------------------------------------------------------------------------------+
; Fitter Netlist Optimizations                                                                                                                                                                                                                                                                                                                                                                              ;
+-------------------------------------------------------------------------------------------------------------+------------+---------------------------------------------------+----------------------------+-----------+----------------+-----------------------------------------------------------------------------------------------------------------------+------------------+-----------------------+
; Node                                                                                                        ; Action     ; Operation                                         ; Reason                     ; Node Port ; Node Port Name ; Destination Node                                                                                                      ; Destination Port ; Destination Port Name ;
+-------------------------------------------------------------------------------------------------------------+------------+---------------------------------------------------+----------------------------+-----------+----------------+-----------------------------------------------------------------------------------------------------------------------+------------------+-----------------------+
; pll:clock_divider|pll_0002:pll_inst|altera_pll:altera_pll_i|outclk_wire[0]~CLKENA0                          ; Created    ; Placement                                         ; Fitter Periphery Placement ;           ;                ;                                                                                                                       ;                  ;                       ;
; BACKGROUND:BG|background_index_rom:INDEX_ROM|altsyncram:ROM|altsyncram_bhv3:auto_generated|address_reg_a[0] ; Duplicated ; Router Logic Cell Insertion and Logic Duplication ; Routability optimization   ;           ;                ; BACKGROUND:BG|background_index_rom:INDEX_ROM|altsyncram:ROM|altsyncram_bhv3:auto_generated|address_reg_a[0]~DUPLICATE ;                  ;                       ;
; BACKGROUND:BG|background_index_rom:INDEX_ROM|altsyncram:ROM|altsyncram_bhv3:auto_generated|address_reg_a[1] ; Duplicated ; Router Logic Cell Insertion and Logic Duplication ; Routability optimization   ;           ;                ; BACKGROUND:BG|background_index_rom:INDEX_ROM|altsyncram:ROM|altsyncram_bhv3:auto_generated|address_reg_a[1]~DUPLICATE ;                  ;                       ;
; BACKGROUND:BG|background_index_rom:INDEX_ROM|altsyncram:ROM|altsyncram_bhv3:auto_generated|address_reg_a[2] ; Duplicated ; Router Logic Cell Insertion and Logic Duplication ; Routability optimization   ;           ;                ; BACKGROUND:BG|background_index_rom:INDEX_ROM|altsyncram:ROM|altsyncram_bhv3:auto_generated|address_reg_a[2]~DUPLICATE ;                  ;                       ;
; BACKGROUND:BG|background_index_rom:INDEX_ROM|altsyncram:ROM|altsyncram_bhv3:auto_generated|address_reg_a[3] ; Duplicated ; Router Logic Cell Insertion and Logic Duplication ; Routability optimization   ;           ;                ; BACKGROUND:BG|background_index_rom:INDEX_ROM|altsyncram:ROM|altsyncram_bhv3:auto_generated|address_reg_a[3]~DUPLICATE ;                  ;                       ;
; BACKGROUND:BG|bg_address[12]                                                                                ; Duplicated ; Router Logic Cell Insertion and Logic Duplication ; Routability optimization   ;           ;                ; BACKGROUND:BG|bg_address[12]~DUPLICATE                                                                                ;                  ;                       ;
; BUBBLES:BUBBLE_LAYER|bubble_y1[1]                                                                           ; Duplicated ; Router Logic Cell Insertion and Logic Duplication ; Routability optimization   ;           ;                ; BUBBLES:BUBBLE_LAYER|bubble_y1[1]~DUPLICATE                                                                           ;                  ;                       ;
; BUBBLES:BUBBLE_LAYER|bubble_y1[5]                                                                           ; Duplicated ; Router Logic Cell Insertion and Logic Duplication ; Routability optimization   ;           ;                ; BUBBLES:BUBBLE_LAYER|bubble_y1[5]~DUPLICATE                                                                           ;                  ;                       ;
; BUBBLES:BUBBLE_LAYER|bubble_y1[6]                                                                           ; Duplicated ; Router Logic Cell Insertion and Logic Duplication ; Routability optimization   ;           ;                ; BUBBLES:BUBBLE_LAYER|bubble_y1[6]~DUPLICATE                                                                           ;                  ;                       ;
; BUBBLES:BUBBLE_LAYER|bubble_y1[9]                                                                           ; Duplicated ; Router Logic Cell Insertion and Logic Duplication ; Routability optimization   ;           ;                ; BUBBLES:BUBBLE_LAYER|bubble_y1[9]~DUPLICATE                                                                           ;                  ;                       ;
; BUBBLES:BUBBLE_LAYER|bubble_y2[1]                                                                           ; Duplicated ; Router Logic Cell Insertion and Logic Duplication ; Routability optimization   ;           ;                ; BUBBLES:BUBBLE_LAYER|bubble_y2[1]~DUPLICATE                                                                           ;                  ;                       ;
; BUBBLES:BUBBLE_LAYER|bubble_y2[2]                                                                           ; Duplicated ; Router Logic Cell Insertion and Logic Duplication ; Routability optimization   ;           ;                ; BUBBLES:BUBBLE_LAYER|bubble_y2[2]~DUPLICATE                                                                           ;                  ;                       ;
; BUBBLES:BUBBLE_LAYER|bubble_y2[4]                                                                           ; Duplicated ; Router Logic Cell Insertion and Logic Duplication ; Routability optimization   ;           ;                ; BUBBLES:BUBBLE_LAYER|bubble_y2[4]~DUPLICATE                                                                           ;                  ;                       ;
; BUBBLES:BUBBLE_LAYER|bubble_y2[8]                                                                           ; Duplicated ; Router Logic Cell Insertion and Logic Duplication ; Routability optimization   ;           ;                ; BUBBLES:BUBBLE_LAYER|bubble_y2[8]~DUPLICATE                                                                           ;                  ;                       ;
; BUBBLES:BUBBLE_LAYER|bubble_y2[9]                                                                           ; Duplicated ; Router Logic Cell Insertion and Logic Duplication ; Routability optimization   ;           ;                ; BUBBLES:BUBBLE_LAYER|bubble_y2[9]~DUPLICATE                                                                           ;                  ;                       ;
; BUBBLES:BUBBLE_LAYER|bubble_y3[5]                                                                           ; Duplicated ; Router Logic Cell Insertion and Logic Duplication ; Routability optimization   ;           ;                ; BUBBLES:BUBBLE_LAYER|bubble_y3[5]~DUPLICATE                                                                           ;                  ;                       ;
; BUBBLES:BUBBLE_LAYER|bubble_y3[8]                                                                           ; Duplicated ; Router Logic Cell Insertion and Logic Duplication ; Routability optimization   ;           ;                ; BUBBLES:BUBBLE_LAYER|bubble_y3[8]~DUPLICATE                                                                           ;                  ;                       ;
; BUBBLES:BUBBLE_LAYER|bubble_y3[9]                                                                           ; Duplicated ; Router Logic Cell Insertion and Logic Duplication ; Routability optimization   ;           ;                ; BUBBLES:BUBBLE_LAYER|bubble_y3[9]~DUPLICATE                                                                           ;                  ;                       ;
; BUBBLES:BUBBLE_LAYER|bubble_y4[1]                                                                           ; Duplicated ; Router Logic Cell Insertion and Logic Duplication ; Routability optimization   ;           ;                ; BUBBLES:BUBBLE_LAYER|bubble_y4[1]~DUPLICATE                                                                           ;                  ;                       ;
; BUBBLES:BUBBLE_LAYER|bubble_y4[5]                                                                           ; Duplicated ; Router Logic Cell Insertion and Logic Duplication ; Routability optimization   ;           ;                ; BUBBLES:BUBBLE_LAYER|bubble_y4[5]~DUPLICATE                                                                           ;                  ;                       ;
; BUBBLES:BUBBLE_LAYER|bubble_y4[9]                                                                           ; Duplicated ; Router Logic Cell Insertion and Logic Duplication ; Routability optimization   ;           ;                ; BUBBLES:BUBBLE_LAYER|bubble_y4[9]~DUPLICATE                                                                           ;                  ;                       ;
; DOLPHIN_MOVEMENT:PLAYER_CHARACTER|dolphin_y_motion[1]                                                       ; Duplicated ; Router Logic Cell Insertion and Logic Duplication ; Routability optimization   ;           ;                ; DOLPHIN_MOVEMENT:PLAYER_CHARACTER|dolphin_y_motion[1]~DUPLICATE                                                       ;                  ;                       ;
; DOLPHIN_MOVEMENT:PLAYER_CHARACTER|dolphin_y_motion[4]                                                       ; Duplicated ; Router Logic Cell Insertion and Logic Duplication ; Routability optimization   ;           ;                ; DOLPHIN_MOVEMENT:PLAYER_CHARACTER|dolphin_y_motion[4]~DUPLICATE                                                       ;                  ;                       ;
; DOLPHIN_MOVEMENT:PLAYER_CHARACTER|dolphin_y_motion[5]                                                       ; Duplicated ; Router Logic Cell Insertion and Logic Duplication ; Routability optimization   ;           ;                ; DOLPHIN_MOVEMENT:PLAYER_CHARACTER|dolphin_y_motion[5]~DUPLICATE                                                       ;                  ;                       ;
; DOLPHIN_MOVEMENT:PLAYER_CHARACTER|dolphin_y_motion[8]                                                       ; Duplicated ; Router Logic Cell Insertion and Logic Duplication ; Routability optimization   ;           ;                ; DOLPHIN_MOVEMENT:PLAYER_CHARACTER|dolphin_y_motion[8]~DUPLICATE                                                       ;                  ;                       ;
; DOLPHIN_MOVEMENT:PLAYER_CHARACTER|dolphin_y_pos[2]                                                          ; Duplicated ; Router Logic Cell Insertion and Logic Duplication ; Routability optimization   ;           ;                ; DOLPHIN_MOVEMENT:PLAYER_CHARACTER|dolphin_y_pos[2]~DUPLICATE                                                          ;                  ;                       ;
; DOLPHIN_MOVEMENT:PLAYER_CHARACTER|dolphin_y_pos[3]                                                          ; Duplicated ; Router Logic Cell Insertion and Logic Duplication ; Routability optimization   ;           ;                ; DOLPHIN_MOVEMENT:PLAYER_CHARACTER|dolphin_y_pos[3]~DUPLICATE                                                          ;                  ;                       ;
; DOLPHIN_MOVEMENT:PLAYER_CHARACTER|dolphin_y_pos[9]                                                          ; Duplicated ; Router Logic Cell Insertion and Logic Duplication ; Routability optimization   ;           ;                ; DOLPHIN_MOVEMENT:PLAYER_CHARACTER|dolphin_y_pos[9]~DUPLICATE                                                          ;                  ;                       ;
; MOUSE:MOUSE_CONTROLS|PACKET_COUNT[0]                                                                        ; Duplicated ; Router Logic Cell Insertion and Logic Duplication ; Routability optimization   ;           ;                ; MOUSE:MOUSE_CONTROLS|PACKET_COUNT[0]~DUPLICATE                                                                        ;                  ;                       ;
; MOUSE:MOUSE_CONTROLS|filter[2]                                                                              ; Duplicated ; Router Logic Cell Insertion and Logic Duplication ; Routability optimization   ;           ;                ; MOUSE:MOUSE_CONTROLS|filter[2]~DUPLICATE                                                                              ;                  ;                       ;
; MOUSE:MOUSE_CONTROLS|inhibit_wait_count[10]                                                                 ; Duplicated ; Router Logic Cell Insertion and Logic Duplication ; Routability optimization   ;           ;                ; MOUSE:MOUSE_CONTROLS|inhibit_wait_count[10]~DUPLICATE                                                                 ;                  ;                       ;
; MOUSE:MOUSE_CONTROLS|inhibit_wait_count[11]                                                                 ; Duplicated ; Router Logic Cell Insertion and Logic Duplication ; Routability optimization   ;           ;                ; MOUSE:MOUSE_CONTROLS|inhibit_wait_count[11]~DUPLICATE                                                                 ;                  ;                       ;
; MOUSE:MOUSE_CONTROLS|mouse_state.LOAD_COMMAND                                                               ; Duplicated ; Router Logic Cell Insertion and Logic Duplication ; Routability optimization   ;           ;                ; MOUSE:MOUSE_CONTROLS|mouse_state.LOAD_COMMAND~DUPLICATE                                                               ;                  ;                       ;
; PIPES:PIPE_DISPLAY|pipe_top_height_1_r[5]                                                                   ; Duplicated ; Router Logic Cell Insertion and Logic Duplication ; Routability optimization   ;           ;                ; PIPES:PIPE_DISPLAY|pipe_top_height_1_r[5]~DUPLICATE                                                                   ;                  ;                       ;
; PIPES:PIPE_DISPLAY|pipe_x_pos_1[1]                                                                          ; Duplicated ; Router Logic Cell Insertion and Logic Duplication ; Routability optimization   ;           ;                ; PIPES:PIPE_DISPLAY|pipe_x_pos_1[1]~DUPLICATE                                                                          ;                  ;                       ;
; PIPES:PIPE_DISPLAY|pipe_x_pos_1[2]                                                                          ; Duplicated ; Router Logic Cell Insertion and Logic Duplication ; Routability optimization   ;           ;                ; PIPES:PIPE_DISPLAY|pipe_x_pos_1[2]~DUPLICATE                                                                          ;                  ;                       ;
; PIPES:PIPE_DISPLAY|pipe_x_pos_1[6]                                                                          ; Duplicated ; Router Logic Cell Insertion and Logic Duplication ; Routability optimization   ;           ;                ; PIPES:PIPE_DISPLAY|pipe_x_pos_1[6]~DUPLICATE                                                                          ;                  ;                       ;
; PIPES:PIPE_DISPLAY|pipe_x_pos_1[8]                                                                          ; Duplicated ; Router Logic Cell Insertion and Logic Duplication ; Routability optimization   ;           ;                ; PIPES:PIPE_DISPLAY|pipe_x_pos_1[8]~DUPLICATE                                                                          ;                  ;                       ;
; PIPES:PIPE_DISPLAY|pipe_x_pos_1[9]                                                                          ; Duplicated ; Router Logic Cell Insertion and Logic Duplication ; Routability optimization   ;           ;                ; PIPES:PIPE_DISPLAY|pipe_x_pos_1[9]~DUPLICATE                                                                          ;                  ;                       ;
; PIPES:PIPE_DISPLAY|pipe_x_pos_2[0]                                                                          ; Duplicated ; Router Logic Cell Insertion and Logic Duplication ; Routability optimization   ;           ;                ; PIPES:PIPE_DISPLAY|pipe_x_pos_2[0]~DUPLICATE                                                                          ;                  ;                       ;
; PIPES:PIPE_DISPLAY|pipe_x_pos_2[2]                                                                          ; Duplicated ; Router Logic Cell Insertion and Logic Duplication ; Routability optimization   ;           ;                ; PIPES:PIPE_DISPLAY|pipe_x_pos_2[2]~DUPLICATE                                                                          ;                  ;                       ;
; PIPES:PIPE_DISPLAY|pipe_x_pos_2[3]                                                                          ; Duplicated ; Router Logic Cell Insertion and Logic Duplication ; Routability optimization   ;           ;                ; PIPES:PIPE_DISPLAY|pipe_x_pos_2[3]~DUPLICATE                                                                          ;                  ;                       ;
; PIPES:PIPE_DISPLAY|pipe_x_pos_2[7]                                                                          ; Duplicated ; Router Logic Cell Insertion and Logic Duplication ; Routability optimization   ;           ;                ; PIPES:PIPE_DISPLAY|pipe_x_pos_2[7]~DUPLICATE                                                                          ;                  ;                       ;
; PIPES:PIPE_DISPLAY|pipe_x_pos_2[9]                                                                          ; Duplicated ; Router Logic Cell Insertion and Logic Duplication ; Routability optimization   ;           ;                ; PIPES:PIPE_DISPLAY|pipe_x_pos_2[9]~DUPLICATE                                                                          ;                  ;                       ;
; PIPES:PIPE_DISPLAY|pipe_x_pos_2_r[2]                                                                        ; Duplicated ; Router Logic Cell Insertion and Logic Duplication ; Routability optimization   ;           ;                ; PIPES:PIPE_DISPLAY|pipe_x_pos_2_r[2]~DUPLICATE                                                                        ;                  ;                       ;
; PIPES:PIPE_DISPLAY|pipe_x_pos_3[3]                                                                          ; Duplicated ; Router Logic Cell Insertion and Logic Duplication ; Routability optimization   ;           ;                ; PIPES:PIPE_DISPLAY|pipe_x_pos_3[3]~DUPLICATE                                                                          ;                  ;                       ;
; PIPES:PIPE_DISPLAY|pipe_x_pos_3[5]                                                                          ; Duplicated ; Router Logic Cell Insertion and Logic Duplication ; Routability optimization   ;           ;                ; PIPES:PIPE_DISPLAY|pipe_x_pos_3[5]~DUPLICATE                                                                          ;                  ;                       ;
; PIPES:PIPE_DISPLAY|pipe_x_pos_3[6]                                                                          ; Duplicated ; Router Logic Cell Insertion and Logic Duplication ; Routability optimization   ;           ;                ; PIPES:PIPE_DISPLAY|pipe_x_pos_3[6]~DUPLICATE                                                                          ;                  ;                       ;
; PIPES:PIPE_DISPLAY|pipe_x_pos_3[9]                                                                          ; Duplicated ; Router Logic Cell Insertion and Logic Duplication ; Routability optimization   ;           ;                ; PIPES:PIPE_DISPLAY|pipe_x_pos_3[9]~DUPLICATE                                                                          ;                  ;                       ;
; PIPES:PIPE_DISPLAY|s1_local_y[0]                                                                            ; Duplicated ; Router Logic Cell Insertion and Logic Duplication ; Routability optimization   ;           ;                ; PIPES:PIPE_DISPLAY|s1_local_y[0]~DUPLICATE                                                                            ;                  ;                       ;
; PIPES:PIPE_DISPLAY|s1_local_y[2]                                                                            ; Duplicated ; Router Logic Cell Insertion and Logic Duplication ; Routability optimization   ;           ;                ; PIPES:PIPE_DISPLAY|s1_local_y[2]~DUPLICATE                                                                            ;                  ;                       ;
; PIPES:PIPE_DISPLAY|s1_local_y[4]                                                                            ; Duplicated ; Router Logic Cell Insertion and Logic Duplication ; Routability optimization   ;           ;                ; PIPES:PIPE_DISPLAY|s1_local_y[4]~DUPLICATE                                                                            ;                  ;                       ;
; SPRITE_ON_reg                                                                                               ; Duplicated ; Router Logic Cell Insertion and Logic Duplication ; Routability optimization   ;           ;                ; SPRITE_ON_reg~DUPLICATE                                                                                               ;                  ;                       ;
; VGA_SYNC:VGA_REFRESH|h_count[1]                                                                             ; Duplicated ; Router Logic Cell Insertion and Logic Duplication ; Routability optimization   ;           ;                ; VGA_SYNC:VGA_REFRESH|h_count[1]~DUPLICATE                                                                             ;                  ;                       ;
; VGA_SYNC:VGA_REFRESH|h_count[4]                                                                             ; Duplicated ; Router Logic Cell Insertion and Logic Duplication ; Routability optimization   ;           ;                ; VGA_SYNC:VGA_REFRESH|h_count[4]~DUPLICATE                                                                             ;                  ;                       ;
; VGA_SYNC:VGA_REFRESH|h_count[5]                                                                             ; Duplicated ; Router Logic Cell Insertion and Logic Duplication ; Routability optimization   ;           ;                ; VGA_SYNC:VGA_REFRESH|h_count[5]~DUPLICATE                                                                             ;                  ;                       ;
; VGA_SYNC:VGA_REFRESH|h_count[8]                                                                             ; Duplicated ; Router Logic Cell Insertion and Logic Duplication ; Routability optimization   ;           ;                ; VGA_SYNC:VGA_REFRESH|h_count[8]~DUPLICATE                                                                             ;                  ;                       ;
; VGA_SYNC:VGA_REFRESH|h_count[9]                                                                             ; Duplicated ; Router Logic Cell Insertion and Logic Duplication ; Routability optimization   ;           ;                ; VGA_SYNC:VGA_REFRESH|h_count[9]~DUPLICATE                                                                             ;                  ;                       ;
; VGA_SYNC:VGA_REFRESH|pixel_column[2]                                                                        ; Duplicated ; Router Logic Cell Insertion and Logic Duplication ; Routability optimization   ;           ;                ; VGA_SYNC:VGA_REFRESH|pixel_column[2]~DUPLICATE                                                                        ;                  ;                       ;
; VGA_SYNC:VGA_REFRESH|pixel_column[7]                                                                        ; Duplicated ; Router Logic Cell Insertion and Logic Duplication ; Routability optimization   ;           ;                ; VGA_SYNC:VGA_REFRESH|pixel_column[7]~DUPLICATE                                                                        ;                  ;                       ;
; VGA_SYNC:VGA_REFRESH|pixel_row[1]                                                                           ; Duplicated ; Router Logic Cell Insertion and Logic Duplication ; Routability optimization   ;           ;                ; VGA_SYNC:VGA_REFRESH|pixel_row[1]~DUPLICATE                                                                           ;                  ;                       ;
; VGA_SYNC:VGA_REFRESH|pixel_row[3]                                                                           ; Duplicated ; Router Logic Cell Insertion and Logic Duplication ; Routability optimization   ;           ;                ; VGA_SYNC:VGA_REFRESH|pixel_row[3]~DUPLICATE                                                                           ;                  ;                       ;
; VGA_SYNC:VGA_REFRESH|pixel_row[4]                                                                           ; Duplicated ; Router Logic Cell Insertion and Logic Duplication ; Routability optimization   ;           ;                ; VGA_SYNC:VGA_REFRESH|pixel_row[4]~DUPLICATE                                                                           ;                  ;                       ;
; VGA_SYNC:VGA_REFRESH|pixel_row[6]                                                                           ; Duplicated ; Router Logic Cell Insertion and Logic Duplication ; Routability optimization   ;           ;                ; VGA_SYNC:VGA_REFRESH|pixel_row[6]~DUPLICATE                                                                           ;                  ;                       ;
; VGA_SYNC:VGA_REFRESH|v_count[4]                                                                             ; Duplicated ; Router Logic Cell Insertion and Logic Duplication ; Routability optimization   ;           ;                ; VGA_SYNC:VGA_REFRESH|v_count[4]~DUPLICATE                                                                             ;                  ;                       ;
; VGA_SYNC:VGA_REFRESH|v_count[6]                                                                             ; Duplicated ; Router Logic Cell Insertion and Logic Duplication ; Routability optimization   ;           ;                ; VGA_SYNC:VGA_REFRESH|v_count[6]~DUPLICATE                                                                             ;                  ;                       ;
; VGA_SYNC:VGA_REFRESH|v_count[7]                                                                             ; Duplicated ; Router Logic Cell Insertion and Logic Duplication ; Routability optimization   ;           ;                ; VGA_SYNC:VGA_REFRESH|v_count[7]~DUPLICATE                                                                             ;                  ;                       ;
; bait:RANDOM_BAIT|pipe_x_pos_prev[2]                                                                         ; Duplicated ; Router Logic Cell Insertion and Logic Duplication ; Routability optimization   ;           ;                ; bait:RANDOM_BAIT|pipe_x_pos_prev[2]~DUPLICATE                                                                         ;                  ;                       ;
; bait:RANDOM_BAIT|pipe_x_pos_prev[4]                                                                         ; Duplicated ; Router Logic Cell Insertion and Logic Duplication ; Routability optimization   ;           ;                ; bait:RANDOM_BAIT|pipe_x_pos_prev[4]~DUPLICATE                                                                         ;                  ;                       ;
; lfsr:RANDOM_NUMBER|lfsr_reg[2]                                                                              ; Duplicated ; Router Logic Cell Insertion and Logic Duplication ; Routability optimization   ;           ;                ; lfsr:RANDOM_NUMBER|lfsr_reg[2]~DUPLICATE                                                                              ;                  ;                       ;
; lfsr:RANDOM_NUMBER|lfsr_reg[3]                                                                              ; Duplicated ; Router Logic Cell Insertion and Logic Duplication ; Routability optimization   ;           ;                ; lfsr:RANDOM_NUMBER|lfsr_reg[3]~DUPLICATE                                                                              ;                  ;                       ;
; lfsr:RANDOM_NUMBER|lfsr_reg[4]                                                                              ; Duplicated ; Router Logic Cell Insertion and Logic Duplication ; Routability optimization   ;           ;                ; lfsr:RANDOM_NUMBER|lfsr_reg[4]~DUPLICATE                                                                              ;                  ;                       ;
+-------------------------------------------------------------------------------------------------------------+------------+---------------------------------------------------+----------------------------+-----------+----------------+-----------------------------------------------------------------------------------------------------------------------+------------------+-----------------------+


+-------------------------------------------------------------------------------------------+
; Ignored Assignments                                                                       ;
+----------+----------------+--------------+---------------+---------------+----------------+
; Name     ; Ignored Entity ; Ignored From ; Ignored To    ; Ignored Value ; Ignored Source ;
+----------+----------------+--------------+---------------+---------------+----------------+
; Location ;                ;              ; CLOCK2_50     ; PIN_H13       ; QSF Assignment ;
; Location ;                ;              ; CLOCK3_50     ; PIN_E10       ; QSF Assignment ;
; Location ;                ;              ; CLOCK4_50     ; PIN_V15       ; QSF Assignment ;
; Location ;                ;              ; DRAM_ADDR[0]  ; PIN_W8        ; QSF Assignment ;
; Location ;                ;              ; DRAM_ADDR[10] ; PIN_U8        ; QSF Assignment ;
; Location ;                ;              ; DRAM_ADDR[11] ; PIN_P6        ; QSF Assignment ;
; Location ;                ;              ; DRAM_ADDR[12] ; PIN_R7        ; QSF Assignment ;
; Location ;                ;              ; DRAM_ADDR[1]  ; PIN_T8        ; QSF Assignment ;
; Location ;                ;              ; DRAM_ADDR[2]  ; PIN_U11       ; QSF Assignment ;
; Location ;                ;              ; DRAM_ADDR[3]  ; PIN_Y10       ; QSF Assignment ;
; Location ;                ;              ; DRAM_ADDR[4]  ; PIN_N6        ; QSF Assignment ;
; Location ;                ;              ; DRAM_ADDR[5]  ; PIN_AB10      ; QSF Assignment ;
; Location ;                ;              ; DRAM_ADDR[6]  ; PIN_P12       ; QSF Assignment ;
; Location ;                ;              ; DRAM_ADDR[7]  ; PIN_P7        ; QSF Assignment ;
; Location ;                ;              ; DRAM_ADDR[8]  ; PIN_P8        ; QSF Assignment ;
; Location ;                ;              ; DRAM_ADDR[9]  ; PIN_R5        ; QSF Assignment ;
; Location ;                ;              ; DRAM_BA[0]    ; PIN_T7        ; QSF Assignment ;
; Location ;                ;              ; DRAM_BA[1]    ; PIN_AB7       ; QSF Assignment ;
; Location ;                ;              ; DRAM_CAS_N    ; PIN_V6        ; QSF Assignment ;
; Location ;                ;              ; DRAM_CKE      ; PIN_R6        ; QSF Assignment ;
; Location ;                ;              ; DRAM_CLK      ; PIN_AB11      ; QSF Assignment ;
; Location ;                ;              ; DRAM_CS_N     ; PIN_U6        ; QSF Assignment ;
; Location ;                ;              ; DRAM_DQ[0]    ; PIN_Y9        ; QSF Assignment ;
; Location ;                ;              ; DRAM_DQ[10]   ; PIN_AA8       ; QSF Assignment ;
; Location ;                ;              ; DRAM_DQ[11]   ; PIN_AA7       ; QSF Assignment ;
; Location ;                ;              ; DRAM_DQ[12]   ; PIN_V10       ; QSF Assignment ;
; Location ;                ;              ; DRAM_DQ[13]   ; PIN_V9        ; QSF Assignment ;
; Location ;                ;              ; DRAM_DQ[14]   ; PIN_U10       ; QSF Assignment ;
; Location ;                ;              ; DRAM_DQ[15]   ; PIN_T9        ; QSF Assignment ;
; Location ;                ;              ; DRAM_DQ[1]    ; PIN_T10       ; QSF Assignment ;
; Location ;                ;              ; DRAM_DQ[2]    ; PIN_R9        ; QSF Assignment ;
; Location ;                ;              ; DRAM_DQ[3]    ; PIN_Y11       ; QSF Assignment ;
; Location ;                ;              ; DRAM_DQ[4]    ; PIN_R10       ; QSF Assignment ;
; Location ;                ;              ; DRAM_DQ[5]    ; PIN_R11       ; QSF Assignment ;
; Location ;                ;              ; DRAM_DQ[6]    ; PIN_R12       ; QSF Assignment ;
; Location ;                ;              ; DRAM_DQ[7]    ; PIN_AA12      ; QSF Assignment ;
; Location ;                ;              ; DRAM_DQ[8]    ; PIN_AA9       ; QSF Assignment ;
; Location ;                ;              ; DRAM_DQ[9]    ; PIN_AB8       ; QSF Assignment ;
; Location ;                ;              ; DRAM_LDQM     ; PIN_U12       ; QSF Assignment ;
; Location ;                ;              ; DRAM_RAS_N    ; PIN_AB6       ; QSF Assignment ;
; Location ;                ;              ; DRAM_UDQM     ; PIN_N8        ; QSF Assignment ;
; Location ;                ;              ; DRAM_WE_N     ; PIN_AB5       ; QSF Assignment ;
; Location ;                ;              ; GPIO_0[0]     ; PIN_N16       ; QSF Assignment ;
; Location ;                ;              ; GPIO_0[10]    ; PIN_N21       ; QSF Assignment ;
; Location ;                ;              ; GPIO_0[11]    ; PIN_R22       ; QSF Assignment ;
; Location ;                ;              ; GPIO_0[12]    ; PIN_R21       ; QSF Assignment ;
; Location ;                ;              ; GPIO_0[13]    ; PIN_T22       ; QSF Assignment ;
; Location ;                ;              ; GPIO_0[14]    ; PIN_N20       ; QSF Assignment ;
; Location ;                ;              ; GPIO_0[15]    ; PIN_N19       ; QSF Assignment ;
; Location ;                ;              ; GPIO_0[16]    ; PIN_M22       ; QSF Assignment ;
; Location ;                ;              ; GPIO_0[17]    ; PIN_P19       ; QSF Assignment ;
; Location ;                ;              ; GPIO_0[18]    ; PIN_L22       ; QSF Assignment ;
; Location ;                ;              ; GPIO_0[19]    ; PIN_P17       ; QSF Assignment ;
; Location ;                ;              ; GPIO_0[1]     ; PIN_B16       ; QSF Assignment ;
; Location ;                ;              ; GPIO_0[20]    ; PIN_P16       ; QSF Assignment ;
; Location ;                ;              ; GPIO_0[21]    ; PIN_M18       ; QSF Assignment ;
; Location ;                ;              ; GPIO_0[22]    ; PIN_L18       ; QSF Assignment ;
; Location ;                ;              ; GPIO_0[23]    ; PIN_L17       ; QSF Assignment ;
; Location ;                ;              ; GPIO_0[24]    ; PIN_L19       ; QSF Assignment ;
; Location ;                ;              ; GPIO_0[25]    ; PIN_K17       ; QSF Assignment ;
; Location ;                ;              ; GPIO_0[26]    ; PIN_K19       ; QSF Assignment ;
; Location ;                ;              ; GPIO_0[27]    ; PIN_P18       ; QSF Assignment ;
; Location ;                ;              ; GPIO_0[28]    ; PIN_R15       ; QSF Assignment ;
; Location ;                ;              ; GPIO_0[29]    ; PIN_R17       ; QSF Assignment ;
; Location ;                ;              ; GPIO_0[2]     ; PIN_M16       ; QSF Assignment ;
; Location ;                ;              ; GPIO_0[30]    ; PIN_R16       ; QSF Assignment ;
; Location ;                ;              ; GPIO_0[31]    ; PIN_T20       ; QSF Assignment ;
; Location ;                ;              ; GPIO_0[32]    ; PIN_T19       ; QSF Assignment ;
; Location ;                ;              ; GPIO_0[33]    ; PIN_T18       ; QSF Assignment ;
; Location ;                ;              ; GPIO_0[34]    ; PIN_T17       ; QSF Assignment ;
; Location ;                ;              ; GPIO_0[35]    ; PIN_T15       ; QSF Assignment ;
; Location ;                ;              ; GPIO_0[3]     ; PIN_C16       ; QSF Assignment ;
; Location ;                ;              ; GPIO_0[4]     ; PIN_D17       ; QSF Assignment ;
; Location ;                ;              ; GPIO_0[5]     ; PIN_K20       ; QSF Assignment ;
; Location ;                ;              ; GPIO_0[6]     ; PIN_K21       ; QSF Assignment ;
; Location ;                ;              ; GPIO_0[7]     ; PIN_K22       ; QSF Assignment ;
; Location ;                ;              ; GPIO_0[8]     ; PIN_M20       ; QSF Assignment ;
; Location ;                ;              ; GPIO_0[9]     ; PIN_M21       ; QSF Assignment ;
; Location ;                ;              ; GPIO_1[0]     ; PIN_H16       ; QSF Assignment ;
; Location ;                ;              ; GPIO_1[10]    ; PIN_H18       ; QSF Assignment ;
; Location ;                ;              ; GPIO_1[11]    ; PIN_J18       ; QSF Assignment ;
; Location ;                ;              ; GPIO_1[12]    ; PIN_J19       ; QSF Assignment ;
; Location ;                ;              ; GPIO_1[13]    ; PIN_G11       ; QSF Assignment ;
; Location ;                ;              ; GPIO_1[14]    ; PIN_H10       ; QSF Assignment ;
; Location ;                ;              ; GPIO_1[15]    ; PIN_J11       ; QSF Assignment ;
; Location ;                ;              ; GPIO_1[16]    ; PIN_H14       ; QSF Assignment ;
; Location ;                ;              ; GPIO_1[17]    ; PIN_A15       ; QSF Assignment ;
; Location ;                ;              ; GPIO_1[18]    ; PIN_J13       ; QSF Assignment ;
; Location ;                ;              ; GPIO_1[19]    ; PIN_L8        ; QSF Assignment ;
; Location ;                ;              ; GPIO_1[1]     ; PIN_A12       ; QSF Assignment ;
; Location ;                ;              ; GPIO_1[20]    ; PIN_A14       ; QSF Assignment ;
; Location ;                ;              ; GPIO_1[21]    ; PIN_B15       ; QSF Assignment ;
; Location ;                ;              ; GPIO_1[22]    ; PIN_C15       ; QSF Assignment ;
; Location ;                ;              ; GPIO_1[23]    ; PIN_E14       ; QSF Assignment ;
; Location ;                ;              ; GPIO_1[24]    ; PIN_E15       ; QSF Assignment ;
; Location ;                ;              ; GPIO_1[25]    ; PIN_E16       ; QSF Assignment ;
; Location ;                ;              ; GPIO_1[26]    ; PIN_F14       ; QSF Assignment ;
; Location ;                ;              ; GPIO_1[27]    ; PIN_F15       ; QSF Assignment ;
; Location ;                ;              ; GPIO_1[28]    ; PIN_F13       ; QSF Assignment ;
; Location ;                ;              ; GPIO_1[29]    ; PIN_F12       ; QSF Assignment ;
; Location ;                ;              ; GPIO_1[2]     ; PIN_H15       ; QSF Assignment ;
; Location ;                ;              ; GPIO_1[30]    ; PIN_G16       ; QSF Assignment ;
; Location ;                ;              ; GPIO_1[31]    ; PIN_G15       ; QSF Assignment ;
; Location ;                ;              ; GPIO_1[32]    ; PIN_G13       ; QSF Assignment ;
; Location ;                ;              ; GPIO_1[33]    ; PIN_G12       ; QSF Assignment ;
; Location ;                ;              ; GPIO_1[34]    ; PIN_J17       ; QSF Assignment ;
; Location ;                ;              ; GPIO_1[35]    ; PIN_K16       ; QSF Assignment ;
; Location ;                ;              ; GPIO_1[3]     ; PIN_B12       ; QSF Assignment ;
; Location ;                ;              ; GPIO_1[4]     ; PIN_A13       ; QSF Assignment ;
; Location ;                ;              ; GPIO_1[5]     ; PIN_B13       ; QSF Assignment ;
; Location ;                ;              ; GPIO_1[6]     ; PIN_C13       ; QSF Assignment ;
; Location ;                ;              ; GPIO_1[7]     ; PIN_D13       ; QSF Assignment ;
; Location ;                ;              ; GPIO_1[8]     ; PIN_G18       ; QSF Assignment ;
; Location ;                ;              ; GPIO_1[9]     ; PIN_G17       ; QSF Assignment ;
; Location ;                ;              ; HEX2[0]       ; PIN_Y19       ; QSF Assignment ;
; Location ;                ;              ; HEX2[1]       ; PIN_AB17      ; QSF Assignment ;
; Location ;                ;              ; HEX2[2]       ; PIN_AA10      ; QSF Assignment ;
; Location ;                ;              ; HEX2[3]       ; PIN_Y14       ; QSF Assignment ;
; Location ;                ;              ; HEX2[4]       ; PIN_V14       ; QSF Assignment ;
; Location ;                ;              ; HEX2[5]       ; PIN_AB22      ; QSF Assignment ;
; Location ;                ;              ; HEX2[6]       ; PIN_AB21      ; QSF Assignment ;
; Location ;                ;              ; HEX3[0]       ; PIN_Y16       ; QSF Assignment ;
; Location ;                ;              ; HEX3[1]       ; PIN_W16       ; QSF Assignment ;
; Location ;                ;              ; HEX3[2]       ; PIN_Y17       ; QSF Assignment ;
; Location ;                ;              ; HEX3[3]       ; PIN_V16       ; QSF Assignment ;
; Location ;                ;              ; HEX3[4]       ; PIN_U17       ; QSF Assignment ;
; Location ;                ;              ; HEX3[5]       ; PIN_V18       ; QSF Assignment ;
; Location ;                ;              ; HEX3[6]       ; PIN_V19       ; QSF Assignment ;
; Location ;                ;              ; HEX4[0]       ; PIN_U20       ; QSF Assignment ;
; Location ;                ;              ; HEX4[1]       ; PIN_Y20       ; QSF Assignment ;
; Location ;                ;              ; HEX4[2]       ; PIN_V20       ; QSF Assignment ;
; Location ;                ;              ; HEX4[3]       ; PIN_U16       ; QSF Assignment ;
; Location ;                ;              ; HEX4[4]       ; PIN_U15       ; QSF Assignment ;
; Location ;                ;              ; HEX4[5]       ; PIN_Y15       ; QSF Assignment ;
; Location ;                ;              ; HEX4[6]       ; PIN_P9        ; QSF Assignment ;
; Location ;                ;              ; HEX5[0]       ; PIN_N9        ; QSF Assignment ;
; Location ;                ;              ; HEX5[1]       ; PIN_M8        ; QSF Assignment ;
; Location ;                ;              ; HEX5[2]       ; PIN_T14       ; QSF Assignment ;
; Location ;                ;              ; HEX5[3]       ; PIN_P14       ; QSF Assignment ;
; Location ;                ;              ; HEX5[4]       ; PIN_C1        ; QSF Assignment ;
; Location ;                ;              ; HEX5[5]       ; PIN_C2        ; QSF Assignment ;
; Location ;                ;              ; HEX5[6]       ; PIN_W19       ; QSF Assignment ;
; Location ;                ;              ; PS2_CLK2      ; PIN_E2        ; QSF Assignment ;
; Location ;                ;              ; PS2_DAT2      ; PIN_G1        ; QSF Assignment ;
; Location ;                ;              ; RESET_N       ; PIN_P22       ; QSF Assignment ;
; Location ;                ;              ; SD_CLK        ; PIN_H11       ; QSF Assignment ;
; Location ;                ;              ; SD_CMD        ; PIN_B11       ; QSF Assignment ;
; Location ;                ;              ; SD_DATA[0]    ; PIN_K9        ; QSF Assignment ;
; Location ;                ;              ; SD_DATA[1]    ; PIN_D12       ; QSF Assignment ;
; Location ;                ;              ; SD_DATA[2]    ; PIN_E12       ; QSF Assignment ;
; Location ;                ;              ; SD_DATA[3]    ; PIN_C11       ; QSF Assignment ;
+----------+----------------+--------------+---------------+---------------+----------------+


+---------------------------------------------------------------------------------------------------+
; Incremental Compilation Preservation Summary                                                      ;
+---------------------+---------------------+----------------------------+--------------------------+
; Type                ; Total [A + B]       ; From Design Partitions [A] ; From Rapid Recompile [B] ;
+---------------------+---------------------+----------------------------+--------------------------+
; Placement (by node) ;                     ;                            ;                          ;
;     -- Requested    ; 0.00 % ( 0 / 4361 ) ; 0.00 % ( 0 / 4361 )        ; 0.00 % ( 0 / 4361 )      ;
;     -- Achieved     ; 0.00 % ( 0 / 4361 ) ; 0.00 % ( 0 / 4361 )        ; 0.00 % ( 0 / 4361 )      ;
;                     ;                     ;                            ;                          ;
; Routing (by net)    ;                     ;                            ;                          ;
;     -- Requested    ; 0.00 % ( 0 / 0 )    ; 0.00 % ( 0 / 0 )           ; 0.00 % ( 0 / 0 )         ;
;     -- Achieved     ; 0.00 % ( 0 / 0 )    ; 0.00 % ( 0 / 0 )           ; 0.00 % ( 0 / 0 )         ;
+---------------------+---------------------+----------------------------+--------------------------+


+----------------------------------------------------------------------------------------------------------------------------------------------------------------------------------------+
; Incremental Compilation Partition Settings                                                                                                                                             ;
+--------------------------------+----------------+-------------------+-------------------------+------------------------+------------------------------+--------------------------------+
; Partition Name                 ; Partition Type ; Netlist Type Used ; Preservation Level Used ; Netlist Type Requested ; Preservation Level Requested ; Contents                       ;
+--------------------------------+----------------+-------------------+-------------------------+------------------------+------------------------------+--------------------------------+
; Top                            ; User-created   ; Source File       ; N/A                     ; Source File            ; N/A                          ;                                ;
; hard_block:auto_generated_inst ; Auto-generated ; Source File       ; N/A                     ; Source File            ; N/A                          ; hard_block:auto_generated_inst ;
+--------------------------------+----------------+-------------------+-------------------------+------------------------+------------------------------+--------------------------------+


+------------------------------------------------------------------------------------------------------------------------------------+
; Incremental Compilation Placement Preservation                                                                                     ;
+--------------------------------+-----------------------+-------------------------+-------------------+---------------------+-------+
; Partition Name                 ; Preservation Achieved ; Preservation Level Used ; Netlist Type Used ; Preservation Method ; Notes ;
+--------------------------------+-----------------------+-------------------------+-------------------+---------------------+-------+
; Top                            ; 0.00 % ( 0 / 4354 )   ; N/A                     ; Source File       ; N/A                 ;       ;
; hard_block:auto_generated_inst ; 0.00 % ( 0 / 7 )      ; N/A                     ; Source File       ; N/A                 ;       ;
+--------------------------------+-----------------------+-------------------------+-------------------+---------------------+-------+


+--------------+
; Pin-Out File ;
+--------------+
The pin-out file can be found in C:/Users/User/COMPSYS_305_Mini_Project/output_files/top_level.pin.


+---------------------------------------------------------------------------------------------+
; Fitter Resource Usage Summary                                                               ;
+-------------------------------------------------------------+-----------------------+-------+
; Resource                                                    ; Usage                 ; %     ;
+-------------------------------------------------------------+-----------------------+-------+
; Logic utilization (ALMs needed / total ALMs on device)      ; 1,573 / 18,480        ; 9 %   ;
; ALMs needed [=A-B+C]                                        ; 1,573                 ;       ;
;     [A] ALMs used in final placement [=a+b+c+d]             ; 1,632 / 18,480        ; 9 %   ;
;         [a] ALMs used for LUT logic and registers           ; 210                   ;       ;
;         [b] ALMs used for LUT logic                         ; 1,349                 ;       ;
;         [c] ALMs used for registers                         ; 73                    ;       ;
;         [d] ALMs used for memory (up to half of total ALMs) ; 0                     ;       ;
;     [B] Estimate of ALMs recoverable by dense packing       ; 83 / 18,480           ; < 1 % ;
;     [C] Estimate of ALMs unavailable [=a+b+c+d]             ; 24 / 18,480           ; < 1 % ;
;         [a] Due to location constrained logic               ; 0                     ;       ;
;         [b] Due to LAB-wide signal conflicts                ; 0                     ;       ;
;         [c] Due to LAB input limits                         ; 24                    ;       ;
;         [d] Due to virtual I/Os                             ; 0                     ;       ;
;                                                             ;                       ;       ;
; Difficulty packing design                                   ; Low                   ;       ;
;                                                             ;                       ;       ;
; Total LABs:  partially or completely used                   ; 238 / 1,848           ; 13 %  ;
;     -- Logic LABs                                           ; 238                   ;       ;
;     -- Memory LABs (up to half of total LABs)               ; 0                     ;       ;
;                                                             ;                       ;       ;
; Combinational ALUT usage for logic                          ; 2,527                 ;       ;
;     -- 7 input functions                                    ; 13                    ;       ;
;     -- 6 input functions                                    ; 500                   ;       ;
;     -- 5 input functions                                    ; 318                   ;       ;
;     -- 4 input functions                                    ; 332                   ;       ;
;     -- <=3 input functions                                  ; 1,364                 ;       ;
; Combinational ALUT usage for route-throughs                 ; 46                    ;       ;
;                                                             ;                       ;       ;
; Dedicated logic registers                                   ; 635                   ;       ;
;     -- By type:                                             ;                       ;       ;
;         -- Primary logic registers                          ; 564 / 36,960          ; 2 %   ;
;         -- Secondary logic registers                        ; 71 / 36,960           ; < 1 % ;
;     -- By function:                                         ;                       ;       ;
;         -- Design implementation registers                  ; 564                   ;       ;
;         -- Routing optimization registers                   ; 71                    ;       ;
;                                                             ;                       ;       ;
; Virtual pins                                                ; 0                     ;       ;
; I/O pins                                                    ; 55 / 224              ; 25 %  ;
;     -- Clock pins                                           ; 1 / 9                 ; 11 %  ;
;     -- Dedicated input pins                                 ; 0 / 11                ; 0 %   ;
;                                                             ;                       ;       ;
; M10K blocks                                                 ; 153 / 308             ; 50 %  ;
; Total MLAB memory bits                                      ; 0                     ;       ;
; Total block memory bits                                     ; 987,820 / 3,153,920   ; 31 %  ;
; Total block memory implementation bits                      ; 1,566,720 / 3,153,920 ; 50 %  ;
;                                                             ;                       ;       ;
; Total DSP Blocks                                            ; 0 / 66                ; 0 %   ;
;                                                             ;                       ;       ;
; Fractional PLLs                                             ; 1 / 4                 ; 25 %  ;
; Global signals                                              ; 1                     ;       ;
;     -- Global clocks                                        ; 1 / 16                ; 6 %   ;
;     -- Quadrant clocks                                      ; 0 / 88                ; 0 %   ;
; SERDES Transmitters                                         ; 0 / 68                ; 0 %   ;
; SERDES Receivers                                            ; 0 / 68                ; 0 %   ;
; JTAGs                                                       ; 0 / 1                 ; 0 %   ;
; ASMI blocks                                                 ; 0 / 1                 ; 0 %   ;
; CRC blocks                                                  ; 0 / 1                 ; 0 %   ;
; Remote update blocks                                        ; 0 / 1                 ; 0 %   ;
; Oscillator blocks                                           ; 0 / 1                 ; 0 %   ;
; Impedance control blocks                                    ; 0 / 3                 ; 0 %   ;
; Average interconnect usage (total/H/V)                      ; 3.1% / 3.2% / 2.8%    ;       ;
; Peak interconnect usage (total/H/V)                         ; 11.5% / 12.5% / 8.7%  ;       ;
; Maximum fan-out                                             ; 750                   ;       ;
; Highest non-global fan-out                                  ; 246                   ;       ;
; Total fan-out                                               ; 11847                 ;       ;
; Average fan-out                                             ; 3.41                  ;       ;
+-------------------------------------------------------------+-----------------------+-------+


+---------------------------------------------------------------------------------------------------------------------+
; Fitter Partition Statistics                                                                                         ;
+-------------------------------------------------------------+----------------------+--------------------------------+
; Statistic                                                   ; Top                  ; hard_block:auto_generated_inst ;
+-------------------------------------------------------------+----------------------+--------------------------------+
; Logic utilization (ALMs needed / total ALMs on device)      ; 1573 / 18480 ( 9 % ) ; 0 / 18480 ( 0 % )              ;
; ALMs needed [=A-B+C]                                        ; 1573                 ; 0                              ;
;     [A] ALMs used in final placement [=a+b+c+d]             ; 1632 / 18480 ( 9 % ) ; 0 / 18480 ( 0 % )              ;
;         [a] ALMs used for LUT logic and registers           ; 210                  ; 0                              ;
;         [b] ALMs used for LUT logic                         ; 1349                 ; 0                              ;
;         [c] ALMs used for registers                         ; 73                   ; 0                              ;
;         [d] ALMs used for memory (up to half of total ALMs) ; 0                    ; 0                              ;
;     [B] Estimate of ALMs recoverable by dense packing       ; 83 / 18480 ( < 1 % ) ; 0 / 18480 ( 0 % )              ;
;     [C] Estimate of ALMs unavailable [=a+b+c+d]             ; 24 / 18480 ( < 1 % ) ; 0 / 18480 ( 0 % )              ;
;         [a] Due to location constrained logic               ; 0                    ; 0                              ;
;         [b] Due to LAB-wide signal conflicts                ; 0                    ; 0                              ;
;         [c] Due to LAB input limits                         ; 24                   ; 0                              ;
;         [d] Due to virtual I/Os                             ; 0                    ; 0                              ;
;                                                             ;                      ;                                ;
; Difficulty packing design                                   ; Low                  ; Low                            ;
;                                                             ;                      ;                                ;
; Total LABs:  partially or completely used                   ; 238 / 1848 ( 13 % )  ; 0 / 1848 ( 0 % )               ;
;     -- Logic LABs                                           ; 238                  ; 0                              ;
;     -- Memory LABs (up to half of total LABs)               ; 0                    ; 0                              ;
;                                                             ;                      ;                                ;
; Combinational ALUT usage for logic                          ; 2527                 ; 0                              ;
;     -- 7 input functions                                    ; 13                   ; 0                              ;
;     -- 6 input functions                                    ; 500                  ; 0                              ;
;     -- 5 input functions                                    ; 318                  ; 0                              ;
;     -- 4 input functions                                    ; 332                  ; 0                              ;
;     -- <=3 input functions                                  ; 1364                 ; 0                              ;
; Combinational ALUT usage for route-throughs                 ; 46                   ; 0                              ;
; Memory ALUT usage                                           ; 0                    ; 0                              ;
;     -- 64-address deep                                      ; 0                    ; 0                              ;
;     -- 32-address deep                                      ; 0                    ; 0                              ;
;                                                             ;                      ;                                ;
; Dedicated logic registers                                   ; 0                    ; 0                              ;
;     -- By type:                                             ;                      ;                                ;
;         -- Primary logic registers                          ; 564 / 36960 ( 2 % )  ; 0 / 36960 ( 0 % )              ;
;         -- Secondary logic registers                        ; 71 / 36960 ( < 1 % ) ; 0 / 36960 ( 0 % )              ;
;     -- By function:                                         ;                      ;                                ;
;         -- Design implementation registers                  ; 564                  ; 0                              ;
;         -- Routing optimization registers                   ; 71                   ; 0                              ;
;                                                             ;                      ;                                ;
;                                                             ;                      ;                                ;
; Virtual pins                                                ; 0                    ; 0                              ;
; I/O pins                                                    ; 54                   ; 1                              ;
; I/O registers                                               ; 0                    ; 0                              ;
; Total block memory bits                                     ; 987820               ; 0                              ;
; Total block memory implementation bits                      ; 1566720              ; 0                              ;
; M10K block                                                  ; 153 / 308 ( 49 % )   ; 0 / 308 ( 0 % )                ;
; Clock enable block                                          ; 0 / 104 ( 0 % )      ; 1 / 104 ( < 1 % )              ;
; Fractional PLL                                              ; 0 / 4 ( 0 % )        ; 1 / 4 ( 25 % )                 ;
; PLL Output Counter                                          ; 0 / 36 ( 0 % )       ; 1 / 36 ( 2 % )                 ;
; PLL Reconfiguration Block                                   ; 0 / 4 ( 0 % )        ; 1 / 4 ( 25 % )                 ;
; PLL Reference Clock Select Block                            ; 0 / 4 ( 0 % )        ; 1 / 4 ( 25 % )                 ;
;                                                             ;                      ;                                ;
; Connections                                                 ;                      ;                                ;
;     -- Input Connections                                    ; 752                  ; 0                              ;
;     -- Registered Input Connections                         ; 605                  ; 0                              ;
;     -- Output Connections                                   ; 2                    ; 750                            ;
;     -- Registered Output Connections                        ; 0                    ; 0                              ;
;                                                             ;                      ;                                ;
; Internal Connections                                        ;                      ;                                ;
;     -- Total Connections                                    ; 12654                ; 782                            ;
;     -- Registered Connections                               ; 5747                 ; 0                              ;
;                                                             ;                      ;                                ;
; External Connections                                        ;                      ;                                ;
;     -- Top                                                  ; 4                    ; 750                            ;
;     -- hard_block:auto_generated_inst                       ; 750                  ; 0                              ;
;                                                             ;                      ;                                ;
; Partition Interface                                         ;                      ;                                ;
;     -- Input Ports                                          ; 15                   ; 1                              ;
;     -- Output Ports                                         ; 38                   ; 1                              ;
;     -- Bidir Ports                                          ; 2                    ; 0                              ;
;                                                             ;                      ;                                ;
; Registered Ports                                            ;                      ;                                ;
;     -- Registered Input Ports                               ; 0                    ; 0                              ;
;     -- Registered Output Ports                              ; 0                    ; 0                              ;
;                                                             ;                      ;                                ;
; Port Connectivity                                           ;                      ;                                ;
;     -- Input Ports driven by GND                            ; 0                    ; 0                              ;
;     -- Output Ports driven by GND                           ; 0                    ; 0                              ;
;     -- Input Ports driven by VCC                            ; 0                    ; 0                              ;
;     -- Output Ports driven by VCC                           ; 0                    ; 0                              ;
;     -- Input Ports with no Source                           ; 0                    ; 0                              ;
;     -- Output Ports with no Source                          ; 0                    ; 0                              ;
;     -- Input Ports with no Fanout                           ; 0                    ; 0                              ;
;     -- Output Ports with no Fanout                          ; 0                    ; 0                              ;
+-------------------------------------------------------------+----------------------+--------------------------------+


+-----------------------------------------------------------------------------------------------------------------------------------------------------------------------------------------------------------------------------------------------------------------------------------------+
; Input Pins                                                                                                                                                                                                                                                                              ;
+----------+-------+----------+--------------+--------------+--------------+-----------------------+--------------------+--------+----------------+-----------------+----------+--------------+--------------+-------------+---------------------------+----------------------+-----------+
; Name     ; Pin # ; I/O Bank ; X coordinate ; Y coordinate ; Z coordinate ; Combinational Fan-Out ; Registered Fan-Out ; Global ; Input Register ; PCI I/O Enabled ; Bus Hold ; Weak Pull Up ; I/O Standard ; Termination ; Termination Control Block ; Location assigned by ; Slew Rate ;
+----------+-------+----------+--------------+--------------+--------------+-----------------------+--------------------+--------+----------------+-----------------+----------+--------------+--------------+-------------+---------------------------+----------------------+-----------+
; CLOCK_50 ; M9    ; 3B       ; 22           ; 0            ; 0            ; 1                     ; 0                  ; no     ; no             ; no              ; no       ; Off          ; 2.5 V        ; Off         ; --                        ; User                 ; no        ;
; KEY[0]   ; U7    ; 3A       ; 10           ; 0            ; 91           ; 103                   ; 0                  ; no     ; no             ; no              ; no       ; Off          ; 2.5 V        ; Off         ; --                        ; User                 ; no        ;
; KEY[1]   ; W9    ; 3A       ; 11           ; 0            ; 34           ; 0                     ; 0                  ; no     ; no             ; no              ; no       ; Off          ; 2.5 V        ; Off         ; --                        ; User                 ; no        ;
; KEY[2]   ; M7    ; 3A       ; 14           ; 0            ; 0            ; 0                     ; 0                  ; no     ; no             ; no              ; no       ; Off          ; 2.5 V        ; Off         ; --                        ; User                 ; no        ;
; KEY[3]   ; M6    ; 3A       ; 14           ; 0            ; 17           ; 5                     ; 0                  ; no     ; no             ; no              ; no       ; Off          ; 2.5 V        ; Off         ; --                        ; User                 ; no        ;
; SW[0]    ; U13   ; 4A       ; 33           ; 0            ; 40           ; 2                     ; 0                  ; no     ; no             ; no              ; no       ; Off          ; 2.5 V        ; Off         ; --                        ; User                 ; no        ;
; SW[1]    ; V13   ; 4A       ; 33           ; 0            ; 57           ; 0                     ; 0                  ; no     ; no             ; no              ; no       ; Off          ; 2.5 V        ; Off         ; --                        ; User                 ; no        ;
; SW[2]    ; T13   ; 4A       ; 34           ; 0            ; 0            ; 0                     ; 0                  ; no     ; no             ; no              ; no       ; Off          ; 2.5 V        ; Off         ; --                        ; User                 ; no        ;
; SW[3]    ; T12   ; 4A       ; 34           ; 0            ; 17           ; 0                     ; 0                  ; no     ; no             ; no              ; no       ; Off          ; 2.5 V        ; Off         ; --                        ; User                 ; no        ;
; SW[4]    ; AA15  ; 4A       ; 36           ; 0            ; 34           ; 0                     ; 0                  ; no     ; no             ; no              ; no       ; Off          ; 2.5 V        ; Off         ; --                        ; User                 ; no        ;
; SW[5]    ; AB15  ; 4A       ; 36           ; 0            ; 51           ; 0                     ; 0                  ; no     ; no             ; no              ; no       ; Off          ; 2.5 V        ; Off         ; --                        ; User                 ; no        ;
; SW[6]    ; AA14  ; 4A       ; 34           ; 0            ; 51           ; 0                     ; 0                  ; no     ; no             ; no              ; no       ; Off          ; 2.5 V        ; Off         ; --                        ; User                 ; no        ;
; SW[7]    ; AA13  ; 4A       ; 34           ; 0            ; 34           ; 0                     ; 0                  ; no     ; no             ; no              ; no       ; Off          ; 2.5 V        ; Off         ; --                        ; User                 ; no        ;
; SW[8]    ; AB13  ; 4A       ; 33           ; 0            ; 91           ; 0                     ; 0                  ; no     ; no             ; no              ; no       ; Off          ; 2.5 V        ; Off         ; --                        ; User                 ; no        ;
; SW[9]    ; AB12  ; 4A       ; 33           ; 0            ; 74           ; 0                     ; 0                  ; no     ; no             ; no              ; no       ; Off          ; 2.5 V        ; Off         ; --                        ; User                 ; no        ;
+----------+-------+----------+--------------+--------------+--------------+-----------------------+--------------------+--------+----------------+-----------------+----------+--------------+--------------+-------------+---------------------------+----------------------+-----------+


+-----------------------------------------------------------------------------------------------------------------------------------------------------------------------------------------------------------------------------------------------------------------------------------------------------------------------------------------------------------------------------------------------------------------------------------------------------------------------------------------------+
; Output Pins                                                                                                                                                                                                                                                                                                                                                                                                                                                                                   ;
+----------+-------+----------+--------------+--------------+--------------+-----------------+------------------------+-----------+-----------------+------------+---------------+----------+--------------+--------------+------------------+-----------------------------------+---------------------------+----------------------------+-----------------------------+---------------------+-----------------------------+----------------------+----------------------+---------------------+
; Name     ; Pin # ; I/O Bank ; X coordinate ; Y coordinate ; Z coordinate ; Output Register ; Output Enable Register ; Slew Rate ; PCI I/O Enabled ; Open Drain ; TRI Primitive ; Bus Hold ; Weak Pull Up ; I/O Standard ; Current Strength ; Termination                       ; Termination Control Block ; Output Buffer Pre-emphasis ; Voltage Output Differential ; Output Buffer Delay ; Output Buffer Delay Control ; Location assigned by ; Output Enable Source ; Output Enable Group ;
+----------+-------+----------+--------------+--------------+--------------+-----------------+------------------------+-----------+-----------------+------------+---------------+----------+--------------+--------------+------------------+-----------------------------------+---------------------------+----------------------------+-----------------------------+---------------------+-----------------------------+----------------------+----------------------+---------------------+
; HEX0[0]  ; U21   ; 4A       ; 52           ; 0            ; 51           ; no              ; no                     ; 1         ; no              ; no         ; no            ; no       ; Off          ; 2.5 V        ; Default          ; Series 50 Ohm without Calibration ; --                        ; no                         ; no                          ; 0                   ; Off                         ; User                 ; -                    ; -                   ;
; HEX0[1]  ; V21   ; 4A       ; 51           ; 0            ; 34           ; no              ; no                     ; 1         ; no              ; no         ; no            ; no       ; Off          ; 2.5 V        ; Default          ; Series 50 Ohm without Calibration ; --                        ; no                         ; no                          ; 0                   ; Off                         ; User                 ; -                    ; -                   ;
; HEX0[2]  ; W22   ; 4A       ; 48           ; 0            ; 74           ; no              ; no                     ; 1         ; no              ; no         ; no            ; no       ; Off          ; 2.5 V        ; Default          ; Series 50 Ohm without Calibration ; --                        ; no                         ; no                          ; 0                   ; Off                         ; User                 ; -                    ; -                   ;
; HEX0[3]  ; W21   ; 4A       ; 50           ; 0            ; 34           ; no              ; no                     ; 1         ; no              ; no         ; no            ; no       ; Off          ; 2.5 V        ; Default          ; Series 50 Ohm without Calibration ; --                        ; no                         ; no                          ; 0                   ; Off                         ; User                 ; -                    ; -                   ;
; HEX0[4]  ; Y22   ; 4A       ; 48           ; 0            ; 91           ; no              ; no                     ; 1         ; no              ; no         ; no            ; no       ; Off          ; 2.5 V        ; Default          ; Series 50 Ohm without Calibration ; --                        ; no                         ; no                          ; 0                   ; Off                         ; User                 ; -                    ; -                   ;
; HEX0[5]  ; Y21   ; 4A       ; 50           ; 0            ; 51           ; no              ; no                     ; 1         ; no              ; no         ; no            ; no       ; Off          ; 2.5 V        ; Default          ; Series 50 Ohm without Calibration ; --                        ; no                         ; no                          ; 0                   ; Off                         ; User                 ; -                    ; -                   ;
; HEX0[6]  ; AA22  ; 4A       ; 46           ; 0            ; 34           ; no              ; no                     ; 1         ; no              ; no         ; no            ; no       ; Off          ; 2.5 V        ; Default          ; Series 50 Ohm without Calibration ; --                        ; no                         ; no                          ; 0                   ; Off                         ; User                 ; -                    ; -                   ;
; HEX1[0]  ; AA20  ; 4A       ; 44           ; 0            ; 34           ; no              ; no                     ; 1         ; no              ; no         ; no            ; no       ; Off          ; 2.5 V        ; Default          ; Series 50 Ohm without Calibration ; --                        ; no                         ; no                          ; 0                   ; Off                         ; User                 ; -                    ; -                   ;
; HEX1[1]  ; AB20  ; 4A       ; 40           ; 0            ; 91           ; no              ; no                     ; 1         ; no              ; no         ; no            ; no       ; Off          ; 2.5 V        ; Default          ; Series 50 Ohm without Calibration ; --                        ; no                         ; no                          ; 0                   ; Off                         ; User                 ; -                    ; -                   ;
; HEX1[2]  ; AA19  ; 4A       ; 44           ; 0            ; 51           ; no              ; no                     ; 1         ; no              ; no         ; no            ; no       ; Off          ; 2.5 V        ; Default          ; Series 50 Ohm without Calibration ; --                        ; no                         ; no                          ; 0                   ; Off                         ; User                 ; -                    ; -                   ;
; HEX1[3]  ; AA18  ; 4A       ; 43           ; 0            ; 34           ; no              ; no                     ; 1         ; no              ; no         ; no            ; no       ; Off          ; 2.5 V        ; Default          ; Series 50 Ohm without Calibration ; --                        ; no                         ; no                          ; 0                   ; Off                         ; User                 ; -                    ; -                   ;
; HEX1[4]  ; AB18  ; 4A       ; 38           ; 0            ; 34           ; no              ; no                     ; 1         ; no              ; no         ; no            ; no       ; Off          ; 2.5 V        ; Default          ; Series 50 Ohm without Calibration ; --                        ; no                         ; no                          ; 0                   ; Off                         ; User                 ; -                    ; -                   ;
; HEX1[5]  ; AA17  ; 4A       ; 43           ; 0            ; 51           ; no              ; no                     ; 1         ; no              ; no         ; no            ; no       ; Off          ; 2.5 V        ; Default          ; Series 50 Ohm without Calibration ; --                        ; no                         ; no                          ; 0                   ; Off                         ; User                 ; -                    ; -                   ;
; HEX1[6]  ; U22   ; 4A       ; 51           ; 0            ; 51           ; no              ; no                     ; 1         ; no              ; no         ; no            ; no       ; Off          ; 2.5 V        ; Default          ; Series 50 Ohm without Calibration ; --                        ; no                         ; no                          ; 0                   ; Off                         ; User                 ; -                    ; -                   ;
; LEDR[0]  ; AA2   ; 2A       ; 0            ; 18           ; 77           ; no              ; no                     ; 1         ; no              ; no         ; no            ; no       ; Off          ; 2.5 V        ; Default          ; Series 50 Ohm without Calibration ; --                        ; no                         ; no                          ; 0                   ; Off                         ; User                 ; -                    ; -                   ;
; LEDR[1]  ; AA1   ; 2A       ; 0            ; 18           ; 94           ; no              ; no                     ; 1         ; no              ; no         ; no            ; no       ; Off          ; 2.5 V        ; Default          ; Series 50 Ohm without Calibration ; --                        ; no                         ; no                          ; 0                   ; Off                         ; User                 ; -                    ; -                   ;
; LEDR[2]  ; W2    ; 2A       ; 0            ; 18           ; 60           ; no              ; no                     ; 1         ; no              ; no         ; no            ; no       ; Off          ; 2.5 V        ; Default          ; Series 50 Ohm without Calibration ; --                        ; no                         ; no                          ; 0                   ; Off                         ; User                 ; -                    ; -                   ;
; LEDR[3]  ; Y3    ; 2A       ; 0            ; 18           ; 43           ; no              ; no                     ; 1         ; no              ; no         ; no            ; no       ; Off          ; 2.5 V        ; Default          ; Series 50 Ohm without Calibration ; --                        ; no                         ; no                          ; 0                   ; Off                         ; User                 ; -                    ; -                   ;
; LEDR[4]  ; N2    ; 2A       ; 0            ; 19           ; 37           ; no              ; no                     ; 1         ; no              ; no         ; no            ; no       ; Off          ; 2.5 V        ; Default          ; Series 50 Ohm without Calibration ; --                        ; no                         ; no                          ; 0                   ; Off                         ; User                 ; -                    ; -                   ;
; LEDR[5]  ; N1    ; 2A       ; 0            ; 19           ; 54           ; no              ; no                     ; 1         ; no              ; no         ; no            ; no       ; Off          ; 2.5 V        ; Default          ; Series 50 Ohm without Calibration ; --                        ; no                         ; no                          ; 0                   ; Off                         ; User                 ; -                    ; -                   ;
; LEDR[6]  ; U2    ; 2A       ; 0            ; 19           ; 3            ; no              ; no                     ; 1         ; no              ; no         ; no            ; no       ; Off          ; 2.5 V        ; Default          ; Series 50 Ohm without Calibration ; --                        ; no                         ; no                          ; 0                   ; Off                         ; User                 ; -                    ; -                   ;
; LEDR[7]  ; U1    ; 2A       ; 0            ; 19           ; 20           ; no              ; no                     ; 1         ; no              ; no         ; no            ; no       ; Off          ; 2.5 V        ; Default          ; Series 50 Ohm without Calibration ; --                        ; no                         ; no                          ; 0                   ; Off                         ; User                 ; -                    ; -                   ;
; LEDR[8]  ; L2    ; 2A       ; 0            ; 20           ; 37           ; no              ; no                     ; 1         ; no              ; no         ; no            ; no       ; Off          ; 2.5 V        ; Default          ; Series 50 Ohm without Calibration ; --                        ; no                         ; no                          ; 0                   ; Off                         ; User                 ; -                    ; -                   ;
; LEDR[9]  ; L1    ; 2A       ; 0            ; 20           ; 54           ; no              ; no                     ; 1         ; no              ; no         ; no            ; no       ; Off          ; 2.5 V        ; Default          ; Series 50 Ohm without Calibration ; --                        ; no                         ; no                          ; 0                   ; Off                         ; User                 ; -                    ; -                   ;
; VGA_B[0] ; B6    ; 8A       ; 14           ; 45           ; 34           ; no              ; no                     ; 1         ; no              ; no         ; no            ; no       ; Off          ; 2.5 V        ; Default          ; Series 50 Ohm without Calibration ; --                        ; no                         ; no                          ; 0                   ; Off                         ; User                 ; -                    ; -                   ;
; VGA_B[1] ; B7    ; 8A       ; 14           ; 45           ; 51           ; no              ; no                     ; 1         ; no              ; no         ; no            ; no       ; Off          ; 2.5 V        ; Default          ; Series 50 Ohm without Calibration ; --                        ; no                         ; no                          ; 0                   ; Off                         ; User                 ; -                    ; -                   ;
; VGA_B[2] ; A8    ; 8A       ; 12           ; 45           ; 0            ; no              ; no                     ; 1         ; no              ; no         ; no            ; no       ; Off          ; 2.5 V        ; Default          ; Series 50 Ohm without Calibration ; --                        ; no                         ; no                          ; 0                   ; Off                         ; User                 ; -                    ; -                   ;
; VGA_B[3] ; A7    ; 8A       ; 12           ; 45           ; 17           ; no              ; no                     ; 1         ; no              ; no         ; no            ; no       ; Off          ; 2.5 V        ; Default          ; Series 50 Ohm without Calibration ; --                        ; no                         ; no                          ; 0                   ; Off                         ; User                 ; -                    ; -                   ;
; VGA_G[0] ; L7    ; 8A       ; 22           ; 45           ; 34           ; no              ; no                     ; 1         ; no              ; no         ; no            ; no       ; Off          ; 2.5 V        ; Default          ; Series 50 Ohm without Calibration ; --                        ; no                         ; no                          ; 0                   ; Off                         ; User                 ; -                    ; -                   ;
; VGA_G[1] ; K7    ; 8A       ; 22           ; 45           ; 51           ; no              ; no                     ; 1         ; no              ; no         ; no            ; no       ; Off          ; 2.5 V        ; Default          ; Series 50 Ohm without Calibration ; --                        ; no                         ; no                          ; 0                   ; Off                         ; User                 ; -                    ; -                   ;
; VGA_G[2] ; J7    ; 8A       ; 20           ; 45           ; 0            ; no              ; no                     ; 1         ; no              ; no         ; no            ; no       ; Off          ; 2.5 V        ; Default          ; Series 50 Ohm without Calibration ; --                        ; no                         ; no                          ; 0                   ; Off                         ; User                 ; -                    ; -                   ;
; VGA_G[3] ; J8    ; 8A       ; 20           ; 45           ; 17           ; no              ; no                     ; 1         ; no              ; no         ; no            ; no       ; Off          ; 2.5 V        ; Default          ; Series 50 Ohm without Calibration ; --                        ; no                         ; no                          ; 0                   ; Off                         ; User                 ; -                    ; -                   ;
; VGA_HS   ; H8    ; 8A       ; 20           ; 45           ; 34           ; no              ; no                     ; 1         ; no              ; no         ; no            ; no       ; Off          ; 2.5 V        ; Default          ; Series 50 Ohm without Calibration ; --                        ; no                         ; no                          ; 0                   ; Off                         ; User                 ; -                    ; -                   ;
; VGA_R[0] ; A9    ; 8A       ; 18           ; 45           ; 51           ; no              ; no                     ; 1         ; no              ; no         ; no            ; no       ; Off          ; 2.5 V        ; Default          ; Series 50 Ohm without Calibration ; --                        ; no                         ; no                          ; 0                   ; Off                         ; User                 ; -                    ; -                   ;
; VGA_R[1] ; B10   ; 8A       ; 16           ; 45           ; 40           ; no              ; no                     ; 1         ; no              ; no         ; no            ; no       ; Off          ; 2.5 V        ; Default          ; Series 50 Ohm without Calibration ; --                        ; no                         ; no                          ; 0                   ; Off                         ; User                 ; -                    ; -                   ;
; VGA_R[2] ; C9    ; 8A       ; 16           ; 45           ; 57           ; no              ; no                     ; 1         ; no              ; no         ; no            ; no       ; Off          ; 2.5 V        ; Default          ; Series 50 Ohm without Calibration ; --                        ; no                         ; no                          ; 0                   ; Off                         ; User                 ; -                    ; -                   ;
; VGA_R[3] ; A5    ; 8A       ; 16           ; 45           ; 74           ; no              ; no                     ; 1         ; no              ; no         ; no            ; no       ; Off          ; 2.5 V        ; Default          ; Series 50 Ohm without Calibration ; --                        ; no                         ; no                          ; 0                   ; Off                         ; User                 ; -                    ; -                   ;
; VGA_VS   ; G8    ; 8A       ; 20           ; 45           ; 51           ; no              ; no                     ; 1         ; no              ; no         ; no            ; no       ; Off          ; 2.5 V        ; Default          ; Series 50 Ohm without Calibration ; --                        ; no                         ; no                          ; 0                   ; Off                         ; User                 ; -                    ; -                   ;
+----------+-------+----------+--------------+--------------+--------------+-----------------+------------------------+-----------+-----------------+------------+---------------+----------+--------------+--------------+------------------+-----------------------------------+---------------------------+----------------------------+-----------------------------+---------------------+-----------------------------+----------------------+----------------------+---------------------+


+-------------------------------------------------------------------------------------------------------------------------------------------------------------------------------------------------------------------------------------------------------------------------------------------------------------------------------------------------------------------------------------------------------------------------------------------------------------------------------------------------------------------------------------------------------------------------------------+
; Bidir Pins                                                                                                                                                                                                                                                                                                                                                                                                                                                                                                                                                                          ;
+---------+-------+----------+--------------+--------------+--------------+-----------------------+--------------------+--------+----------------+-----------------+------------------------+-----------+-----------------+------------+----------+--------------+--------------+------------------+-------------------+-----------------------------------+---------------------------+----------------------------+---------------------+-----------------------------+----------------------+----------------------+---------------------------------------------------------------+
; Name    ; Pin # ; I/O Bank ; X coordinate ; Y coordinate ; Z coordinate ; Combinational Fan-Out ; Registered Fan-Out ; Global ; Input Register ; Output Register ; Output Enable Register ; Slew Rate ; PCI I/O Enabled ; Open Drain ; Bus Hold ; Weak Pull Up ; I/O Standard ; Current Strength ; Input Termination ; Output Termination                ; Termination Control Block ; Output Buffer Pre-emphasis ; Output Buffer Delay ; Output Buffer Delay Control ; Location assigned by ; Output Enable Source ; Output Enable Group                                           ;
+---------+-------+----------+--------------+--------------+--------------+-----------------------+--------------------+--------+----------------+-----------------+------------------------+-----------+-----------------+------------+----------+--------------+--------------+------------------+-------------------+-----------------------------------+---------------------------+----------------------------+---------------------+-----------------------------+----------------------+----------------------+---------------------------------------------------------------+
; PS2_CLK ; D3    ; 2A       ; 0            ; 20           ; 3            ; 1                     ; 0                  ; no     ; no             ; no              ; no                     ; 1         ; no              ; no         ; no       ; Off          ; 2.5 V        ; Default          ; Off               ; Series 50 Ohm without Calibration ; --                        ; no                         ; 0                   ; Off                         ; User                 ; 0 pF                 ; MOUSE:MOUSE_CONTROLS|WideOr4 (inverted)                       ;
; PS2_DAT ; G2    ; 2A       ; 0            ; 21           ; 3            ; 3                     ; 0                  ; no     ; no             ; no              ; no                     ; 1         ; no              ; no         ; no       ; Off          ; 2.5 V        ; Default          ; Off               ; Series 50 Ohm without Calibration ; --                        ; no                         ; 0                   ; Off                         ; User                 ; 0 pF                 ; MOUSE:MOUSE_CONTROLS|mouse_state.WAIT_OUTPUT_READY (inverted) ;
+---------+-------+----------+--------------+--------------+--------------+-----------------------+--------------------+--------+----------------+-----------------+------------------------+-----------+-----------------+------------+----------+--------------+--------------+------------------+-------------------+-----------------------------------+---------------------------+----------------------------+---------------------+-----------------------------+----------------------+----------------------+---------------------------------------------------------------+


+----------------------------------------------------------------------------+
; I/O Bank Usage                                                             ;
+----------+------------------+---------------+--------------+---------------+
; I/O Bank ; Usage            ; VCCIO Voltage ; VREF Voltage ; VCCPD Voltage ;
+----------+------------------+---------------+--------------+---------------+
; 2A       ; 12 / 16 ( 75 % ) ; 2.5V          ; --           ; 2.5V          ;
; 3A       ; 4 / 16 ( 25 % )  ; 2.5V          ; --           ; 2.5V          ;
; 3B       ; 1 / 32 ( 3 % )   ; 2.5V          ; --           ; 2.5V          ;
; 4A       ; 24 / 48 ( 50 % ) ; 2.5V          ; --           ; 2.5V          ;
; 5A       ; 0 / 16 ( 0 % )   ; 2.5V          ; --           ; 2.5V          ;
; 5B       ; 0 / 16 ( 0 % )   ; 2.5V          ; --           ; 2.5V          ;
; 7A       ; 0 / 48 ( 0 % )   ; 2.5V          ; --           ; 2.5V          ;
; 8A       ; 14 / 32 ( 44 % ) ; 2.5V          ; --           ; 2.5V          ;
+----------+------------------+---------------+--------------+---------------+


+-----------------------------------------------------------------------------------------------------------------------------------------------------------------------------+
; All Package Pins                                                                                                                                                            ;
+----------+------------+----------+---------------------------------+--------+--------------+---------------------+--------------+-----------------+----------+--------------+
; Location ; Pad Number ; I/O Bank ; Pin Name/Usage                  ; Dir.   ; I/O Standard ; Voltage             ; I/O Type     ; User Assignment ; Bus Hold ; Weak Pull Up ;
+----------+------------+----------+---------------------------------+--------+--------------+---------------------+--------------+-----------------+----------+--------------+
; A1       ;            ;          ; RREF                            ;        ;              ;                     ; --           ;                 ; --       ; --           ;
; A2       ; 288        ; 9A       ; ^MSEL2                          ;        ;              ;                     ; --           ;                 ; --       ; --           ;
; A3       ;            ; --       ; VCCBAT                          ; power  ;              ; 1.2V                ; --           ;                 ; --       ; --           ;
; A4       ; 290        ; 9A       ; ^nCONFIG                        ;        ;              ;                     ; --           ;                 ; --       ; --           ;
; A5       ; 264        ; 8A       ; VGA_R[3]                        ; output ; 2.5 V        ;                     ; Column I/O   ; Y               ; no       ; Off          ;
; A6       ;            ; 8A       ; VCCIO8A                         ; power  ;              ; 2.5V                ; --           ;                 ; --       ; --           ;
; A7       ; 273        ; 8A       ; VGA_B[3]                        ; output ; 2.5 V        ;                     ; Column I/O   ; Y               ; no       ; Off          ;
; A8       ; 271        ; 8A       ; VGA_B[2]                        ; output ; 2.5 V        ;                     ; Column I/O   ; Y               ; no       ; Off          ;
; A9       ; 262        ; 8A       ; VGA_R[0]                        ; output ; 2.5 V        ;                     ; Column I/O   ; Y               ; no       ; Off          ;
; A10      ; 260        ; 8A       ; RESERVED_INPUT_WITH_WEAK_PULLUP ;        ;              ;                     ; Column I/O   ;                 ; no       ; On           ;
; A11      ;            ;          ; GND                             ; gnd    ;              ;                     ; --           ;                 ; --       ; --           ;
; A12      ; 242        ; 7A       ; RESERVED_INPUT_WITH_WEAK_PULLUP ;        ;              ;                     ; Column I/O   ;                 ; no       ; On           ;
; A13      ; 230        ; 7A       ; RESERVED_INPUT_WITH_WEAK_PULLUP ;        ;              ;                     ; Column I/O   ;                 ; no       ; On           ;
; A14      ; 218        ; 7A       ; RESERVED_INPUT_WITH_WEAK_PULLUP ;        ;              ;                     ; Column I/O   ;                 ; no       ; On           ;
; A15      ; 216        ; 7A       ; RESERVED_INPUT_WITH_WEAK_PULLUP ;        ;              ;                     ; Column I/O   ;                 ; no       ; On           ;
; A16      ;            ; 7A       ; VCCIO7A                         ; power  ;              ; 2.5V                ; --           ;                 ; --       ; --           ;
; A17      ;            ;          ; NC                              ;        ;              ;                     ; --           ;                 ; --       ; --           ;
; A18      ;            ;          ; NC                              ;        ;              ;                     ; --           ;                 ; --       ; --           ;
; A19      ;            ;          ; NC                              ;        ;              ;                     ; --           ;                 ; --       ; --           ;
; A20      ;            ;          ; NC                              ;        ;              ;                     ; --           ;                 ; --       ; --           ;
; A21      ;            ;          ; GND                             ; gnd    ;              ;                     ; --           ;                 ; --       ; --           ;
; A22      ;            ;          ; NC                              ;        ;              ;                     ; --           ;                 ; --       ; --           ;
; AA1      ; 29         ; 2A       ; LEDR[1]                         ; output ; 2.5 V        ;                     ; Row I/O      ; Y               ; no       ; Off          ;
; AA2      ; 31         ; 2A       ; LEDR[0]                         ; output ; 2.5 V        ;                     ; Row I/O      ; Y               ; no       ; Off          ;
; AA3      ;            ;          ; GND                             ; gnd    ;              ;                     ; --           ;                 ; --       ; --           ;
; AA4      ;            ;          ; GND                             ; gnd    ;              ;                     ; --           ;                 ; --       ; --           ;
; AA5      ; 53         ; 3A       ; ^AS_DATA2, DATA2                ;        ;              ;                     ; Weak Pull Up ;                 ; --       ; On           ;
; AA6      ;            ;          ; GND                             ; gnd    ;              ;                     ; --           ;                 ; --       ; --           ;
; AA7      ; 79         ; 3B       ; RESERVED_INPUT_WITH_WEAK_PULLUP ;        ;              ;                     ; Column I/O   ;                 ; no       ; On           ;
; AA8      ; 82         ; 3B       ; RESERVED_INPUT_WITH_WEAK_PULLUP ;        ;              ;                     ; Column I/O   ;                 ; no       ; On           ;
; AA9      ; 89         ; 3B       ; RESERVED_INPUT_WITH_WEAK_PULLUP ;        ;              ;                     ; Column I/O   ;                 ; no       ; On           ;
; AA10     ; 87         ; 3B       ; RESERVED_INPUT_WITH_WEAK_PULLUP ;        ;              ;                     ; Column I/O   ;                 ; no       ; On           ;
; AA11     ;            ;          ; GND                             ; gnd    ;              ;                     ; --           ;                 ; --       ; --           ;
; AA12     ; 105        ; 3B       ; RESERVED_INPUT_WITH_WEAK_PULLUP ;        ;              ;                     ; Column I/O   ;                 ; no       ; On           ;
; AA13     ; 113        ; 4A       ; SW[7]                           ; input  ; 2.5 V        ;                     ; Column I/O   ; Y               ; no       ; Off          ;
; AA14     ; 111        ; 4A       ; SW[6]                           ; input  ; 2.5 V        ;                     ; Column I/O   ; Y               ; no       ; Off          ;
; AA15     ; 116        ; 4A       ; SW[4]                           ; input  ; 2.5 V        ;                     ; Column I/O   ; Y               ; no       ; Off          ;
; AA16     ;            ; 4A       ; VCCIO4A                         ; power  ;              ; 2.5V                ; --           ;                 ; --       ; --           ;
; AA17     ; 127        ; 4A       ; HEX1[5]                         ; output ; 2.5 V        ;                     ; Column I/O   ; Y               ; no       ; Off          ;
; AA18     ; 129        ; 4A       ; HEX1[3]                         ; output ; 2.5 V        ;                     ; Column I/O   ; Y               ; no       ; Off          ;
; AA19     ; 130        ; 4A       ; HEX1[2]                         ; output ; 2.5 V        ;                     ; Column I/O   ; Y               ; no       ; Off          ;
; AA20     ; 132        ; 4A       ; HEX1[0]                         ; output ; 2.5 V        ;                     ; Column I/O   ; Y               ; no       ; Off          ;
; AA21     ;            ; 4A       ; VCCIO4A                         ; power  ;              ; 2.5V                ; --           ;                 ; --       ; --           ;
; AA22     ; 137        ; 4A       ; HEX0[6]                         ; output ; 2.5 V        ;                     ; Column I/O   ; Y               ; no       ; Off          ;
; AB1      ;            ;          ; GND                             ; gnd    ;              ;                     ; --           ;                 ; --       ; --           ;
; AB2      ;            ;          ; GND                             ; gnd    ;              ;                     ; --           ;                 ; --       ; --           ;
; AB3      ; 55         ; 3A       ; ^AS_DATA1, DATA1                ;        ;              ;                     ; Weak Pull Up ;                 ; --       ; On           ;
; AB4      ; 57         ; 3A       ; ^AS_DATA0, ASDO, DATA0          ;        ;              ;                     ; Weak Pull Up ;                 ; --       ; On           ;
; AB5      ; 76         ; 3B       ; RESERVED_INPUT_WITH_WEAK_PULLUP ;        ;              ;                     ; Column I/O   ;                 ; no       ; On           ;
; AB6      ; 74         ; 3B       ; RESERVED_INPUT_WITH_WEAK_PULLUP ;        ;              ;                     ; Column I/O   ;                 ; no       ; On           ;
; AB7      ; 81         ; 3B       ; RESERVED_INPUT_WITH_WEAK_PULLUP ;        ;              ;                     ; Column I/O   ;                 ; no       ; On           ;
; AB8      ; 84         ; 3B       ; RESERVED_INPUT_WITH_WEAK_PULLUP ;        ;              ;                     ; Column I/O   ;                 ; no       ; On           ;
; AB9      ;            ;          ; GND                             ; gnd    ;              ;                     ; --           ;                 ; --       ; --           ;
; AB10     ; 98         ; 3B       ; RESERVED_INPUT_WITH_WEAK_PULLUP ;        ;              ;                     ; Column I/O   ;                 ; no       ; On           ;
; AB11     ; 100        ; 3B       ; RESERVED_INPUT_WITH_WEAK_PULLUP ;        ;              ;                     ; Column I/O   ;                 ; no       ; On           ;
; AB12     ; 108        ; 4A       ; SW[9]                           ; input  ; 2.5 V        ;                     ; Column I/O   ; Y               ; no       ; Off          ;
; AB13     ; 106        ; 4A       ; SW[8]                           ; input  ; 2.5 V        ;                     ; Column I/O   ; Y               ; no       ; Off          ;
; AB14     ;            ;          ; GND                             ; gnd    ;              ;                     ; --           ;                 ; --       ; --           ;
; AB15     ; 114        ; 4A       ; SW[5]                           ; input  ; 2.5 V        ;                     ; Column I/O   ; Y               ; no       ; Off          ;
; AB16     ;            ; 4A       ; VREFB4AN0                       ; power  ;              ;                     ; --           ;                 ; --       ; --           ;
; AB17     ; 119        ; 4A       ; RESERVED_INPUT_WITH_WEAK_PULLUP ;        ;              ;                     ; Column I/O   ;                 ; no       ; On           ;
; AB18     ; 121        ; 4A       ; HEX1[4]                         ; output ; 2.5 V        ;                     ; Column I/O   ; Y               ; no       ; Off          ;
; AB19     ;            ;          ; GND                             ; gnd    ;              ;                     ; --           ;                 ; --       ; --           ;
; AB20     ; 122        ; 4A       ; HEX1[1]                         ; output ; 2.5 V        ;                     ; Column I/O   ; Y               ; no       ; Off          ;
; AB21     ; 124        ; 4A       ; RESERVED_INPUT_WITH_WEAK_PULLUP ;        ;              ;                     ; Column I/O   ;                 ; no       ; On           ;
; AB22     ; 135        ; 4A       ; RESERVED_INPUT_WITH_WEAK_PULLUP ;        ;              ;                     ; Column I/O   ;                 ; no       ; On           ;
; B1       ;            ;          ; GND                             ; gnd    ;              ;                     ; --           ;                 ; --       ; --           ;
; B2       ;            ;          ; GND                             ; gnd    ;              ;                     ; --           ;                 ; --       ; --           ;
; B3       ;            ;          ; DNU                             ;        ;              ;                     ; --           ;                 ; --       ; --           ;
; B4       ;            ;          ; DNU                             ;        ;              ;                     ; --           ;                 ; --       ; --           ;
; B5       ; 266        ; 8A       ; RESERVED_INPUT_WITH_WEAK_PULLUP ;        ;              ;                     ; Column I/O   ;                 ; no       ; On           ;
; B6       ; 268        ; 8A       ; VGA_B[0]                        ; output ; 2.5 V        ;                     ; Column I/O   ; Y               ; no       ; Off          ;
; B7       ; 270        ; 8A       ; VGA_B[1]                        ; output ; 2.5 V        ;                     ; Column I/O   ; Y               ; no       ; Off          ;
; B8       ;            ; 8A       ; VREFB8AN0                       ; power  ;              ;                     ; --           ;                 ; --       ; --           ;
; B9       ;            ;          ; GND                             ; gnd    ;              ;                     ; --           ;                 ; --       ; --           ;
; B10      ; 263        ; 8A       ; VGA_R[1]                        ; output ; 2.5 V        ;                     ; Column I/O   ; Y               ; no       ; Off          ;
; B11      ; 250        ; 7A       ; RESERVED_INPUT_WITH_WEAK_PULLUP ;        ;              ;                     ; Column I/O   ;                 ; no       ; On           ;
; B12      ; 240        ; 7A       ; RESERVED_INPUT_WITH_WEAK_PULLUP ;        ;              ;                     ; Column I/O   ;                 ; no       ; On           ;
; B13      ; 228        ; 7A       ; RESERVED_INPUT_WITH_WEAK_PULLUP ;        ;              ;                     ; Column I/O   ;                 ; no       ; On           ;
; B14      ;            ;          ; GND                             ; gnd    ;              ;                     ; --           ;                 ; --       ; --           ;
; B15      ; 225        ; 7A       ; RESERVED_INPUT_WITH_WEAK_PULLUP ;        ;              ;                     ; Column I/O   ;                 ; no       ; On           ;
; B16      ; 204        ; 7A       ; RESERVED_INPUT_WITH_WEAK_PULLUP ;        ;              ;                     ; Column I/O   ;                 ; no       ; On           ;
; B17      ;            ;          ; NC                              ;        ;              ;                     ; --           ;                 ; --       ; --           ;
; B18      ;            ;          ; NC                              ;        ;              ;                     ; --           ;                 ; --       ; --           ;
; B19      ;            ; 7A       ; VCCIO7A                         ; power  ;              ; 2.5V                ; --           ;                 ; --       ; --           ;
; B20      ;            ;          ; NC                              ;        ;              ;                     ; --           ;                 ; --       ; --           ;
; B21      ;            ;          ; NC                              ;        ;              ;                     ; --           ;                 ; --       ; --           ;
; B22      ;            ;          ; NC                              ;        ;              ;                     ; --           ;                 ; --       ; --           ;
; C1       ; 16         ; 2A       ; RESERVED_INPUT_WITH_WEAK_PULLUP ;        ;              ;                     ; Row I/O      ;                 ; no       ; On           ;
; C2       ; 18         ; 2A       ; RESERVED_INPUT_WITH_WEAK_PULLUP ;        ;              ;                     ; Row I/O      ;                 ; no       ; On           ;
; C3       ;            ;          ; GND                             ; gnd    ;              ;                     ; --           ;                 ; --       ; --           ;
; C4       ;            ;          ; GND                             ; gnd    ;              ;                     ; --           ;                 ; --       ; --           ;
; C5       ; 292        ; 9A       ; ^GND                            ;        ;              ;                     ; --           ;                 ; --       ; --           ;
; C6       ; 272        ; 8A       ; RESERVED_INPUT_WITH_WEAK_PULLUP ;        ;              ;                     ; Column I/O   ;                 ; no       ; On           ;
; C7       ;            ; 8A       ; VCCIO8A                         ; power  ;              ; 2.5V                ; --           ;                 ; --       ; --           ;
; C8       ; 278        ; 8A       ; RESERVED_INPUT_WITH_WEAK_PULLUP ;        ;              ;                     ; Column I/O   ;                 ; no       ; On           ;
; C9       ; 265        ; 8A       ; VGA_R[2]                        ; output ; 2.5 V        ;                     ; Column I/O   ; Y               ; no       ; Off          ;
; C10      ;            ; 7A, 8A   ; VCCPD7A8A                       ; power  ;              ; 2.5V                ; --           ;                 ; --       ; --           ;
; C11      ; 248        ; 7A       ; RESERVED_INPUT_WITH_WEAK_PULLUP ;        ;              ;                     ; Column I/O   ;                 ; no       ; On           ;
; C12      ;            ; 7A       ; VCCIO7A                         ; power  ;              ; 2.5V                ; --           ;                 ; --       ; --           ;
; C13      ; 241        ; 7A       ; RESERVED_INPUT_WITH_WEAK_PULLUP ;        ;              ;                     ; Column I/O   ;                 ; no       ; On           ;
; C14      ;            ; 7A       ; VREFB7AN0                       ; power  ;              ;                     ; --           ;                 ; --       ; --           ;
; C15      ; 223        ; 7A       ; RESERVED_INPUT_WITH_WEAK_PULLUP ;        ;              ;                     ; Column I/O   ;                 ; no       ; On           ;
; C16      ; 206        ; 7A       ; RESERVED_INPUT_WITH_WEAK_PULLUP ;        ;              ;                     ; Column I/O   ;                 ; no       ; On           ;
; C17      ;            ;          ; GND                             ; gnd    ;              ;                     ; --           ;                 ; --       ; --           ;
; C18      ;            ;          ; NC                              ;        ;              ;                     ; --           ;                 ; --       ; --           ;
; C19      ;            ;          ; NC                              ;        ;              ;                     ; --           ;                 ; --       ; --           ;
; C20      ;            ;          ; NC                              ;        ;              ;                     ; --           ;                 ; --       ; --           ;
; C21      ;            ;          ; NC                              ;        ;              ;                     ; --           ;                 ; --       ; --           ;
; C22      ;            ; 7A       ; VCCIO7A                         ; power  ;              ; 2.5V                ; --           ;                 ; --       ; --           ;
; D1       ;            ;          ; GND                             ; gnd    ;              ;                     ; --           ;                 ; --       ; --           ;
; D2       ;            ;          ; GND                             ; gnd    ;              ;                     ; --           ;                 ; --       ; --           ;
; D3       ; 22         ; 2A       ; PS2_CLK                         ; bidir  ; 2.5 V        ;                     ; Row I/O      ; Y               ; no       ; Off          ;
; D4       ;            ; 2A       ; VCCIO2A                         ; power  ;              ; 2.5V                ; --           ;                 ; --       ; --           ;
; D5       ;            ;          ; GND                             ; gnd    ;              ;                     ; --           ;                 ; --       ; --           ;
; D6       ; 274        ; 8A       ; RESERVED_INPUT_WITH_WEAK_PULLUP ;        ;              ;                     ; Column I/O   ;                 ; no       ; On           ;
; D7       ; 276        ; 8A       ; RESERVED_INPUT_WITH_WEAK_PULLUP ;        ;              ;                     ; Column I/O   ;                 ; no       ; On           ;
; D8       ;            ; 7A, 8A   ; VCCPD7A8A                       ; power  ;              ; 2.5V                ; --           ;                 ; --       ; --           ;
; D9       ; 277        ; 8A       ; RESERVED_INPUT_WITH_WEAK_PULLUP ;        ;              ;                     ; Column I/O   ;                 ; no       ; On           ;
; D10      ;            ;          ; GND                             ; gnd    ;              ;                     ; --           ;                 ; --       ; --           ;
; D11      ;            ; --       ; VCC_AUX                         ; power  ;              ; 2.5V                ; --           ;                 ; --       ; --           ;
; D12      ; 247        ; 7A       ; RESERVED_INPUT_WITH_WEAK_PULLUP ;        ;              ;                     ; Column I/O   ;                 ; no       ; On           ;
; D13      ; 239        ; 7A       ; RESERVED_INPUT_WITH_WEAK_PULLUP ;        ;              ;                     ; Column I/O   ;                 ; no       ; On           ;
; D14      ;            ; 7A, 8A   ; VCCPD7A8A                       ; power  ;              ; 2.5V                ; --           ;                 ; --       ; --           ;
; D15      ;            ; 7A       ; VCCIO7A                         ; power  ;              ; 2.5V                ; --           ;                 ; --       ; --           ;
; D16      ;            ; 7A, 8A   ; VCCPD7A8A                       ; power  ;              ; 2.5V                ; --           ;                 ; --       ; --           ;
; D17      ; 207        ; 7A       ; RESERVED_INPUT_WITH_WEAK_PULLUP ;        ;              ;                     ; Column I/O   ;                 ; no       ; On           ;
; D18      ;            ; --       ; VCC_AUX                         ; power  ;              ; 2.5V                ; --           ;                 ; --       ; --           ;
; D19      ;            ;          ; NC                              ;        ;              ;                     ; --           ;                 ; --       ; --           ;
; D20      ;            ;          ; GND                             ; gnd    ;              ;                     ; --           ;                 ; --       ; --           ;
; D21      ;            ;          ; NC                              ;        ;              ;                     ; --           ;                 ; --       ; --           ;
; D22      ;            ;          ; NC                              ;        ;              ;                     ; --           ;                 ; --       ; --           ;
; E1       ;            ; 1A, 2A   ; VCCPD1A2A                       ; power  ;              ; 2.5V                ; --           ;                 ; --       ; --           ;
; E2       ; 20         ; 2A       ; RESERVED_INPUT_WITH_WEAK_PULLUP ;        ;              ;                     ; Row I/O      ;                 ; no       ; On           ;
; E3       ;            ;          ; GND                             ; gnd    ;              ;                     ; --           ;                 ; --       ; --           ;
; E4       ;            ;          ; GND                             ; gnd    ;              ;                     ; --           ;                 ; --       ; --           ;
; E5       ; 289        ; 9A       ; ^MSEL3                          ;        ;              ;                     ; --           ;                 ; --       ; --           ;
; E6       ;            ; --       ; VCC_AUX                         ; power  ;              ; 2.5V                ; --           ;                 ; --       ; --           ;
; E7       ; 282        ; 8A       ; RESERVED_INPUT_WITH_WEAK_PULLUP ;        ;              ;                     ; Column I/O   ;                 ; no       ; On           ;
; E8       ;            ; 8A       ; VCCIO8A                         ; power  ;              ; 2.5V                ; --           ;                 ; --       ; --           ;
; E9       ; 275        ; 8A       ; RESERVED_INPUT_WITH_WEAK_PULLUP ;        ;              ;                     ; Column I/O   ;                 ; no       ; On           ;
; E10      ; 267        ; 8A       ; RESERVED_INPUT_WITH_WEAK_PULLUP ;        ;              ;                     ; Column I/O   ;                 ; no       ; On           ;
; E11      ;            ; 7A, 8A   ; VCCPD7A8A                       ; power  ;              ; 2.5V                ; --           ;                 ; --       ; --           ;
; E12      ; 249        ; 7A       ; RESERVED_INPUT_WITH_WEAK_PULLUP ;        ;              ;                     ; Column I/O   ;                 ; no       ; On           ;
; E13      ;            ;          ; GND                             ; gnd    ;              ;                     ; --           ;                 ; --       ; --           ;
; E14      ; 231        ; 7A       ; RESERVED_INPUT_WITH_WEAK_PULLUP ;        ;              ;                     ; Column I/O   ;                 ; no       ; On           ;
; E15      ; 215        ; 7A       ; RESERVED_INPUT_WITH_WEAK_PULLUP ;        ;              ;                     ; Column I/O   ;                 ; no       ; On           ;
; E16      ; 209        ; 7A       ; RESERVED_INPUT_WITH_WEAK_PULLUP ;        ;              ;                     ; Column I/O   ;                 ; no       ; On           ;
; E17      ;            ;          ; DNU                             ;        ;              ;                     ; --           ;                 ; --       ; --           ;
; E18      ;            ; 7A       ; VCCIO7A                         ; power  ;              ; 2.5V                ; --           ;                 ; --       ; --           ;
; E19      ;            ;          ; NC                              ;        ;              ;                     ; --           ;                 ; --       ; --           ;
; E20      ;            ;          ; NC                              ;        ;              ;                     ; --           ;                 ; --       ; --           ;
; E21      ;            ;          ; NC                              ;        ;              ;                     ; --           ;                 ; --       ; --           ;
; E22      ;            ;          ; NC                              ;        ;              ;                     ; --           ;                 ; --       ; --           ;
; F1       ;            ;          ; GND                             ; gnd    ;              ;                     ; --           ;                 ; --       ; --           ;
; F2       ;            ;          ; GND                             ; gnd    ;              ;                     ; --           ;                 ; --       ; --           ;
; F3       ; 291        ; 9A       ; ^MSEL4                          ;        ;              ;                     ; --           ;                 ; --       ; --           ;
; F4       ;            ; --       ; VCCA_FPLL                       ; power  ;              ; 2.5V                ; --           ;                 ; --       ; --           ;
; F5       ;            ;          ; GND                             ; gnd    ;              ;                     ; --           ;                 ; --       ; --           ;
; F6       ;            ;          ; GND                             ; gnd    ;              ;                     ; --           ;                 ; --       ; --           ;
; F7       ; 280        ; 8A       ; RESERVED_INPUT_WITH_WEAK_PULLUP ;        ;              ;                     ; Column I/O   ;                 ; no       ; On           ;
; F8       ;            ; --       ; VCCPGM                          ; power  ;              ; 1.8V/2.5V/3.0V/3.3V ; --           ;                 ; --       ; --           ;
; F9       ; 269        ; 8A       ; RESERVED_INPUT_WITH_WEAK_PULLUP ;        ;              ;                     ; Column I/O   ;                 ; no       ; On           ;
; F10      ; 253        ; 8A       ; RESERVED_INPUT_WITH_WEAK_PULLUP ;        ;              ;                     ; Column I/O   ;                 ; no       ; On           ;
; F11      ;            ; 7A       ; VCCIO7A                         ; power  ;              ; 2.5V                ; --           ;                 ; --       ; --           ;
; F12      ; 238        ; 7A       ; RESERVED_INPUT_WITH_WEAK_PULLUP ;        ;              ;                     ; Column I/O   ;                 ; no       ; On           ;
; F13      ; 233        ; 7A       ; RESERVED_INPUT_WITH_WEAK_PULLUP ;        ;              ;                     ; Column I/O   ;                 ; no       ; On           ;
; F14      ; 226        ; 7A       ; RESERVED_INPUT_WITH_WEAK_PULLUP ;        ;              ;                     ; Column I/O   ;                 ; no       ; On           ;
; F15      ; 217        ; 7A       ; RESERVED_INPUT_WITH_WEAK_PULLUP ;        ;              ;                     ; Column I/O   ;                 ; no       ; On           ;
; F16      ;            ;          ; GND                             ; gnd    ;              ;                     ; --           ;                 ; --       ; --           ;
; F17      ; 202        ; 7A       ; ^GND                            ;        ;              ;                     ; --           ;                 ; --       ; --           ;
; F18      ;            ;          ; NC                              ;        ;              ;                     ; --           ;                 ; --       ; --           ;
; F19      ;            ;          ; NC                              ;        ;              ;                     ; --           ;                 ; --       ; --           ;
; F20      ;            ;          ; NC                              ;        ;              ;                     ; --           ;                 ; --       ; --           ;
; F21      ;            ; 7A       ; VCCIO7A                         ; power  ;              ; 2.5V                ; --           ;                 ; --       ; --           ;
; F22      ;            ;          ; NC                              ;        ;              ;                     ; --           ;                 ; --       ; --           ;
; G1       ; 17         ; 2A       ; RESERVED_INPUT_WITH_WEAK_PULLUP ;        ;              ;                     ; Row I/O      ;                 ; no       ; On           ;
; G2       ; 19         ; 2A       ; PS2_DAT                         ; bidir  ; 2.5 V        ;                     ; Row I/O      ; Y               ; no       ; Off          ;
; G3       ;            ;          ; GND                             ; gnd    ;              ;                     ; --           ;                 ; --       ; --           ;
; G4       ;            ;          ; GND                             ; gnd    ;              ;                     ; --           ;                 ; --       ; --           ;
; G5       ; 287        ; 9A       ; ^nCE                            ;        ;              ;                     ; --           ;                 ; --       ; --           ;
; G6       ; 279        ; 8A       ; RESERVED_INPUT_WITH_WEAK_PULLUP ;        ;              ;                     ; Column I/O   ;                 ; no       ; On           ;
; G7       ;            ; 8A       ; VCCIO8A                         ; power  ;              ; 2.5V                ; --           ;                 ; --       ; --           ;
; G8       ; 258        ; 8A       ; VGA_VS                          ; output ; 2.5 V        ;                     ; Column I/O   ; Y               ; no       ; Off          ;
; G9       ;            ;          ; GND                             ; gnd    ;              ;                     ; --           ;                 ; --       ; --           ;
; G10      ; 251        ; 8A       ; RESERVED_INPUT_WITH_WEAK_PULLUP ;        ;              ;                     ; Column I/O   ;                 ; no       ; On           ;
; G11      ; 236        ; 7A       ; RESERVED_INPUT_WITH_WEAK_PULLUP ;        ;              ;                     ; Column I/O   ;                 ; no       ; On           ;
; G12      ; 245        ; 7A       ; RESERVED_INPUT_WITH_WEAK_PULLUP ;        ;              ;                     ; Column I/O   ;                 ; no       ; On           ;
; G13      ; 237        ; 7A       ; RESERVED_INPUT_WITH_WEAK_PULLUP ;        ;              ;                     ; Column I/O   ;                 ; no       ; On           ;
; G14      ;            ; 7A       ; VCCIO7A                         ; power  ;              ; 2.5V                ; --           ;                 ; --       ; --           ;
; G15      ; 224        ; 7A       ; RESERVED_INPUT_WITH_WEAK_PULLUP ;        ;              ;                     ; Column I/O   ;                 ; no       ; On           ;
; G16      ; 210        ; 7A       ; RESERVED_INPUT_WITH_WEAK_PULLUP ;        ;              ;                     ; Column I/O   ;                 ; no       ; On           ;
; G17      ; 208        ; 7A       ; RESERVED_INPUT_WITH_WEAK_PULLUP ;        ;              ;                     ; Column I/O   ;                 ; no       ; On           ;
; G18      ; 211        ; 7A       ; RESERVED_INPUT_WITH_WEAK_PULLUP ;        ;              ;                     ; Column I/O   ;                 ; no       ; On           ;
; G19      ;            ;          ; GND                             ; gnd    ;              ;                     ; --           ;                 ; --       ; --           ;
; G20      ;            ;          ; NC                              ;        ;              ;                     ; --           ;                 ; --       ; --           ;
; G21      ;            ;          ; NC                              ;        ;              ;                     ; --           ;                 ; --       ; --           ;
; G22      ;            ;          ; NC                              ;        ;              ;                     ; --           ;                 ; --       ; --           ;
; H1       ;            ;          ; GND                             ; gnd    ;              ;                     ; --           ;                 ; --       ; --           ;
; H2       ;            ;          ; GND                             ; gnd    ;              ;                     ; --           ;                 ; --       ; --           ;
; H3       ;            ;          ; GND                             ; gnd    ;              ;                     ; --           ;                 ; --       ; --           ;
; H4       ;            ;          ; GND                             ; gnd    ;              ;                     ; --           ;                 ; --       ; --           ;
; H5       ; 286        ; 9A       ; ^nSTATUS                        ;        ;              ;                     ; --           ;                 ; --       ; --           ;
; H6       ; 281        ; 8A       ; RESERVED_INPUT_WITH_WEAK_PULLUP ;        ;              ;                     ; Column I/O   ;                 ; no       ; On           ;
; H7       ;            ;          ; GND                             ; gnd    ;              ;                     ; --           ;                 ; --       ; --           ;
; H8       ; 256        ; 8A       ; VGA_HS                          ; output ; 2.5 V        ;                     ; Column I/O   ; Y               ; no       ; Off          ;
; H9       ; 261        ; 8A       ; RESERVED_INPUT_WITH_WEAK_PULLUP ;        ;              ;                     ; Column I/O   ;                 ; no       ; On           ;
; H10      ; 234        ; 7A       ; RESERVED_INPUT_WITH_WEAK_PULLUP ;        ;              ;                     ; Column I/O   ;                 ; no       ; On           ;
; H11      ; 243        ; 7A       ; RESERVED_INPUT_WITH_WEAK_PULLUP ;        ;              ;                     ; Column I/O   ;                 ; no       ; On           ;
; H12      ;            ;          ; GND                             ; gnd    ;              ;                     ; --           ;                 ; --       ; --           ;
; H13      ; 235        ; 7A       ; RESERVED_INPUT_WITH_WEAK_PULLUP ;        ;              ;                     ; Column I/O   ;                 ; no       ; On           ;
; H14      ; 227        ; 7A       ; RESERVED_INPUT_WITH_WEAK_PULLUP ;        ;              ;                     ; Column I/O   ;                 ; no       ; On           ;
; H15      ; 221        ; 7A       ; RESERVED_INPUT_WITH_WEAK_PULLUP ;        ;              ;                     ; Column I/O   ;                 ; no       ; On           ;
; H16      ; 219        ; 7A       ; RESERVED_INPUT_WITH_WEAK_PULLUP ;        ;              ;                     ; Column I/O   ;                 ; no       ; On           ;
; H17      ;            ; 7A       ; VCCIO7A                         ; power  ;              ; 2.5V                ; --           ;                 ; --       ; --           ;
; H18      ; 213        ; 7A       ; RESERVED_INPUT_WITH_WEAK_PULLUP ;        ;              ;                     ; Column I/O   ;                 ; no       ; On           ;
; H19      ;            ; --       ; VCCA_FPLL                       ; power  ;              ; 2.5V                ; --           ;                 ; --       ; --           ;
; H20      ;            ;          ; NC                              ;        ;              ;                     ; --           ;                 ; --       ; --           ;
; H21      ;            ;          ; NC                              ;        ;              ;                     ; --           ;                 ; --       ; --           ;
; H22      ;            ;          ; GND                             ; gnd    ;              ;                     ; --           ;                 ; --       ; --           ;
; J1       ;            ; 2A       ; VCCIO2A                         ; power  ;              ; 2.5V                ; --           ;                 ; --       ; --           ;
; J2       ;            ; 1A, 2A   ; VCCPD1A2A                       ; power  ;              ; 2.5V                ; --           ;                 ; --       ; --           ;
; J3       ;            ;          ; GND                             ; gnd    ;              ;                     ; --           ;                 ; --       ; --           ;
; J4       ;            ; --       ; VCC                             ; power  ;              ; 1.1V                ; --           ;                 ; --       ; --           ;
; J5       ;            ;          ; GND                             ; gnd    ;              ;                     ; --           ;                 ; --       ; --           ;
; J6       ; 285        ; 9A       ; ^MSEL1                          ;        ;              ;                     ; --           ;                 ; --       ; --           ;
; J7       ; 255        ; 8A       ; VGA_G[2]                        ; output ; 2.5 V        ;                     ; Column I/O   ; Y               ; no       ; Off          ;
; J8       ; 257        ; 8A       ; VGA_G[3]                        ; output ; 2.5 V        ;                     ; Column I/O   ; Y               ; no       ; Off          ;
; J9       ; 259        ; 8A       ; RESERVED_INPUT_WITH_WEAK_PULLUP ;        ;              ;                     ; Column I/O   ;                 ; no       ; On           ;
; J10      ;            ; --       ; VCC                             ; power  ;              ; 1.1V                ; --           ;                 ; --       ; --           ;
; J11      ; 232        ; 7A       ; RESERVED_INPUT_WITH_WEAK_PULLUP ;        ;              ;                     ; Column I/O   ;                 ; no       ; On           ;
; J12      ;            ; --       ; VCC                             ; power  ;              ; 1.1V                ; --           ;                 ; --       ; --           ;
; J13      ; 229        ; 7A       ; RESERVED_INPUT_WITH_WEAK_PULLUP ;        ;              ;                     ; Column I/O   ;                 ; no       ; On           ;
; J14      ;            ; --       ; VCC                             ; power  ;              ; 1.1V                ; --           ;                 ; --       ; --           ;
; J15      ;            ;          ; GND                             ; gnd    ;              ;                     ; --           ;                 ; --       ; --           ;
; J16      ;            ; --       ; VCC                             ; power  ;              ; 1.1V                ; --           ;                 ; --       ; --           ;
; J17      ; 220        ; 7A       ; RESERVED_INPUT_WITH_WEAK_PULLUP ;        ;              ;                     ; Column I/O   ;                 ; no       ; On           ;
; J18      ; 214        ; 7A       ; RESERVED_INPUT_WITH_WEAK_PULLUP ;        ;              ;                     ; Column I/O   ;                 ; no       ; On           ;
; J19      ; 212        ; 7A       ; RESERVED_INPUT_WITH_WEAK_PULLUP ;        ;              ;                     ; Column I/O   ;                 ; no       ; On           ;
; J20      ;            ;          ; GND                             ; gnd    ;              ;                     ; --           ;                 ; --       ; --           ;
; J21      ;            ;          ; NC                              ;        ;              ;                     ; --           ;                 ; --       ; --           ;
; J22      ;            ;          ; NC                              ;        ;              ;                     ; --           ;                 ; --       ; --           ;
; K1       ;            ;          ; GND                             ; gnd    ;              ;                     ; --           ;                 ; --       ; --           ;
; K2       ;            ;          ; GND                             ; gnd    ;              ;                     ; --           ;                 ; --       ; --           ;
; K3       ;            ; --       ; VCC                             ; power  ;              ; 1.1V                ; --           ;                 ; --       ; --           ;
; K4       ;            ;          ; GND                             ; gnd    ;              ;                     ; --           ;                 ; --       ; --           ;
; K5       ;            ; --       ; VCC                             ; power  ;              ; 1.1V                ; --           ;                 ; --       ; --           ;
; K6       ; 284        ; 9A       ; ^CONF_DONE                      ;        ;              ;                     ; --           ;                 ; --       ; --           ;
; K7       ; 254        ; 8A       ; VGA_G[1]                        ; output ; 2.5 V        ;                     ; Column I/O   ; Y               ; no       ; Off          ;
; K8       ;            ;          ; GND                             ; gnd    ;              ;                     ; --           ;                 ; --       ; --           ;
; K9       ; 246        ; 7A       ; RESERVED_INPUT_WITH_WEAK_PULLUP ;        ;              ;                     ; Column I/O   ;                 ; no       ; On           ;
; K10      ;            ;          ; GND                             ; gnd    ;              ;                     ; --           ;                 ; --       ; --           ;
; K11      ;            ; --       ; VCC                             ; power  ;              ; 1.1V                ; --           ;                 ; --       ; --           ;
; K12      ;            ;          ; GND                             ; gnd    ;              ;                     ; --           ;                 ; --       ; --           ;
; K13      ;            ; --       ; VCC                             ; power  ;              ; 1.1V                ; --           ;                 ; --       ; --           ;
; K14      ;            ;          ; GND                             ; gnd    ;              ;                     ; --           ;                 ; --       ; --           ;
; K15      ;            ; --       ; VCC                             ; power  ;              ; 1.1V                ; --           ;                 ; --       ; --           ;
; K16      ; 222        ; 7A       ; RESERVED_INPUT_WITH_WEAK_PULLUP ;        ;              ;                     ; Column I/O   ;                 ; no       ; On           ;
; K17      ; 178        ; 5B       ; RESERVED_INPUT_WITH_WEAK_PULLUP ;        ;              ;                     ; Row I/O      ;                 ; no       ; On           ;
; K18      ;            ; 5B       ; VCCIO5B                         ; power  ;              ; 2.5V                ; --           ;                 ; --       ; --           ;
; K19      ; 205        ; 7A       ; RESERVED_INPUT_WITH_WEAK_PULLUP ;        ;              ;                     ; Column I/O   ;                 ; no       ; On           ;
; K20      ; 203        ; 7A       ; RESERVED_INPUT_WITH_WEAK_PULLUP ;        ;              ;                     ; Column I/O   ;                 ; no       ; On           ;
; K21      ; 183        ; 5B       ; RESERVED_INPUT_WITH_WEAK_PULLUP ;        ;              ;                     ; Row I/O      ;                 ; no       ; On           ;
; K22      ; 185        ; 5B       ; RESERVED_INPUT_WITH_WEAK_PULLUP ;        ;              ;                     ; Row I/O      ;                 ; no       ; On           ;
; L1       ; 21         ; 2A       ; LEDR[9]                         ; output ; 2.5 V        ;                     ; Row I/O      ; Y               ; no       ; Off          ;
; L2       ; 23         ; 2A       ; LEDR[8]                         ; output ; 2.5 V        ;                     ; Row I/O      ; Y               ; no       ; Off          ;
; L3       ;            ;          ; GND                             ; gnd    ;              ;                     ; --           ;                 ; --       ; --           ;
; L4       ;            ; --       ; VCC                             ; power  ;              ; 1.1V                ; --           ;                 ; --       ; --           ;
; L5       ;            ;          ; GND                             ; gnd    ;              ;                     ; --           ;                 ; --       ; --           ;
; L6       ; 283        ; 9A       ; ^MSEL0                          ;        ;              ;                     ; --           ;                 ; --       ; --           ;
; L7       ; 252        ; 8A       ; VGA_G[0]                        ; output ; 2.5 V        ;                     ; Column I/O   ; Y               ; no       ; Off          ;
; L8       ; 244        ; 7A       ; RESERVED_INPUT_WITH_WEAK_PULLUP ;        ;              ;                     ; Column I/O   ;                 ; no       ; On           ;
; L9       ;            ;          ; DNU                             ;        ;              ;                     ; --           ;                 ; --       ; --           ;
; L10      ;            ; --       ; VCC                             ; power  ;              ; 1.1V                ; --           ;                 ; --       ; --           ;
; L11      ;            ;          ; GND                             ; gnd    ;              ;                     ; --           ;                 ; --       ; --           ;
; L12      ;            ; --       ; VCC                             ; power  ;              ; 1.1V                ; --           ;                 ; --       ; --           ;
; L13      ;            ;          ; GND                             ; gnd    ;              ;                     ; --           ;                 ; --       ; --           ;
; L14      ;            ; --       ; VCC                             ; power  ;              ; 1.1V                ; --           ;                 ; --       ; --           ;
; L15      ;            ;          ; GND                             ; gnd    ;              ;                     ; --           ;                 ; --       ; --           ;
; L16      ;            ; --       ; VCC                             ; power  ;              ; 1.1V                ; --           ;                 ; --       ; --           ;
; L17      ; 180        ; 5B       ; RESERVED_INPUT_WITH_WEAK_PULLUP ;        ;              ;                     ; Row I/O      ;                 ; no       ; On           ;
; L18      ; 184        ; 5B       ; RESERVED_INPUT_WITH_WEAK_PULLUP ;        ;              ;                     ; Row I/O      ;                 ; no       ; On           ;
; L19      ; 182        ; 5B       ; RESERVED_INPUT_WITH_WEAK_PULLUP ;        ;              ;                     ; Row I/O      ;                 ; no       ; On           ;
; L20      ;            ; 5B       ; VREFB5BN0                       ; power  ;              ;                     ; --           ;                 ; --       ; --           ;
; L21      ;            ;          ; GND                             ; gnd    ;              ;                     ; --           ;                 ; --       ; --           ;
; L22      ; 177        ; 5B       ; RESERVED_INPUT_WITH_WEAK_PULLUP ;        ;              ;                     ; Row I/O      ;                 ; no       ; On           ;
; M1       ;            ;          ; GND                             ; gnd    ;              ;                     ; --           ;                 ; --       ; --           ;
; M2       ;            ;          ; GND                             ; gnd    ;              ;                     ; --           ;                 ; --       ; --           ;
; M3       ;            ; --       ; VCCA_FPLL                       ; power  ;              ; 2.5V                ; --           ;                 ; --       ; --           ;
; M4       ;            ;          ; GND                             ; gnd    ;              ;                     ; --           ;                 ; --       ; --           ;
; M5       ; 48         ; 3A       ; #TDO                            ; output ;              ;                     ; --           ;                 ; --       ; --           ;
; M6       ; 70         ; 3A       ; KEY[3]                          ; input  ; 2.5 V        ;                     ; Column I/O   ; Y               ; no       ; Off          ;
; M7       ; 72         ; 3A       ; KEY[2]                          ; input  ; 2.5 V        ;                     ; Column I/O   ; Y               ; no       ; Off          ;
; M8       ; 86         ; 3B       ; RESERVED_INPUT_WITH_WEAK_PULLUP ;        ;              ;                     ; Column I/O   ;                 ; no       ; On           ;
; M9       ; 88         ; 3B       ; CLOCK_50                        ; input  ; 2.5 V        ;                     ; Column I/O   ; Y               ; no       ; Off          ;
; M10      ;            ;          ; GND                             ; gnd    ;              ;                     ; --           ;                 ; --       ; --           ;
; M11      ;            ; --       ; VCC                             ; power  ;              ; 1.1V                ; --           ;                 ; --       ; --           ;
; M12      ;            ;          ; GND                             ; gnd    ;              ;                     ; --           ;                 ; --       ; --           ;
; M13      ;            ; --       ; VCC                             ; power  ;              ; 1.1V                ; --           ;                 ; --       ; --           ;
; M14      ;            ;          ; GND                             ; gnd    ;              ;                     ; --           ;                 ; --       ; --           ;
; M15      ;            ; --       ; VCC                             ; power  ;              ; 1.1V                ; --           ;                 ; --       ; --           ;
; M16      ; 172        ; 5B       ; RESERVED_INPUT_WITH_WEAK_PULLUP ;        ;              ;                     ; Row I/O      ;                 ; no       ; On           ;
; M17      ;            ; 5B       ; VCCPD5B                         ; power  ;              ; 2.5V                ; --           ;                 ; --       ; --           ;
; M18      ; 176        ; 5B       ; RESERVED_INPUT_WITH_WEAK_PULLUP ;        ;              ;                     ; Row I/O      ;                 ; no       ; On           ;
; M19      ;            ; 5B       ; VCCIO5B                         ; power  ;              ; 2.5V                ; --           ;                 ; --       ; --           ;
; M20      ; 179        ; 5B       ; RESERVED_INPUT_WITH_WEAK_PULLUP ;        ;              ;                     ; Row I/O      ;                 ; no       ; On           ;
; M21      ; 181        ; 5B       ; RESERVED_INPUT_WITH_WEAK_PULLUP ;        ;              ;                     ; Row I/O      ;                 ; no       ; On           ;
; M22      ; 175        ; 5B       ; RESERVED_INPUT_WITH_WEAK_PULLUP ;        ;              ;                     ; Row I/O      ;                 ; no       ; On           ;
; N1       ; 24         ; 2A       ; LEDR[5]                         ; output ; 2.5 V        ;                     ; Row I/O      ; Y               ; no       ; Off          ;
; N2       ; 26         ; 2A       ; LEDR[4]                         ; output ; 2.5 V        ;                     ; Row I/O      ; Y               ; no       ; Off          ;
; N3       ;            ;          ; GND                             ; gnd    ;              ;                     ; --           ;                 ; --       ; --           ;
; N4       ;            ; --       ; VCC                             ; power  ;              ; 1.1V                ; --           ;                 ; --       ; --           ;
; N5       ;            ;          ; GND                             ; gnd    ;              ;                     ; --           ;                 ; --       ; --           ;
; N6       ; 64         ; 3A       ; RESERVED_INPUT_WITH_WEAK_PULLUP ;        ;              ;                     ; Column I/O   ;                 ; no       ; On           ;
; N7       ;            ;          ; GND                             ; gnd    ;              ;                     ; --           ;                 ; --       ; --           ;
; N8       ; 80         ; 3B       ; RESERVED_INPUT_WITH_WEAK_PULLUP ;        ;              ;                     ; Column I/O   ;                 ; no       ; On           ;
; N9       ; 104        ; 3B       ; RESERVED_INPUT_WITH_WEAK_PULLUP ;        ;              ;                     ; Column I/O   ;                 ; no       ; On           ;
; N10      ;            ; --       ; VCC                             ; power  ;              ; 1.1V                ; --           ;                 ; --       ; --           ;
; N11      ;            ;          ; GND                             ; gnd    ;              ;                     ; --           ;                 ; --       ; --           ;
; N12      ;            ; --       ; VCC                             ; power  ;              ; 1.1V                ; --           ;                 ; --       ; --           ;
; N13      ;            ;          ; GND                             ; gnd    ;              ;                     ; --           ;                 ; --       ; --           ;
; N14      ;            ; --       ; VCC                             ; power  ;              ; 1.1V                ; --           ;                 ; --       ; --           ;
; N15      ;            ;          ; GND                             ; gnd    ;              ;                     ; --           ;                 ; --       ; --           ;
; N16      ; 170        ; 5B       ; RESERVED_INPUT_WITH_WEAK_PULLUP ;        ;              ;                     ; Row I/O      ;                 ; no       ; On           ;
; N17      ;            ;          ; GND                             ; gnd    ;              ;                     ; --           ;                 ; --       ; --           ;
; N18      ;            ; 5B       ; VCCPD5B                         ; power  ;              ; 2.5V                ; --           ;                 ; --       ; --           ;
; N19      ; 174        ; 5B       ; RESERVED_INPUT_WITH_WEAK_PULLUP ;        ;              ;                     ; Row I/O      ;                 ; no       ; On           ;
; N20      ; 171        ; 5B       ; RESERVED_INPUT_WITH_WEAK_PULLUP ;        ;              ;                     ; Row I/O      ;                 ; no       ; On           ;
; N21      ; 173        ; 5B       ; RESERVED_INPUT_WITH_WEAK_PULLUP ;        ;              ;                     ; Row I/O      ;                 ; no       ; On           ;
; N22      ;            ;          ; GND                             ; gnd    ;              ;                     ; --           ;                 ; --       ; --           ;
; P1       ;            ;          ; GND                             ; gnd    ;              ;                     ; --           ;                 ; --       ; --           ;
; P2       ;            ;          ; GND                             ; gnd    ;              ;                     ; --           ;                 ; --       ; --           ;
; P3       ;            ; --       ; VCC                             ; power  ;              ; 1.1V                ; --           ;                 ; --       ; --           ;
; P4       ;            ;          ; GND                             ; gnd    ;              ;                     ; --           ;                 ; --       ; --           ;
; P5       ; 50         ; 3A       ; #TMS                            ; input  ;              ;                     ; --           ;                 ; --       ; --           ;
; P6       ; 62         ; 3A       ; RESERVED_INPUT_WITH_WEAK_PULLUP ;        ;              ;                     ; Column I/O   ;                 ; no       ; On           ;
; P7       ; 73         ; 3A       ; RESERVED_INPUT_WITH_WEAK_PULLUP ;        ;              ;                     ; Column I/O   ;                 ; no       ; On           ;
; P8       ; 78         ; 3B       ; RESERVED_INPUT_WITH_WEAK_PULLUP ;        ;              ;                     ; Column I/O   ;                 ; no       ; On           ;
; P9       ; 102        ; 3B       ; RESERVED_INPUT_WITH_WEAK_PULLUP ;        ;              ;                     ; Column I/O   ;                 ; no       ; On           ;
; P10      ;            ;          ; GND                             ; gnd    ;              ;                     ; --           ;                 ; --       ; --           ;
; P11      ;            ; --       ; VCC                             ; power  ;              ; 1.1V                ; --           ;                 ; --       ; --           ;
; P12      ; 97         ; 3B       ; RESERVED_INPUT_WITH_WEAK_PULLUP ;        ;              ;                     ; Column I/O   ;                 ; no       ; On           ;
; P13      ;            ; --       ; VCC                             ; power  ;              ; 1.1V                ; --           ;                 ; --       ; --           ;
; P14      ; 142        ; 4A       ; RESERVED_INPUT_WITH_WEAK_PULLUP ;        ;              ;                     ; Column I/O   ;                 ; no       ; On           ;
; P15      ;            ; --       ; VCC                             ; power  ;              ; 1.1V                ; --           ;                 ; --       ; --           ;
; P16      ; 167        ; 5A       ; RESERVED_INPUT_WITH_WEAK_PULLUP ;        ;              ;                     ; Row I/O      ;                 ; no       ; On           ;
; P17      ; 169        ; 5A       ; RESERVED_INPUT_WITH_WEAK_PULLUP ;        ;              ;                     ; Row I/O      ;                 ; no       ; On           ;
; P18      ; 168        ; 5A       ; RESERVED_INPUT_WITH_WEAK_PULLUP ;        ;              ;                     ; Row I/O      ;                 ; no       ; On           ;
; P19      ; 166        ; 5A       ; RESERVED_INPUT_WITH_WEAK_PULLUP ;        ;              ;                     ; Row I/O      ;                 ; no       ; On           ;
; P20      ;            ; 5A       ; VCCIO5A                         ; power  ;              ; 2.5V                ; --           ;                 ; --       ; --           ;
; P21      ;            ; 5A       ; VCCPD5A                         ; power  ;              ; 2.5V                ; --           ;                 ; --       ; --           ;
; P22      ; 164        ; 5A       ; RESERVED_INPUT_WITH_WEAK_PULLUP ;        ;              ;                     ; Row I/O      ;                 ; no       ; On           ;
; R1       ;            ; 2A       ; VCCIO2A                         ; power  ;              ; 2.5V                ; --           ;                 ; --       ; --           ;
; R2       ;            ; 1A, 2A   ; VCCPD1A2A                       ; power  ;              ; 2.5V                ; --           ;                 ; --       ; --           ;
; R3       ;            ;          ; GND                             ; gnd    ;              ;                     ; --           ;                 ; --       ; --           ;
; R4       ; 49         ; 3A       ; ^nCSO, DATA4                    ;        ;              ;                     ; Weak Pull Up ;                 ; --       ; On           ;
; R5       ; 60         ; 3A       ; RESERVED_INPUT_WITH_WEAK_PULLUP ;        ;              ;                     ; Column I/O   ;                 ; no       ; On           ;
; R6       ; 58         ; 3A       ; RESERVED_INPUT_WITH_WEAK_PULLUP ;        ;              ;                     ; Column I/O   ;                 ; no       ; On           ;
; R7       ; 71         ; 3A       ; RESERVED_INPUT_WITH_WEAK_PULLUP ;        ;              ;                     ; Column I/O   ;                 ; no       ; On           ;
; R8       ;            ; 3B       ; VCCIO3B                         ; power  ;              ; 2.5V                ; --           ;                 ; --       ; --           ;
; R9       ; 93         ; 3B       ; RESERVED_INPUT_WITH_WEAK_PULLUP ;        ;              ;                     ; Column I/O   ;                 ; no       ; On           ;
; R10      ; 99         ; 3B       ; RESERVED_INPUT_WITH_WEAK_PULLUP ;        ;              ;                     ; Column I/O   ;                 ; no       ; On           ;
; R11      ; 101        ; 3B       ; RESERVED_INPUT_WITH_WEAK_PULLUP ;        ;              ;                     ; Column I/O   ;                 ; no       ; On           ;
; R12      ; 95         ; 3B       ; RESERVED_INPUT_WITH_WEAK_PULLUP ;        ;              ;                     ; Column I/O   ;                 ; no       ; On           ;
; R13      ;            ;          ; GND                             ; gnd    ;              ;                     ; --           ;                 ; --       ; --           ;
; R14      ; 144        ; 4A       ; RESERVED_INPUT_WITH_WEAK_PULLUP ;        ;              ;                     ; Column I/O   ;                 ; no       ; On           ;
; R15      ; 161        ; 5A       ; RESERVED_INPUT_WITH_WEAK_PULLUP ;        ;              ;                     ; Row I/O      ;                 ; no       ; On           ;
; R16      ; 163        ; 5A       ; RESERVED_INPUT_WITH_WEAK_PULLUP ;        ;              ;                     ; Row I/O      ;                 ; no       ; On           ;
; R17      ; 165        ; 5A       ; RESERVED_INPUT_WITH_WEAK_PULLUP ;        ;              ;                     ; Row I/O      ;                 ; no       ; On           ;
; R18      ;            ; 5A       ; VCCIO5A                         ; power  ;              ; 2.5V                ; --           ;                 ; --       ; --           ;
; R19      ;            ; --       ; VCCPGM                          ; power  ;              ; 1.8V/2.5V/3.0V/3.3V ; --           ;                 ; --       ; --           ;
; R20      ;            ; 5A       ; VREFB5AN0                       ; power  ;              ;                     ; --           ;                 ; --       ; --           ;
; R21      ; 162        ; 5A       ; RESERVED_INPUT_WITH_WEAK_PULLUP ;        ;              ;                     ; Row I/O      ;                 ; no       ; On           ;
; R22      ; 160        ; 5A       ; RESERVED_INPUT_WITH_WEAK_PULLUP ;        ;              ;                     ; Row I/O      ;                 ; no       ; On           ;
; T1       ;            ;          ; GND                             ; gnd    ;              ;                     ; --           ;                 ; --       ; --           ;
; T2       ;            ;          ; GND                             ; gnd    ;              ;                     ; --           ;                 ; --       ; --           ;
; T3       ;            ; --       ; VCCA_FPLL                       ; power  ;              ; 2.5V                ; --           ;                 ; --       ; --           ;
; T4       ; 51         ; 3A       ; ^AS_DATA3, DATA3                ;        ;              ;                     ; Weak Pull Up ;                 ; --       ; On           ;
; T5       ;            ; --       ; VCCA_FPLL                       ; power  ;              ; 2.5V                ; --           ;                 ; --       ; --           ;
; T6       ;            ; 3A       ; VCCIO3A                         ; power  ;              ; 2.5V                ; --           ;                 ; --       ; --           ;
; T7       ; 66         ; 3A       ; RESERVED_INPUT_WITH_WEAK_PULLUP ;        ;              ;                     ; Column I/O   ;                 ; no       ; On           ;
; T8       ; 68         ; 3A       ; RESERVED_INPUT_WITH_WEAK_PULLUP ;        ;              ;                     ; Column I/O   ;                 ; no       ; On           ;
; T9       ; 83         ; 3B       ; RESERVED_INPUT_WITH_WEAK_PULLUP ;        ;              ;                     ; Column I/O   ;                 ; no       ; On           ;
; T10      ; 91         ; 3B       ; RESERVED_INPUT_WITH_WEAK_PULLUP ;        ;              ;                     ; Column I/O   ;                 ; no       ; On           ;
; T11      ;            ; 3B       ; VCCIO3B                         ; power  ;              ; 2.5V                ; --           ;                 ; --       ; --           ;
; T12      ; 110        ; 4A       ; SW[3]                           ; input  ; 2.5 V        ;                     ; Column I/O   ; Y               ; no       ; Off          ;
; T13      ; 112        ; 4A       ; SW[2]                           ; input  ; 2.5 V        ;                     ; Column I/O   ; Y               ; no       ; Off          ;
; T14      ; 126        ; 4A       ; RESERVED_INPUT_WITH_WEAK_PULLUP ;        ;              ;                     ; Column I/O   ;                 ; no       ; On           ;
; T15      ; 159        ; 5A       ; RESERVED_INPUT_WITH_WEAK_PULLUP ;        ;              ;                     ; Row I/O      ;                 ; no       ; On           ;
; T16      ;            ;          ; GND                             ; gnd    ;              ;                     ; --           ;                 ; --       ; --           ;
; T17      ; 157        ; 5A       ; RESERVED_INPUT_WITH_WEAK_PULLUP ;        ;              ;                     ; Row I/O      ;                 ; no       ; On           ;
; T18      ; 155        ; 5A       ; RESERVED_INPUT_WITH_WEAK_PULLUP ;        ;              ;                     ; Row I/O      ;                 ; no       ; On           ;
; T19      ; 154        ; 5A       ; RESERVED_INPUT_WITH_WEAK_PULLUP ;        ;              ;                     ; Row I/O      ;                 ; no       ; On           ;
; T20      ; 156        ; 5A       ; RESERVED_INPUT_WITH_WEAK_PULLUP ;        ;              ;                     ; Row I/O      ;                 ; no       ; On           ;
; T21      ;            ;          ; GND                             ; gnd    ;              ;                     ; --           ;                 ; --       ; --           ;
; T22      ; 158        ; 5A       ; RESERVED_INPUT_WITH_WEAK_PULLUP ;        ;              ;                     ; Row I/O      ;                 ; no       ; On           ;
; U1       ; 25         ; 2A       ; LEDR[7]                         ; output ; 2.5 V        ;                     ; Row I/O      ; Y               ; no       ; Off          ;
; U2       ; 27         ; 2A       ; LEDR[6]                         ; output ; 2.5 V        ;                     ; Row I/O      ; Y               ; no       ; Off          ;
; U3       ;            ;          ; GND                             ; gnd    ;              ;                     ; --           ;                 ; --       ; --           ;
; U4       ;            ;          ; GND                             ; gnd    ;              ;                     ; --           ;                 ; --       ; --           ;
; U5       ;            ;          ; GND                             ; gnd    ;              ;                     ; --           ;                 ; --       ; --           ;
; U6       ; 67         ; 3A       ; RESERVED_INPUT_WITH_WEAK_PULLUP ;        ;              ;                     ; Column I/O   ;                 ; no       ; On           ;
; U7       ; 59         ; 3A       ; KEY[0]                          ; input  ; 2.5 V        ;                     ; Column I/O   ; Y               ; no       ; Off          ;
; U8       ; 61         ; 3A       ; RESERVED_INPUT_WITH_WEAK_PULLUP ;        ;              ;                     ; Column I/O   ;                 ; no       ; On           ;
; U9       ;            ;          ; GND                             ; gnd    ;              ;                     ; --           ;                 ; --       ; --           ;
; U10      ; 85         ; 3B       ; RESERVED_INPUT_WITH_WEAK_PULLUP ;        ;              ;                     ; Column I/O   ;                 ; no       ; On           ;
; U11      ; 94         ; 3B       ; RESERVED_INPUT_WITH_WEAK_PULLUP ;        ;              ;                     ; Column I/O   ;                 ; no       ; On           ;
; U12      ; 96         ; 3B       ; RESERVED_INPUT_WITH_WEAK_PULLUP ;        ;              ;                     ; Column I/O   ;                 ; no       ; On           ;
; U13      ; 109        ; 4A       ; SW[0]                           ; input  ; 2.5 V        ;                     ; Column I/O   ; Y               ; no       ; Off          ;
; U14      ;            ; 4A       ; VCCIO4A                         ; power  ;              ; 2.5V                ; --           ;                 ; --       ; --           ;
; U15      ; 128        ; 4A       ; RESERVED_INPUT_WITH_WEAK_PULLUP ;        ;              ;                     ; Column I/O   ;                 ; no       ; On           ;
; U16      ; 150        ; 4A       ; RESERVED_INPUT_WITH_WEAK_PULLUP ;        ;              ;                     ; Column I/O   ;                 ; no       ; On           ;
; U17      ; 152        ; 4A       ; RESERVED_INPUT_WITH_WEAK_PULLUP ;        ;              ;                     ; Column I/O   ;                 ; no       ; On           ;
; U18      ;            ; --       ; VCCA_FPLL                       ; power  ;              ; 2.5V                ; --           ;                 ; --       ; --           ;
; U19      ;            ; 4A       ; VCCIO4A                         ; power  ;              ; 2.5V                ; --           ;                 ; --       ; --           ;
; U20      ; 153        ; 4A       ; RESERVED_INPUT_WITH_WEAK_PULLUP ;        ;              ;                     ; Column I/O   ;                 ; no       ; On           ;
; U21      ; 151        ; 4A       ; HEX0[0]                         ; output ; 2.5 V        ;                     ; Column I/O   ; Y               ; no       ; Off          ;
; U22      ; 146        ; 4A       ; HEX1[6]                         ; output ; 2.5 V        ;                     ; Column I/O   ; Y               ; no       ; Off          ;
; V1       ;            ;          ; GND                             ; gnd    ;              ;                     ; --           ;                 ; --       ; --           ;
; V2       ;            ;          ; GND                             ; gnd    ;              ;                     ; --           ;                 ; --       ; --           ;
; V3       ; 56         ; 3A       ; ^DCLK                           ;        ;              ;                     ; Weak Pull Up ;                 ; --       ; On           ;
; V4       ;            ;          ; GND                             ; gnd    ;              ;                     ; --           ;                 ; --       ; --           ;
; V5       ; 52         ; 3A       ; #TCK                            ; input  ;              ;                     ; --           ;                 ; --       ; --           ;
; V6       ; 69         ; 3A       ; RESERVED_INPUT_WITH_WEAK_PULLUP ;        ;              ;                     ; Column I/O   ;                 ; no       ; On           ;
; V7       ;            ;          ; GND                             ; gnd    ;              ;                     ; --           ;                 ; --       ; --           ;
; V8       ;            ; --       ; VCCPGM                          ; power  ;              ; 1.8V/2.5V/3.0V/3.3V ; --           ;                 ; --       ; --           ;
; V9       ; 75         ; 3B       ; RESERVED_INPUT_WITH_WEAK_PULLUP ;        ;              ;                     ; Column I/O   ;                 ; no       ; On           ;
; V10      ; 77         ; 3B       ; RESERVED_INPUT_WITH_WEAK_PULLUP ;        ;              ;                     ; Column I/O   ;                 ; no       ; On           ;
; V11      ;            ;          ; NC                              ;        ;              ;                     ; --           ;                 ; --       ; --           ;
; V12      ;            ;          ; GND                             ; gnd    ;              ;                     ; --           ;                 ; --       ; --           ;
; V13      ; 107        ; 4A       ; SW[1]                           ; input  ; 2.5 V        ;                     ; Column I/O   ; Y               ; no       ; Off          ;
; V14      ; 118        ; 4A       ; RESERVED_INPUT_WITH_WEAK_PULLUP ;        ;              ;                     ; Column I/O   ;                 ; no       ; On           ;
; V15      ; 120        ; 4A       ; RESERVED_INPUT_WITH_WEAK_PULLUP ;        ;              ;                     ; Column I/O   ;                 ; no       ; On           ;
; V16      ; 134        ; 4A       ; RESERVED_INPUT_WITH_WEAK_PULLUP ;        ;              ;                     ; Column I/O   ;                 ; no       ; On           ;
; V17      ;            ;          ; GND                             ; gnd    ;              ;                     ; --           ;                 ; --       ; --           ;
; V18      ; 149        ; 4A       ; RESERVED_INPUT_WITH_WEAK_PULLUP ;        ;              ;                     ; Column I/O   ;                 ; no       ; On           ;
; V19      ; 147        ; 4A       ; RESERVED_INPUT_WITH_WEAK_PULLUP ;        ;              ;                     ; Column I/O   ;                 ; no       ; On           ;
; V20      ; 131        ; 4A       ; RESERVED_INPUT_WITH_WEAK_PULLUP ;        ;              ;                     ; Column I/O   ;                 ; no       ; On           ;
; V21      ; 148        ; 4A       ; HEX0[1]                         ; output ; 2.5 V        ;                     ; Column I/O   ; Y               ; no       ; Off          ;
; V22      ;            ;          ; GND                             ; gnd    ;              ;                     ; --           ;                 ; --       ; --           ;
; W1       ;            ; 2A       ; VREFB2AN0                       ; power  ;              ;                     ; --           ;                 ; --       ; --           ;
; W2       ; 28         ; 2A       ; LEDR[2]                         ; output ; 2.5 V        ;                     ; Row I/O      ; Y               ; no       ; Off          ;
; W3       ;            ;          ; GND                             ; gnd    ;              ;                     ; --           ;                 ; --       ; --           ;
; W4       ;            ;          ; GND                             ; gnd    ;              ;                     ; --           ;                 ; --       ; --           ;
; W5       ; 54         ; 3A       ; #TDI                            ; input  ;              ;                     ; --           ;                 ; --       ; --           ;
; W6       ;            ; 3A       ; VCCPD3A                         ; power  ;              ; 2.5V                ; --           ;                 ; --       ; --           ;
; W7       ;            ; --       ; VCC_AUX                         ; power  ;              ; 2.5V                ; --           ;                 ; --       ; --           ;
; W8       ; 63         ; 3A       ; RESERVED_INPUT_WITH_WEAK_PULLUP ;        ;              ;                     ; Column I/O   ;                 ; no       ; On           ;
; W9       ; 65         ; 3A       ; KEY[1]                          ; input  ; 2.5 V        ;                     ; Column I/O   ; Y               ; no       ; Off          ;
; W10      ;            ; 3B       ; VCCIO3B                         ; power  ;              ; 2.5V                ; --           ;                 ; --       ; --           ;
; W11      ;            ; 3B, 4A   ; VCCPD3B4A                       ; power  ;              ; 2.5V                ; --           ;                 ; --       ; --           ;
; W12      ;            ; 3B, 4A   ; VCCPD3B4A                       ; power  ;              ; 2.5V                ; --           ;                 ; --       ; --           ;
; W13      ;            ; --       ; VCC_AUX                         ; power  ;              ; 2.5V                ; --           ;                 ; --       ; --           ;
; W14      ;            ; 3B, 4A   ; VCCPD3B4A                       ; power  ;              ; 2.5V                ; --           ;                 ; --       ; --           ;
; W15      ;            ; 4A       ; VCCIO4A                         ; power  ;              ; 2.5V                ; --           ;                 ; --       ; --           ;
; W16      ; 136        ; 4A       ; RESERVED_INPUT_WITH_WEAK_PULLUP ;        ;              ;                     ; Column I/O   ;                 ; no       ; On           ;
; W17      ;            ; 3B, 4A   ; VCCPD3B4A                       ; power  ;              ; 2.5V                ; --           ;                 ; --       ; --           ;
; W18      ;            ; --       ; VCC_AUX                         ; power  ;              ; 2.5V                ; --           ;                 ; --       ; --           ;
; W19      ; 133        ; 4A       ; RESERVED_INPUT_WITH_WEAK_PULLUP ;        ;              ;                     ; Column I/O   ;                 ; no       ; On           ;
; W20      ;            ; 4A       ; VCCIO4A                         ; power  ;              ; 2.5V                ; --           ;                 ; --       ; --           ;
; W21      ; 145        ; 4A       ; HEX0[3]                         ; output ; 2.5 V        ;                     ; Column I/O   ; Y               ; no       ; Off          ;
; W22      ; 140        ; 4A       ; HEX0[2]                         ; output ; 2.5 V        ;                     ; Column I/O   ; Y               ; no       ; Off          ;
; Y1       ;            ;          ; GND                             ; gnd    ;              ;                     ; --           ;                 ; --       ; --           ;
; Y2       ;            ;          ; GND                             ; gnd    ;              ;                     ; --           ;                 ; --       ; --           ;
; Y3       ; 30         ; 2A       ; LEDR[3]                         ; output ; 2.5 V        ;                     ; Row I/O      ; Y               ; no       ; Off          ;
; Y4       ;            ; 2A       ; VCCIO2A                         ; power  ;              ; 2.5V                ; --           ;                 ; --       ; --           ;
; Y5       ;            ;          ; GND                             ; gnd    ;              ;                     ; --           ;                 ; --       ; --           ;
; Y6       ;            ;          ; NC                              ;        ;              ;                     ; --           ;                 ; --       ; --           ;
; Y7       ;            ; 3A       ; VREFB3AN0                       ; power  ;              ;                     ; --           ;                 ; --       ; --           ;
; Y8       ;            ; 3A       ; VCCIO3A                         ; power  ;              ; 2.5V                ; --           ;                 ; --       ; --           ;
; Y9       ; 92         ; 3B       ; RESERVED_INPUT_WITH_WEAK_PULLUP ;        ;              ;                     ; Column I/O   ;                 ; no       ; On           ;
; Y10      ; 90         ; 3B       ; RESERVED_INPUT_WITH_WEAK_PULLUP ;        ;              ;                     ; Column I/O   ;                 ; no       ; On           ;
; Y11      ; 103        ; 3B       ; RESERVED_INPUT_WITH_WEAK_PULLUP ;        ;              ;                     ; Column I/O   ;                 ; no       ; On           ;
; Y12      ;            ; 3B       ; VREFB3BN0                       ; power  ;              ;                     ; --           ;                 ; --       ; --           ;
; Y13      ;            ; 3B       ; VCCIO3B                         ; power  ;              ; 2.5V                ; --           ;                 ; --       ; --           ;
; Y14      ; 115        ; 4A       ; RESERVED_INPUT_WITH_WEAK_PULLUP ;        ;              ;                     ; Column I/O   ;                 ; no       ; On           ;
; Y15      ; 117        ; 4A       ; RESERVED_INPUT_WITH_WEAK_PULLUP ;        ;              ;                     ; Column I/O   ;                 ; no       ; On           ;
; Y16      ; 123        ; 4A       ; RESERVED_INPUT_WITH_WEAK_PULLUP ;        ;              ;                     ; Column I/O   ;                 ; no       ; On           ;
; Y17      ; 125        ; 4A       ; RESERVED_INPUT_WITH_WEAK_PULLUP ;        ;              ;                     ; Column I/O   ;                 ; no       ; On           ;
; Y18      ;            ;          ; GND                             ; gnd    ;              ;                     ; --           ;                 ; --       ; --           ;
; Y19      ; 141        ; 4A       ; RESERVED_INPUT_WITH_WEAK_PULLUP ;        ;              ;                     ; Column I/O   ;                 ; no       ; On           ;
; Y20      ; 139        ; 4A       ; RESERVED_INPUT_WITH_WEAK_PULLUP ;        ;              ;                     ; Column I/O   ;                 ; no       ; On           ;
; Y21      ; 143        ; 4A       ; HEX0[5]                         ; output ; 2.5 V        ;                     ; Column I/O   ; Y               ; no       ; Off          ;
; Y22      ; 138        ; 4A       ; HEX0[4]                         ; output ; 2.5 V        ;                     ; Column I/O   ; Y               ; no       ; Off          ;
+----------+------------+----------+---------------------------------+--------+--------------+---------------------+--------------+-----------------+----------+--------------+
Note: Pin directions (input, output or bidir) are based on device operating in user mode.


+------------------------------------------+
; I/O Assignment Warnings                  ;
+----------+-------------------------------+
; Pin Name ; Reason                        ;
+----------+-------------------------------+
; KEY[1]   ; Incomplete set of assignments ;
; KEY[2]   ; Incomplete set of assignments ;
; SW[1]    ; Incomplete set of assignments ;
; SW[2]    ; Incomplete set of assignments ;
; SW[3]    ; Incomplete set of assignments ;
; SW[4]    ; Incomplete set of assignments ;
; SW[5]    ; Incomplete set of assignments ;
; SW[6]    ; Incomplete set of assignments ;
; SW[7]    ; Incomplete set of assignments ;
; SW[8]    ; Incomplete set of assignments ;
; SW[9]    ; Incomplete set of assignments ;
; VGA_R[0] ; Incomplete set of assignments ;
; VGA_R[1] ; Incomplete set of assignments ;
; VGA_R[2] ; Incomplete set of assignments ;
; VGA_R[3] ; Incomplete set of assignments ;
; VGA_G[0] ; Incomplete set of assignments ;
; VGA_G[1] ; Incomplete set of assignments ;
; VGA_G[2] ; Incomplete set of assignments ;
; VGA_G[3] ; Incomplete set of assignments ;
; VGA_B[0] ; Incomplete set of assignments ;
; VGA_B[1] ; Incomplete set of assignments ;
; VGA_B[2] ; Incomplete set of assignments ;
; VGA_B[3] ; Incomplete set of assignments ;
; VGA_HS   ; Incomplete set of assignments ;
; VGA_VS   ; Incomplete set of assignments ;
; HEX0[0]  ; Incomplete set of assignments ;
; HEX0[1]  ; Incomplete set of assignments ;
; HEX0[2]  ; Incomplete set of assignments ;
; HEX0[3]  ; Incomplete set of assignments ;
; HEX0[4]  ; Incomplete set of assignments ;
; HEX0[5]  ; Incomplete set of assignments ;
; HEX0[6]  ; Incomplete set of assignments ;
; HEX1[0]  ; Incomplete set of assignments ;
; HEX1[1]  ; Incomplete set of assignments ;
; HEX1[2]  ; Incomplete set of assignments ;
; HEX1[3]  ; Incomplete set of assignments ;
; HEX1[4]  ; Incomplete set of assignments ;
; HEX1[5]  ; Incomplete set of assignments ;
; HEX1[6]  ; Incomplete set of assignments ;
; LEDR[0]  ; Incomplete set of assignments ;
; LEDR[1]  ; Incomplete set of assignments ;
; LEDR[2]  ; Incomplete set of assignments ;
; LEDR[3]  ; Incomplete set of assignments ;
; LEDR[4]  ; Incomplete set of assignments ;
; LEDR[5]  ; Incomplete set of assignments ;
; LEDR[6]  ; Incomplete set of assignments ;
; LEDR[7]  ; Incomplete set of assignments ;
; LEDR[8]  ; Incomplete set of assignments ;
; LEDR[9]  ; Incomplete set of assignments ;
; PS2_CLK  ; Incomplete set of assignments ;
; PS2_DAT  ; Incomplete set of assignments ;
; KEY[0]   ; Incomplete set of assignments ;
; CLOCK_50 ; Incomplete set of assignments ;
; KEY[3]   ; Incomplete set of assignments ;
; SW[0]    ; Incomplete set of assignments ;
+----------+-------------------------------+


+---------------------------------------------------------------------------------------------------------------------------------------+
; PLL Usage Summary                                                                                                                     ;
+-----------------------------------------------------------------------------------------------------------+---------------------------+
;                                                                                                           ;                           ;
+-----------------------------------------------------------------------------------------------------------+---------------------------+
; pll:clock_divider|pll_0002:pll_inst|altera_pll:altera_pll_i|general[0].gpll~FRACTIONAL_PLL                ;                           ;
;     -- PLL Type                                                                                           ; Integer PLL               ;
;     -- PLL Location                                                                                       ; FRACTIONALPLL_X0_Y1_N0    ;
;     -- PLL Feedback clock type                                                                            ; none                      ;
;     -- PLL Bandwidth                                                                                      ; Auto                      ;
;         -- PLL Bandwidth Range                                                                            ; 2100000 to 1400000 Hz     ;
;     -- Reference Clock Frequency                                                                          ; 50.0 MHz                  ;
;     -- Reference Clock Sourced by                                                                         ; Dedicated Pin             ;
;     -- PLL VCO Frequency                                                                                  ; 300.0 MHz                 ;
;     -- PLL Operation Mode                                                                                 ; Direct                    ;
;     -- PLL Freq Min Lock                                                                                  ; 50.000000 MHz             ;
;     -- PLL Freq Max Lock                                                                                  ; 133.333333 MHz            ;
;     -- PLL Enable                                                                                         ; On                        ;
;     -- PLL Fractional Division                                                                            ; N/A                       ;
;     -- M Counter                                                                                          ; 12                        ;
;     -- N Counter                                                                                          ; 2                         ;
;     -- PLL Refclk Select                                                                                  ;                           ;
;             -- PLL Refclk Select Location                                                                 ; PLLREFCLKSELECT_X0_Y7_N0  ;
;             -- PLL Reference Clock Input 0 source                                                         ; clk_0                     ;
;             -- PLL Reference Clock Input 1 source                                                         ; ref_clk1                  ;
;             -- ADJPLLIN source                                                                            ; N/A                       ;
;             -- CORECLKIN source                                                                           ; N/A                       ;
;             -- IQTXRXCLKIN source                                                                         ; N/A                       ;
;             -- PLLIQCLKIN source                                                                          ; N/A                       ;
;             -- RXIQCLKIN source                                                                           ; N/A                       ;
;             -- CLKIN(0) source                                                                            ; CLOCK_50~input            ;
;             -- CLKIN(1) source                                                                            ; N/A                       ;
;             -- CLKIN(2) source                                                                            ; N/A                       ;
;             -- CLKIN(3) source                                                                            ; N/A                       ;
;     -- PLL Output Counter                                                                                 ;                           ;
;         -- pll:clock_divider|pll_0002:pll_inst|altera_pll:altera_pll_i|general[0].gpll~PLL_OUTPUT_COUNTER ;                           ;
;             -- Output Clock Frequency                                                                     ; 25.0 MHz                  ;
;             -- Output Clock Location                                                                      ; PLLOUTPUTCOUNTER_X0_Y0_N1 ;
;             -- C Counter Odd Divider Even Duty Enable                                                     ; Off                       ;
;             -- Duty Cycle                                                                                 ; 50.0000                   ;
;             -- Phase Shift                                                                                ; 0.000000 degrees          ;
;             -- C Counter                                                                                  ; 12                        ;
;             -- C Counter PH Mux PRST                                                                      ; 0                         ;
;             -- C Counter PRST                                                                             ; 1                         ;
;                                                                                                           ;                           ;
+-----------------------------------------------------------------------------------------------------------+---------------------------+


+-----------------------------------------------------------------------------------------------------------------------------------------------------------------------------------------------------------------------------------------------------------------------------------------------------------------------------------------------------------------------------------------------------------------------------------------------------------------------------------------------------------------------------------------------------------------+
; Fitter Resource Utilization by Entity                                                                                                                                                                                                                                                                                                                                                                                                                                                                                                                           ;
+-----------------------------------------------------+----------------------+----------------------------------+---------------------------------------------------+----------------------------------+----------------------+---------------------+---------------------------+---------------+-------------------+-------+------------+------+--------------+----------------------------------------------------------------------------------------------------------------------------------------------------------+------------------------+--------------+
; Compilation Hierarchy Node                          ; ALMs needed [=A-B+C] ; [A] ALMs used in final placement ; [B] Estimate of ALMs recoverable by dense packing ; [C] Estimate of ALMs unavailable ; ALMs used for memory ; Combinational ALUTs ; Dedicated Logic Registers ; I/O Registers ; Block Memory Bits ; M10Ks ; DSP Blocks ; Pins ; Virtual Pins ; Full Hierarchy Name                                                                                                                                      ; Entity Name            ; Library Name ;
+-----------------------------------------------------+----------------------+----------------------------------+---------------------------------------------------+----------------------------------+----------------------+---------------------+---------------------------+---------------+-------------------+-------+------------+------+--------------+----------------------------------------------------------------------------------------------------------------------------------------------------------+------------------------+--------------+
; |top_level                                          ; 1572.5 (2.9)         ; 1630.5 (8.5)                     ; 81.5 (5.6)                                        ; 23.5 (0.0)                       ; 0.0 (0.0)            ; 2527 (2)            ; 635 (19)                  ; 0 (0)         ; 987820            ; 153   ; 0          ; 55   ; 0            ; |top_level                                                                                                                                               ; top_level              ; work         ;
;    |BACKGROUND:BG|                                  ; 78.2 (14.7)          ; 78.3 (16.3)                      ; 4.0 (2.0)                                         ; 3.9 (0.4)                        ; 0.0 (0.0)            ; 111 (25)            ; 42 (32)                   ; 0 (0)         ; 921696            ; 114   ; 0          ; 0    ; 0            ; |top_level|BACKGROUND:BG                                                                                                                                 ; BACKGROUND             ; work         ;
;       |background_index_rom:INDEX_ROM|              ; 63.5 (0.0)           ; 62.0 (0.0)                       ; 2.0 (0.0)                                         ; 3.5 (0.0)                        ; 0.0 (0.0)            ; 86 (0)              ; 10 (0)                    ; 0 (0)         ; 921600            ; 113   ; 0          ; 0    ; 0            ; |top_level|BACKGROUND:BG|background_index_rom:INDEX_ROM                                                                                                  ; background_index_rom   ; work         ;
;          |altsyncram:ROM|                           ; 63.5 (0.0)           ; 62.0 (0.0)                       ; 2.0 (0.0)                                         ; 3.5 (0.0)                        ; 0.0 (0.0)            ; 86 (0)              ; 10 (0)                    ; 0 (0)         ; 921600            ; 113   ; 0          ; 0    ; 0            ; |top_level|BACKGROUND:BG|background_index_rom:INDEX_ROM|altsyncram:ROM                                                                                   ; altsyncram             ; work         ;
;             |altsyncram_bhv3:auto_generated|        ; 63.5 (2.2)           ; 62.0 (3.0)                       ; 2.0 (1.2)                                         ; 3.5 (0.4)                        ; 0.0 (0.0)            ; 86 (0)              ; 10 (10)                   ; 0 (0)         ; 921600            ; 113   ; 0          ; 0    ; 0            ; |top_level|BACKGROUND:BG|background_index_rom:INDEX_ROM|altsyncram:ROM|altsyncram_bhv3:auto_generated                                                    ; altsyncram_bhv3        ; work         ;
;                |decode_s2a:rden_decode|             ; 22.0 (22.0)          ; 22.0 (22.0)                      ; 0.0 (0.0)                                         ; 0.0 (0.0)                        ; 0.0 (0.0)            ; 44 (44)             ; 0 (0)                     ; 0 (0)         ; 0                 ; 0     ; 0          ; 0    ; 0            ; |top_level|BACKGROUND:BG|background_index_rom:INDEX_ROM|altsyncram:ROM|altsyncram_bhv3:auto_generated|decode_s2a:rden_decode                             ; decode_s2a             ; work         ;
;                |mux_ehb:mux2|                       ; 39.3 (39.3)          ; 37.0 (37.0)                      ; 0.8 (0.8)                                         ; 3.1 (3.1)                        ; 0.0 (0.0)            ; 42 (42)             ; 0 (0)                     ; 0 (0)         ; 0                 ; 0     ; 0          ; 0    ; 0            ; |top_level|BACKGROUND:BG|background_index_rom:INDEX_ROM|altsyncram:ROM|altsyncram_bhv3:auto_generated|mux_ehb:mux2                                       ; mux_ehb                ; work         ;
;       |background_palette_rom:PALETTE_ROM|          ; 0.0 (0.0)            ; 0.0 (0.0)                        ; 0.0 (0.0)                                         ; 0.0 (0.0)                        ; 0.0 (0.0)            ; 0 (0)               ; 0 (0)                     ; 0 (0)         ; 96                ; 1     ; 0          ; 0    ; 0            ; |top_level|BACKGROUND:BG|background_palette_rom:PALETTE_ROM                                                                                              ; background_palette_rom ; work         ;
;          |altsyncram:ROM|                           ; 0.0 (0.0)            ; 0.0 (0.0)                        ; 0.0 (0.0)                                         ; 0.0 (0.0)                        ; 0.0 (0.0)            ; 0 (0)               ; 0 (0)                     ; 0 (0)         ; 96                ; 1     ; 0          ; 0    ; 0            ; |top_level|BACKGROUND:BG|background_palette_rom:PALETTE_ROM|altsyncram:ROM                                                                               ; altsyncram             ; work         ;
;             |altsyncram_cjv3:auto_generated|        ; 0.0 (0.0)            ; 0.0 (0.0)                        ; 0.0 (0.0)                                         ; 0.0 (0.0)                        ; 0.0 (0.0)            ; 0 (0)               ; 0 (0)                     ; 0 (0)         ; 96                ; 1     ; 0          ; 0    ; 0            ; |top_level|BACKGROUND:BG|background_palette_rom:PALETTE_ROM|altsyncram:ROM|altsyncram_cjv3:auto_generated                                                ; altsyncram_cjv3        ; work         ;
;    |BCD_to_SevenSeg:score_ones|                     ; 4.0 (4.0)            ; 4.0 (4.0)                        ; 0.0 (0.0)                                         ; 0.0 (0.0)                        ; 0.0 (0.0)            ; 8 (8)               ; 0 (0)                     ; 0 (0)         ; 0                 ; 0     ; 0          ; 0    ; 0            ; |top_level|BCD_to_SevenSeg:score_ones                                                                                                                    ; BCD_to_SevenSeg        ; work         ;
;    |BCD_to_SevenSeg:score_tens|                     ; 3.2 (3.2)            ; 3.2 (3.2)                        ; 0.0 (0.0)                                         ; 0.0 (0.0)                        ; 0.0 (0.0)            ; 7 (7)               ; 0 (0)                     ; 0 (0)         ; 0                 ; 0     ; 0          ; 0    ; 0            ; |top_level|BCD_to_SevenSeg:score_tens                                                                                                                    ; BCD_to_SevenSeg        ; work         ;
;    |BUBBLES:BUBBLE_LAYER|                           ; 126.2 (126.2)        ; 126.3 (126.3)                    ; 0.2 (0.2)                                         ; 0.0 (0.0)                        ; 0.0 (0.0)            ; 219 (219)           ; 54 (54)                   ; 0 (0)         ; 768               ; 1     ; 0          ; 0    ; 0            ; |top_level|BUBBLES:BUBBLE_LAYER                                                                                                                          ; BUBBLES                ; work         ;
;       |bubble_rom:BUBBLE_IMAGE|                     ; 0.0 (0.0)            ; 0.0 (0.0)                        ; 0.0 (0.0)                                         ; 0.0 (0.0)                        ; 0.0 (0.0)            ; 0 (0)               ; 0 (0)                     ; 0 (0)         ; 768               ; 1     ; 0          ; 0    ; 0            ; |top_level|BUBBLES:BUBBLE_LAYER|bubble_rom:BUBBLE_IMAGE                                                                                                  ; bubble_rom             ; work         ;
;          |altsyncram:altsyncram_component|          ; 0.0 (0.0)            ; 0.0 (0.0)                        ; 0.0 (0.0)                                         ; 0.0 (0.0)                        ; 0.0 (0.0)            ; 0 (0)               ; 0 (0)                     ; 0 (0)         ; 768               ; 1     ; 0          ; 0    ; 0            ; |top_level|BUBBLES:BUBBLE_LAYER|bubble_rom:BUBBLE_IMAGE|altsyncram:altsyncram_component                                                                  ; altsyncram             ; work         ;
;             |altsyncram_q224:auto_generated|        ; 0.0 (0.0)            ; 0.0 (0.0)                        ; 0.0 (0.0)                                         ; 0.0 (0.0)                        ; 0.0 (0.0)            ; 0 (0)               ; 0 (0)                     ; 0 (0)         ; 768               ; 1     ; 0          ; 0    ; 0            ; |top_level|BUBBLES:BUBBLE_LAYER|bubble_rom:BUBBLE_IMAGE|altsyncram:altsyncram_component|altsyncram_q224:auto_generated                                   ; altsyncram_q224        ; work         ;
;    |DOLPHIN_MOVEMENT:PLAYER_CHARACTER|              ; 29.3 (29.3)          ; 29.3 (29.3)                      ; 0.0 (0.0)                                         ; 0.0 (0.0)                        ; 0.0 (0.0)            ; 57 (57)             ; 32 (32)                   ; 0 (0)         ; 0                 ; 0     ; 0          ; 0    ; 0            ; |top_level|DOLPHIN_MOVEMENT:PLAYER_CHARACTER                                                                                                             ; DOLPHIN_MOVEMENT       ; work         ;
;    |FSM:FINITE_STATE_MACHINE|                       ; 21.8 (21.8)          ; 23.2 (23.2)                      ; 1.3 (1.3)                                         ; 0.0 (0.0)                        ; 0.0 (0.0)            ; 34 (34)             ; 11 (11)                   ; 0 (0)         ; 0                 ; 0     ; 0          ; 0    ; 0            ; |top_level|FSM:FINITE_STATE_MACHINE                                                                                                                      ; FSM                    ; work         ;
;    |GAME_OVER_TEXT:GAME_OVER_TEXT_INSTANCE|         ; 41.6 (28.6)          ; 45.7 (31.2)                      ; 5.5 (3.2)                                         ; 1.4 (0.6)                        ; 0.0 (0.0)            ; 65 (50)             ; 0 (0)                     ; 0 (0)         ; 576               ; 3     ; 0          ; 0    ; 0            ; |top_level|GAME_OVER_TEXT:GAME_OVER_TEXT_INSTANCE                                                                                                        ; GAME_OVER_TEXT         ; work         ;
;       |char_rom:\GEN_CHARS:0:CHAR_ROM_INST|         ; 1.2 (1.2)            ; 1.0 (1.0)                        ; 0.0 (0.0)                                         ; 0.2 (0.2)                        ; 0.0 (0.0)            ; 1 (1)               ; 0 (0)                     ; 0 (0)         ; 64                ; 1     ; 0          ; 0    ; 0            ; |top_level|GAME_OVER_TEXT:GAME_OVER_TEXT_INSTANCE|char_rom:\GEN_CHARS:0:CHAR_ROM_INST                                                                    ; char_rom               ; work         ;
;          |altsyncram:altsyncram_component|          ; 0.0 (0.0)            ; 0.0 (0.0)                        ; 0.0 (0.0)                                         ; 0.0 (0.0)                        ; 0.0 (0.0)            ; 0 (0)               ; 0 (0)                     ; 0 (0)         ; 64                ; 1     ; 0          ; 0    ; 0            ; |top_level|GAME_OVER_TEXT:GAME_OVER_TEXT_INSTANCE|char_rom:\GEN_CHARS:0:CHAR_ROM_INST|altsyncram:altsyncram_component                                    ; altsyncram             ; work         ;
;             |altsyncram_d5g1:auto_generated|        ; 0.0 (0.0)            ; 0.0 (0.0)                        ; 0.0 (0.0)                                         ; 0.0 (0.0)                        ; 0.0 (0.0)            ; 0 (0)               ; 0 (0)                     ; 0 (0)         ; 64                ; 1     ; 0          ; 0    ; 0            ; |top_level|GAME_OVER_TEXT:GAME_OVER_TEXT_INSTANCE|char_rom:\GEN_CHARS:0:CHAR_ROM_INST|altsyncram:altsyncram_component|altsyncram_d5g1:auto_generated     ; altsyncram_d5g1        ; work         ;
;       |char_rom:\GEN_CHARS:1:CHAR_ROM_INST|         ; 2.0 (2.0)            ; 2.0 (2.0)                        ; 0.0 (0.0)                                         ; 0.0 (0.0)                        ; 0.0 (0.0)            ; 2 (2)               ; 0 (0)                     ; 0 (0)         ; 64                ; 1     ; 0          ; 0    ; 0            ; |top_level|GAME_OVER_TEXT:GAME_OVER_TEXT_INSTANCE|char_rom:\GEN_CHARS:1:CHAR_ROM_INST                                                                    ; char_rom               ; work         ;
;          |altsyncram:altsyncram_component|          ; 0.0 (0.0)            ; 0.0 (0.0)                        ; 0.0 (0.0)                                         ; 0.0 (0.0)                        ; 0.0 (0.0)            ; 0 (0)               ; 0 (0)                     ; 0 (0)         ; 64                ; 1     ; 0          ; 0    ; 0            ; |top_level|GAME_OVER_TEXT:GAME_OVER_TEXT_INSTANCE|char_rom:\GEN_CHARS:1:CHAR_ROM_INST|altsyncram:altsyncram_component                                    ; altsyncram             ; work         ;
;             |altsyncram_d5g1:auto_generated|        ; 0.0 (0.0)            ; 0.0 (0.0)                        ; 0.0 (0.0)                                         ; 0.0 (0.0)                        ; 0.0 (0.0)            ; 0 (0)               ; 0 (0)                     ; 0 (0)         ; 64                ; 1     ; 0          ; 0    ; 0            ; |top_level|GAME_OVER_TEXT:GAME_OVER_TEXT_INSTANCE|char_rom:\GEN_CHARS:1:CHAR_ROM_INST|altsyncram:altsyncram_component|altsyncram_d5g1:auto_generated     ; altsyncram_d5g1        ; work         ;
;       |char_rom:\GEN_CHARS:2:CHAR_ROM_INST|         ; 0.7 (0.7)            ; 1.0 (1.0)                        ; 0.3 (0.3)                                         ; 0.0 (0.0)                        ; 0.0 (0.0)            ; 1 (1)               ; 0 (0)                     ; 0 (0)         ; 64                ; 0     ; 0          ; 0    ; 0            ; |top_level|GAME_OVER_TEXT:GAME_OVER_TEXT_INSTANCE|char_rom:\GEN_CHARS:2:CHAR_ROM_INST                                                                    ; char_rom               ; work         ;
;          |altsyncram:altsyncram_component|          ; 0.0 (0.0)            ; 0.0 (0.0)                        ; 0.0 (0.0)                                         ; 0.0 (0.0)                        ; 0.0 (0.0)            ; 0 (0)               ; 0 (0)                     ; 0 (0)         ; 64                ; 0     ; 0          ; 0    ; 0            ; |top_level|GAME_OVER_TEXT:GAME_OVER_TEXT_INSTANCE|char_rom:\GEN_CHARS:2:CHAR_ROM_INST|altsyncram:altsyncram_component                                    ; altsyncram             ; work         ;
;             |altsyncram_d5g1:auto_generated|        ; 0.0 (0.0)            ; 0.0 (0.0)                        ; 0.0 (0.0)                                         ; 0.0 (0.0)                        ; 0.0 (0.0)            ; 0 (0)               ; 0 (0)                     ; 0 (0)         ; 64                ; 0     ; 0          ; 0    ; 0            ; |top_level|GAME_OVER_TEXT:GAME_OVER_TEXT_INSTANCE|char_rom:\GEN_CHARS:2:CHAR_ROM_INST|altsyncram:altsyncram_component|altsyncram_d5g1:auto_generated     ; altsyncram_d5g1        ; work         ;
;       |char_rom:\GEN_CHARS:3:CHAR_ROM_INST|         ; 1.3 (1.3)            ; 2.0 (2.0)                        ; 0.7 (0.7)                                         ; 0.0 (0.0)                        ; 0.0 (0.0)            ; 2 (2)               ; 0 (0)                     ; 0 (0)         ; 64                ; 0     ; 0          ; 0    ; 0            ; |top_level|GAME_OVER_TEXT:GAME_OVER_TEXT_INSTANCE|char_rom:\GEN_CHARS:3:CHAR_ROM_INST                                                                    ; char_rom               ; work         ;
;          |altsyncram:altsyncram_component|          ; 0.0 (0.0)            ; 0.0 (0.0)                        ; 0.0 (0.0)                                         ; 0.0 (0.0)                        ; 0.0 (0.0)            ; 0 (0)               ; 0 (0)                     ; 0 (0)         ; 64                ; 0     ; 0          ; 0    ; 0            ; |top_level|GAME_OVER_TEXT:GAME_OVER_TEXT_INSTANCE|char_rom:\GEN_CHARS:3:CHAR_ROM_INST|altsyncram:altsyncram_component                                    ; altsyncram             ; work         ;
;             |altsyncram_d5g1:auto_generated|        ; 0.0 (0.0)            ; 0.0 (0.0)                        ; 0.0 (0.0)                                         ; 0.0 (0.0)                        ; 0.0 (0.0)            ; 0 (0)               ; 0 (0)                     ; 0 (0)         ; 64                ; 0     ; 0          ; 0    ; 0            ; |top_level|GAME_OVER_TEXT:GAME_OVER_TEXT_INSTANCE|char_rom:\GEN_CHARS:3:CHAR_ROM_INST|altsyncram:altsyncram_component|altsyncram_d5g1:auto_generated     ; altsyncram_d5g1        ; work         ;
;       |char_rom:\GEN_CHARS:4:CHAR_ROM_INST|         ; 2.8 (2.8)            ; 2.5 (2.5)                        ; 0.0 (0.0)                                         ; 0.3 (0.3)                        ; 0.0 (0.0)            ; 3 (3)               ; 0 (0)                     ; 0 (0)         ; 64                ; 0     ; 0          ; 0    ; 0            ; |top_level|GAME_OVER_TEXT:GAME_OVER_TEXT_INSTANCE|char_rom:\GEN_CHARS:4:CHAR_ROM_INST                                                                    ; char_rom               ; work         ;
;          |altsyncram:altsyncram_component|          ; 0.0 (0.0)            ; 0.0 (0.0)                        ; 0.0 (0.0)                                         ; 0.0 (0.0)                        ; 0.0 (0.0)            ; 0 (0)               ; 0 (0)                     ; 0 (0)         ; 64                ; 0     ; 0          ; 0    ; 0            ; |top_level|GAME_OVER_TEXT:GAME_OVER_TEXT_INSTANCE|char_rom:\GEN_CHARS:4:CHAR_ROM_INST|altsyncram:altsyncram_component                                    ; altsyncram             ; work         ;
;             |altsyncram_d5g1:auto_generated|        ; 0.0 (0.0)            ; 0.0 (0.0)                        ; 0.0 (0.0)                                         ; 0.0 (0.0)                        ; 0.0 (0.0)            ; 0 (0)               ; 0 (0)                     ; 0 (0)         ; 64                ; 0     ; 0          ; 0    ; 0            ; |top_level|GAME_OVER_TEXT:GAME_OVER_TEXT_INSTANCE|char_rom:\GEN_CHARS:4:CHAR_ROM_INST|altsyncram:altsyncram_component|altsyncram_d5g1:auto_generated     ; altsyncram_d5g1        ; work         ;
;       |char_rom:\GEN_CHARS:5:CHAR_ROM_INST|         ; 1.3 (1.3)            ; 2.0 (2.0)                        ; 0.7 (0.7)                                         ; 0.0 (0.0)                        ; 0.0 (0.0)            ; 2 (2)               ; 0 (0)                     ; 0 (0)         ; 64                ; 1     ; 0          ; 0    ; 0            ; |top_level|GAME_OVER_TEXT:GAME_OVER_TEXT_INSTANCE|char_rom:\GEN_CHARS:5:CHAR_ROM_INST                                                                    ; char_rom               ; work         ;
;          |altsyncram:altsyncram_component|          ; 0.0 (0.0)            ; 0.0 (0.0)                        ; 0.0 (0.0)                                         ; 0.0 (0.0)                        ; 0.0 (0.0)            ; 0 (0)               ; 0 (0)                     ; 0 (0)         ; 64                ; 1     ; 0          ; 0    ; 0            ; |top_level|GAME_OVER_TEXT:GAME_OVER_TEXT_INSTANCE|char_rom:\GEN_CHARS:5:CHAR_ROM_INST|altsyncram:altsyncram_component                                    ; altsyncram             ; work         ;
;             |altsyncram_d5g1:auto_generated|        ; 0.0 (0.0)            ; 0.0 (0.0)                        ; 0.0 (0.0)                                         ; 0.0 (0.0)                        ; 0.0 (0.0)            ; 0 (0)               ; 0 (0)                     ; 0 (0)         ; 64                ; 1     ; 0          ; 0    ; 0            ; |top_level|GAME_OVER_TEXT:GAME_OVER_TEXT_INSTANCE|char_rom:\GEN_CHARS:5:CHAR_ROM_INST|altsyncram:altsyncram_component|altsyncram_d5g1:auto_generated     ; altsyncram_d5g1        ; work         ;
;       |char_rom:\GEN_CHARS:6:CHAR_ROM_INST|         ; 1.2 (1.2)            ; 1.0 (1.0)                        ; 0.0 (0.0)                                         ; 0.2 (0.2)                        ; 0.0 (0.0)            ; 1 (1)               ; 0 (0)                     ; 0 (0)         ; 64                ; 0     ; 0          ; 0    ; 0            ; |top_level|GAME_OVER_TEXT:GAME_OVER_TEXT_INSTANCE|char_rom:\GEN_CHARS:6:CHAR_ROM_INST                                                                    ; char_rom               ; work         ;
;          |altsyncram:altsyncram_component|          ; 0.0 (0.0)            ; 0.0 (0.0)                        ; 0.0 (0.0)                                         ; 0.0 (0.0)                        ; 0.0 (0.0)            ; 0 (0)               ; 0 (0)                     ; 0 (0)         ; 64                ; 0     ; 0          ; 0    ; 0            ; |top_level|GAME_OVER_TEXT:GAME_OVER_TEXT_INSTANCE|char_rom:\GEN_CHARS:6:CHAR_ROM_INST|altsyncram:altsyncram_component                                    ; altsyncram             ; work         ;
;             |altsyncram_d5g1:auto_generated|        ; 0.0 (0.0)            ; 0.0 (0.0)                        ; 0.0 (0.0)                                         ; 0.0 (0.0)                        ; 0.0 (0.0)            ; 0 (0)               ; 0 (0)                     ; 0 (0)         ; 64                ; 0     ; 0          ; 0    ; 0            ; |top_level|GAME_OVER_TEXT:GAME_OVER_TEXT_INSTANCE|char_rom:\GEN_CHARS:6:CHAR_ROM_INST|altsyncram:altsyncram_component|altsyncram_d5g1:auto_generated     ; altsyncram_d5g1        ; work         ;
;       |char_rom:\GEN_CHARS:7:CHAR_ROM_INST|         ; 1.3 (1.3)            ; 2.0 (2.0)                        ; 0.7 (0.7)                                         ; 0.0 (0.0)                        ; 0.0 (0.0)            ; 2 (2)               ; 0 (0)                     ; 0 (0)         ; 64                ; 0     ; 0          ; 0    ; 0            ; |top_level|GAME_OVER_TEXT:GAME_OVER_TEXT_INSTANCE|char_rom:\GEN_CHARS:7:CHAR_ROM_INST                                                                    ; char_rom               ; work         ;
;          |altsyncram:altsyncram_component|          ; 0.0 (0.0)            ; 0.0 (0.0)                        ; 0.0 (0.0)                                         ; 0.0 (0.0)                        ; 0.0 (0.0)            ; 0 (0)               ; 0 (0)                     ; 0 (0)         ; 64                ; 0     ; 0          ; 0    ; 0            ; |top_level|GAME_OVER_TEXT:GAME_OVER_TEXT_INSTANCE|char_rom:\GEN_CHARS:7:CHAR_ROM_INST|altsyncram:altsyncram_component                                    ; altsyncram             ; work         ;
;             |altsyncram_d5g1:auto_generated|        ; 0.0 (0.0)            ; 0.0 (0.0)                        ; 0.0 (0.0)                                         ; 0.0 (0.0)                        ; 0.0 (0.0)            ; 0 (0)               ; 0 (0)                     ; 0 (0)         ; 64                ; 0     ; 0          ; 0    ; 0            ; |top_level|GAME_OVER_TEXT:GAME_OVER_TEXT_INSTANCE|char_rom:\GEN_CHARS:7:CHAR_ROM_INST|altsyncram:altsyncram_component|altsyncram_d5g1:auto_generated     ; altsyncram_d5g1        ; work         ;
;       |char_rom:\GEN_CHARS:8:CHAR_ROM_INST|         ; 1.2 (1.2)            ; 1.0 (1.0)                        ; 0.0 (0.0)                                         ; 0.2 (0.2)                        ; 0.0 (0.0)            ; 1 (1)               ; 0 (0)                     ; 0 (0)         ; 64                ; 0     ; 0          ; 0    ; 0            ; |top_level|GAME_OVER_TEXT:GAME_OVER_TEXT_INSTANCE|char_rom:\GEN_CHARS:8:CHAR_ROM_INST                                                                    ; char_rom               ; work         ;
;          |altsyncram:altsyncram_component|          ; 0.0 (0.0)            ; 0.0 (0.0)                        ; 0.0 (0.0)                                         ; 0.0 (0.0)                        ; 0.0 (0.0)            ; 0 (0)               ; 0 (0)                     ; 0 (0)         ; 64                ; 0     ; 0          ; 0    ; 0            ; |top_level|GAME_OVER_TEXT:GAME_OVER_TEXT_INSTANCE|char_rom:\GEN_CHARS:8:CHAR_ROM_INST|altsyncram:altsyncram_component                                    ; altsyncram             ; work         ;
;             |altsyncram_d5g1:auto_generated|        ; 0.0 (0.0)            ; 0.0 (0.0)                        ; 0.0 (0.0)                                         ; 0.0 (0.0)                        ; 0.0 (0.0)            ; 0 (0)               ; 0 (0)                     ; 0 (0)         ; 64                ; 0     ; 0          ; 0    ; 0            ; |top_level|GAME_OVER_TEXT:GAME_OVER_TEXT_INSTANCE|char_rom:\GEN_CHARS:8:CHAR_ROM_INST|altsyncram:altsyncram_component|altsyncram_d5g1:auto_generated     ; altsyncram_d5g1        ; work         ;
;    |GAME_WON_TEXT:GAME_WON_TEXT_INSTANCE|           ; 66.0 (49.8)          ; 65.7 (49.7)                      ; 1.0 (1.0)                                         ; 1.4 (1.1)                        ; 0.0 (0.0)            ; 102 (86)            ; 0 (0)                     ; 0 (0)         ; 512               ; 1     ; 0          ; 0    ; 0            ; |top_level|GAME_WON_TEXT:GAME_WON_TEXT_INSTANCE                                                                                                          ; GAME_WON_TEXT          ; work         ;
;       |char_rom:\GEN_CHARS:0:CHAR_ROM_INST|         ; 2.1 (2.1)            ; 2.0 (2.0)                        ; 0.0 (0.0)                                         ; 0.1 (0.1)                        ; 0.0 (0.0)            ; 2 (2)               ; 0 (0)                     ; 0 (0)         ; 64                ; 1     ; 0          ; 0    ; 0            ; |top_level|GAME_WON_TEXT:GAME_WON_TEXT_INSTANCE|char_rom:\GEN_CHARS:0:CHAR_ROM_INST                                                                      ; char_rom               ; work         ;
;          |altsyncram:altsyncram_component|          ; 0.0 (0.0)            ; 0.0 (0.0)                        ; 0.0 (0.0)                                         ; 0.0 (0.0)                        ; 0.0 (0.0)            ; 0 (0)               ; 0 (0)                     ; 0 (0)         ; 64                ; 1     ; 0          ; 0    ; 0            ; |top_level|GAME_WON_TEXT:GAME_WON_TEXT_INSTANCE|char_rom:\GEN_CHARS:0:CHAR_ROM_INST|altsyncram:altsyncram_component                                      ; altsyncram             ; work         ;
;             |altsyncram_d5g1:auto_generated|        ; 0.0 (0.0)            ; 0.0 (0.0)                        ; 0.0 (0.0)                                         ; 0.0 (0.0)                        ; 0.0 (0.0)            ; 0 (0)               ; 0 (0)                     ; 0 (0)         ; 64                ; 1     ; 0          ; 0    ; 0            ; |top_level|GAME_WON_TEXT:GAME_WON_TEXT_INSTANCE|char_rom:\GEN_CHARS:0:CHAR_ROM_INST|altsyncram:altsyncram_component|altsyncram_d5g1:auto_generated       ; altsyncram_d5g1        ; work         ;
;       |char_rom:\GEN_CHARS:1:CHAR_ROM_INST|         ; 2.1 (2.1)            ; 2.0 (2.0)                        ; 0.0 (0.0)                                         ; 0.1 (0.1)                        ; 0.0 (0.0)            ; 2 (2)               ; 0 (0)                     ; 0 (0)         ; 64                ; 0     ; 0          ; 0    ; 0            ; |top_level|GAME_WON_TEXT:GAME_WON_TEXT_INSTANCE|char_rom:\GEN_CHARS:1:CHAR_ROM_INST                                                                      ; char_rom               ; work         ;
;          |altsyncram:altsyncram_component|          ; 0.0 (0.0)            ; 0.0 (0.0)                        ; 0.0 (0.0)                                         ; 0.0 (0.0)                        ; 0.0 (0.0)            ; 0 (0)               ; 0 (0)                     ; 0 (0)         ; 64                ; 0     ; 0          ; 0    ; 0            ; |top_level|GAME_WON_TEXT:GAME_WON_TEXT_INSTANCE|char_rom:\GEN_CHARS:1:CHAR_ROM_INST|altsyncram:altsyncram_component                                      ; altsyncram             ; work         ;
;             |altsyncram_d5g1:auto_generated|        ; 0.0 (0.0)            ; 0.0 (0.0)                        ; 0.0 (0.0)                                         ; 0.0 (0.0)                        ; 0.0 (0.0)            ; 0 (0)               ; 0 (0)                     ; 0 (0)         ; 64                ; 0     ; 0          ; 0    ; 0            ; |top_level|GAME_WON_TEXT:GAME_WON_TEXT_INSTANCE|char_rom:\GEN_CHARS:1:CHAR_ROM_INST|altsyncram:altsyncram_component|altsyncram_d5g1:auto_generated       ; altsyncram_d5g1        ; work         ;
;       |char_rom:\GEN_CHARS:2:CHAR_ROM_INST|         ; 2.1 (2.1)            ; 2.0 (2.0)                        ; 0.0 (0.0)                                         ; 0.1 (0.1)                        ; 0.0 (0.0)            ; 2 (2)               ; 0 (0)                     ; 0 (0)         ; 64                ; 0     ; 0          ; 0    ; 0            ; |top_level|GAME_WON_TEXT:GAME_WON_TEXT_INSTANCE|char_rom:\GEN_CHARS:2:CHAR_ROM_INST                                                                      ; char_rom               ; work         ;
;          |altsyncram:altsyncram_component|          ; 0.0 (0.0)            ; 0.0 (0.0)                        ; 0.0 (0.0)                                         ; 0.0 (0.0)                        ; 0.0 (0.0)            ; 0 (0)               ; 0 (0)                     ; 0 (0)         ; 64                ; 0     ; 0          ; 0    ; 0            ; |top_level|GAME_WON_TEXT:GAME_WON_TEXT_INSTANCE|char_rom:\GEN_CHARS:2:CHAR_ROM_INST|altsyncram:altsyncram_component                                      ; altsyncram             ; work         ;
;             |altsyncram_d5g1:auto_generated|        ; 0.0 (0.0)            ; 0.0 (0.0)                        ; 0.0 (0.0)                                         ; 0.0 (0.0)                        ; 0.0 (0.0)            ; 0 (0)               ; 0 (0)                     ; 0 (0)         ; 64                ; 0     ; 0          ; 0    ; 0            ; |top_level|GAME_WON_TEXT:GAME_WON_TEXT_INSTANCE|char_rom:\GEN_CHARS:2:CHAR_ROM_INST|altsyncram:altsyncram_component|altsyncram_d5g1:auto_generated       ; altsyncram_d5g1        ; work         ;
;       |char_rom:\GEN_CHARS:3:CHAR_ROM_INST|         ; 2.0 (2.0)            ; 2.0 (2.0)                        ; 0.0 (0.0)                                         ; 0.0 (0.0)                        ; 0.0 (0.0)            ; 2 (2)               ; 0 (0)                     ; 0 (0)         ; 64                ; 0     ; 0          ; 0    ; 0            ; |top_level|GAME_WON_TEXT:GAME_WON_TEXT_INSTANCE|char_rom:\GEN_CHARS:3:CHAR_ROM_INST                                                                      ; char_rom               ; work         ;
;          |altsyncram:altsyncram_component|          ; 0.0 (0.0)            ; 0.0 (0.0)                        ; 0.0 (0.0)                                         ; 0.0 (0.0)                        ; 0.0 (0.0)            ; 0 (0)               ; 0 (0)                     ; 0 (0)         ; 64                ; 0     ; 0          ; 0    ; 0            ; |top_level|GAME_WON_TEXT:GAME_WON_TEXT_INSTANCE|char_rom:\GEN_CHARS:3:CHAR_ROM_INST|altsyncram:altsyncram_component                                      ; altsyncram             ; work         ;
;             |altsyncram_d5g1:auto_generated|        ; 0.0 (0.0)            ; 0.0 (0.0)                        ; 0.0 (0.0)                                         ; 0.0 (0.0)                        ; 0.0 (0.0)            ; 0 (0)               ; 0 (0)                     ; 0 (0)         ; 64                ; 0     ; 0          ; 0    ; 0            ; |top_level|GAME_WON_TEXT:GAME_WON_TEXT_INSTANCE|char_rom:\GEN_CHARS:3:CHAR_ROM_INST|altsyncram:altsyncram_component|altsyncram_d5g1:auto_generated       ; altsyncram_d5g1        ; work         ;
;       |char_rom:\GEN_CHARS:4:CHAR_ROM_INST|         ; 2.0 (2.0)            ; 2.0 (2.0)                        ; 0.0 (0.0)                                         ; 0.0 (0.0)                        ; 0.0 (0.0)            ; 2 (2)               ; 0 (0)                     ; 0 (0)         ; 64                ; 0     ; 0          ; 0    ; 0            ; |top_level|GAME_WON_TEXT:GAME_WON_TEXT_INSTANCE|char_rom:\GEN_CHARS:4:CHAR_ROM_INST                                                                      ; char_rom               ; work         ;
;          |altsyncram:altsyncram_component|          ; 0.0 (0.0)            ; 0.0 (0.0)                        ; 0.0 (0.0)                                         ; 0.0 (0.0)                        ; 0.0 (0.0)            ; 0 (0)               ; 0 (0)                     ; 0 (0)         ; 64                ; 0     ; 0          ; 0    ; 0            ; |top_level|GAME_WON_TEXT:GAME_WON_TEXT_INSTANCE|char_rom:\GEN_CHARS:4:CHAR_ROM_INST|altsyncram:altsyncram_component                                      ; altsyncram             ; work         ;
;             |altsyncram_d5g1:auto_generated|        ; 0.0 (0.0)            ; 0.0 (0.0)                        ; 0.0 (0.0)                                         ; 0.0 (0.0)                        ; 0.0 (0.0)            ; 0 (0)               ; 0 (0)                     ; 0 (0)         ; 64                ; 0     ; 0          ; 0    ; 0            ; |top_level|GAME_WON_TEXT:GAME_WON_TEXT_INSTANCE|char_rom:\GEN_CHARS:4:CHAR_ROM_INST|altsyncram:altsyncram_component|altsyncram_d5g1:auto_generated       ; altsyncram_d5g1        ; work         ;
;       |char_rom:\GEN_CHARS:5:CHAR_ROM_INST|         ; 2.0 (2.0)            ; 2.0 (2.0)                        ; 0.0 (0.0)                                         ; 0.0 (0.0)                        ; 0.0 (0.0)            ; 2 (2)               ; 0 (0)                     ; 0 (0)         ; 64                ; 0     ; 0          ; 0    ; 0            ; |top_level|GAME_WON_TEXT:GAME_WON_TEXT_INSTANCE|char_rom:\GEN_CHARS:5:CHAR_ROM_INST                                                                      ; char_rom               ; work         ;
;          |altsyncram:altsyncram_component|          ; 0.0 (0.0)            ; 0.0 (0.0)                        ; 0.0 (0.0)                                         ; 0.0 (0.0)                        ; 0.0 (0.0)            ; 0 (0)               ; 0 (0)                     ; 0 (0)         ; 64                ; 0     ; 0          ; 0    ; 0            ; |top_level|GAME_WON_TEXT:GAME_WON_TEXT_INSTANCE|char_rom:\GEN_CHARS:5:CHAR_ROM_INST|altsyncram:altsyncram_component                                      ; altsyncram             ; work         ;
;             |altsyncram_d5g1:auto_generated|        ; 0.0 (0.0)            ; 0.0 (0.0)                        ; 0.0 (0.0)                                         ; 0.0 (0.0)                        ; 0.0 (0.0)            ; 0 (0)               ; 0 (0)                     ; 0 (0)         ; 64                ; 0     ; 0          ; 0    ; 0            ; |top_level|GAME_WON_TEXT:GAME_WON_TEXT_INSTANCE|char_rom:\GEN_CHARS:5:CHAR_ROM_INST|altsyncram:altsyncram_component|altsyncram_d5g1:auto_generated       ; altsyncram_d5g1        ; work         ;
;       |char_rom:\GEN_CHARS:6:CHAR_ROM_INST|         ; 2.0 (2.0)            ; 2.0 (2.0)                        ; 0.0 (0.0)                                         ; 0.0 (0.0)                        ; 0.0 (0.0)            ; 2 (2)               ; 0 (0)                     ; 0 (0)         ; 64                ; 0     ; 0          ; 0    ; 0            ; |top_level|GAME_WON_TEXT:GAME_WON_TEXT_INSTANCE|char_rom:\GEN_CHARS:6:CHAR_ROM_INST                                                                      ; char_rom               ; work         ;
;          |altsyncram:altsyncram_component|          ; 0.0 (0.0)            ; 0.0 (0.0)                        ; 0.0 (0.0)                                         ; 0.0 (0.0)                        ; 0.0 (0.0)            ; 0 (0)               ; 0 (0)                     ; 0 (0)         ; 64                ; 0     ; 0          ; 0    ; 0            ; |top_level|GAME_WON_TEXT:GAME_WON_TEXT_INSTANCE|char_rom:\GEN_CHARS:6:CHAR_ROM_INST|altsyncram:altsyncram_component                                      ; altsyncram             ; work         ;
;             |altsyncram_d5g1:auto_generated|        ; 0.0 (0.0)            ; 0.0 (0.0)                        ; 0.0 (0.0)                                         ; 0.0 (0.0)                        ; 0.0 (0.0)            ; 0 (0)               ; 0 (0)                     ; 0 (0)         ; 64                ; 0     ; 0          ; 0    ; 0            ; |top_level|GAME_WON_TEXT:GAME_WON_TEXT_INSTANCE|char_rom:\GEN_CHARS:6:CHAR_ROM_INST|altsyncram:altsyncram_component|altsyncram_d5g1:auto_generated       ; altsyncram_d5g1        ; work         ;
;       |char_rom:\GEN_CHARS:7:CHAR_ROM_INST|         ; 2.0 (2.0)            ; 2.0 (2.0)                        ; 0.0 (0.0)                                         ; 0.0 (0.0)                        ; 0.0 (0.0)            ; 2 (2)               ; 0 (0)                     ; 0 (0)         ; 64                ; 0     ; 0          ; 0    ; 0            ; |top_level|GAME_WON_TEXT:GAME_WON_TEXT_INSTANCE|char_rom:\GEN_CHARS:7:CHAR_ROM_INST                                                                      ; char_rom               ; work         ;
;          |altsyncram:altsyncram_component|          ; 0.0 (0.0)            ; 0.0 (0.0)                        ; 0.0 (0.0)                                         ; 0.0 (0.0)                        ; 0.0 (0.0)            ; 0 (0)               ; 0 (0)                     ; 0 (0)         ; 64                ; 0     ; 0          ; 0    ; 0            ; |top_level|GAME_WON_TEXT:GAME_WON_TEXT_INSTANCE|char_rom:\GEN_CHARS:7:CHAR_ROM_INST|altsyncram:altsyncram_component                                      ; altsyncram             ; work         ;
;             |altsyncram_d5g1:auto_generated|        ; 0.0 (0.0)            ; 0.0 (0.0)                        ; 0.0 (0.0)                                         ; 0.0 (0.0)                        ; 0.0 (0.0)            ; 0 (0)               ; 0 (0)                     ; 0 (0)         ; 64                ; 0     ; 0          ; 0    ; 0            ; |top_level|GAME_WON_TEXT:GAME_WON_TEXT_INSTANCE|char_rom:\GEN_CHARS:7:CHAR_ROM_INST|altsyncram:altsyncram_component|altsyncram_d5g1:auto_generated       ; altsyncram_d5g1        ; work         ;
;    |HOME_DISPLAY_TEXT:HOME_SCREEN_TEXT|             ; 684.3 (469.2)        ; 684.9 (480.9)                    ; 13.3 (13.3)                                       ; 12.7 (1.5)                       ; 0.0 (0.0)            ; 1056 (852)          ; 1 (1)                     ; 0 (0)         ; 6528              ; 22    ; 0          ; 0    ; 0            ; |top_level|HOME_DISPLAY_TEXT:HOME_SCREEN_TEXT                                                                                                            ; HOME_DISPLAY_TEXT      ; work         ;
;       |char_rom:\GEN_CHARS:0:CHAR_ROM_INST|         ; 2.2 (2.2)            ; 2.0 (2.0)                        ; 0.0 (0.0)                                         ; 0.2 (0.2)                        ; 0.0 (0.0)            ; 2 (2)               ; 0 (0)                     ; 0 (0)         ; 64                ; 1     ; 0          ; 0    ; 0            ; |top_level|HOME_DISPLAY_TEXT:HOME_SCREEN_TEXT|char_rom:\GEN_CHARS:0:CHAR_ROM_INST                                                                        ; char_rom               ; work         ;
;          |altsyncram:altsyncram_component|          ; 0.0 (0.0)            ; 0.0 (0.0)                        ; 0.0 (0.0)                                         ; 0.0 (0.0)                        ; 0.0 (0.0)            ; 0 (0)               ; 0 (0)                     ; 0 (0)         ; 64                ; 1     ; 0          ; 0    ; 0            ; |top_level|HOME_DISPLAY_TEXT:HOME_SCREEN_TEXT|char_rom:\GEN_CHARS:0:CHAR_ROM_INST|altsyncram:altsyncram_component                                        ; altsyncram             ; work         ;
;             |altsyncram_d5g1:auto_generated|        ; 0.0 (0.0)            ; 0.0 (0.0)                        ; 0.0 (0.0)                                         ; 0.0 (0.0)                        ; 0.0 (0.0)            ; 0 (0)               ; 0 (0)                     ; 0 (0)         ; 64                ; 1     ; 0          ; 0    ; 0            ; |top_level|HOME_DISPLAY_TEXT:HOME_SCREEN_TEXT|char_rom:\GEN_CHARS:0:CHAR_ROM_INST|altsyncram:altsyncram_component|altsyncram_d5g1:auto_generated         ; altsyncram_d5g1        ; work         ;
;       |char_rom:\GEN_CHARS:10:CHAR_ROM_INST|        ; 2.0 (2.0)            ; 2.0 (2.0)                        ; 0.0 (0.0)                                         ; 0.0 (0.0)                        ; 0.0 (0.0)            ; 2 (2)               ; 0 (0)                     ; 0 (0)         ; 64                ; 0     ; 0          ; 0    ; 0            ; |top_level|HOME_DISPLAY_TEXT:HOME_SCREEN_TEXT|char_rom:\GEN_CHARS:10:CHAR_ROM_INST                                                                       ; char_rom               ; work         ;
;          |altsyncram:altsyncram_component|          ; 0.0 (0.0)            ; 0.0 (0.0)                        ; 0.0 (0.0)                                         ; 0.0 (0.0)                        ; 0.0 (0.0)            ; 0 (0)               ; 0 (0)                     ; 0 (0)         ; 64                ; 0     ; 0          ; 0    ; 0            ; |top_level|HOME_DISPLAY_TEXT:HOME_SCREEN_TEXT|char_rom:\GEN_CHARS:10:CHAR_ROM_INST|altsyncram:altsyncram_component                                       ; altsyncram             ; work         ;
;             |altsyncram_d5g1:auto_generated|        ; 0.0 (0.0)            ; 0.0 (0.0)                        ; 0.0 (0.0)                                         ; 0.0 (0.0)                        ; 0.0 (0.0)            ; 0 (0)               ; 0 (0)                     ; 0 (0)         ; 64                ; 0     ; 0          ; 0    ; 0            ; |top_level|HOME_DISPLAY_TEXT:HOME_SCREEN_TEXT|char_rom:\GEN_CHARS:10:CHAR_ROM_INST|altsyncram:altsyncram_component|altsyncram_d5g1:auto_generated        ; altsyncram_d5g1        ; work         ;
;       |char_rom:\GEN_CHARS:11:CHAR_ROM_INST|        ; 2.0 (2.0)            ; 2.0 (2.0)                        ; 0.0 (0.0)                                         ; 0.0 (0.0)                        ; 0.0 (0.0)            ; 2 (2)               ; 0 (0)                     ; 0 (0)         ; 64                ; 0     ; 0          ; 0    ; 0            ; |top_level|HOME_DISPLAY_TEXT:HOME_SCREEN_TEXT|char_rom:\GEN_CHARS:11:CHAR_ROM_INST                                                                       ; char_rom               ; work         ;
;          |altsyncram:altsyncram_component|          ; 0.0 (0.0)            ; 0.0 (0.0)                        ; 0.0 (0.0)                                         ; 0.0 (0.0)                        ; 0.0 (0.0)            ; 0 (0)               ; 0 (0)                     ; 0 (0)         ; 64                ; 0     ; 0          ; 0    ; 0            ; |top_level|HOME_DISPLAY_TEXT:HOME_SCREEN_TEXT|char_rom:\GEN_CHARS:11:CHAR_ROM_INST|altsyncram:altsyncram_component                                       ; altsyncram             ; work         ;
;             |altsyncram_d5g1:auto_generated|        ; 0.0 (0.0)            ; 0.0 (0.0)                        ; 0.0 (0.0)                                         ; 0.0 (0.0)                        ; 0.0 (0.0)            ; 0 (0)               ; 0 (0)                     ; 0 (0)         ; 64                ; 0     ; 0          ; 0    ; 0            ; |top_level|HOME_DISPLAY_TEXT:HOME_SCREEN_TEXT|char_rom:\GEN_CHARS:11:CHAR_ROM_INST|altsyncram:altsyncram_component|altsyncram_d5g1:auto_generated        ; altsyncram_d5g1        ; work         ;
;       |char_rom:\GEN_CHARS:12:CHAR_ROM_INST|        ; 2.0 (2.0)            ; 2.0 (2.0)                        ; 0.0 (0.0)                                         ; 0.0 (0.0)                        ; 0.0 (0.0)            ; 2 (2)               ; 0 (0)                     ; 0 (0)         ; 64                ; 0     ; 0          ; 0    ; 0            ; |top_level|HOME_DISPLAY_TEXT:HOME_SCREEN_TEXT|char_rom:\GEN_CHARS:12:CHAR_ROM_INST                                                                       ; char_rom               ; work         ;
;          |altsyncram:altsyncram_component|          ; 0.0 (0.0)            ; 0.0 (0.0)                        ; 0.0 (0.0)                                         ; 0.0 (0.0)                        ; 0.0 (0.0)            ; 0 (0)               ; 0 (0)                     ; 0 (0)         ; 64                ; 0     ; 0          ; 0    ; 0            ; |top_level|HOME_DISPLAY_TEXT:HOME_SCREEN_TEXT|char_rom:\GEN_CHARS:12:CHAR_ROM_INST|altsyncram:altsyncram_component                                       ; altsyncram             ; work         ;
;             |altsyncram_d5g1:auto_generated|        ; 0.0 (0.0)            ; 0.0 (0.0)                        ; 0.0 (0.0)                                         ; 0.0 (0.0)                        ; 0.0 (0.0)            ; 0 (0)               ; 0 (0)                     ; 0 (0)         ; 64                ; 0     ; 0          ; 0    ; 0            ; |top_level|HOME_DISPLAY_TEXT:HOME_SCREEN_TEXT|char_rom:\GEN_CHARS:12:CHAR_ROM_INST|altsyncram:altsyncram_component|altsyncram_d5g1:auto_generated        ; altsyncram_d5g1        ; work         ;
;       |char_rom:\GEN_CHARS:13:CHAR_ROM_INST|        ; 2.0 (2.0)            ; 2.0 (2.0)                        ; 0.0 (0.0)                                         ; 0.0 (0.0)                        ; 0.0 (0.0)            ; 2 (2)               ; 0 (0)                     ; 0 (0)         ; 64                ; 1     ; 0          ; 0    ; 0            ; |top_level|HOME_DISPLAY_TEXT:HOME_SCREEN_TEXT|char_rom:\GEN_CHARS:13:CHAR_ROM_INST                                                                       ; char_rom               ; work         ;
;          |altsyncram:altsyncram_component|          ; 0.0 (0.0)            ; 0.0 (0.0)                        ; 0.0 (0.0)                                         ; 0.0 (0.0)                        ; 0.0 (0.0)            ; 0 (0)               ; 0 (0)                     ; 0 (0)         ; 64                ; 1     ; 0          ; 0    ; 0            ; |top_level|HOME_DISPLAY_TEXT:HOME_SCREEN_TEXT|char_rom:\GEN_CHARS:13:CHAR_ROM_INST|altsyncram:altsyncram_component                                       ; altsyncram             ; work         ;
;             |altsyncram_d5g1:auto_generated|        ; 0.0 (0.0)            ; 0.0 (0.0)                        ; 0.0 (0.0)                                         ; 0.0 (0.0)                        ; 0.0 (0.0)            ; 0 (0)               ; 0 (0)                     ; 0 (0)         ; 64                ; 1     ; 0          ; 0    ; 0            ; |top_level|HOME_DISPLAY_TEXT:HOME_SCREEN_TEXT|char_rom:\GEN_CHARS:13:CHAR_ROM_INST|altsyncram:altsyncram_component|altsyncram_d5g1:auto_generated        ; altsyncram_d5g1        ; work         ;
;       |char_rom:\GEN_CHARS:1:CHAR_ROM_INST|         ; 2.0 (2.0)            ; 2.0 (2.0)                        ; 0.0 (0.0)                                         ; 0.0 (0.0)                        ; 0.0 (0.0)            ; 2 (2)               ; 0 (0)                     ; 0 (0)         ; 64                ; 1     ; 0          ; 0    ; 0            ; |top_level|HOME_DISPLAY_TEXT:HOME_SCREEN_TEXT|char_rom:\GEN_CHARS:1:CHAR_ROM_INST                                                                        ; char_rom               ; work         ;
;          |altsyncram:altsyncram_component|          ; 0.0 (0.0)            ; 0.0 (0.0)                        ; 0.0 (0.0)                                         ; 0.0 (0.0)                        ; 0.0 (0.0)            ; 0 (0)               ; 0 (0)                     ; 0 (0)         ; 64                ; 1     ; 0          ; 0    ; 0            ; |top_level|HOME_DISPLAY_TEXT:HOME_SCREEN_TEXT|char_rom:\GEN_CHARS:1:CHAR_ROM_INST|altsyncram:altsyncram_component                                        ; altsyncram             ; work         ;
;             |altsyncram_d5g1:auto_generated|        ; 0.0 (0.0)            ; 0.0 (0.0)                        ; 0.0 (0.0)                                         ; 0.0 (0.0)                        ; 0.0 (0.0)            ; 0 (0)               ; 0 (0)                     ; 0 (0)         ; 64                ; 1     ; 0          ; 0    ; 0            ; |top_level|HOME_DISPLAY_TEXT:HOME_SCREEN_TEXT|char_rom:\GEN_CHARS:1:CHAR_ROM_INST|altsyncram:altsyncram_component|altsyncram_d5g1:auto_generated         ; altsyncram_d5g1        ; work         ;
;       |char_rom:\GEN_CHARS:2:CHAR_ROM_INST|         ; 2.2 (2.2)            ; 2.0 (2.0)                        ; 0.0 (0.0)                                         ; 0.2 (0.2)                        ; 0.0 (0.0)            ; 2 (2)               ; 0 (0)                     ; 0 (0)         ; 64                ; 0     ; 0          ; 0    ; 0            ; |top_level|HOME_DISPLAY_TEXT:HOME_SCREEN_TEXT|char_rom:\GEN_CHARS:2:CHAR_ROM_INST                                                                        ; char_rom               ; work         ;
;          |altsyncram:altsyncram_component|          ; 0.0 (0.0)            ; 0.0 (0.0)                        ; 0.0 (0.0)                                         ; 0.0 (0.0)                        ; 0.0 (0.0)            ; 0 (0)               ; 0 (0)                     ; 0 (0)         ; 64                ; 0     ; 0          ; 0    ; 0            ; |top_level|HOME_DISPLAY_TEXT:HOME_SCREEN_TEXT|char_rom:\GEN_CHARS:2:CHAR_ROM_INST|altsyncram:altsyncram_component                                        ; altsyncram             ; work         ;
;             |altsyncram_d5g1:auto_generated|        ; 0.0 (0.0)            ; 0.0 (0.0)                        ; 0.0 (0.0)                                         ; 0.0 (0.0)                        ; 0.0 (0.0)            ; 0 (0)               ; 0 (0)                     ; 0 (0)         ; 64                ; 0     ; 0          ; 0    ; 0            ; |top_level|HOME_DISPLAY_TEXT:HOME_SCREEN_TEXT|char_rom:\GEN_CHARS:2:CHAR_ROM_INST|altsyncram:altsyncram_component|altsyncram_d5g1:auto_generated         ; altsyncram_d5g1        ; work         ;
;       |char_rom:\GEN_CHARS:3:CHAR_ROM_INST|         ; 2.2 (2.2)            ; 2.0 (2.0)                        ; 0.0 (0.0)                                         ; 0.2 (0.2)                        ; 0.0 (0.0)            ; 2 (2)               ; 0 (0)                     ; 0 (0)         ; 64                ; 0     ; 0          ; 0    ; 0            ; |top_level|HOME_DISPLAY_TEXT:HOME_SCREEN_TEXT|char_rom:\GEN_CHARS:3:CHAR_ROM_INST                                                                        ; char_rom               ; work         ;
;          |altsyncram:altsyncram_component|          ; 0.0 (0.0)            ; 0.0 (0.0)                        ; 0.0 (0.0)                                         ; 0.0 (0.0)                        ; 0.0 (0.0)            ; 0 (0)               ; 0 (0)                     ; 0 (0)         ; 64                ; 0     ; 0          ; 0    ; 0            ; |top_level|HOME_DISPLAY_TEXT:HOME_SCREEN_TEXT|char_rom:\GEN_CHARS:3:CHAR_ROM_INST|altsyncram:altsyncram_component                                        ; altsyncram             ; work         ;
;             |altsyncram_d5g1:auto_generated|        ; 0.0 (0.0)            ; 0.0 (0.0)                        ; 0.0 (0.0)                                         ; 0.0 (0.0)                        ; 0.0 (0.0)            ; 0 (0)               ; 0 (0)                     ; 0 (0)         ; 64                ; 0     ; 0          ; 0    ; 0            ; |top_level|HOME_DISPLAY_TEXT:HOME_SCREEN_TEXT|char_rom:\GEN_CHARS:3:CHAR_ROM_INST|altsyncram:altsyncram_component|altsyncram_d5g1:auto_generated         ; altsyncram_d5g1        ; work         ;
;       |char_rom:\GEN_CHARS:4:CHAR_ROM_INST|         ; 2.1 (2.1)            ; 2.0 (2.0)                        ; 0.0 (0.0)                                         ; 0.1 (0.1)                        ; 0.0 (0.0)            ; 2 (2)               ; 0 (0)                     ; 0 (0)         ; 64                ; 0     ; 0          ; 0    ; 0            ; |top_level|HOME_DISPLAY_TEXT:HOME_SCREEN_TEXT|char_rom:\GEN_CHARS:4:CHAR_ROM_INST                                                                        ; char_rom               ; work         ;
;          |altsyncram:altsyncram_component|          ; 0.0 (0.0)            ; 0.0 (0.0)                        ; 0.0 (0.0)                                         ; 0.0 (0.0)                        ; 0.0 (0.0)            ; 0 (0)               ; 0 (0)                     ; 0 (0)         ; 64                ; 0     ; 0          ; 0    ; 0            ; |top_level|HOME_DISPLAY_TEXT:HOME_SCREEN_TEXT|char_rom:\GEN_CHARS:4:CHAR_ROM_INST|altsyncram:altsyncram_component                                        ; altsyncram             ; work         ;
;             |altsyncram_d5g1:auto_generated|        ; 0.0 (0.0)            ; 0.0 (0.0)                        ; 0.0 (0.0)                                         ; 0.0 (0.0)                        ; 0.0 (0.0)            ; 0 (0)               ; 0 (0)                     ; 0 (0)         ; 64                ; 0     ; 0          ; 0    ; 0            ; |top_level|HOME_DISPLAY_TEXT:HOME_SCREEN_TEXT|char_rom:\GEN_CHARS:4:CHAR_ROM_INST|altsyncram:altsyncram_component|altsyncram_d5g1:auto_generated         ; altsyncram_d5g1        ; work         ;
;       |char_rom:\GEN_CHARS:5:CHAR_ROM_INST|         ; 2.2 (2.2)            ; 2.0 (2.0)                        ; 0.0 (0.0)                                         ; 0.2 (0.2)                        ; 0.0 (0.0)            ; 2 (2)               ; 0 (0)                     ; 0 (0)         ; 64                ; 0     ; 0          ; 0    ; 0            ; |top_level|HOME_DISPLAY_TEXT:HOME_SCREEN_TEXT|char_rom:\GEN_CHARS:5:CHAR_ROM_INST                                                                        ; char_rom               ; work         ;
;          |altsyncram:altsyncram_component|          ; 0.0 (0.0)            ; 0.0 (0.0)                        ; 0.0 (0.0)                                         ; 0.0 (0.0)                        ; 0.0 (0.0)            ; 0 (0)               ; 0 (0)                     ; 0 (0)         ; 64                ; 0     ; 0          ; 0    ; 0            ; |top_level|HOME_DISPLAY_TEXT:HOME_SCREEN_TEXT|char_rom:\GEN_CHARS:5:CHAR_ROM_INST|altsyncram:altsyncram_component                                        ; altsyncram             ; work         ;
;             |altsyncram_d5g1:auto_generated|        ; 0.0 (0.0)            ; 0.0 (0.0)                        ; 0.0 (0.0)                                         ; 0.0 (0.0)                        ; 0.0 (0.0)            ; 0 (0)               ; 0 (0)                     ; 0 (0)         ; 64                ; 0     ; 0          ; 0    ; 0            ; |top_level|HOME_DISPLAY_TEXT:HOME_SCREEN_TEXT|char_rom:\GEN_CHARS:5:CHAR_ROM_INST|altsyncram:altsyncram_component|altsyncram_d5g1:auto_generated         ; altsyncram_d5g1        ; work         ;
;       |char_rom:\GEN_CHARS:6:CHAR_ROM_INST|         ; 2.1 (2.1)            ; 2.0 (2.0)                        ; 0.0 (0.0)                                         ; 0.1 (0.1)                        ; 0.0 (0.0)            ; 2 (2)               ; 0 (0)                     ; 0 (0)         ; 64                ; 0     ; 0          ; 0    ; 0            ; |top_level|HOME_DISPLAY_TEXT:HOME_SCREEN_TEXT|char_rom:\GEN_CHARS:6:CHAR_ROM_INST                                                                        ; char_rom               ; work         ;
;          |altsyncram:altsyncram_component|          ; 0.0 (0.0)            ; 0.0 (0.0)                        ; 0.0 (0.0)                                         ; 0.0 (0.0)                        ; 0.0 (0.0)            ; 0 (0)               ; 0 (0)                     ; 0 (0)         ; 64                ; 0     ; 0          ; 0    ; 0            ; |top_level|HOME_DISPLAY_TEXT:HOME_SCREEN_TEXT|char_rom:\GEN_CHARS:6:CHAR_ROM_INST|altsyncram:altsyncram_component                                        ; altsyncram             ; work         ;
;             |altsyncram_d5g1:auto_generated|        ; 0.0 (0.0)            ; 0.0 (0.0)                        ; 0.0 (0.0)                                         ; 0.0 (0.0)                        ; 0.0 (0.0)            ; 0 (0)               ; 0 (0)                     ; 0 (0)         ; 64                ; 0     ; 0          ; 0    ; 0            ; |top_level|HOME_DISPLAY_TEXT:HOME_SCREEN_TEXT|char_rom:\GEN_CHARS:6:CHAR_ROM_INST|altsyncram:altsyncram_component|altsyncram_d5g1:auto_generated         ; altsyncram_d5g1        ; work         ;
;       |char_rom:\GEN_CHARS:7:CHAR_ROM_INST|         ; 2.2 (2.2)            ; 2.0 (2.0)                        ; 0.0 (0.0)                                         ; 0.2 (0.2)                        ; 0.0 (0.0)            ; 2 (2)               ; 0 (0)                     ; 0 (0)         ; 64                ; 0     ; 0          ; 0    ; 0            ; |top_level|HOME_DISPLAY_TEXT:HOME_SCREEN_TEXT|char_rom:\GEN_CHARS:7:CHAR_ROM_INST                                                                        ; char_rom               ; work         ;
;          |altsyncram:altsyncram_component|          ; 0.0 (0.0)            ; 0.0 (0.0)                        ; 0.0 (0.0)                                         ; 0.0 (0.0)                        ; 0.0 (0.0)            ; 0 (0)               ; 0 (0)                     ; 0 (0)         ; 64                ; 0     ; 0          ; 0    ; 0            ; |top_level|HOME_DISPLAY_TEXT:HOME_SCREEN_TEXT|char_rom:\GEN_CHARS:7:CHAR_ROM_INST|altsyncram:altsyncram_component                                        ; altsyncram             ; work         ;
;             |altsyncram_d5g1:auto_generated|        ; 0.0 (0.0)            ; 0.0 (0.0)                        ; 0.0 (0.0)                                         ; 0.0 (0.0)                        ; 0.0 (0.0)            ; 0 (0)               ; 0 (0)                     ; 0 (0)         ; 64                ; 0     ; 0          ; 0    ; 0            ; |top_level|HOME_DISPLAY_TEXT:HOME_SCREEN_TEXT|char_rom:\GEN_CHARS:7:CHAR_ROM_INST|altsyncram:altsyncram_component|altsyncram_d5g1:auto_generated         ; altsyncram_d5g1        ; work         ;
;       |char_rom:\GEN_CHARS:8:CHAR_ROM_INST|         ; 2.0 (2.0)            ; 2.0 (2.0)                        ; 0.0 (0.0)                                         ; 0.0 (0.0)                        ; 0.0 (0.0)            ; 2 (2)               ; 0 (0)                     ; 0 (0)         ; 64                ; 0     ; 0          ; 0    ; 0            ; |top_level|HOME_DISPLAY_TEXT:HOME_SCREEN_TEXT|char_rom:\GEN_CHARS:8:CHAR_ROM_INST                                                                        ; char_rom               ; work         ;
;          |altsyncram:altsyncram_component|          ; 0.0 (0.0)            ; 0.0 (0.0)                        ; 0.0 (0.0)                                         ; 0.0 (0.0)                        ; 0.0 (0.0)            ; 0 (0)               ; 0 (0)                     ; 0 (0)         ; 64                ; 0     ; 0          ; 0    ; 0            ; |top_level|HOME_DISPLAY_TEXT:HOME_SCREEN_TEXT|char_rom:\GEN_CHARS:8:CHAR_ROM_INST|altsyncram:altsyncram_component                                        ; altsyncram             ; work         ;
;             |altsyncram_d5g1:auto_generated|        ; 0.0 (0.0)            ; 0.0 (0.0)                        ; 0.0 (0.0)                                         ; 0.0 (0.0)                        ; 0.0 (0.0)            ; 0 (0)               ; 0 (0)                     ; 0 (0)         ; 64                ; 0     ; 0          ; 0    ; 0            ; |top_level|HOME_DISPLAY_TEXT:HOME_SCREEN_TEXT|char_rom:\GEN_CHARS:8:CHAR_ROM_INST|altsyncram:altsyncram_component|altsyncram_d5g1:auto_generated         ; altsyncram_d5g1        ; work         ;
;       |char_rom:\GEN_CHARS:9:CHAR_ROM_INST|         ; 2.2 (2.2)            ; 2.0 (2.0)                        ; 0.0 (0.0)                                         ; 0.2 (0.2)                        ; 0.0 (0.0)            ; 2 (2)               ; 0 (0)                     ; 0 (0)         ; 64                ; 0     ; 0          ; 0    ; 0            ; |top_level|HOME_DISPLAY_TEXT:HOME_SCREEN_TEXT|char_rom:\GEN_CHARS:9:CHAR_ROM_INST                                                                        ; char_rom               ; work         ;
;          |altsyncram:altsyncram_component|          ; 0.0 (0.0)            ; 0.0 (0.0)                        ; 0.0 (0.0)                                         ; 0.0 (0.0)                        ; 0.0 (0.0)            ; 0 (0)               ; 0 (0)                     ; 0 (0)         ; 64                ; 0     ; 0          ; 0    ; 0            ; |top_level|HOME_DISPLAY_TEXT:HOME_SCREEN_TEXT|char_rom:\GEN_CHARS:9:CHAR_ROM_INST|altsyncram:altsyncram_component                                        ; altsyncram             ; work         ;
;             |altsyncram_d5g1:auto_generated|        ; 0.0 (0.0)            ; 0.0 (0.0)                        ; 0.0 (0.0)                                         ; 0.0 (0.0)                        ; 0.0 (0.0)            ; 0 (0)               ; 0 (0)                     ; 0 (0)         ; 64                ; 0     ; 0          ; 0    ; 0            ; |top_level|HOME_DISPLAY_TEXT:HOME_SCREEN_TEXT|char_rom:\GEN_CHARS:9:CHAR_ROM_INST|altsyncram:altsyncram_component|altsyncram_d5g1:auto_generated         ; altsyncram_d5g1        ; work         ;
;       |char_rom:\GEN_MODE_CHARS:0:mode_CHAR_ROM|    ; 2.0 (2.0)            ; 2.0 (2.0)                        ; 0.0 (0.0)                                         ; 0.0 (0.0)                        ; 0.0 (0.0)            ; 2 (2)               ; 0 (0)                     ; 0 (0)         ; 64                ; 1     ; 0          ; 0    ; 0            ; |top_level|HOME_DISPLAY_TEXT:HOME_SCREEN_TEXT|char_rom:\GEN_MODE_CHARS:0:mode_CHAR_ROM                                                                   ; char_rom               ; work         ;
;          |altsyncram:altsyncram_component|          ; 0.0 (0.0)            ; 0.0 (0.0)                        ; 0.0 (0.0)                                         ; 0.0 (0.0)                        ; 0.0 (0.0)            ; 0 (0)               ; 0 (0)                     ; 0 (0)         ; 64                ; 1     ; 0          ; 0    ; 0            ; |top_level|HOME_DISPLAY_TEXT:HOME_SCREEN_TEXT|char_rom:\GEN_MODE_CHARS:0:mode_CHAR_ROM|altsyncram:altsyncram_component                                   ; altsyncram             ; work         ;
;             |altsyncram_d5g1:auto_generated|        ; 0.0 (0.0)            ; 0.0 (0.0)                        ; 0.0 (0.0)                                         ; 0.0 (0.0)                        ; 0.0 (0.0)            ; 0 (0)               ; 0 (0)                     ; 0 (0)         ; 64                ; 1     ; 0          ; 0    ; 0            ; |top_level|HOME_DISPLAY_TEXT:HOME_SCREEN_TEXT|char_rom:\GEN_MODE_CHARS:0:mode_CHAR_ROM|altsyncram:altsyncram_component|altsyncram_d5g1:auto_generated    ; altsyncram_d5g1        ; work         ;
;       |char_rom:\GEN_MODE_CHARS:10:mode_CHAR_ROM|   ; 2.0 (2.0)            ; 2.0 (2.0)                        ; 0.0 (0.0)                                         ; 0.0 (0.0)                        ; 0.0 (0.0)            ; 2 (2)               ; 0 (0)                     ; 0 (0)         ; 64                ; 0     ; 0          ; 0    ; 0            ; |top_level|HOME_DISPLAY_TEXT:HOME_SCREEN_TEXT|char_rom:\GEN_MODE_CHARS:10:mode_CHAR_ROM                                                                  ; char_rom               ; work         ;
;          |altsyncram:altsyncram_component|          ; 0.0 (0.0)            ; 0.0 (0.0)                        ; 0.0 (0.0)                                         ; 0.0 (0.0)                        ; 0.0 (0.0)            ; 0 (0)               ; 0 (0)                     ; 0 (0)         ; 64                ; 0     ; 0          ; 0    ; 0            ; |top_level|HOME_DISPLAY_TEXT:HOME_SCREEN_TEXT|char_rom:\GEN_MODE_CHARS:10:mode_CHAR_ROM|altsyncram:altsyncram_component                                  ; altsyncram             ; work         ;
;             |altsyncram_d5g1:auto_generated|        ; 0.0 (0.0)            ; 0.0 (0.0)                        ; 0.0 (0.0)                                         ; 0.0 (0.0)                        ; 0.0 (0.0)            ; 0 (0)               ; 0 (0)                     ; 0 (0)         ; 64                ; 0     ; 0          ; 0    ; 0            ; |top_level|HOME_DISPLAY_TEXT:HOME_SCREEN_TEXT|char_rom:\GEN_MODE_CHARS:10:mode_CHAR_ROM|altsyncram:altsyncram_component|altsyncram_d5g1:auto_generated   ; altsyncram_d5g1        ; work         ;
;       |char_rom:\GEN_MODE_CHARS:11:mode_CHAR_ROM|   ; 2.0 (2.0)            ; 2.0 (2.0)                        ; 0.0 (0.0)                                         ; 0.0 (0.0)                        ; 0.0 (0.0)            ; 2 (2)               ; 0 (0)                     ; 0 (0)         ; 64                ; 0     ; 0          ; 0    ; 0            ; |top_level|HOME_DISPLAY_TEXT:HOME_SCREEN_TEXT|char_rom:\GEN_MODE_CHARS:11:mode_CHAR_ROM                                                                  ; char_rom               ; work         ;
;          |altsyncram:altsyncram_component|          ; 0.0 (0.0)            ; 0.0 (0.0)                        ; 0.0 (0.0)                                         ; 0.0 (0.0)                        ; 0.0 (0.0)            ; 0 (0)               ; 0 (0)                     ; 0 (0)         ; 64                ; 0     ; 0          ; 0    ; 0            ; |top_level|HOME_DISPLAY_TEXT:HOME_SCREEN_TEXT|char_rom:\GEN_MODE_CHARS:11:mode_CHAR_ROM|altsyncram:altsyncram_component                                  ; altsyncram             ; work         ;
;             |altsyncram_d5g1:auto_generated|        ; 0.0 (0.0)            ; 0.0 (0.0)                        ; 0.0 (0.0)                                         ; 0.0 (0.0)                        ; 0.0 (0.0)            ; 0 (0)               ; 0 (0)                     ; 0 (0)         ; 64                ; 0     ; 0          ; 0    ; 0            ; |top_level|HOME_DISPLAY_TEXT:HOME_SCREEN_TEXT|char_rom:\GEN_MODE_CHARS:11:mode_CHAR_ROM|altsyncram:altsyncram_component|altsyncram_d5g1:auto_generated   ; altsyncram_d5g1        ; work         ;
;       |char_rom:\GEN_MODE_CHARS:12:mode_CHAR_ROM|   ; 2.2 (2.2)            ; 2.0 (2.0)                        ; 0.0 (0.0)                                         ; 0.2 (0.2)                        ; 0.0 (0.0)            ; 2 (2)               ; 0 (0)                     ; 0 (0)         ; 64                ; 0     ; 0          ; 0    ; 0            ; |top_level|HOME_DISPLAY_TEXT:HOME_SCREEN_TEXT|char_rom:\GEN_MODE_CHARS:12:mode_CHAR_ROM                                                                  ; char_rom               ; work         ;
;          |altsyncram:altsyncram_component|          ; 0.0 (0.0)            ; 0.0 (0.0)                        ; 0.0 (0.0)                                         ; 0.0 (0.0)                        ; 0.0 (0.0)            ; 0 (0)               ; 0 (0)                     ; 0 (0)         ; 64                ; 0     ; 0          ; 0    ; 0            ; |top_level|HOME_DISPLAY_TEXT:HOME_SCREEN_TEXT|char_rom:\GEN_MODE_CHARS:12:mode_CHAR_ROM|altsyncram:altsyncram_component                                  ; altsyncram             ; work         ;
;             |altsyncram_d5g1:auto_generated|        ; 0.0 (0.0)            ; 0.0 (0.0)                        ; 0.0 (0.0)                                         ; 0.0 (0.0)                        ; 0.0 (0.0)            ; 0 (0)               ; 0 (0)                     ; 0 (0)         ; 64                ; 0     ; 0          ; 0    ; 0            ; |top_level|HOME_DISPLAY_TEXT:HOME_SCREEN_TEXT|char_rom:\GEN_MODE_CHARS:12:mode_CHAR_ROM|altsyncram:altsyncram_component|altsyncram_d5g1:auto_generated   ; altsyncram_d5g1        ; work         ;
;       |char_rom:\GEN_MODE_CHARS:13:mode_CHAR_ROM|   ; 2.0 (2.0)            ; 2.0 (2.0)                        ; 0.0 (0.0)                                         ; 0.0 (0.0)                        ; 0.0 (0.0)            ; 2 (2)               ; 0 (0)                     ; 0 (0)         ; 64                ; 0     ; 0          ; 0    ; 0            ; |top_level|HOME_DISPLAY_TEXT:HOME_SCREEN_TEXT|char_rom:\GEN_MODE_CHARS:13:mode_CHAR_ROM                                                                  ; char_rom               ; work         ;
;          |altsyncram:altsyncram_component|          ; 0.0 (0.0)            ; 0.0 (0.0)                        ; 0.0 (0.0)                                         ; 0.0 (0.0)                        ; 0.0 (0.0)            ; 0 (0)               ; 0 (0)                     ; 0 (0)         ; 64                ; 0     ; 0          ; 0    ; 0            ; |top_level|HOME_DISPLAY_TEXT:HOME_SCREEN_TEXT|char_rom:\GEN_MODE_CHARS:13:mode_CHAR_ROM|altsyncram:altsyncram_component                                  ; altsyncram             ; work         ;
;             |altsyncram_d5g1:auto_generated|        ; 0.0 (0.0)            ; 0.0 (0.0)                        ; 0.0 (0.0)                                         ; 0.0 (0.0)                        ; 0.0 (0.0)            ; 0 (0)               ; 0 (0)                     ; 0 (0)         ; 64                ; 0     ; 0          ; 0    ; 0            ; |top_level|HOME_DISPLAY_TEXT:HOME_SCREEN_TEXT|char_rom:\GEN_MODE_CHARS:13:mode_CHAR_ROM|altsyncram:altsyncram_component|altsyncram_d5g1:auto_generated   ; altsyncram_d5g1        ; work         ;
;       |char_rom:\GEN_MODE_CHARS:14:mode_CHAR_ROM|   ; 2.1 (2.1)            ; 2.0 (2.0)                        ; 0.0 (0.0)                                         ; 0.1 (0.1)                        ; 0.0 (0.0)            ; 2 (2)               ; 0 (0)                     ; 0 (0)         ; 64                ; 1     ; 0          ; 0    ; 0            ; |top_level|HOME_DISPLAY_TEXT:HOME_SCREEN_TEXT|char_rom:\GEN_MODE_CHARS:14:mode_CHAR_ROM                                                                  ; char_rom               ; work         ;
;          |altsyncram:altsyncram_component|          ; 0.0 (0.0)            ; 0.0 (0.0)                        ; 0.0 (0.0)                                         ; 0.0 (0.0)                        ; 0.0 (0.0)            ; 0 (0)               ; 0 (0)                     ; 0 (0)         ; 64                ; 1     ; 0          ; 0    ; 0            ; |top_level|HOME_DISPLAY_TEXT:HOME_SCREEN_TEXT|char_rom:\GEN_MODE_CHARS:14:mode_CHAR_ROM|altsyncram:altsyncram_component                                  ; altsyncram             ; work         ;
;             |altsyncram_d5g1:auto_generated|        ; 0.0 (0.0)            ; 0.0 (0.0)                        ; 0.0 (0.0)                                         ; 0.0 (0.0)                        ; 0.0 (0.0)            ; 0 (0)               ; 0 (0)                     ; 0 (0)         ; 64                ; 1     ; 0          ; 0    ; 0            ; |top_level|HOME_DISPLAY_TEXT:HOME_SCREEN_TEXT|char_rom:\GEN_MODE_CHARS:14:mode_CHAR_ROM|altsyncram:altsyncram_component|altsyncram_d5g1:auto_generated   ; altsyncram_d5g1        ; work         ;
;       |char_rom:\GEN_MODE_CHARS:15:mode_CHAR_ROM|   ; 2.2 (2.2)            ; 2.0 (2.0)                        ; 0.0 (0.0)                                         ; 0.2 (0.2)                        ; 0.0 (0.0)            ; 2 (2)               ; 0 (0)                     ; 0 (0)         ; 64                ; 1     ; 0          ; 0    ; 0            ; |top_level|HOME_DISPLAY_TEXT:HOME_SCREEN_TEXT|char_rom:\GEN_MODE_CHARS:15:mode_CHAR_ROM                                                                  ; char_rom               ; work         ;
;          |altsyncram:altsyncram_component|          ; 0.0 (0.0)            ; 0.0 (0.0)                        ; 0.0 (0.0)                                         ; 0.0 (0.0)                        ; 0.0 (0.0)            ; 0 (0)               ; 0 (0)                     ; 0 (0)         ; 64                ; 1     ; 0          ; 0    ; 0            ; |top_level|HOME_DISPLAY_TEXT:HOME_SCREEN_TEXT|char_rom:\GEN_MODE_CHARS:15:mode_CHAR_ROM|altsyncram:altsyncram_component                                  ; altsyncram             ; work         ;
;             |altsyncram_d5g1:auto_generated|        ; 0.0 (0.0)            ; 0.0 (0.0)                        ; 0.0 (0.0)                                         ; 0.0 (0.0)                        ; 0.0 (0.0)            ; 0 (0)               ; 0 (0)                     ; 0 (0)         ; 64                ; 1     ; 0          ; 0    ; 0            ; |top_level|HOME_DISPLAY_TEXT:HOME_SCREEN_TEXT|char_rom:\GEN_MODE_CHARS:15:mode_CHAR_ROM|altsyncram:altsyncram_component|altsyncram_d5g1:auto_generated   ; altsyncram_d5g1        ; work         ;
;       |char_rom:\GEN_MODE_CHARS:16:mode_CHAR_ROM|   ; 2.2 (2.2)            ; 2.0 (2.0)                        ; 0.0 (0.0)                                         ; 0.2 (0.2)                        ; 0.0 (0.0)            ; 2 (2)               ; 0 (0)                     ; 0 (0)         ; 64                ; 0     ; 0          ; 0    ; 0            ; |top_level|HOME_DISPLAY_TEXT:HOME_SCREEN_TEXT|char_rom:\GEN_MODE_CHARS:16:mode_CHAR_ROM                                                                  ; char_rom               ; work         ;
;          |altsyncram:altsyncram_component|          ; 0.0 (0.0)            ; 0.0 (0.0)                        ; 0.0 (0.0)                                         ; 0.0 (0.0)                        ; 0.0 (0.0)            ; 0 (0)               ; 0 (0)                     ; 0 (0)         ; 64                ; 0     ; 0          ; 0    ; 0            ; |top_level|HOME_DISPLAY_TEXT:HOME_SCREEN_TEXT|char_rom:\GEN_MODE_CHARS:16:mode_CHAR_ROM|altsyncram:altsyncram_component                                  ; altsyncram             ; work         ;
;             |altsyncram_d5g1:auto_generated|        ; 0.0 (0.0)            ; 0.0 (0.0)                        ; 0.0 (0.0)                                         ; 0.0 (0.0)                        ; 0.0 (0.0)            ; 0 (0)               ; 0 (0)                     ; 0 (0)         ; 64                ; 0     ; 0          ; 0    ; 0            ; |top_level|HOME_DISPLAY_TEXT:HOME_SCREEN_TEXT|char_rom:\GEN_MODE_CHARS:16:mode_CHAR_ROM|altsyncram:altsyncram_component|altsyncram_d5g1:auto_generated   ; altsyncram_d5g1        ; work         ;
;       |char_rom:\GEN_MODE_CHARS:17:mode_CHAR_ROM|   ; 2.2 (2.2)            ; 2.0 (2.0)                        ; 0.0 (0.0)                                         ; 0.2 (0.2)                        ; 0.0 (0.0)            ; 2 (2)               ; 0 (0)                     ; 0 (0)         ; 64                ; 0     ; 0          ; 0    ; 0            ; |top_level|HOME_DISPLAY_TEXT:HOME_SCREEN_TEXT|char_rom:\GEN_MODE_CHARS:17:mode_CHAR_ROM                                                                  ; char_rom               ; work         ;
;          |altsyncram:altsyncram_component|          ; 0.0 (0.0)            ; 0.0 (0.0)                        ; 0.0 (0.0)                                         ; 0.0 (0.0)                        ; 0.0 (0.0)            ; 0 (0)               ; 0 (0)                     ; 0 (0)         ; 64                ; 0     ; 0          ; 0    ; 0            ; |top_level|HOME_DISPLAY_TEXT:HOME_SCREEN_TEXT|char_rom:\GEN_MODE_CHARS:17:mode_CHAR_ROM|altsyncram:altsyncram_component                                  ; altsyncram             ; work         ;
;             |altsyncram_d5g1:auto_generated|        ; 0.0 (0.0)            ; 0.0 (0.0)                        ; 0.0 (0.0)                                         ; 0.0 (0.0)                        ; 0.0 (0.0)            ; 0 (0)               ; 0 (0)                     ; 0 (0)         ; 64                ; 0     ; 0          ; 0    ; 0            ; |top_level|HOME_DISPLAY_TEXT:HOME_SCREEN_TEXT|char_rom:\GEN_MODE_CHARS:17:mode_CHAR_ROM|altsyncram:altsyncram_component|altsyncram_d5g1:auto_generated   ; altsyncram_d5g1        ; work         ;
;       |char_rom:\GEN_MODE_CHARS:18:mode_CHAR_ROM|   ; 2.0 (2.0)            ; 2.0 (2.0)                        ; 0.0 (0.0)                                         ; 0.0 (0.0)                        ; 0.0 (0.0)            ; 2 (2)               ; 0 (0)                     ; 0 (0)         ; 64                ; 0     ; 0          ; 0    ; 0            ; |top_level|HOME_DISPLAY_TEXT:HOME_SCREEN_TEXT|char_rom:\GEN_MODE_CHARS:18:mode_CHAR_ROM                                                                  ; char_rom               ; work         ;
;          |altsyncram:altsyncram_component|          ; 0.0 (0.0)            ; 0.0 (0.0)                        ; 0.0 (0.0)                                         ; 0.0 (0.0)                        ; 0.0 (0.0)            ; 0 (0)               ; 0 (0)                     ; 0 (0)         ; 64                ; 0     ; 0          ; 0    ; 0            ; |top_level|HOME_DISPLAY_TEXT:HOME_SCREEN_TEXT|char_rom:\GEN_MODE_CHARS:18:mode_CHAR_ROM|altsyncram:altsyncram_component                                  ; altsyncram             ; work         ;
;             |altsyncram_d5g1:auto_generated|        ; 0.0 (0.0)            ; 0.0 (0.0)                        ; 0.0 (0.0)                                         ; 0.0 (0.0)                        ; 0.0 (0.0)            ; 0 (0)               ; 0 (0)                     ; 0 (0)         ; 64                ; 0     ; 0          ; 0    ; 0            ; |top_level|HOME_DISPLAY_TEXT:HOME_SCREEN_TEXT|char_rom:\GEN_MODE_CHARS:18:mode_CHAR_ROM|altsyncram:altsyncram_component|altsyncram_d5g1:auto_generated   ; altsyncram_d5g1        ; work         ;
;       |char_rom:\GEN_MODE_CHARS:19:mode_CHAR_ROM|   ; 2.0 (2.0)            ; 2.0 (2.0)                        ; 0.0 (0.0)                                         ; 0.0 (0.0)                        ; 0.0 (0.0)            ; 2 (2)               ; 0 (0)                     ; 0 (0)         ; 64                ; 0     ; 0          ; 0    ; 0            ; |top_level|HOME_DISPLAY_TEXT:HOME_SCREEN_TEXT|char_rom:\GEN_MODE_CHARS:19:mode_CHAR_ROM                                                                  ; char_rom               ; work         ;
;          |altsyncram:altsyncram_component|          ; 0.0 (0.0)            ; 0.0 (0.0)                        ; 0.0 (0.0)                                         ; 0.0 (0.0)                        ; 0.0 (0.0)            ; 0 (0)               ; 0 (0)                     ; 0 (0)         ; 64                ; 0     ; 0          ; 0    ; 0            ; |top_level|HOME_DISPLAY_TEXT:HOME_SCREEN_TEXT|char_rom:\GEN_MODE_CHARS:19:mode_CHAR_ROM|altsyncram:altsyncram_component                                  ; altsyncram             ; work         ;
;             |altsyncram_d5g1:auto_generated|        ; 0.0 (0.0)            ; 0.0 (0.0)                        ; 0.0 (0.0)                                         ; 0.0 (0.0)                        ; 0.0 (0.0)            ; 0 (0)               ; 0 (0)                     ; 0 (0)         ; 64                ; 0     ; 0          ; 0    ; 0            ; |top_level|HOME_DISPLAY_TEXT:HOME_SCREEN_TEXT|char_rom:\GEN_MODE_CHARS:19:mode_CHAR_ROM|altsyncram:altsyncram_component|altsyncram_d5g1:auto_generated   ; altsyncram_d5g1        ; work         ;
;       |char_rom:\GEN_MODE_CHARS:1:mode_CHAR_ROM|    ; 2.0 (2.0)            ; 2.0 (2.0)                        ; 0.0 (0.0)                                         ; 0.0 (0.0)                        ; 0.0 (0.0)            ; 2 (2)               ; 0 (0)                     ; 0 (0)         ; 64                ; 0     ; 0          ; 0    ; 0            ; |top_level|HOME_DISPLAY_TEXT:HOME_SCREEN_TEXT|char_rom:\GEN_MODE_CHARS:1:mode_CHAR_ROM                                                                   ; char_rom               ; work         ;
;          |altsyncram:altsyncram_component|          ; 0.0 (0.0)            ; 0.0 (0.0)                        ; 0.0 (0.0)                                         ; 0.0 (0.0)                        ; 0.0 (0.0)            ; 0 (0)               ; 0 (0)                     ; 0 (0)         ; 64                ; 0     ; 0          ; 0    ; 0            ; |top_level|HOME_DISPLAY_TEXT:HOME_SCREEN_TEXT|char_rom:\GEN_MODE_CHARS:1:mode_CHAR_ROM|altsyncram:altsyncram_component                                   ; altsyncram             ; work         ;
;             |altsyncram_d5g1:auto_generated|        ; 0.0 (0.0)            ; 0.0 (0.0)                        ; 0.0 (0.0)                                         ; 0.0 (0.0)                        ; 0.0 (0.0)            ; 0 (0)               ; 0 (0)                     ; 0 (0)         ; 64                ; 0     ; 0          ; 0    ; 0            ; |top_level|HOME_DISPLAY_TEXT:HOME_SCREEN_TEXT|char_rom:\GEN_MODE_CHARS:1:mode_CHAR_ROM|altsyncram:altsyncram_component|altsyncram_d5g1:auto_generated    ; altsyncram_d5g1        ; work         ;
;       |char_rom:\GEN_MODE_CHARS:20:mode_CHAR_ROM|   ; 2.1 (2.1)            ; 2.0 (2.0)                        ; 0.0 (0.0)                                         ; 0.1 (0.1)                        ; 0.0 (0.0)            ; 2 (2)               ; 0 (0)                     ; 0 (0)         ; 64                ; 1     ; 0          ; 0    ; 0            ; |top_level|HOME_DISPLAY_TEXT:HOME_SCREEN_TEXT|char_rom:\GEN_MODE_CHARS:20:mode_CHAR_ROM                                                                  ; char_rom               ; work         ;
;          |altsyncram:altsyncram_component|          ; 0.0 (0.0)            ; 0.0 (0.0)                        ; 0.0 (0.0)                                         ; 0.0 (0.0)                        ; 0.0 (0.0)            ; 0 (0)               ; 0 (0)                     ; 0 (0)         ; 64                ; 1     ; 0          ; 0    ; 0            ; |top_level|HOME_DISPLAY_TEXT:HOME_SCREEN_TEXT|char_rom:\GEN_MODE_CHARS:20:mode_CHAR_ROM|altsyncram:altsyncram_component                                  ; altsyncram             ; work         ;
;             |altsyncram_d5g1:auto_generated|        ; 0.0 (0.0)            ; 0.0 (0.0)                        ; 0.0 (0.0)                                         ; 0.0 (0.0)                        ; 0.0 (0.0)            ; 0 (0)               ; 0 (0)                     ; 0 (0)         ; 64                ; 1     ; 0          ; 0    ; 0            ; |top_level|HOME_DISPLAY_TEXT:HOME_SCREEN_TEXT|char_rom:\GEN_MODE_CHARS:20:mode_CHAR_ROM|altsyncram:altsyncram_component|altsyncram_d5g1:auto_generated   ; altsyncram_d5g1        ; work         ;
;       |char_rom:\GEN_MODE_CHARS:21:mode_CHAR_ROM|   ; 2.2 (2.2)            ; 2.0 (2.0)                        ; 0.0 (0.0)                                         ; 0.2 (0.2)                        ; 0.0 (0.0)            ; 2 (2)               ; 0 (0)                     ; 0 (0)         ; 64                ; 0     ; 0          ; 0    ; 0            ; |top_level|HOME_DISPLAY_TEXT:HOME_SCREEN_TEXT|char_rom:\GEN_MODE_CHARS:21:mode_CHAR_ROM                                                                  ; char_rom               ; work         ;
;          |altsyncram:altsyncram_component|          ; 0.0 (0.0)            ; 0.0 (0.0)                        ; 0.0 (0.0)                                         ; 0.0 (0.0)                        ; 0.0 (0.0)            ; 0 (0)               ; 0 (0)                     ; 0 (0)         ; 64                ; 0     ; 0          ; 0    ; 0            ; |top_level|HOME_DISPLAY_TEXT:HOME_SCREEN_TEXT|char_rom:\GEN_MODE_CHARS:21:mode_CHAR_ROM|altsyncram:altsyncram_component                                  ; altsyncram             ; work         ;
;             |altsyncram_d5g1:auto_generated|        ; 0.0 (0.0)            ; 0.0 (0.0)                        ; 0.0 (0.0)                                         ; 0.0 (0.0)                        ; 0.0 (0.0)            ; 0 (0)               ; 0 (0)                     ; 0 (0)         ; 64                ; 0     ; 0          ; 0    ; 0            ; |top_level|HOME_DISPLAY_TEXT:HOME_SCREEN_TEXT|char_rom:\GEN_MODE_CHARS:21:mode_CHAR_ROM|altsyncram:altsyncram_component|altsyncram_d5g1:auto_generated   ; altsyncram_d5g1        ; work         ;
;       |char_rom:\GEN_MODE_CHARS:22:mode_CHAR_ROM|   ; 2.2 (2.2)            ; 2.0 (2.0)                        ; 0.0 (0.0)                                         ; 0.2 (0.2)                        ; 0.0 (0.0)            ; 2 (2)               ; 0 (0)                     ; 0 (0)         ; 64                ; 0     ; 0          ; 0    ; 0            ; |top_level|HOME_DISPLAY_TEXT:HOME_SCREEN_TEXT|char_rom:\GEN_MODE_CHARS:22:mode_CHAR_ROM                                                                  ; char_rom               ; work         ;
;          |altsyncram:altsyncram_component|          ; 0.0 (0.0)            ; 0.0 (0.0)                        ; 0.0 (0.0)                                         ; 0.0 (0.0)                        ; 0.0 (0.0)            ; 0 (0)               ; 0 (0)                     ; 0 (0)         ; 64                ; 0     ; 0          ; 0    ; 0            ; |top_level|HOME_DISPLAY_TEXT:HOME_SCREEN_TEXT|char_rom:\GEN_MODE_CHARS:22:mode_CHAR_ROM|altsyncram:altsyncram_component                                  ; altsyncram             ; work         ;
;             |altsyncram_d5g1:auto_generated|        ; 0.0 (0.0)            ; 0.0 (0.0)                        ; 0.0 (0.0)                                         ; 0.0 (0.0)                        ; 0.0 (0.0)            ; 0 (0)               ; 0 (0)                     ; 0 (0)         ; 64                ; 0     ; 0          ; 0    ; 0            ; |top_level|HOME_DISPLAY_TEXT:HOME_SCREEN_TEXT|char_rom:\GEN_MODE_CHARS:22:mode_CHAR_ROM|altsyncram:altsyncram_component|altsyncram_d5g1:auto_generated   ; altsyncram_d5g1        ; work         ;
;       |char_rom:\GEN_MODE_CHARS:23:mode_CHAR_ROM|   ; 2.0 (2.0)            ; 2.0 (2.0)                        ; 0.0 (0.0)                                         ; 0.0 (0.0)                        ; 0.0 (0.0)            ; 2 (2)               ; 0 (0)                     ; 0 (0)         ; 64                ; 0     ; 0          ; 0    ; 0            ; |top_level|HOME_DISPLAY_TEXT:HOME_SCREEN_TEXT|char_rom:\GEN_MODE_CHARS:23:mode_CHAR_ROM                                                                  ; char_rom               ; work         ;
;          |altsyncram:altsyncram_component|          ; 0.0 (0.0)            ; 0.0 (0.0)                        ; 0.0 (0.0)                                         ; 0.0 (0.0)                        ; 0.0 (0.0)            ; 0 (0)               ; 0 (0)                     ; 0 (0)         ; 64                ; 0     ; 0          ; 0    ; 0            ; |top_level|HOME_DISPLAY_TEXT:HOME_SCREEN_TEXT|char_rom:\GEN_MODE_CHARS:23:mode_CHAR_ROM|altsyncram:altsyncram_component                                  ; altsyncram             ; work         ;
;             |altsyncram_d5g1:auto_generated|        ; 0.0 (0.0)            ; 0.0 (0.0)                        ; 0.0 (0.0)                                         ; 0.0 (0.0)                        ; 0.0 (0.0)            ; 0 (0)               ; 0 (0)                     ; 0 (0)         ; 64                ; 0     ; 0          ; 0    ; 0            ; |top_level|HOME_DISPLAY_TEXT:HOME_SCREEN_TEXT|char_rom:\GEN_MODE_CHARS:23:mode_CHAR_ROM|altsyncram:altsyncram_component|altsyncram_d5g1:auto_generated   ; altsyncram_d5g1        ; work         ;
;       |char_rom:\GEN_MODE_CHARS:24:mode_CHAR_ROM|   ; 2.2 (2.2)            ; 2.0 (2.0)                        ; 0.0 (0.0)                                         ; 0.2 (0.2)                        ; 0.0 (0.0)            ; 2 (2)               ; 0 (0)                     ; 0 (0)         ; 64                ; 0     ; 0          ; 0    ; 0            ; |top_level|HOME_DISPLAY_TEXT:HOME_SCREEN_TEXT|char_rom:\GEN_MODE_CHARS:24:mode_CHAR_ROM                                                                  ; char_rom               ; work         ;
;          |altsyncram:altsyncram_component|          ; 0.0 (0.0)            ; 0.0 (0.0)                        ; 0.0 (0.0)                                         ; 0.0 (0.0)                        ; 0.0 (0.0)            ; 0 (0)               ; 0 (0)                     ; 0 (0)         ; 64                ; 0     ; 0          ; 0    ; 0            ; |top_level|HOME_DISPLAY_TEXT:HOME_SCREEN_TEXT|char_rom:\GEN_MODE_CHARS:24:mode_CHAR_ROM|altsyncram:altsyncram_component                                  ; altsyncram             ; work         ;
;             |altsyncram_d5g1:auto_generated|        ; 0.0 (0.0)            ; 0.0 (0.0)                        ; 0.0 (0.0)                                         ; 0.0 (0.0)                        ; 0.0 (0.0)            ; 0 (0)               ; 0 (0)                     ; 0 (0)         ; 64                ; 0     ; 0          ; 0    ; 0            ; |top_level|HOME_DISPLAY_TEXT:HOME_SCREEN_TEXT|char_rom:\GEN_MODE_CHARS:24:mode_CHAR_ROM|altsyncram:altsyncram_component|altsyncram_d5g1:auto_generated   ; altsyncram_d5g1        ; work         ;
;       |char_rom:\GEN_MODE_CHARS:25:mode_CHAR_ROM|   ; 2.0 (2.0)            ; 2.0 (2.0)                        ; 0.0 (0.0)                                         ; 0.0 (0.0)                        ; 0.0 (0.0)            ; 2 (2)               ; 0 (0)                     ; 0 (0)         ; 64                ; 0     ; 0          ; 0    ; 0            ; |top_level|HOME_DISPLAY_TEXT:HOME_SCREEN_TEXT|char_rom:\GEN_MODE_CHARS:25:mode_CHAR_ROM                                                                  ; char_rom               ; work         ;
;          |altsyncram:altsyncram_component|          ; 0.0 (0.0)            ; 0.0 (0.0)                        ; 0.0 (0.0)                                         ; 0.0 (0.0)                        ; 0.0 (0.0)            ; 0 (0)               ; 0 (0)                     ; 0 (0)         ; 64                ; 0     ; 0          ; 0    ; 0            ; |top_level|HOME_DISPLAY_TEXT:HOME_SCREEN_TEXT|char_rom:\GEN_MODE_CHARS:25:mode_CHAR_ROM|altsyncram:altsyncram_component                                  ; altsyncram             ; work         ;
;             |altsyncram_d5g1:auto_generated|        ; 0.0 (0.0)            ; 0.0 (0.0)                        ; 0.0 (0.0)                                         ; 0.0 (0.0)                        ; 0.0 (0.0)            ; 0 (0)               ; 0 (0)                     ; 0 (0)         ; 64                ; 0     ; 0          ; 0    ; 0            ; |top_level|HOME_DISPLAY_TEXT:HOME_SCREEN_TEXT|char_rom:\GEN_MODE_CHARS:25:mode_CHAR_ROM|altsyncram:altsyncram_component|altsyncram_d5g1:auto_generated   ; altsyncram_d5g1        ; work         ;
;       |char_rom:\GEN_MODE_CHARS:26:mode_CHAR_ROM|   ; 2.1 (2.1)            ; 2.0 (2.0)                        ; 0.0 (0.0)                                         ; 0.1 (0.1)                        ; 0.0 (0.0)            ; 2 (2)               ; 0 (0)                     ; 0 (0)         ; 64                ; 1     ; 0          ; 0    ; 0            ; |top_level|HOME_DISPLAY_TEXT:HOME_SCREEN_TEXT|char_rom:\GEN_MODE_CHARS:26:mode_CHAR_ROM                                                                  ; char_rom               ; work         ;
;          |altsyncram:altsyncram_component|          ; 0.0 (0.0)            ; 0.0 (0.0)                        ; 0.0 (0.0)                                         ; 0.0 (0.0)                        ; 0.0 (0.0)            ; 0 (0)               ; 0 (0)                     ; 0 (0)         ; 64                ; 1     ; 0          ; 0    ; 0            ; |top_level|HOME_DISPLAY_TEXT:HOME_SCREEN_TEXT|char_rom:\GEN_MODE_CHARS:26:mode_CHAR_ROM|altsyncram:altsyncram_component                                  ; altsyncram             ; work         ;
;             |altsyncram_d5g1:auto_generated|        ; 0.0 (0.0)            ; 0.0 (0.0)                        ; 0.0 (0.0)                                         ; 0.0 (0.0)                        ; 0.0 (0.0)            ; 0 (0)               ; 0 (0)                     ; 0 (0)         ; 64                ; 1     ; 0          ; 0    ; 0            ; |top_level|HOME_DISPLAY_TEXT:HOME_SCREEN_TEXT|char_rom:\GEN_MODE_CHARS:26:mode_CHAR_ROM|altsyncram:altsyncram_component|altsyncram_d5g1:auto_generated   ; altsyncram_d5g1        ; work         ;
;       |char_rom:\GEN_MODE_CHARS:27:mode_CHAR_ROM|   ; 2.0 (2.0)            ; 2.0 (2.0)                        ; 0.0 (0.0)                                         ; 0.0 (0.0)                        ; 0.0 (0.0)            ; 2 (2)               ; 0 (0)                     ; 0 (0)         ; 64                ; 0     ; 0          ; 0    ; 0            ; |top_level|HOME_DISPLAY_TEXT:HOME_SCREEN_TEXT|char_rom:\GEN_MODE_CHARS:27:mode_CHAR_ROM                                                                  ; char_rom               ; work         ;
;          |altsyncram:altsyncram_component|          ; 0.0 (0.0)            ; 0.0 (0.0)                        ; 0.0 (0.0)                                         ; 0.0 (0.0)                        ; 0.0 (0.0)            ; 0 (0)               ; 0 (0)                     ; 0 (0)         ; 64                ; 0     ; 0          ; 0    ; 0            ; |top_level|HOME_DISPLAY_TEXT:HOME_SCREEN_TEXT|char_rom:\GEN_MODE_CHARS:27:mode_CHAR_ROM|altsyncram:altsyncram_component                                  ; altsyncram             ; work         ;
;             |altsyncram_d5g1:auto_generated|        ; 0.0 (0.0)            ; 0.0 (0.0)                        ; 0.0 (0.0)                                         ; 0.0 (0.0)                        ; 0.0 (0.0)            ; 0 (0)               ; 0 (0)                     ; 0 (0)         ; 64                ; 0     ; 0          ; 0    ; 0            ; |top_level|HOME_DISPLAY_TEXT:HOME_SCREEN_TEXT|char_rom:\GEN_MODE_CHARS:27:mode_CHAR_ROM|altsyncram:altsyncram_component|altsyncram_d5g1:auto_generated   ; altsyncram_d5g1        ; work         ;
;       |char_rom:\GEN_MODE_CHARS:28:mode_CHAR_ROM|   ; 2.1 (2.1)            ; 2.0 (2.0)                        ; 0.0 (0.0)                                         ; 0.1 (0.1)                        ; 0.0 (0.0)            ; 2 (2)               ; 0 (0)                     ; 0 (0)         ; 64                ; 1     ; 0          ; 0    ; 0            ; |top_level|HOME_DISPLAY_TEXT:HOME_SCREEN_TEXT|char_rom:\GEN_MODE_CHARS:28:mode_CHAR_ROM                                                                  ; char_rom               ; work         ;
;          |altsyncram:altsyncram_component|          ; 0.0 (0.0)            ; 0.0 (0.0)                        ; 0.0 (0.0)                                         ; 0.0 (0.0)                        ; 0.0 (0.0)            ; 0 (0)               ; 0 (0)                     ; 0 (0)         ; 64                ; 1     ; 0          ; 0    ; 0            ; |top_level|HOME_DISPLAY_TEXT:HOME_SCREEN_TEXT|char_rom:\GEN_MODE_CHARS:28:mode_CHAR_ROM|altsyncram:altsyncram_component                                  ; altsyncram             ; work         ;
;             |altsyncram_d5g1:auto_generated|        ; 0.0 (0.0)            ; 0.0 (0.0)                        ; 0.0 (0.0)                                         ; 0.0 (0.0)                        ; 0.0 (0.0)            ; 0 (0)               ; 0 (0)                     ; 0 (0)         ; 64                ; 1     ; 0          ; 0    ; 0            ; |top_level|HOME_DISPLAY_TEXT:HOME_SCREEN_TEXT|char_rom:\GEN_MODE_CHARS:28:mode_CHAR_ROM|altsyncram:altsyncram_component|altsyncram_d5g1:auto_generated   ; altsyncram_d5g1        ; work         ;
;       |char_rom:\GEN_MODE_CHARS:29:mode_CHAR_ROM|   ; 2.2 (2.2)            ; 2.0 (2.0)                        ; 0.0 (0.0)                                         ; 0.2 (0.2)                        ; 0.0 (0.0)            ; 2 (2)               ; 0 (0)                     ; 0 (0)         ; 64                ; 0     ; 0          ; 0    ; 0            ; |top_level|HOME_DISPLAY_TEXT:HOME_SCREEN_TEXT|char_rom:\GEN_MODE_CHARS:29:mode_CHAR_ROM                                                                  ; char_rom               ; work         ;
;          |altsyncram:altsyncram_component|          ; 0.0 (0.0)            ; 0.0 (0.0)                        ; 0.0 (0.0)                                         ; 0.0 (0.0)                        ; 0.0 (0.0)            ; 0 (0)               ; 0 (0)                     ; 0 (0)         ; 64                ; 0     ; 0          ; 0    ; 0            ; |top_level|HOME_DISPLAY_TEXT:HOME_SCREEN_TEXT|char_rom:\GEN_MODE_CHARS:29:mode_CHAR_ROM|altsyncram:altsyncram_component                                  ; altsyncram             ; work         ;
;             |altsyncram_d5g1:auto_generated|        ; 0.0 (0.0)            ; 0.0 (0.0)                        ; 0.0 (0.0)                                         ; 0.0 (0.0)                        ; 0.0 (0.0)            ; 0 (0)               ; 0 (0)                     ; 0 (0)         ; 64                ; 0     ; 0          ; 0    ; 0            ; |top_level|HOME_DISPLAY_TEXT:HOME_SCREEN_TEXT|char_rom:\GEN_MODE_CHARS:29:mode_CHAR_ROM|altsyncram:altsyncram_component|altsyncram_d5g1:auto_generated   ; altsyncram_d5g1        ; work         ;
;       |char_rom:\GEN_MODE_CHARS:2:mode_CHAR_ROM|    ; 2.1 (2.1)            ; 2.0 (2.0)                        ; 0.0 (0.0)                                         ; 0.1 (0.1)                        ; 0.0 (0.0)            ; 2 (2)               ; 0 (0)                     ; 0 (0)         ; 64                ; 0     ; 0          ; 0    ; 0            ; |top_level|HOME_DISPLAY_TEXT:HOME_SCREEN_TEXT|char_rom:\GEN_MODE_CHARS:2:mode_CHAR_ROM                                                                   ; char_rom               ; work         ;
;          |altsyncram:altsyncram_component|          ; 0.0 (0.0)            ; 0.0 (0.0)                        ; 0.0 (0.0)                                         ; 0.0 (0.0)                        ; 0.0 (0.0)            ; 0 (0)               ; 0 (0)                     ; 0 (0)         ; 64                ; 0     ; 0          ; 0    ; 0            ; |top_level|HOME_DISPLAY_TEXT:HOME_SCREEN_TEXT|char_rom:\GEN_MODE_CHARS:2:mode_CHAR_ROM|altsyncram:altsyncram_component                                   ; altsyncram             ; work         ;
;             |altsyncram_d5g1:auto_generated|        ; 0.0 (0.0)            ; 0.0 (0.0)                        ; 0.0 (0.0)                                         ; 0.0 (0.0)                        ; 0.0 (0.0)            ; 0 (0)               ; 0 (0)                     ; 0 (0)         ; 64                ; 0     ; 0          ; 0    ; 0            ; |top_level|HOME_DISPLAY_TEXT:HOME_SCREEN_TEXT|char_rom:\GEN_MODE_CHARS:2:mode_CHAR_ROM|altsyncram:altsyncram_component|altsyncram_d5g1:auto_generated    ; altsyncram_d5g1        ; work         ;
;       |char_rom:\GEN_MODE_CHARS:30:mode_CHAR_ROM|   ; 2.0 (2.0)            ; 2.0 (2.0)                        ; 0.0 (0.0)                                         ; 0.0 (0.0)                        ; 0.0 (0.0)            ; 2 (2)               ; 0 (0)                     ; 0 (0)         ; 64                ; 1     ; 0          ; 0    ; 0            ; |top_level|HOME_DISPLAY_TEXT:HOME_SCREEN_TEXT|char_rom:\GEN_MODE_CHARS:30:mode_CHAR_ROM                                                                  ; char_rom               ; work         ;
;          |altsyncram:altsyncram_component|          ; 0.0 (0.0)            ; 0.0 (0.0)                        ; 0.0 (0.0)                                         ; 0.0 (0.0)                        ; 0.0 (0.0)            ; 0 (0)               ; 0 (0)                     ; 0 (0)         ; 64                ; 1     ; 0          ; 0    ; 0            ; |top_level|HOME_DISPLAY_TEXT:HOME_SCREEN_TEXT|char_rom:\GEN_MODE_CHARS:30:mode_CHAR_ROM|altsyncram:altsyncram_component                                  ; altsyncram             ; work         ;
;             |altsyncram_d5g1:auto_generated|        ; 0.0 (0.0)            ; 0.0 (0.0)                        ; 0.0 (0.0)                                         ; 0.0 (0.0)                        ; 0.0 (0.0)            ; 0 (0)               ; 0 (0)                     ; 0 (0)         ; 64                ; 1     ; 0          ; 0    ; 0            ; |top_level|HOME_DISPLAY_TEXT:HOME_SCREEN_TEXT|char_rom:\GEN_MODE_CHARS:30:mode_CHAR_ROM|altsyncram:altsyncram_component|altsyncram_d5g1:auto_generated   ; altsyncram_d5g1        ; work         ;
;       |char_rom:\GEN_MODE_CHARS:31:mode_CHAR_ROM|   ; 2.2 (2.2)            ; 2.0 (2.0)                        ; 0.0 (0.0)                                         ; 0.2 (0.2)                        ; 0.0 (0.0)            ; 2 (2)               ; 0 (0)                     ; 0 (0)         ; 64                ; 0     ; 0          ; 0    ; 0            ; |top_level|HOME_DISPLAY_TEXT:HOME_SCREEN_TEXT|char_rom:\GEN_MODE_CHARS:31:mode_CHAR_ROM                                                                  ; char_rom               ; work         ;
;          |altsyncram:altsyncram_component|          ; 0.0 (0.0)            ; 0.0 (0.0)                        ; 0.0 (0.0)                                         ; 0.0 (0.0)                        ; 0.0 (0.0)            ; 0 (0)               ; 0 (0)                     ; 0 (0)         ; 64                ; 0     ; 0          ; 0    ; 0            ; |top_level|HOME_DISPLAY_TEXT:HOME_SCREEN_TEXT|char_rom:\GEN_MODE_CHARS:31:mode_CHAR_ROM|altsyncram:altsyncram_component                                  ; altsyncram             ; work         ;
;             |altsyncram_d5g1:auto_generated|        ; 0.0 (0.0)            ; 0.0 (0.0)                        ; 0.0 (0.0)                                         ; 0.0 (0.0)                        ; 0.0 (0.0)            ; 0 (0)               ; 0 (0)                     ; 0 (0)         ; 64                ; 0     ; 0          ; 0    ; 0            ; |top_level|HOME_DISPLAY_TEXT:HOME_SCREEN_TEXT|char_rom:\GEN_MODE_CHARS:31:mode_CHAR_ROM|altsyncram:altsyncram_component|altsyncram_d5g1:auto_generated   ; altsyncram_d5g1        ; work         ;
;       |char_rom:\GEN_MODE_CHARS:32:mode_CHAR_ROM|   ; 2.1 (2.1)            ; 2.0 (2.0)                        ; 0.0 (0.0)                                         ; 0.1 (0.1)                        ; 0.0 (0.0)            ; 2 (2)               ; 0 (0)                     ; 0 (0)         ; 64                ; 0     ; 0          ; 0    ; 0            ; |top_level|HOME_DISPLAY_TEXT:HOME_SCREEN_TEXT|char_rom:\GEN_MODE_CHARS:32:mode_CHAR_ROM                                                                  ; char_rom               ; work         ;
;          |altsyncram:altsyncram_component|          ; 0.0 (0.0)            ; 0.0 (0.0)                        ; 0.0 (0.0)                                         ; 0.0 (0.0)                        ; 0.0 (0.0)            ; 0 (0)               ; 0 (0)                     ; 0 (0)         ; 64                ; 0     ; 0          ; 0    ; 0            ; |top_level|HOME_DISPLAY_TEXT:HOME_SCREEN_TEXT|char_rom:\GEN_MODE_CHARS:32:mode_CHAR_ROM|altsyncram:altsyncram_component                                  ; altsyncram             ; work         ;
;             |altsyncram_d5g1:auto_generated|        ; 0.0 (0.0)            ; 0.0 (0.0)                        ; 0.0 (0.0)                                         ; 0.0 (0.0)                        ; 0.0 (0.0)            ; 0 (0)               ; 0 (0)                     ; 0 (0)         ; 64                ; 0     ; 0          ; 0    ; 0            ; |top_level|HOME_DISPLAY_TEXT:HOME_SCREEN_TEXT|char_rom:\GEN_MODE_CHARS:32:mode_CHAR_ROM|altsyncram:altsyncram_component|altsyncram_d5g1:auto_generated   ; altsyncram_d5g1        ; work         ;
;       |char_rom:\GEN_MODE_CHARS:33:mode_CHAR_ROM|   ; 2.2 (2.2)            ; 2.0 (2.0)                        ; 0.0 (0.0)                                         ; 0.2 (0.2)                        ; 0.0 (0.0)            ; 2 (2)               ; 0 (0)                     ; 0 (0)         ; 64                ; 0     ; 0          ; 0    ; 0            ; |top_level|HOME_DISPLAY_TEXT:HOME_SCREEN_TEXT|char_rom:\GEN_MODE_CHARS:33:mode_CHAR_ROM                                                                  ; char_rom               ; work         ;
;          |altsyncram:altsyncram_component|          ; 0.0 (0.0)            ; 0.0 (0.0)                        ; 0.0 (0.0)                                         ; 0.0 (0.0)                        ; 0.0 (0.0)            ; 0 (0)               ; 0 (0)                     ; 0 (0)         ; 64                ; 0     ; 0          ; 0    ; 0            ; |top_level|HOME_DISPLAY_TEXT:HOME_SCREEN_TEXT|char_rom:\GEN_MODE_CHARS:33:mode_CHAR_ROM|altsyncram:altsyncram_component                                  ; altsyncram             ; work         ;
;             |altsyncram_d5g1:auto_generated|        ; 0.0 (0.0)            ; 0.0 (0.0)                        ; 0.0 (0.0)                                         ; 0.0 (0.0)                        ; 0.0 (0.0)            ; 0 (0)               ; 0 (0)                     ; 0 (0)         ; 64                ; 0     ; 0          ; 0    ; 0            ; |top_level|HOME_DISPLAY_TEXT:HOME_SCREEN_TEXT|char_rom:\GEN_MODE_CHARS:33:mode_CHAR_ROM|altsyncram:altsyncram_component|altsyncram_d5g1:auto_generated   ; altsyncram_d5g1        ; work         ;
;       |char_rom:\GEN_MODE_CHARS:34:mode_CHAR_ROM|   ; 2.0 (2.0)            ; 2.0 (2.0)                        ; 0.0 (0.0)                                         ; 0.0 (0.0)                        ; 0.0 (0.0)            ; 2 (2)               ; 0 (0)                     ; 0 (0)         ; 64                ; 0     ; 0          ; 0    ; 0            ; |top_level|HOME_DISPLAY_TEXT:HOME_SCREEN_TEXT|char_rom:\GEN_MODE_CHARS:34:mode_CHAR_ROM                                                                  ; char_rom               ; work         ;
;          |altsyncram:altsyncram_component|          ; 0.0 (0.0)            ; 0.0 (0.0)                        ; 0.0 (0.0)                                         ; 0.0 (0.0)                        ; 0.0 (0.0)            ; 0 (0)               ; 0 (0)                     ; 0 (0)         ; 64                ; 0     ; 0          ; 0    ; 0            ; |top_level|HOME_DISPLAY_TEXT:HOME_SCREEN_TEXT|char_rom:\GEN_MODE_CHARS:34:mode_CHAR_ROM|altsyncram:altsyncram_component                                  ; altsyncram             ; work         ;
;             |altsyncram_d5g1:auto_generated|        ; 0.0 (0.0)            ; 0.0 (0.0)                        ; 0.0 (0.0)                                         ; 0.0 (0.0)                        ; 0.0 (0.0)            ; 0 (0)               ; 0 (0)                     ; 0 (0)         ; 64                ; 0     ; 0          ; 0    ; 0            ; |top_level|HOME_DISPLAY_TEXT:HOME_SCREEN_TEXT|char_rom:\GEN_MODE_CHARS:34:mode_CHAR_ROM|altsyncram:altsyncram_component|altsyncram_d5g1:auto_generated   ; altsyncram_d5g1        ; work         ;
;       |char_rom:\GEN_MODE_CHARS:35:mode_CHAR_ROM|   ; 2.0 (2.0)            ; 2.0 (2.0)                        ; 0.0 (0.0)                                         ; 0.0 (0.0)                        ; 0.0 (0.0)            ; 2 (2)               ; 0 (0)                     ; 0 (0)         ; 64                ; 0     ; 0          ; 0    ; 0            ; |top_level|HOME_DISPLAY_TEXT:HOME_SCREEN_TEXT|char_rom:\GEN_MODE_CHARS:35:mode_CHAR_ROM                                                                  ; char_rom               ; work         ;
;          |altsyncram:altsyncram_component|          ; 0.0 (0.0)            ; 0.0 (0.0)                        ; 0.0 (0.0)                                         ; 0.0 (0.0)                        ; 0.0 (0.0)            ; 0 (0)               ; 0 (0)                     ; 0 (0)         ; 64                ; 0     ; 0          ; 0    ; 0            ; |top_level|HOME_DISPLAY_TEXT:HOME_SCREEN_TEXT|char_rom:\GEN_MODE_CHARS:35:mode_CHAR_ROM|altsyncram:altsyncram_component                                  ; altsyncram             ; work         ;
;             |altsyncram_d5g1:auto_generated|        ; 0.0 (0.0)            ; 0.0 (0.0)                        ; 0.0 (0.0)                                         ; 0.0 (0.0)                        ; 0.0 (0.0)            ; 0 (0)               ; 0 (0)                     ; 0 (0)         ; 64                ; 0     ; 0          ; 0    ; 0            ; |top_level|HOME_DISPLAY_TEXT:HOME_SCREEN_TEXT|char_rom:\GEN_MODE_CHARS:35:mode_CHAR_ROM|altsyncram:altsyncram_component|altsyncram_d5g1:auto_generated   ; altsyncram_d5g1        ; work         ;
;       |char_rom:\GEN_MODE_CHARS:36:mode_CHAR_ROM|   ; 2.0 (2.0)            ; 2.0 (2.0)                        ; 0.0 (0.0)                                         ; 0.0 (0.0)                        ; 0.0 (0.0)            ; 2 (2)               ; 0 (0)                     ; 0 (0)         ; 64                ; 0     ; 0          ; 0    ; 0            ; |top_level|HOME_DISPLAY_TEXT:HOME_SCREEN_TEXT|char_rom:\GEN_MODE_CHARS:36:mode_CHAR_ROM                                                                  ; char_rom               ; work         ;
;          |altsyncram:altsyncram_component|          ; 0.0 (0.0)            ; 0.0 (0.0)                        ; 0.0 (0.0)                                         ; 0.0 (0.0)                        ; 0.0 (0.0)            ; 0 (0)               ; 0 (0)                     ; 0 (0)         ; 64                ; 0     ; 0          ; 0    ; 0            ; |top_level|HOME_DISPLAY_TEXT:HOME_SCREEN_TEXT|char_rom:\GEN_MODE_CHARS:36:mode_CHAR_ROM|altsyncram:altsyncram_component                                  ; altsyncram             ; work         ;
;             |altsyncram_d5g1:auto_generated|        ; 0.0 (0.0)            ; 0.0 (0.0)                        ; 0.0 (0.0)                                         ; 0.0 (0.0)                        ; 0.0 (0.0)            ; 0 (0)               ; 0 (0)                     ; 0 (0)         ; 64                ; 0     ; 0          ; 0    ; 0            ; |top_level|HOME_DISPLAY_TEXT:HOME_SCREEN_TEXT|char_rom:\GEN_MODE_CHARS:36:mode_CHAR_ROM|altsyncram:altsyncram_component|altsyncram_d5g1:auto_generated   ; altsyncram_d5g1        ; work         ;
;       |char_rom:\GEN_MODE_CHARS:37:mode_CHAR_ROM|   ; 2.0 (2.0)            ; 2.0 (2.0)                        ; 0.0 (0.0)                                         ; 0.0 (0.0)                        ; 0.0 (0.0)            ; 2 (2)               ; 0 (0)                     ; 0 (0)         ; 64                ; 0     ; 0          ; 0    ; 0            ; |top_level|HOME_DISPLAY_TEXT:HOME_SCREEN_TEXT|char_rom:\GEN_MODE_CHARS:37:mode_CHAR_ROM                                                                  ; char_rom               ; work         ;
;          |altsyncram:altsyncram_component|          ; 0.0 (0.0)            ; 0.0 (0.0)                        ; 0.0 (0.0)                                         ; 0.0 (0.0)                        ; 0.0 (0.0)            ; 0 (0)               ; 0 (0)                     ; 0 (0)         ; 64                ; 0     ; 0          ; 0    ; 0            ; |top_level|HOME_DISPLAY_TEXT:HOME_SCREEN_TEXT|char_rom:\GEN_MODE_CHARS:37:mode_CHAR_ROM|altsyncram:altsyncram_component                                  ; altsyncram             ; work         ;
;             |altsyncram_d5g1:auto_generated|        ; 0.0 (0.0)            ; 0.0 (0.0)                        ; 0.0 (0.0)                                         ; 0.0 (0.0)                        ; 0.0 (0.0)            ; 0 (0)               ; 0 (0)                     ; 0 (0)         ; 64                ; 0     ; 0          ; 0    ; 0            ; |top_level|HOME_DISPLAY_TEXT:HOME_SCREEN_TEXT|char_rom:\GEN_MODE_CHARS:37:mode_CHAR_ROM|altsyncram:altsyncram_component|altsyncram_d5g1:auto_generated   ; altsyncram_d5g1        ; work         ;
;       |char_rom:\GEN_MODE_CHARS:38:mode_CHAR_ROM|   ; 2.0 (2.0)            ; 2.0 (2.0)                        ; 0.0 (0.0)                                         ; 0.0 (0.0)                        ; 0.0 (0.0)            ; 2 (2)               ; 0 (0)                     ; 0 (0)         ; 64                ; 0     ; 0          ; 0    ; 0            ; |top_level|HOME_DISPLAY_TEXT:HOME_SCREEN_TEXT|char_rom:\GEN_MODE_CHARS:38:mode_CHAR_ROM                                                                  ; char_rom               ; work         ;
;          |altsyncram:altsyncram_component|          ; 0.0 (0.0)            ; 0.0 (0.0)                        ; 0.0 (0.0)                                         ; 0.0 (0.0)                        ; 0.0 (0.0)            ; 0 (0)               ; 0 (0)                     ; 0 (0)         ; 64                ; 0     ; 0          ; 0    ; 0            ; |top_level|HOME_DISPLAY_TEXT:HOME_SCREEN_TEXT|char_rom:\GEN_MODE_CHARS:38:mode_CHAR_ROM|altsyncram:altsyncram_component                                  ; altsyncram             ; work         ;
;             |altsyncram_d5g1:auto_generated|        ; 0.0 (0.0)            ; 0.0 (0.0)                        ; 0.0 (0.0)                                         ; 0.0 (0.0)                        ; 0.0 (0.0)            ; 0 (0)               ; 0 (0)                     ; 0 (0)         ; 64                ; 0     ; 0          ; 0    ; 0            ; |top_level|HOME_DISPLAY_TEXT:HOME_SCREEN_TEXT|char_rom:\GEN_MODE_CHARS:38:mode_CHAR_ROM|altsyncram:altsyncram_component|altsyncram_d5g1:auto_generated   ; altsyncram_d5g1        ; work         ;
;       |char_rom:\GEN_MODE_CHARS:39:mode_CHAR_ROM|   ; 2.0 (2.0)            ; 2.0 (2.0)                        ; 0.0 (0.0)                                         ; 0.0 (0.0)                        ; 0.0 (0.0)            ; 2 (2)               ; 0 (0)                     ; 0 (0)         ; 64                ; 0     ; 0          ; 0    ; 0            ; |top_level|HOME_DISPLAY_TEXT:HOME_SCREEN_TEXT|char_rom:\GEN_MODE_CHARS:39:mode_CHAR_ROM                                                                  ; char_rom               ; work         ;
;          |altsyncram:altsyncram_component|          ; 0.0 (0.0)            ; 0.0 (0.0)                        ; 0.0 (0.0)                                         ; 0.0 (0.0)                        ; 0.0 (0.0)            ; 0 (0)               ; 0 (0)                     ; 0 (0)         ; 64                ; 0     ; 0          ; 0    ; 0            ; |top_level|HOME_DISPLAY_TEXT:HOME_SCREEN_TEXT|char_rom:\GEN_MODE_CHARS:39:mode_CHAR_ROM|altsyncram:altsyncram_component                                  ; altsyncram             ; work         ;
;             |altsyncram_d5g1:auto_generated|        ; 0.0 (0.0)            ; 0.0 (0.0)                        ; 0.0 (0.0)                                         ; 0.0 (0.0)                        ; 0.0 (0.0)            ; 0 (0)               ; 0 (0)                     ; 0 (0)         ; 64                ; 0     ; 0          ; 0    ; 0            ; |top_level|HOME_DISPLAY_TEXT:HOME_SCREEN_TEXT|char_rom:\GEN_MODE_CHARS:39:mode_CHAR_ROM|altsyncram:altsyncram_component|altsyncram_d5g1:auto_generated   ; altsyncram_d5g1        ; work         ;
;       |char_rom:\GEN_MODE_CHARS:3:mode_CHAR_ROM|    ; 2.0 (2.0)            ; 2.0 (2.0)                        ; 0.0 (0.0)                                         ; 0.0 (0.0)                        ; 0.0 (0.0)            ; 2 (2)               ; 0 (0)                     ; 0 (0)         ; 64                ; 1     ; 0          ; 0    ; 0            ; |top_level|HOME_DISPLAY_TEXT:HOME_SCREEN_TEXT|char_rom:\GEN_MODE_CHARS:3:mode_CHAR_ROM                                                                   ; char_rom               ; work         ;
;          |altsyncram:altsyncram_component|          ; 0.0 (0.0)            ; 0.0 (0.0)                        ; 0.0 (0.0)                                         ; 0.0 (0.0)                        ; 0.0 (0.0)            ; 0 (0)               ; 0 (0)                     ; 0 (0)         ; 64                ; 1     ; 0          ; 0    ; 0            ; |top_level|HOME_DISPLAY_TEXT:HOME_SCREEN_TEXT|char_rom:\GEN_MODE_CHARS:3:mode_CHAR_ROM|altsyncram:altsyncram_component                                   ; altsyncram             ; work         ;
;             |altsyncram_d5g1:auto_generated|        ; 0.0 (0.0)            ; 0.0 (0.0)                        ; 0.0 (0.0)                                         ; 0.0 (0.0)                        ; 0.0 (0.0)            ; 0 (0)               ; 0 (0)                     ; 0 (0)         ; 64                ; 1     ; 0          ; 0    ; 0            ; |top_level|HOME_DISPLAY_TEXT:HOME_SCREEN_TEXT|char_rom:\GEN_MODE_CHARS:3:mode_CHAR_ROM|altsyncram:altsyncram_component|altsyncram_d5g1:auto_generated    ; altsyncram_d5g1        ; work         ;
;       |char_rom:\GEN_MODE_CHARS:40:mode_CHAR_ROM|   ; 2.0 (2.0)            ; 2.0 (2.0)                        ; 0.0 (0.0)                                         ; 0.0 (0.0)                        ; 0.0 (0.0)            ; 2 (2)               ; 0 (0)                     ; 0 (0)         ; 64                ; 0     ; 0          ; 0    ; 0            ; |top_level|HOME_DISPLAY_TEXT:HOME_SCREEN_TEXT|char_rom:\GEN_MODE_CHARS:40:mode_CHAR_ROM                                                                  ; char_rom               ; work         ;
;          |altsyncram:altsyncram_component|          ; 0.0 (0.0)            ; 0.0 (0.0)                        ; 0.0 (0.0)                                         ; 0.0 (0.0)                        ; 0.0 (0.0)            ; 0 (0)               ; 0 (0)                     ; 0 (0)         ; 64                ; 0     ; 0          ; 0    ; 0            ; |top_level|HOME_DISPLAY_TEXT:HOME_SCREEN_TEXT|char_rom:\GEN_MODE_CHARS:40:mode_CHAR_ROM|altsyncram:altsyncram_component                                  ; altsyncram             ; work         ;
;             |altsyncram_d5g1:auto_generated|        ; 0.0 (0.0)            ; 0.0 (0.0)                        ; 0.0 (0.0)                                         ; 0.0 (0.0)                        ; 0.0 (0.0)            ; 0 (0)               ; 0 (0)                     ; 0 (0)         ; 64                ; 0     ; 0          ; 0    ; 0            ; |top_level|HOME_DISPLAY_TEXT:HOME_SCREEN_TEXT|char_rom:\GEN_MODE_CHARS:40:mode_CHAR_ROM|altsyncram:altsyncram_component|altsyncram_d5g1:auto_generated   ; altsyncram_d5g1        ; work         ;
;       |char_rom:\GEN_MODE_CHARS:41:mode_CHAR_ROM|   ; 2.0 (2.0)            ; 2.0 (2.0)                        ; 0.0 (0.0)                                         ; 0.0 (0.0)                        ; 0.0 (0.0)            ; 2 (2)               ; 0 (0)                     ; 0 (0)         ; 64                ; 0     ; 0          ; 0    ; 0            ; |top_level|HOME_DISPLAY_TEXT:HOME_SCREEN_TEXT|char_rom:\GEN_MODE_CHARS:41:mode_CHAR_ROM                                                                  ; char_rom               ; work         ;
;          |altsyncram:altsyncram_component|          ; 0.0 (0.0)            ; 0.0 (0.0)                        ; 0.0 (0.0)                                         ; 0.0 (0.0)                        ; 0.0 (0.0)            ; 0 (0)               ; 0 (0)                     ; 0 (0)         ; 64                ; 0     ; 0          ; 0    ; 0            ; |top_level|HOME_DISPLAY_TEXT:HOME_SCREEN_TEXT|char_rom:\GEN_MODE_CHARS:41:mode_CHAR_ROM|altsyncram:altsyncram_component                                  ; altsyncram             ; work         ;
;             |altsyncram_d5g1:auto_generated|        ; 0.0 (0.0)            ; 0.0 (0.0)                        ; 0.0 (0.0)                                         ; 0.0 (0.0)                        ; 0.0 (0.0)            ; 0 (0)               ; 0 (0)                     ; 0 (0)         ; 64                ; 0     ; 0          ; 0    ; 0            ; |top_level|HOME_DISPLAY_TEXT:HOME_SCREEN_TEXT|char_rom:\GEN_MODE_CHARS:41:mode_CHAR_ROM|altsyncram:altsyncram_component|altsyncram_d5g1:auto_generated   ; altsyncram_d5g1        ; work         ;
;       |char_rom:\GEN_MODE_CHARS:42:mode_CHAR_ROM|   ; 2.1 (2.1)            ; 2.0 (2.0)                        ; 0.0 (0.0)                                         ; 0.1 (0.1)                        ; 0.0 (0.0)            ; 2 (2)               ; 0 (0)                     ; 0 (0)         ; 64                ; 0     ; 0          ; 0    ; 0            ; |top_level|HOME_DISPLAY_TEXT:HOME_SCREEN_TEXT|char_rom:\GEN_MODE_CHARS:42:mode_CHAR_ROM                                                                  ; char_rom               ; work         ;
;          |altsyncram:altsyncram_component|          ; 0.0 (0.0)            ; 0.0 (0.0)                        ; 0.0 (0.0)                                         ; 0.0 (0.0)                        ; 0.0 (0.0)            ; 0 (0)               ; 0 (0)                     ; 0 (0)         ; 64                ; 0     ; 0          ; 0    ; 0            ; |top_level|HOME_DISPLAY_TEXT:HOME_SCREEN_TEXT|char_rom:\GEN_MODE_CHARS:42:mode_CHAR_ROM|altsyncram:altsyncram_component                                  ; altsyncram             ; work         ;
;             |altsyncram_d5g1:auto_generated|        ; 0.0 (0.0)            ; 0.0 (0.0)                        ; 0.0 (0.0)                                         ; 0.0 (0.0)                        ; 0.0 (0.0)            ; 0 (0)               ; 0 (0)                     ; 0 (0)         ; 64                ; 0     ; 0          ; 0    ; 0            ; |top_level|HOME_DISPLAY_TEXT:HOME_SCREEN_TEXT|char_rom:\GEN_MODE_CHARS:42:mode_CHAR_ROM|altsyncram:altsyncram_component|altsyncram_d5g1:auto_generated   ; altsyncram_d5g1        ; work         ;
;       |char_rom:\GEN_MODE_CHARS:43:mode_CHAR_ROM|   ; 2.0 (2.0)            ; 2.0 (2.0)                        ; 0.0 (0.0)                                         ; 0.0 (0.0)                        ; 0.0 (0.0)            ; 2 (2)               ; 0 (0)                     ; 0 (0)         ; 64                ; 0     ; 0          ; 0    ; 0            ; |top_level|HOME_DISPLAY_TEXT:HOME_SCREEN_TEXT|char_rom:\GEN_MODE_CHARS:43:mode_CHAR_ROM                                                                  ; char_rom               ; work         ;
;          |altsyncram:altsyncram_component|          ; 0.0 (0.0)            ; 0.0 (0.0)                        ; 0.0 (0.0)                                         ; 0.0 (0.0)                        ; 0.0 (0.0)            ; 0 (0)               ; 0 (0)                     ; 0 (0)         ; 64                ; 0     ; 0          ; 0    ; 0            ; |top_level|HOME_DISPLAY_TEXT:HOME_SCREEN_TEXT|char_rom:\GEN_MODE_CHARS:43:mode_CHAR_ROM|altsyncram:altsyncram_component                                  ; altsyncram             ; work         ;
;             |altsyncram_d5g1:auto_generated|        ; 0.0 (0.0)            ; 0.0 (0.0)                        ; 0.0 (0.0)                                         ; 0.0 (0.0)                        ; 0.0 (0.0)            ; 0 (0)               ; 0 (0)                     ; 0 (0)         ; 64                ; 0     ; 0          ; 0    ; 0            ; |top_level|HOME_DISPLAY_TEXT:HOME_SCREEN_TEXT|char_rom:\GEN_MODE_CHARS:43:mode_CHAR_ROM|altsyncram:altsyncram_component|altsyncram_d5g1:auto_generated   ; altsyncram_d5g1        ; work         ;
;       |char_rom:\GEN_MODE_CHARS:44:mode_CHAR_ROM|   ; 2.1 (2.1)            ; 2.0 (2.0)                        ; 0.0 (0.0)                                         ; 0.1 (0.1)                        ; 0.0 (0.0)            ; 2 (2)               ; 0 (0)                     ; 0 (0)         ; 64                ; 0     ; 0          ; 0    ; 0            ; |top_level|HOME_DISPLAY_TEXT:HOME_SCREEN_TEXT|char_rom:\GEN_MODE_CHARS:44:mode_CHAR_ROM                                                                  ; char_rom               ; work         ;
;          |altsyncram:altsyncram_component|          ; 0.0 (0.0)            ; 0.0 (0.0)                        ; 0.0 (0.0)                                         ; 0.0 (0.0)                        ; 0.0 (0.0)            ; 0 (0)               ; 0 (0)                     ; 0 (0)         ; 64                ; 0     ; 0          ; 0    ; 0            ; |top_level|HOME_DISPLAY_TEXT:HOME_SCREEN_TEXT|char_rom:\GEN_MODE_CHARS:44:mode_CHAR_ROM|altsyncram:altsyncram_component                                  ; altsyncram             ; work         ;
;             |altsyncram_d5g1:auto_generated|        ; 0.0 (0.0)            ; 0.0 (0.0)                        ; 0.0 (0.0)                                         ; 0.0 (0.0)                        ; 0.0 (0.0)            ; 0 (0)               ; 0 (0)                     ; 0 (0)         ; 64                ; 0     ; 0          ; 0    ; 0            ; |top_level|HOME_DISPLAY_TEXT:HOME_SCREEN_TEXT|char_rom:\GEN_MODE_CHARS:44:mode_CHAR_ROM|altsyncram:altsyncram_component|altsyncram_d5g1:auto_generated   ; altsyncram_d5g1        ; work         ;
;       |char_rom:\GEN_MODE_CHARS:45:mode_CHAR_ROM|   ; 2.0 (2.0)            ; 2.0 (2.0)                        ; 0.0 (0.0)                                         ; 0.0 (0.0)                        ; 0.0 (0.0)            ; 2 (2)               ; 0 (0)                     ; 0 (0)         ; 64                ; 0     ; 0          ; 0    ; 0            ; |top_level|HOME_DISPLAY_TEXT:HOME_SCREEN_TEXT|char_rom:\GEN_MODE_CHARS:45:mode_CHAR_ROM                                                                  ; char_rom               ; work         ;
;          |altsyncram:altsyncram_component|          ; 0.0 (0.0)            ; 0.0 (0.0)                        ; 0.0 (0.0)                                         ; 0.0 (0.0)                        ; 0.0 (0.0)            ; 0 (0)               ; 0 (0)                     ; 0 (0)         ; 64                ; 0     ; 0          ; 0    ; 0            ; |top_level|HOME_DISPLAY_TEXT:HOME_SCREEN_TEXT|char_rom:\GEN_MODE_CHARS:45:mode_CHAR_ROM|altsyncram:altsyncram_component                                  ; altsyncram             ; work         ;
;             |altsyncram_d5g1:auto_generated|        ; 0.0 (0.0)            ; 0.0 (0.0)                        ; 0.0 (0.0)                                         ; 0.0 (0.0)                        ; 0.0 (0.0)            ; 0 (0)               ; 0 (0)                     ; 0 (0)         ; 64                ; 0     ; 0          ; 0    ; 0            ; |top_level|HOME_DISPLAY_TEXT:HOME_SCREEN_TEXT|char_rom:\GEN_MODE_CHARS:45:mode_CHAR_ROM|altsyncram:altsyncram_component|altsyncram_d5g1:auto_generated   ; altsyncram_d5g1        ; work         ;
;       |char_rom:\GEN_MODE_CHARS:46:mode_CHAR_ROM|   ; 2.2 (2.2)            ; 2.0 (2.0)                        ; 0.0 (0.0)                                         ; 0.2 (0.2)                        ; 0.0 (0.0)            ; 2 (2)               ; 0 (0)                     ; 0 (0)         ; 64                ; 0     ; 0          ; 0    ; 0            ; |top_level|HOME_DISPLAY_TEXT:HOME_SCREEN_TEXT|char_rom:\GEN_MODE_CHARS:46:mode_CHAR_ROM                                                                  ; char_rom               ; work         ;
;          |altsyncram:altsyncram_component|          ; 0.0 (0.0)            ; 0.0 (0.0)                        ; 0.0 (0.0)                                         ; 0.0 (0.0)                        ; 0.0 (0.0)            ; 0 (0)               ; 0 (0)                     ; 0 (0)         ; 64                ; 0     ; 0          ; 0    ; 0            ; |top_level|HOME_DISPLAY_TEXT:HOME_SCREEN_TEXT|char_rom:\GEN_MODE_CHARS:46:mode_CHAR_ROM|altsyncram:altsyncram_component                                  ; altsyncram             ; work         ;
;             |altsyncram_d5g1:auto_generated|        ; 0.0 (0.0)            ; 0.0 (0.0)                        ; 0.0 (0.0)                                         ; 0.0 (0.0)                        ; 0.0 (0.0)            ; 0 (0)               ; 0 (0)                     ; 0 (0)         ; 64                ; 0     ; 0          ; 0    ; 0            ; |top_level|HOME_DISPLAY_TEXT:HOME_SCREEN_TEXT|char_rom:\GEN_MODE_CHARS:46:mode_CHAR_ROM|altsyncram:altsyncram_component|altsyncram_d5g1:auto_generated   ; altsyncram_d5g1        ; work         ;
;       |char_rom:\GEN_MODE_CHARS:47:mode_CHAR_ROM|   ; 2.0 (2.0)            ; 2.0 (2.0)                        ; 0.0 (0.0)                                         ; 0.0 (0.0)                        ; 0.0 (0.0)            ; 2 (2)               ; 0 (0)                     ; 0 (0)         ; 64                ; 0     ; 0          ; 0    ; 0            ; |top_level|HOME_DISPLAY_TEXT:HOME_SCREEN_TEXT|char_rom:\GEN_MODE_CHARS:47:mode_CHAR_ROM                                                                  ; char_rom               ; work         ;
;          |altsyncram:altsyncram_component|          ; 0.0 (0.0)            ; 0.0 (0.0)                        ; 0.0 (0.0)                                         ; 0.0 (0.0)                        ; 0.0 (0.0)            ; 0 (0)               ; 0 (0)                     ; 0 (0)         ; 64                ; 0     ; 0          ; 0    ; 0            ; |top_level|HOME_DISPLAY_TEXT:HOME_SCREEN_TEXT|char_rom:\GEN_MODE_CHARS:47:mode_CHAR_ROM|altsyncram:altsyncram_component                                  ; altsyncram             ; work         ;
;             |altsyncram_d5g1:auto_generated|        ; 0.0 (0.0)            ; 0.0 (0.0)                        ; 0.0 (0.0)                                         ; 0.0 (0.0)                        ; 0.0 (0.0)            ; 0 (0)               ; 0 (0)                     ; 0 (0)         ; 64                ; 0     ; 0          ; 0    ; 0            ; |top_level|HOME_DISPLAY_TEXT:HOME_SCREEN_TEXT|char_rom:\GEN_MODE_CHARS:47:mode_CHAR_ROM|altsyncram:altsyncram_component|altsyncram_d5g1:auto_generated   ; altsyncram_d5g1        ; work         ;
;       |char_rom:\GEN_MODE_CHARS:48:mode_CHAR_ROM|   ; 2.2 (2.2)            ; 2.0 (2.0)                        ; 0.0 (0.0)                                         ; 0.2 (0.2)                        ; 0.0 (0.0)            ; 2 (2)               ; 0 (0)                     ; 0 (0)         ; 64                ; 0     ; 0          ; 0    ; 0            ; |top_level|HOME_DISPLAY_TEXT:HOME_SCREEN_TEXT|char_rom:\GEN_MODE_CHARS:48:mode_CHAR_ROM                                                                  ; char_rom               ; work         ;
;          |altsyncram:altsyncram_component|          ; 0.0 (0.0)            ; 0.0 (0.0)                        ; 0.0 (0.0)                                         ; 0.0 (0.0)                        ; 0.0 (0.0)            ; 0 (0)               ; 0 (0)                     ; 0 (0)         ; 64                ; 0     ; 0          ; 0    ; 0            ; |top_level|HOME_DISPLAY_TEXT:HOME_SCREEN_TEXT|char_rom:\GEN_MODE_CHARS:48:mode_CHAR_ROM|altsyncram:altsyncram_component                                  ; altsyncram             ; work         ;
;             |altsyncram_d5g1:auto_generated|        ; 0.0 (0.0)            ; 0.0 (0.0)                        ; 0.0 (0.0)                                         ; 0.0 (0.0)                        ; 0.0 (0.0)            ; 0 (0)               ; 0 (0)                     ; 0 (0)         ; 64                ; 0     ; 0          ; 0    ; 0            ; |top_level|HOME_DISPLAY_TEXT:HOME_SCREEN_TEXT|char_rom:\GEN_MODE_CHARS:48:mode_CHAR_ROM|altsyncram:altsyncram_component|altsyncram_d5g1:auto_generated   ; altsyncram_d5g1        ; work         ;
;       |char_rom:\GEN_MODE_CHARS:49:mode_CHAR_ROM|   ; 2.0 (2.0)            ; 2.0 (2.0)                        ; 0.0 (0.0)                                         ; 0.0 (0.0)                        ; 0.0 (0.0)            ; 2 (2)               ; 0 (0)                     ; 0 (0)         ; 64                ; 0     ; 0          ; 0    ; 0            ; |top_level|HOME_DISPLAY_TEXT:HOME_SCREEN_TEXT|char_rom:\GEN_MODE_CHARS:49:mode_CHAR_ROM                                                                  ; char_rom               ; work         ;
;          |altsyncram:altsyncram_component|          ; 0.0 (0.0)            ; 0.0 (0.0)                        ; 0.0 (0.0)                                         ; 0.0 (0.0)                        ; 0.0 (0.0)            ; 0 (0)               ; 0 (0)                     ; 0 (0)         ; 64                ; 0     ; 0          ; 0    ; 0            ; |top_level|HOME_DISPLAY_TEXT:HOME_SCREEN_TEXT|char_rom:\GEN_MODE_CHARS:49:mode_CHAR_ROM|altsyncram:altsyncram_component                                  ; altsyncram             ; work         ;
;             |altsyncram_d5g1:auto_generated|        ; 0.0 (0.0)            ; 0.0 (0.0)                        ; 0.0 (0.0)                                         ; 0.0 (0.0)                        ; 0.0 (0.0)            ; 0 (0)               ; 0 (0)                     ; 0 (0)         ; 64                ; 0     ; 0          ; 0    ; 0            ; |top_level|HOME_DISPLAY_TEXT:HOME_SCREEN_TEXT|char_rom:\GEN_MODE_CHARS:49:mode_CHAR_ROM|altsyncram:altsyncram_component|altsyncram_d5g1:auto_generated   ; altsyncram_d5g1        ; work         ;
;       |char_rom:\GEN_MODE_CHARS:4:mode_CHAR_ROM|    ; 2.0 (2.0)            ; 2.0 (2.0)                        ; 0.0 (0.0)                                         ; 0.0 (0.0)                        ; 0.0 (0.0)            ; 2 (2)               ; 0 (0)                     ; 0 (0)         ; 64                ; 0     ; 0          ; 0    ; 0            ; |top_level|HOME_DISPLAY_TEXT:HOME_SCREEN_TEXT|char_rom:\GEN_MODE_CHARS:4:mode_CHAR_ROM                                                                   ; char_rom               ; work         ;
;          |altsyncram:altsyncram_component|          ; 0.0 (0.0)            ; 0.0 (0.0)                        ; 0.0 (0.0)                                         ; 0.0 (0.0)                        ; 0.0 (0.0)            ; 0 (0)               ; 0 (0)                     ; 0 (0)         ; 64                ; 0     ; 0          ; 0    ; 0            ; |top_level|HOME_DISPLAY_TEXT:HOME_SCREEN_TEXT|char_rom:\GEN_MODE_CHARS:4:mode_CHAR_ROM|altsyncram:altsyncram_component                                   ; altsyncram             ; work         ;
;             |altsyncram_d5g1:auto_generated|        ; 0.0 (0.0)            ; 0.0 (0.0)                        ; 0.0 (0.0)                                         ; 0.0 (0.0)                        ; 0.0 (0.0)            ; 0 (0)               ; 0 (0)                     ; 0 (0)         ; 64                ; 0     ; 0          ; 0    ; 0            ; |top_level|HOME_DISPLAY_TEXT:HOME_SCREEN_TEXT|char_rom:\GEN_MODE_CHARS:4:mode_CHAR_ROM|altsyncram:altsyncram_component|altsyncram_d5g1:auto_generated    ; altsyncram_d5g1        ; work         ;
;       |char_rom:\GEN_MODE_CHARS:50:mode_CHAR_ROM|   ; 2.0 (2.0)            ; 2.0 (2.0)                        ; 0.0 (0.0)                                         ; 0.0 (0.0)                        ; 0.0 (0.0)            ; 2 (2)               ; 0 (0)                     ; 0 (0)         ; 64                ; 0     ; 0          ; 0    ; 0            ; |top_level|HOME_DISPLAY_TEXT:HOME_SCREEN_TEXT|char_rom:\GEN_MODE_CHARS:50:mode_CHAR_ROM                                                                  ; char_rom               ; work         ;
;          |altsyncram:altsyncram_component|          ; 0.0 (0.0)            ; 0.0 (0.0)                        ; 0.0 (0.0)                                         ; 0.0 (0.0)                        ; 0.0 (0.0)            ; 0 (0)               ; 0 (0)                     ; 0 (0)         ; 64                ; 0     ; 0          ; 0    ; 0            ; |top_level|HOME_DISPLAY_TEXT:HOME_SCREEN_TEXT|char_rom:\GEN_MODE_CHARS:50:mode_CHAR_ROM|altsyncram:altsyncram_component                                  ; altsyncram             ; work         ;
;             |altsyncram_d5g1:auto_generated|        ; 0.0 (0.0)            ; 0.0 (0.0)                        ; 0.0 (0.0)                                         ; 0.0 (0.0)                        ; 0.0 (0.0)            ; 0 (0)               ; 0 (0)                     ; 0 (0)         ; 64                ; 0     ; 0          ; 0    ; 0            ; |top_level|HOME_DISPLAY_TEXT:HOME_SCREEN_TEXT|char_rom:\GEN_MODE_CHARS:50:mode_CHAR_ROM|altsyncram:altsyncram_component|altsyncram_d5g1:auto_generated   ; altsyncram_d5g1        ; work         ;
;       |char_rom:\GEN_MODE_CHARS:51:mode_CHAR_ROM|   ; 2.1 (2.1)            ; 2.0 (2.0)                        ; 0.0 (0.0)                                         ; 0.1 (0.1)                        ; 0.0 (0.0)            ; 2 (2)               ; 0 (0)                     ; 0 (0)         ; 64                ; 0     ; 0          ; 0    ; 0            ; |top_level|HOME_DISPLAY_TEXT:HOME_SCREEN_TEXT|char_rom:\GEN_MODE_CHARS:51:mode_CHAR_ROM                                                                  ; char_rom               ; work         ;
;          |altsyncram:altsyncram_component|          ; 0.0 (0.0)            ; 0.0 (0.0)                        ; 0.0 (0.0)                                         ; 0.0 (0.0)                        ; 0.0 (0.0)            ; 0 (0)               ; 0 (0)                     ; 0 (0)         ; 64                ; 0     ; 0          ; 0    ; 0            ; |top_level|HOME_DISPLAY_TEXT:HOME_SCREEN_TEXT|char_rom:\GEN_MODE_CHARS:51:mode_CHAR_ROM|altsyncram:altsyncram_component                                  ; altsyncram             ; work         ;
;             |altsyncram_d5g1:auto_generated|        ; 0.0 (0.0)            ; 0.0 (0.0)                        ; 0.0 (0.0)                                         ; 0.0 (0.0)                        ; 0.0 (0.0)            ; 0 (0)               ; 0 (0)                     ; 0 (0)         ; 64                ; 0     ; 0          ; 0    ; 0            ; |top_level|HOME_DISPLAY_TEXT:HOME_SCREEN_TEXT|char_rom:\GEN_MODE_CHARS:51:mode_CHAR_ROM|altsyncram:altsyncram_component|altsyncram_d5g1:auto_generated   ; altsyncram_d5g1        ; work         ;
;       |char_rom:\GEN_MODE_CHARS:5:mode_CHAR_ROM|    ; 2.0 (2.0)            ; 2.0 (2.0)                        ; 0.0 (0.0)                                         ; 0.0 (0.0)                        ; 0.0 (0.0)            ; 2 (2)               ; 0 (0)                     ; 0 (0)         ; 64                ; 1     ; 0          ; 0    ; 0            ; |top_level|HOME_DISPLAY_TEXT:HOME_SCREEN_TEXT|char_rom:\GEN_MODE_CHARS:5:mode_CHAR_ROM                                                                   ; char_rom               ; work         ;
;          |altsyncram:altsyncram_component|          ; 0.0 (0.0)            ; 0.0 (0.0)                        ; 0.0 (0.0)                                         ; 0.0 (0.0)                        ; 0.0 (0.0)            ; 0 (0)               ; 0 (0)                     ; 0 (0)         ; 64                ; 1     ; 0          ; 0    ; 0            ; |top_level|HOME_DISPLAY_TEXT:HOME_SCREEN_TEXT|char_rom:\GEN_MODE_CHARS:5:mode_CHAR_ROM|altsyncram:altsyncram_component                                   ; altsyncram             ; work         ;
;             |altsyncram_d5g1:auto_generated|        ; 0.0 (0.0)            ; 0.0 (0.0)                        ; 0.0 (0.0)                                         ; 0.0 (0.0)                        ; 0.0 (0.0)            ; 0 (0)               ; 0 (0)                     ; 0 (0)         ; 64                ; 1     ; 0          ; 0    ; 0            ; |top_level|HOME_DISPLAY_TEXT:HOME_SCREEN_TEXT|char_rom:\GEN_MODE_CHARS:5:mode_CHAR_ROM|altsyncram:altsyncram_component|altsyncram_d5g1:auto_generated    ; altsyncram_d5g1        ; work         ;
;       |char_rom:\GEN_MODE_CHARS:6:mode_CHAR_ROM|    ; 2.0 (2.0)            ; 2.0 (2.0)                        ; 0.0 (0.0)                                         ; 0.0 (0.0)                        ; 0.0 (0.0)            ; 2 (2)               ; 0 (0)                     ; 0 (0)         ; 64                ; 0     ; 0          ; 0    ; 0            ; |top_level|HOME_DISPLAY_TEXT:HOME_SCREEN_TEXT|char_rom:\GEN_MODE_CHARS:6:mode_CHAR_ROM                                                                   ; char_rom               ; work         ;
;          |altsyncram:altsyncram_component|          ; 0.0 (0.0)            ; 0.0 (0.0)                        ; 0.0 (0.0)                                         ; 0.0 (0.0)                        ; 0.0 (0.0)            ; 0 (0)               ; 0 (0)                     ; 0 (0)         ; 64                ; 0     ; 0          ; 0    ; 0            ; |top_level|HOME_DISPLAY_TEXT:HOME_SCREEN_TEXT|char_rom:\GEN_MODE_CHARS:6:mode_CHAR_ROM|altsyncram:altsyncram_component                                   ; altsyncram             ; work         ;
;             |altsyncram_d5g1:auto_generated|        ; 0.0 (0.0)            ; 0.0 (0.0)                        ; 0.0 (0.0)                                         ; 0.0 (0.0)                        ; 0.0 (0.0)            ; 0 (0)               ; 0 (0)                     ; 0 (0)         ; 64                ; 0     ; 0          ; 0    ; 0            ; |top_level|HOME_DISPLAY_TEXT:HOME_SCREEN_TEXT|char_rom:\GEN_MODE_CHARS:6:mode_CHAR_ROM|altsyncram:altsyncram_component|altsyncram_d5g1:auto_generated    ; altsyncram_d5g1        ; work         ;
;       |char_rom:\GEN_MODE_CHARS:7:mode_CHAR_ROM|    ; 2.0 (2.0)            ; 2.0 (2.0)                        ; 0.0 (0.0)                                         ; 0.0 (0.0)                        ; 0.0 (0.0)            ; 2 (2)               ; 0 (0)                     ; 0 (0)         ; 64                ; 1     ; 0          ; 0    ; 0            ; |top_level|HOME_DISPLAY_TEXT:HOME_SCREEN_TEXT|char_rom:\GEN_MODE_CHARS:7:mode_CHAR_ROM                                                                   ; char_rom               ; work         ;
;          |altsyncram:altsyncram_component|          ; 0.0 (0.0)            ; 0.0 (0.0)                        ; 0.0 (0.0)                                         ; 0.0 (0.0)                        ; 0.0 (0.0)            ; 0 (0)               ; 0 (0)                     ; 0 (0)         ; 64                ; 1     ; 0          ; 0    ; 0            ; |top_level|HOME_DISPLAY_TEXT:HOME_SCREEN_TEXT|char_rom:\GEN_MODE_CHARS:7:mode_CHAR_ROM|altsyncram:altsyncram_component                                   ; altsyncram             ; work         ;
;             |altsyncram_d5g1:auto_generated|        ; 0.0 (0.0)            ; 0.0 (0.0)                        ; 0.0 (0.0)                                         ; 0.0 (0.0)                        ; 0.0 (0.0)            ; 0 (0)               ; 0 (0)                     ; 0 (0)         ; 64                ; 1     ; 0          ; 0    ; 0            ; |top_level|HOME_DISPLAY_TEXT:HOME_SCREEN_TEXT|char_rom:\GEN_MODE_CHARS:7:mode_CHAR_ROM|altsyncram:altsyncram_component|altsyncram_d5g1:auto_generated    ; altsyncram_d5g1        ; work         ;
;       |char_rom:\GEN_MODE_CHARS:8:mode_CHAR_ROM|    ; 2.1 (2.1)            ; 2.0 (2.0)                        ; 0.0 (0.0)                                         ; 0.1 (0.1)                        ; 0.0 (0.0)            ; 2 (2)               ; 0 (0)                     ; 0 (0)         ; 64                ; 0     ; 0          ; 0    ; 0            ; |top_level|HOME_DISPLAY_TEXT:HOME_SCREEN_TEXT|char_rom:\GEN_MODE_CHARS:8:mode_CHAR_ROM                                                                   ; char_rom               ; work         ;
;          |altsyncram:altsyncram_component|          ; 0.0 (0.0)            ; 0.0 (0.0)                        ; 0.0 (0.0)                                         ; 0.0 (0.0)                        ; 0.0 (0.0)            ; 0 (0)               ; 0 (0)                     ; 0 (0)         ; 64                ; 0     ; 0          ; 0    ; 0            ; |top_level|HOME_DISPLAY_TEXT:HOME_SCREEN_TEXT|char_rom:\GEN_MODE_CHARS:8:mode_CHAR_ROM|altsyncram:altsyncram_component                                   ; altsyncram             ; work         ;
;             |altsyncram_d5g1:auto_generated|        ; 0.0 (0.0)            ; 0.0 (0.0)                        ; 0.0 (0.0)                                         ; 0.0 (0.0)                        ; 0.0 (0.0)            ; 0 (0)               ; 0 (0)                     ; 0 (0)         ; 64                ; 0     ; 0          ; 0    ; 0            ; |top_level|HOME_DISPLAY_TEXT:HOME_SCREEN_TEXT|char_rom:\GEN_MODE_CHARS:8:mode_CHAR_ROM|altsyncram:altsyncram_component|altsyncram_d5g1:auto_generated    ; altsyncram_d5g1        ; work         ;
;       |char_rom:\GEN_MODE_CHARS:9:mode_CHAR_ROM|    ; 2.0 (2.0)            ; 2.0 (2.0)                        ; 0.0 (0.0)                                         ; 0.0 (0.0)                        ; 0.0 (0.0)            ; 2 (2)               ; 0 (0)                     ; 0 (0)         ; 64                ; 1     ; 0          ; 0    ; 0            ; |top_level|HOME_DISPLAY_TEXT:HOME_SCREEN_TEXT|char_rom:\GEN_MODE_CHARS:9:mode_CHAR_ROM                                                                   ; char_rom               ; work         ;
;          |altsyncram:altsyncram_component|          ; 0.0 (0.0)            ; 0.0 (0.0)                        ; 0.0 (0.0)                                         ; 0.0 (0.0)                        ; 0.0 (0.0)            ; 0 (0)               ; 0 (0)                     ; 0 (0)         ; 64                ; 1     ; 0          ; 0    ; 0            ; |top_level|HOME_DISPLAY_TEXT:HOME_SCREEN_TEXT|char_rom:\GEN_MODE_CHARS:9:mode_CHAR_ROM|altsyncram:altsyncram_component                                   ; altsyncram             ; work         ;
;             |altsyncram_d5g1:auto_generated|        ; 0.0 (0.0)            ; 0.0 (0.0)                        ; 0.0 (0.0)                                         ; 0.0 (0.0)                        ; 0.0 (0.0)            ; 0 (0)               ; 0 (0)                     ; 0 (0)         ; 64                ; 1     ; 0          ; 0    ; 0            ; |top_level|HOME_DISPLAY_TEXT:HOME_SCREEN_TEXT|char_rom:\GEN_MODE_CHARS:9:mode_CHAR_ROM|altsyncram:altsyncram_component|altsyncram_d5g1:auto_generated    ; altsyncram_d5g1        ; work         ;
;       |char_rom:\GEN_start_CHARS:0:start_CHAR_ROM|  ; 2.2 (2.2)            ; 2.0 (2.0)                        ; 0.0 (0.0)                                         ; 0.2 (0.2)                        ; 0.0 (0.0)            ; 2 (2)               ; 0 (0)                     ; 0 (0)         ; 64                ; 1     ; 0          ; 0    ; 0            ; |top_level|HOME_DISPLAY_TEXT:HOME_SCREEN_TEXT|char_rom:\GEN_start_CHARS:0:start_CHAR_ROM                                                                 ; char_rom               ; work         ;
;          |altsyncram:altsyncram_component|          ; 0.0 (0.0)            ; 0.0 (0.0)                        ; 0.0 (0.0)                                         ; 0.0 (0.0)                        ; 0.0 (0.0)            ; 0 (0)               ; 0 (0)                     ; 0 (0)         ; 64                ; 1     ; 0          ; 0    ; 0            ; |top_level|HOME_DISPLAY_TEXT:HOME_SCREEN_TEXT|char_rom:\GEN_start_CHARS:0:start_CHAR_ROM|altsyncram:altsyncram_component                                 ; altsyncram             ; work         ;
;             |altsyncram_d5g1:auto_generated|        ; 0.0 (0.0)            ; 0.0 (0.0)                        ; 0.0 (0.0)                                         ; 0.0 (0.0)                        ; 0.0 (0.0)            ; 0 (0)               ; 0 (0)                     ; 0 (0)         ; 64                ; 1     ; 0          ; 0    ; 0            ; |top_level|HOME_DISPLAY_TEXT:HOME_SCREEN_TEXT|char_rom:\GEN_start_CHARS:0:start_CHAR_ROM|altsyncram:altsyncram_component|altsyncram_d5g1:auto_generated  ; altsyncram_d5g1        ; work         ;
;       |char_rom:\GEN_start_CHARS:10:start_CHAR_ROM| ; 2.2 (2.2)            ; 2.0 (2.0)                        ; 0.0 (0.0)                                         ; 0.2 (0.2)                        ; 0.0 (0.0)            ; 2 (2)               ; 0 (0)                     ; 0 (0)         ; 64                ; 0     ; 0          ; 0    ; 0            ; |top_level|HOME_DISPLAY_TEXT:HOME_SCREEN_TEXT|char_rom:\GEN_start_CHARS:10:start_CHAR_ROM                                                                ; char_rom               ; work         ;
;          |altsyncram:altsyncram_component|          ; 0.0 (0.0)            ; 0.0 (0.0)                        ; 0.0 (0.0)                                         ; 0.0 (0.0)                        ; 0.0 (0.0)            ; 0 (0)               ; 0 (0)                     ; 0 (0)         ; 64                ; 0     ; 0          ; 0    ; 0            ; |top_level|HOME_DISPLAY_TEXT:HOME_SCREEN_TEXT|char_rom:\GEN_start_CHARS:10:start_CHAR_ROM|altsyncram:altsyncram_component                                ; altsyncram             ; work         ;
;             |altsyncram_d5g1:auto_generated|        ; 0.0 (0.0)            ; 0.0 (0.0)                        ; 0.0 (0.0)                                         ; 0.0 (0.0)                        ; 0.0 (0.0)            ; 0 (0)               ; 0 (0)                     ; 0 (0)         ; 64                ; 0     ; 0          ; 0    ; 0            ; |top_level|HOME_DISPLAY_TEXT:HOME_SCREEN_TEXT|char_rom:\GEN_start_CHARS:10:start_CHAR_ROM|altsyncram:altsyncram_component|altsyncram_d5g1:auto_generated ; altsyncram_d5g1        ; work         ;
;       |char_rom:\GEN_start_CHARS:11:start_CHAR_ROM| ; 2.2 (2.2)            ; 2.0 (2.0)                        ; 0.0 (0.0)                                         ; 0.2 (0.2)                        ; 0.0 (0.0)            ; 2 (2)               ; 0 (0)                     ; 0 (0)         ; 64                ; 0     ; 0          ; 0    ; 0            ; |top_level|HOME_DISPLAY_TEXT:HOME_SCREEN_TEXT|char_rom:\GEN_start_CHARS:11:start_CHAR_ROM                                                                ; char_rom               ; work         ;
;          |altsyncram:altsyncram_component|          ; 0.0 (0.0)            ; 0.0 (0.0)                        ; 0.0 (0.0)                                         ; 0.0 (0.0)                        ; 0.0 (0.0)            ; 0 (0)               ; 0 (0)                     ; 0 (0)         ; 64                ; 0     ; 0          ; 0    ; 0            ; |top_level|HOME_DISPLAY_TEXT:HOME_SCREEN_TEXT|char_rom:\GEN_start_CHARS:11:start_CHAR_ROM|altsyncram:altsyncram_component                                ; altsyncram             ; work         ;
;             |altsyncram_d5g1:auto_generated|        ; 0.0 (0.0)            ; 0.0 (0.0)                        ; 0.0 (0.0)                                         ; 0.0 (0.0)                        ; 0.0 (0.0)            ; 0 (0)               ; 0 (0)                     ; 0 (0)         ; 64                ; 0     ; 0          ; 0    ; 0            ; |top_level|HOME_DISPLAY_TEXT:HOME_SCREEN_TEXT|char_rom:\GEN_start_CHARS:11:start_CHAR_ROM|altsyncram:altsyncram_component|altsyncram_d5g1:auto_generated ; altsyncram_d5g1        ; work         ;
;       |char_rom:\GEN_start_CHARS:12:start_CHAR_ROM| ; 2.2 (2.2)            ; 2.0 (2.0)                        ; 0.0 (0.0)                                         ; 0.2 (0.2)                        ; 0.0 (0.0)            ; 2 (2)               ; 0 (0)                     ; 0 (0)         ; 64                ; 1     ; 0          ; 0    ; 0            ; |top_level|HOME_DISPLAY_TEXT:HOME_SCREEN_TEXT|char_rom:\GEN_start_CHARS:12:start_CHAR_ROM                                                                ; char_rom               ; work         ;
;          |altsyncram:altsyncram_component|          ; 0.0 (0.0)            ; 0.0 (0.0)                        ; 0.0 (0.0)                                         ; 0.0 (0.0)                        ; 0.0 (0.0)            ; 0 (0)               ; 0 (0)                     ; 0 (0)         ; 64                ; 1     ; 0          ; 0    ; 0            ; |top_level|HOME_DISPLAY_TEXT:HOME_SCREEN_TEXT|char_rom:\GEN_start_CHARS:12:start_CHAR_ROM|altsyncram:altsyncram_component                                ; altsyncram             ; work         ;
;             |altsyncram_d5g1:auto_generated|        ; 0.0 (0.0)            ; 0.0 (0.0)                        ; 0.0 (0.0)                                         ; 0.0 (0.0)                        ; 0.0 (0.0)            ; 0 (0)               ; 0 (0)                     ; 0 (0)         ; 64                ; 1     ; 0          ; 0    ; 0            ; |top_level|HOME_DISPLAY_TEXT:HOME_SCREEN_TEXT|char_rom:\GEN_start_CHARS:12:start_CHAR_ROM|altsyncram:altsyncram_component|altsyncram_d5g1:auto_generated ; altsyncram_d5g1        ; work         ;
;       |char_rom:\GEN_start_CHARS:13:start_CHAR_ROM| ; 2.2 (2.2)            ; 2.0 (2.0)                        ; 0.0 (0.0)                                         ; 0.2 (0.2)                        ; 0.0 (0.0)            ; 2 (2)               ; 0 (0)                     ; 0 (0)         ; 64                ; 0     ; 0          ; 0    ; 0            ; |top_level|HOME_DISPLAY_TEXT:HOME_SCREEN_TEXT|char_rom:\GEN_start_CHARS:13:start_CHAR_ROM                                                                ; char_rom               ; work         ;
;          |altsyncram:altsyncram_component|          ; 0.0 (0.0)            ; 0.0 (0.0)                        ; 0.0 (0.0)                                         ; 0.0 (0.0)                        ; 0.0 (0.0)            ; 0 (0)               ; 0 (0)                     ; 0 (0)         ; 64                ; 0     ; 0          ; 0    ; 0            ; |top_level|HOME_DISPLAY_TEXT:HOME_SCREEN_TEXT|char_rom:\GEN_start_CHARS:13:start_CHAR_ROM|altsyncram:altsyncram_component                                ; altsyncram             ; work         ;
;             |altsyncram_d5g1:auto_generated|        ; 0.0 (0.0)            ; 0.0 (0.0)                        ; 0.0 (0.0)                                         ; 0.0 (0.0)                        ; 0.0 (0.0)            ; 0 (0)               ; 0 (0)                     ; 0 (0)         ; 64                ; 0     ; 0          ; 0    ; 0            ; |top_level|HOME_DISPLAY_TEXT:HOME_SCREEN_TEXT|char_rom:\GEN_start_CHARS:13:start_CHAR_ROM|altsyncram:altsyncram_component|altsyncram_d5g1:auto_generated ; altsyncram_d5g1        ; work         ;
;       |char_rom:\GEN_start_CHARS:14:start_CHAR_ROM| ; 2.0 (2.0)            ; 2.0 (2.0)                        ; 0.0 (0.0)                                         ; 0.0 (0.0)                        ; 0.0 (0.0)            ; 2 (2)               ; 0 (0)                     ; 0 (0)         ; 64                ; 0     ; 0          ; 0    ; 0            ; |top_level|HOME_DISPLAY_TEXT:HOME_SCREEN_TEXT|char_rom:\GEN_start_CHARS:14:start_CHAR_ROM                                                                ; char_rom               ; work         ;
;          |altsyncram:altsyncram_component|          ; 0.0 (0.0)            ; 0.0 (0.0)                        ; 0.0 (0.0)                                         ; 0.0 (0.0)                        ; 0.0 (0.0)            ; 0 (0)               ; 0 (0)                     ; 0 (0)         ; 64                ; 0     ; 0          ; 0    ; 0            ; |top_level|HOME_DISPLAY_TEXT:HOME_SCREEN_TEXT|char_rom:\GEN_start_CHARS:14:start_CHAR_ROM|altsyncram:altsyncram_component                                ; altsyncram             ; work         ;
;             |altsyncram_d5g1:auto_generated|        ; 0.0 (0.0)            ; 0.0 (0.0)                        ; 0.0 (0.0)                                         ; 0.0 (0.0)                        ; 0.0 (0.0)            ; 0 (0)               ; 0 (0)                     ; 0 (0)         ; 64                ; 0     ; 0          ; 0    ; 0            ; |top_level|HOME_DISPLAY_TEXT:HOME_SCREEN_TEXT|char_rom:\GEN_start_CHARS:14:start_CHAR_ROM|altsyncram:altsyncram_component|altsyncram_d5g1:auto_generated ; altsyncram_d5g1        ; work         ;
;       |char_rom:\GEN_start_CHARS:15:start_CHAR_ROM| ; 2.1 (2.1)            ; 2.0 (2.0)                        ; 0.0 (0.0)                                         ; 0.1 (0.1)                        ; 0.0 (0.0)            ; 2 (2)               ; 0 (0)                     ; 0 (0)         ; 64                ; 1     ; 0          ; 0    ; 0            ; |top_level|HOME_DISPLAY_TEXT:HOME_SCREEN_TEXT|char_rom:\GEN_start_CHARS:15:start_CHAR_ROM                                                                ; char_rom               ; work         ;
;          |altsyncram:altsyncram_component|          ; 0.0 (0.0)            ; 0.0 (0.0)                        ; 0.0 (0.0)                                         ; 0.0 (0.0)                        ; 0.0 (0.0)            ; 0 (0)               ; 0 (0)                     ; 0 (0)         ; 64                ; 1     ; 0          ; 0    ; 0            ; |top_level|HOME_DISPLAY_TEXT:HOME_SCREEN_TEXT|char_rom:\GEN_start_CHARS:15:start_CHAR_ROM|altsyncram:altsyncram_component                                ; altsyncram             ; work         ;
;             |altsyncram_d5g1:auto_generated|        ; 0.0 (0.0)            ; 0.0 (0.0)                        ; 0.0 (0.0)                                         ; 0.0 (0.0)                        ; 0.0 (0.0)            ; 0 (0)               ; 0 (0)                     ; 0 (0)         ; 64                ; 1     ; 0          ; 0    ; 0            ; |top_level|HOME_DISPLAY_TEXT:HOME_SCREEN_TEXT|char_rom:\GEN_start_CHARS:15:start_CHAR_ROM|altsyncram:altsyncram_component|altsyncram_d5g1:auto_generated ; altsyncram_d5g1        ; work         ;
;       |char_rom:\GEN_start_CHARS:16:start_CHAR_ROM| ; 2.0 (2.0)            ; 2.0 (2.0)                        ; 0.0 (0.0)                                         ; 0.0 (0.0)                        ; 0.0 (0.0)            ; 2 (2)               ; 0 (0)                     ; 0 (0)         ; 64                ; 1     ; 0          ; 0    ; 0            ; |top_level|HOME_DISPLAY_TEXT:HOME_SCREEN_TEXT|char_rom:\GEN_start_CHARS:16:start_CHAR_ROM                                                                ; char_rom               ; work         ;
;          |altsyncram:altsyncram_component|          ; 0.0 (0.0)            ; 0.0 (0.0)                        ; 0.0 (0.0)                                         ; 0.0 (0.0)                        ; 0.0 (0.0)            ; 0 (0)               ; 0 (0)                     ; 0 (0)         ; 64                ; 1     ; 0          ; 0    ; 0            ; |top_level|HOME_DISPLAY_TEXT:HOME_SCREEN_TEXT|char_rom:\GEN_start_CHARS:16:start_CHAR_ROM|altsyncram:altsyncram_component                                ; altsyncram             ; work         ;
;             |altsyncram_d5g1:auto_generated|        ; 0.0 (0.0)            ; 0.0 (0.0)                        ; 0.0 (0.0)                                         ; 0.0 (0.0)                        ; 0.0 (0.0)            ; 0 (0)               ; 0 (0)                     ; 0 (0)         ; 64                ; 1     ; 0          ; 0    ; 0            ; |top_level|HOME_DISPLAY_TEXT:HOME_SCREEN_TEXT|char_rom:\GEN_start_CHARS:16:start_CHAR_ROM|altsyncram:altsyncram_component|altsyncram_d5g1:auto_generated ; altsyncram_d5g1        ; work         ;
;       |char_rom:\GEN_start_CHARS:17:start_CHAR_ROM| ; 2.0 (2.0)            ; 2.0 (2.0)                        ; 0.0 (0.0)                                         ; 0.0 (0.0)                        ; 0.0 (0.0)            ; 2 (2)               ; 0 (0)                     ; 0 (0)         ; 64                ; 0     ; 0          ; 0    ; 0            ; |top_level|HOME_DISPLAY_TEXT:HOME_SCREEN_TEXT|char_rom:\GEN_start_CHARS:17:start_CHAR_ROM                                                                ; char_rom               ; work         ;
;          |altsyncram:altsyncram_component|          ; 0.0 (0.0)            ; 0.0 (0.0)                        ; 0.0 (0.0)                                         ; 0.0 (0.0)                        ; 0.0 (0.0)            ; 0 (0)               ; 0 (0)                     ; 0 (0)         ; 64                ; 0     ; 0          ; 0    ; 0            ; |top_level|HOME_DISPLAY_TEXT:HOME_SCREEN_TEXT|char_rom:\GEN_start_CHARS:17:start_CHAR_ROM|altsyncram:altsyncram_component                                ; altsyncram             ; work         ;
;             |altsyncram_d5g1:auto_generated|        ; 0.0 (0.0)            ; 0.0 (0.0)                        ; 0.0 (0.0)                                         ; 0.0 (0.0)                        ; 0.0 (0.0)            ; 0 (0)               ; 0 (0)                     ; 0 (0)         ; 64                ; 0     ; 0          ; 0    ; 0            ; |top_level|HOME_DISPLAY_TEXT:HOME_SCREEN_TEXT|char_rom:\GEN_start_CHARS:17:start_CHAR_ROM|altsyncram:altsyncram_component|altsyncram_d5g1:auto_generated ; altsyncram_d5g1        ; work         ;
;       |char_rom:\GEN_start_CHARS:18:start_CHAR_ROM| ; 2.2 (2.2)            ; 2.0 (2.0)                        ; 0.0 (0.0)                                         ; 0.2 (0.2)                        ; 0.0 (0.0)            ; 2 (2)               ; 0 (0)                     ; 0 (0)         ; 64                ; 0     ; 0          ; 0    ; 0            ; |top_level|HOME_DISPLAY_TEXT:HOME_SCREEN_TEXT|char_rom:\GEN_start_CHARS:18:start_CHAR_ROM                                                                ; char_rom               ; work         ;
;          |altsyncram:altsyncram_component|          ; 0.0 (0.0)            ; 0.0 (0.0)                        ; 0.0 (0.0)                                         ; 0.0 (0.0)                        ; 0.0 (0.0)            ; 0 (0)               ; 0 (0)                     ; 0 (0)         ; 64                ; 0     ; 0          ; 0    ; 0            ; |top_level|HOME_DISPLAY_TEXT:HOME_SCREEN_TEXT|char_rom:\GEN_start_CHARS:18:start_CHAR_ROM|altsyncram:altsyncram_component                                ; altsyncram             ; work         ;
;             |altsyncram_d5g1:auto_generated|        ; 0.0 (0.0)            ; 0.0 (0.0)                        ; 0.0 (0.0)                                         ; 0.0 (0.0)                        ; 0.0 (0.0)            ; 0 (0)               ; 0 (0)                     ; 0 (0)         ; 64                ; 0     ; 0          ; 0    ; 0            ; |top_level|HOME_DISPLAY_TEXT:HOME_SCREEN_TEXT|char_rom:\GEN_start_CHARS:18:start_CHAR_ROM|altsyncram:altsyncram_component|altsyncram_d5g1:auto_generated ; altsyncram_d5g1        ; work         ;
;       |char_rom:\GEN_start_CHARS:19:start_CHAR_ROM| ; 2.2 (2.2)            ; 2.0 (2.0)                        ; 0.0 (0.0)                                         ; 0.2 (0.2)                        ; 0.0 (0.0)            ; 2 (2)               ; 0 (0)                     ; 0 (0)         ; 64                ; 0     ; 0          ; 0    ; 0            ; |top_level|HOME_DISPLAY_TEXT:HOME_SCREEN_TEXT|char_rom:\GEN_start_CHARS:19:start_CHAR_ROM                                                                ; char_rom               ; work         ;
;          |altsyncram:altsyncram_component|          ; 0.0 (0.0)            ; 0.0 (0.0)                        ; 0.0 (0.0)                                         ; 0.0 (0.0)                        ; 0.0 (0.0)            ; 0 (0)               ; 0 (0)                     ; 0 (0)         ; 64                ; 0     ; 0          ; 0    ; 0            ; |top_level|HOME_DISPLAY_TEXT:HOME_SCREEN_TEXT|char_rom:\GEN_start_CHARS:19:start_CHAR_ROM|altsyncram:altsyncram_component                                ; altsyncram             ; work         ;
;             |altsyncram_d5g1:auto_generated|        ; 0.0 (0.0)            ; 0.0 (0.0)                        ; 0.0 (0.0)                                         ; 0.0 (0.0)                        ; 0.0 (0.0)            ; 0 (0)               ; 0 (0)                     ; 0 (0)         ; 64                ; 0     ; 0          ; 0    ; 0            ; |top_level|HOME_DISPLAY_TEXT:HOME_SCREEN_TEXT|char_rom:\GEN_start_CHARS:19:start_CHAR_ROM|altsyncram:altsyncram_component|altsyncram_d5g1:auto_generated ; altsyncram_d5g1        ; work         ;
;       |char_rom:\GEN_start_CHARS:1:start_CHAR_ROM|  ; 2.3 (2.3)            ; 2.0 (2.0)                        ; 0.0 (0.0)                                         ; 0.3 (0.3)                        ; 0.0 (0.0)            ; 2 (2)               ; 0 (0)                     ; 0 (0)         ; 64                ; 0     ; 0          ; 0    ; 0            ; |top_level|HOME_DISPLAY_TEXT:HOME_SCREEN_TEXT|char_rom:\GEN_start_CHARS:1:start_CHAR_ROM                                                                 ; char_rom               ; work         ;
;          |altsyncram:altsyncram_component|          ; 0.0 (0.0)            ; 0.0 (0.0)                        ; 0.0 (0.0)                                         ; 0.0 (0.0)                        ; 0.0 (0.0)            ; 0 (0)               ; 0 (0)                     ; 0 (0)         ; 64                ; 0     ; 0          ; 0    ; 0            ; |top_level|HOME_DISPLAY_TEXT:HOME_SCREEN_TEXT|char_rom:\GEN_start_CHARS:1:start_CHAR_ROM|altsyncram:altsyncram_component                                 ; altsyncram             ; work         ;
;             |altsyncram_d5g1:auto_generated|        ; 0.0 (0.0)            ; 0.0 (0.0)                        ; 0.0 (0.0)                                         ; 0.0 (0.0)                        ; 0.0 (0.0)            ; 0 (0)               ; 0 (0)                     ; 0 (0)         ; 64                ; 0     ; 0          ; 0    ; 0            ; |top_level|HOME_DISPLAY_TEXT:HOME_SCREEN_TEXT|char_rom:\GEN_start_CHARS:1:start_CHAR_ROM|altsyncram:altsyncram_component|altsyncram_d5g1:auto_generated  ; altsyncram_d5g1        ; work         ;
;       |char_rom:\GEN_start_CHARS:20:start_CHAR_ROM| ; 2.2 (2.2)            ; 2.0 (2.0)                        ; 0.0 (0.0)                                         ; 0.2 (0.2)                        ; 0.0 (0.0)            ; 2 (2)               ; 0 (0)                     ; 0 (0)         ; 64                ; 0     ; 0          ; 0    ; 0            ; |top_level|HOME_DISPLAY_TEXT:HOME_SCREEN_TEXT|char_rom:\GEN_start_CHARS:20:start_CHAR_ROM                                                                ; char_rom               ; work         ;
;          |altsyncram:altsyncram_component|          ; 0.0 (0.0)            ; 0.0 (0.0)                        ; 0.0 (0.0)                                         ; 0.0 (0.0)                        ; 0.0 (0.0)            ; 0 (0)               ; 0 (0)                     ; 0 (0)         ; 64                ; 0     ; 0          ; 0    ; 0            ; |top_level|HOME_DISPLAY_TEXT:HOME_SCREEN_TEXT|char_rom:\GEN_start_CHARS:20:start_CHAR_ROM|altsyncram:altsyncram_component                                ; altsyncram             ; work         ;
;             |altsyncram_d5g1:auto_generated|        ; 0.0 (0.0)            ; 0.0 (0.0)                        ; 0.0 (0.0)                                         ; 0.0 (0.0)                        ; 0.0 (0.0)            ; 0 (0)               ; 0 (0)                     ; 0 (0)         ; 64                ; 0     ; 0          ; 0    ; 0            ; |top_level|HOME_DISPLAY_TEXT:HOME_SCREEN_TEXT|char_rom:\GEN_start_CHARS:20:start_CHAR_ROM|altsyncram:altsyncram_component|altsyncram_d5g1:auto_generated ; altsyncram_d5g1        ; work         ;
;       |char_rom:\GEN_start_CHARS:21:start_CHAR_ROM| ; 2.0 (2.0)            ; 2.0 (2.0)                        ; 0.0 (0.0)                                         ; 0.0 (0.0)                        ; 0.0 (0.0)            ; 2 (2)               ; 0 (0)                     ; 0 (0)         ; 64                ; 0     ; 0          ; 0    ; 0            ; |top_level|HOME_DISPLAY_TEXT:HOME_SCREEN_TEXT|char_rom:\GEN_start_CHARS:21:start_CHAR_ROM                                                                ; char_rom               ; work         ;
;          |altsyncram:altsyncram_component|          ; 0.0 (0.0)            ; 0.0 (0.0)                        ; 0.0 (0.0)                                         ; 0.0 (0.0)                        ; 0.0 (0.0)            ; 0 (0)               ; 0 (0)                     ; 0 (0)         ; 64                ; 0     ; 0          ; 0    ; 0            ; |top_level|HOME_DISPLAY_TEXT:HOME_SCREEN_TEXT|char_rom:\GEN_start_CHARS:21:start_CHAR_ROM|altsyncram:altsyncram_component                                ; altsyncram             ; work         ;
;             |altsyncram_d5g1:auto_generated|        ; 0.0 (0.0)            ; 0.0 (0.0)                        ; 0.0 (0.0)                                         ; 0.0 (0.0)                        ; 0.0 (0.0)            ; 0 (0)               ; 0 (0)                     ; 0 (0)         ; 64                ; 0     ; 0          ; 0    ; 0            ; |top_level|HOME_DISPLAY_TEXT:HOME_SCREEN_TEXT|char_rom:\GEN_start_CHARS:21:start_CHAR_ROM|altsyncram:altsyncram_component|altsyncram_d5g1:auto_generated ; altsyncram_d5g1        ; work         ;
;       |char_rom:\GEN_start_CHARS:22:start_CHAR_ROM| ; 2.2 (2.2)            ; 2.0 (2.0)                        ; 0.0 (0.0)                                         ; 0.2 (0.2)                        ; 0.0 (0.0)            ; 2 (2)               ; 0 (0)                     ; 0 (0)         ; 64                ; 0     ; 0          ; 0    ; 0            ; |top_level|HOME_DISPLAY_TEXT:HOME_SCREEN_TEXT|char_rom:\GEN_start_CHARS:22:start_CHAR_ROM                                                                ; char_rom               ; work         ;
;          |altsyncram:altsyncram_component|          ; 0.0 (0.0)            ; 0.0 (0.0)                        ; 0.0 (0.0)                                         ; 0.0 (0.0)                        ; 0.0 (0.0)            ; 0 (0)               ; 0 (0)                     ; 0 (0)         ; 64                ; 0     ; 0          ; 0    ; 0            ; |top_level|HOME_DISPLAY_TEXT:HOME_SCREEN_TEXT|char_rom:\GEN_start_CHARS:22:start_CHAR_ROM|altsyncram:altsyncram_component                                ; altsyncram             ; work         ;
;             |altsyncram_d5g1:auto_generated|        ; 0.0 (0.0)            ; 0.0 (0.0)                        ; 0.0 (0.0)                                         ; 0.0 (0.0)                        ; 0.0 (0.0)            ; 0 (0)               ; 0 (0)                     ; 0 (0)         ; 64                ; 0     ; 0          ; 0    ; 0            ; |top_level|HOME_DISPLAY_TEXT:HOME_SCREEN_TEXT|char_rom:\GEN_start_CHARS:22:start_CHAR_ROM|altsyncram:altsyncram_component|altsyncram_d5g1:auto_generated ; altsyncram_d5g1        ; work         ;
;       |char_rom:\GEN_start_CHARS:23:start_CHAR_ROM| ; 2.0 (2.0)            ; 2.0 (2.0)                        ; 0.0 (0.0)                                         ; 0.0 (0.0)                        ; 0.0 (0.0)            ; 2 (2)               ; 0 (0)                     ; 0 (0)         ; 64                ; 0     ; 0          ; 0    ; 0            ; |top_level|HOME_DISPLAY_TEXT:HOME_SCREEN_TEXT|char_rom:\GEN_start_CHARS:23:start_CHAR_ROM                                                                ; char_rom               ; work         ;
;          |altsyncram:altsyncram_component|          ; 0.0 (0.0)            ; 0.0 (0.0)                        ; 0.0 (0.0)                                         ; 0.0 (0.0)                        ; 0.0 (0.0)            ; 0 (0)               ; 0 (0)                     ; 0 (0)         ; 64                ; 0     ; 0          ; 0    ; 0            ; |top_level|HOME_DISPLAY_TEXT:HOME_SCREEN_TEXT|char_rom:\GEN_start_CHARS:23:start_CHAR_ROM|altsyncram:altsyncram_component                                ; altsyncram             ; work         ;
;             |altsyncram_d5g1:auto_generated|        ; 0.0 (0.0)            ; 0.0 (0.0)                        ; 0.0 (0.0)                                         ; 0.0 (0.0)                        ; 0.0 (0.0)            ; 0 (0)               ; 0 (0)                     ; 0 (0)         ; 64                ; 0     ; 0          ; 0    ; 0            ; |top_level|HOME_DISPLAY_TEXT:HOME_SCREEN_TEXT|char_rom:\GEN_start_CHARS:23:start_CHAR_ROM|altsyncram:altsyncram_component|altsyncram_d5g1:auto_generated ; altsyncram_d5g1        ; work         ;
;       |char_rom:\GEN_start_CHARS:24:start_CHAR_ROM| ; 2.2 (2.2)            ; 2.0 (2.0)                        ; 0.0 (0.0)                                         ; 0.2 (0.2)                        ; 0.0 (0.0)            ; 2 (2)               ; 0 (0)                     ; 0 (0)         ; 64                ; 1     ; 0          ; 0    ; 0            ; |top_level|HOME_DISPLAY_TEXT:HOME_SCREEN_TEXT|char_rom:\GEN_start_CHARS:24:start_CHAR_ROM                                                                ; char_rom               ; work         ;
;          |altsyncram:altsyncram_component|          ; 0.0 (0.0)            ; 0.0 (0.0)                        ; 0.0 (0.0)                                         ; 0.0 (0.0)                        ; 0.0 (0.0)            ; 0 (0)               ; 0 (0)                     ; 0 (0)         ; 64                ; 1     ; 0          ; 0    ; 0            ; |top_level|HOME_DISPLAY_TEXT:HOME_SCREEN_TEXT|char_rom:\GEN_start_CHARS:24:start_CHAR_ROM|altsyncram:altsyncram_component                                ; altsyncram             ; work         ;
;             |altsyncram_d5g1:auto_generated|        ; 0.0 (0.0)            ; 0.0 (0.0)                        ; 0.0 (0.0)                                         ; 0.0 (0.0)                        ; 0.0 (0.0)            ; 0 (0)               ; 0 (0)                     ; 0 (0)         ; 64                ; 1     ; 0          ; 0    ; 0            ; |top_level|HOME_DISPLAY_TEXT:HOME_SCREEN_TEXT|char_rom:\GEN_start_CHARS:24:start_CHAR_ROM|altsyncram:altsyncram_component|altsyncram_d5g1:auto_generated ; altsyncram_d5g1        ; work         ;
;       |char_rom:\GEN_start_CHARS:25:start_CHAR_ROM| ; 2.2 (2.2)            ; 2.0 (2.0)                        ; 0.0 (0.0)                                         ; 0.2 (0.2)                        ; 0.0 (0.0)            ; 2 (2)               ; 0 (0)                     ; 0 (0)         ; 64                ; 1     ; 0          ; 0    ; 0            ; |top_level|HOME_DISPLAY_TEXT:HOME_SCREEN_TEXT|char_rom:\GEN_start_CHARS:25:start_CHAR_ROM                                                                ; char_rom               ; work         ;
;          |altsyncram:altsyncram_component|          ; 0.0 (0.0)            ; 0.0 (0.0)                        ; 0.0 (0.0)                                         ; 0.0 (0.0)                        ; 0.0 (0.0)            ; 0 (0)               ; 0 (0)                     ; 0 (0)         ; 64                ; 1     ; 0          ; 0    ; 0            ; |top_level|HOME_DISPLAY_TEXT:HOME_SCREEN_TEXT|char_rom:\GEN_start_CHARS:25:start_CHAR_ROM|altsyncram:altsyncram_component                                ; altsyncram             ; work         ;
;             |altsyncram_d5g1:auto_generated|        ; 0.0 (0.0)            ; 0.0 (0.0)                        ; 0.0 (0.0)                                         ; 0.0 (0.0)                        ; 0.0 (0.0)            ; 0 (0)               ; 0 (0)                     ; 0 (0)         ; 64                ; 1     ; 0          ; 0    ; 0            ; |top_level|HOME_DISPLAY_TEXT:HOME_SCREEN_TEXT|char_rom:\GEN_start_CHARS:25:start_CHAR_ROM|altsyncram:altsyncram_component|altsyncram_d5g1:auto_generated ; altsyncram_d5g1        ; work         ;
;       |char_rom:\GEN_start_CHARS:26:start_CHAR_ROM| ; 2.1 (2.1)            ; 2.0 (2.0)                        ; 0.0 (0.0)                                         ; 0.1 (0.1)                        ; 0.0 (0.0)            ; 2 (2)               ; 0 (0)                     ; 0 (0)         ; 64                ; 0     ; 0          ; 0    ; 0            ; |top_level|HOME_DISPLAY_TEXT:HOME_SCREEN_TEXT|char_rom:\GEN_start_CHARS:26:start_CHAR_ROM                                                                ; char_rom               ; work         ;
;          |altsyncram:altsyncram_component|          ; 0.0 (0.0)            ; 0.0 (0.0)                        ; 0.0 (0.0)                                         ; 0.0 (0.0)                        ; 0.0 (0.0)            ; 0 (0)               ; 0 (0)                     ; 0 (0)         ; 64                ; 0     ; 0          ; 0    ; 0            ; |top_level|HOME_DISPLAY_TEXT:HOME_SCREEN_TEXT|char_rom:\GEN_start_CHARS:26:start_CHAR_ROM|altsyncram:altsyncram_component                                ; altsyncram             ; work         ;
;             |altsyncram_d5g1:auto_generated|        ; 0.0 (0.0)            ; 0.0 (0.0)                        ; 0.0 (0.0)                                         ; 0.0 (0.0)                        ; 0.0 (0.0)            ; 0 (0)               ; 0 (0)                     ; 0 (0)         ; 64                ; 0     ; 0          ; 0    ; 0            ; |top_level|HOME_DISPLAY_TEXT:HOME_SCREEN_TEXT|char_rom:\GEN_start_CHARS:26:start_CHAR_ROM|altsyncram:altsyncram_component|altsyncram_d5g1:auto_generated ; altsyncram_d5g1        ; work         ;
;       |char_rom:\GEN_start_CHARS:27:start_CHAR_ROM| ; 2.1 (2.1)            ; 2.0 (2.0)                        ; 0.0 (0.0)                                         ; 0.1 (0.1)                        ; 0.0 (0.0)            ; 2 (2)               ; 0 (0)                     ; 0 (0)         ; 64                ; 0     ; 0          ; 0    ; 0            ; |top_level|HOME_DISPLAY_TEXT:HOME_SCREEN_TEXT|char_rom:\GEN_start_CHARS:27:start_CHAR_ROM                                                                ; char_rom               ; work         ;
;          |altsyncram:altsyncram_component|          ; 0.0 (0.0)            ; 0.0 (0.0)                        ; 0.0 (0.0)                                         ; 0.0 (0.0)                        ; 0.0 (0.0)            ; 0 (0)               ; 0 (0)                     ; 0 (0)         ; 64                ; 0     ; 0          ; 0    ; 0            ; |top_level|HOME_DISPLAY_TEXT:HOME_SCREEN_TEXT|char_rom:\GEN_start_CHARS:27:start_CHAR_ROM|altsyncram:altsyncram_component                                ; altsyncram             ; work         ;
;             |altsyncram_d5g1:auto_generated|        ; 0.0 (0.0)            ; 0.0 (0.0)                        ; 0.0 (0.0)                                         ; 0.0 (0.0)                        ; 0.0 (0.0)            ; 0 (0)               ; 0 (0)                     ; 0 (0)         ; 64                ; 0     ; 0          ; 0    ; 0            ; |top_level|HOME_DISPLAY_TEXT:HOME_SCREEN_TEXT|char_rom:\GEN_start_CHARS:27:start_CHAR_ROM|altsyncram:altsyncram_component|altsyncram_d5g1:auto_generated ; altsyncram_d5g1        ; work         ;
;       |char_rom:\GEN_start_CHARS:28:start_CHAR_ROM| ; 2.2 (2.2)            ; 2.0 (2.0)                        ; 0.0 (0.0)                                         ; 0.2 (0.2)                        ; 0.0 (0.0)            ; 2 (2)               ; 0 (0)                     ; 0 (0)         ; 64                ; 0     ; 0          ; 0    ; 0            ; |top_level|HOME_DISPLAY_TEXT:HOME_SCREEN_TEXT|char_rom:\GEN_start_CHARS:28:start_CHAR_ROM                                                                ; char_rom               ; work         ;
;          |altsyncram:altsyncram_component|          ; 0.0 (0.0)            ; 0.0 (0.0)                        ; 0.0 (0.0)                                         ; 0.0 (0.0)                        ; 0.0 (0.0)            ; 0 (0)               ; 0 (0)                     ; 0 (0)         ; 64                ; 0     ; 0          ; 0    ; 0            ; |top_level|HOME_DISPLAY_TEXT:HOME_SCREEN_TEXT|char_rom:\GEN_start_CHARS:28:start_CHAR_ROM|altsyncram:altsyncram_component                                ; altsyncram             ; work         ;
;             |altsyncram_d5g1:auto_generated|        ; 0.0 (0.0)            ; 0.0 (0.0)                        ; 0.0 (0.0)                                         ; 0.0 (0.0)                        ; 0.0 (0.0)            ; 0 (0)               ; 0 (0)                     ; 0 (0)         ; 64                ; 0     ; 0          ; 0    ; 0            ; |top_level|HOME_DISPLAY_TEXT:HOME_SCREEN_TEXT|char_rom:\GEN_start_CHARS:28:start_CHAR_ROM|altsyncram:altsyncram_component|altsyncram_d5g1:auto_generated ; altsyncram_d5g1        ; work         ;
;       |char_rom:\GEN_start_CHARS:29:start_CHAR_ROM| ; 2.1 (2.1)            ; 2.0 (2.0)                        ; 0.0 (0.0)                                         ; 0.1 (0.1)                        ; 0.0 (0.0)            ; 2 (2)               ; 0 (0)                     ; 0 (0)         ; 64                ; 0     ; 0          ; 0    ; 0            ; |top_level|HOME_DISPLAY_TEXT:HOME_SCREEN_TEXT|char_rom:\GEN_start_CHARS:29:start_CHAR_ROM                                                                ; char_rom               ; work         ;
;          |altsyncram:altsyncram_component|          ; 0.0 (0.0)            ; 0.0 (0.0)                        ; 0.0 (0.0)                                         ; 0.0 (0.0)                        ; 0.0 (0.0)            ; 0 (0)               ; 0 (0)                     ; 0 (0)         ; 64                ; 0     ; 0          ; 0    ; 0            ; |top_level|HOME_DISPLAY_TEXT:HOME_SCREEN_TEXT|char_rom:\GEN_start_CHARS:29:start_CHAR_ROM|altsyncram:altsyncram_component                                ; altsyncram             ; work         ;
;             |altsyncram_d5g1:auto_generated|        ; 0.0 (0.0)            ; 0.0 (0.0)                        ; 0.0 (0.0)                                         ; 0.0 (0.0)                        ; 0.0 (0.0)            ; 0 (0)               ; 0 (0)                     ; 0 (0)         ; 64                ; 0     ; 0          ; 0    ; 0            ; |top_level|HOME_DISPLAY_TEXT:HOME_SCREEN_TEXT|char_rom:\GEN_start_CHARS:29:start_CHAR_ROM|altsyncram:altsyncram_component|altsyncram_d5g1:auto_generated ; altsyncram_d5g1        ; work         ;
;       |char_rom:\GEN_start_CHARS:2:start_CHAR_ROM|  ; 2.2 (2.2)            ; 2.0 (2.0)                        ; 0.0 (0.0)                                         ; 0.2 (0.2)                        ; 0.0 (0.0)            ; 2 (2)               ; 0 (0)                     ; 0 (0)         ; 64                ; 0     ; 0          ; 0    ; 0            ; |top_level|HOME_DISPLAY_TEXT:HOME_SCREEN_TEXT|char_rom:\GEN_start_CHARS:2:start_CHAR_ROM                                                                 ; char_rom               ; work         ;
;          |altsyncram:altsyncram_component|          ; 0.0 (0.0)            ; 0.0 (0.0)                        ; 0.0 (0.0)                                         ; 0.0 (0.0)                        ; 0.0 (0.0)            ; 0 (0)               ; 0 (0)                     ; 0 (0)         ; 64                ; 0     ; 0          ; 0    ; 0            ; |top_level|HOME_DISPLAY_TEXT:HOME_SCREEN_TEXT|char_rom:\GEN_start_CHARS:2:start_CHAR_ROM|altsyncram:altsyncram_component                                 ; altsyncram             ; work         ;
;             |altsyncram_d5g1:auto_generated|        ; 0.0 (0.0)            ; 0.0 (0.0)                        ; 0.0 (0.0)                                         ; 0.0 (0.0)                        ; 0.0 (0.0)            ; 0 (0)               ; 0 (0)                     ; 0 (0)         ; 64                ; 0     ; 0          ; 0    ; 0            ; |top_level|HOME_DISPLAY_TEXT:HOME_SCREEN_TEXT|char_rom:\GEN_start_CHARS:2:start_CHAR_ROM|altsyncram:altsyncram_component|altsyncram_d5g1:auto_generated  ; altsyncram_d5g1        ; work         ;
;       |char_rom:\GEN_start_CHARS:30:start_CHAR_ROM| ; 2.2 (2.2)            ; 2.0 (2.0)                        ; 0.0 (0.0)                                         ; 0.2 (0.2)                        ; 0.0 (0.0)            ; 2 (2)               ; 0 (0)                     ; 0 (0)         ; 64                ; 0     ; 0          ; 0    ; 0            ; |top_level|HOME_DISPLAY_TEXT:HOME_SCREEN_TEXT|char_rom:\GEN_start_CHARS:30:start_CHAR_ROM                                                                ; char_rom               ; work         ;
;          |altsyncram:altsyncram_component|          ; 0.0 (0.0)            ; 0.0 (0.0)                        ; 0.0 (0.0)                                         ; 0.0 (0.0)                        ; 0.0 (0.0)            ; 0 (0)               ; 0 (0)                     ; 0 (0)         ; 64                ; 0     ; 0          ; 0    ; 0            ; |top_level|HOME_DISPLAY_TEXT:HOME_SCREEN_TEXT|char_rom:\GEN_start_CHARS:30:start_CHAR_ROM|altsyncram:altsyncram_component                                ; altsyncram             ; work         ;
;             |altsyncram_d5g1:auto_generated|        ; 0.0 (0.0)            ; 0.0 (0.0)                        ; 0.0 (0.0)                                         ; 0.0 (0.0)                        ; 0.0 (0.0)            ; 0 (0)               ; 0 (0)                     ; 0 (0)         ; 64                ; 0     ; 0          ; 0    ; 0            ; |top_level|HOME_DISPLAY_TEXT:HOME_SCREEN_TEXT|char_rom:\GEN_start_CHARS:30:start_CHAR_ROM|altsyncram:altsyncram_component|altsyncram_d5g1:auto_generated ; altsyncram_d5g1        ; work         ;
;       |char_rom:\GEN_start_CHARS:31:start_CHAR_ROM| ; 2.0 (2.0)            ; 2.0 (2.0)                        ; 0.0 (0.0)                                         ; 0.0 (0.0)                        ; 0.0 (0.0)            ; 2 (2)               ; 0 (0)                     ; 0 (0)         ; 64                ; 0     ; 0          ; 0    ; 0            ; |top_level|HOME_DISPLAY_TEXT:HOME_SCREEN_TEXT|char_rom:\GEN_start_CHARS:31:start_CHAR_ROM                                                                ; char_rom               ; work         ;
;          |altsyncram:altsyncram_component|          ; 0.0 (0.0)            ; 0.0 (0.0)                        ; 0.0 (0.0)                                         ; 0.0 (0.0)                        ; 0.0 (0.0)            ; 0 (0)               ; 0 (0)                     ; 0 (0)         ; 64                ; 0     ; 0          ; 0    ; 0            ; |top_level|HOME_DISPLAY_TEXT:HOME_SCREEN_TEXT|char_rom:\GEN_start_CHARS:31:start_CHAR_ROM|altsyncram:altsyncram_component                                ; altsyncram             ; work         ;
;             |altsyncram_d5g1:auto_generated|        ; 0.0 (0.0)            ; 0.0 (0.0)                        ; 0.0 (0.0)                                         ; 0.0 (0.0)                        ; 0.0 (0.0)            ; 0 (0)               ; 0 (0)                     ; 0 (0)         ; 64                ; 0     ; 0          ; 0    ; 0            ; |top_level|HOME_DISPLAY_TEXT:HOME_SCREEN_TEXT|char_rom:\GEN_start_CHARS:31:start_CHAR_ROM|altsyncram:altsyncram_component|altsyncram_d5g1:auto_generated ; altsyncram_d5g1        ; work         ;
;       |char_rom:\GEN_start_CHARS:32:start_CHAR_ROM| ; 2.3 (2.3)            ; 2.0 (2.0)                        ; 0.0 (0.0)                                         ; 0.3 (0.3)                        ; 0.0 (0.0)            ; 2 (2)               ; 0 (0)                     ; 0 (0)         ; 64                ; 0     ; 0          ; 0    ; 0            ; |top_level|HOME_DISPLAY_TEXT:HOME_SCREEN_TEXT|char_rom:\GEN_start_CHARS:32:start_CHAR_ROM                                                                ; char_rom               ; work         ;
;          |altsyncram:altsyncram_component|          ; 0.0 (0.0)            ; 0.0 (0.0)                        ; 0.0 (0.0)                                         ; 0.0 (0.0)                        ; 0.0 (0.0)            ; 0 (0)               ; 0 (0)                     ; 0 (0)         ; 64                ; 0     ; 0          ; 0    ; 0            ; |top_level|HOME_DISPLAY_TEXT:HOME_SCREEN_TEXT|char_rom:\GEN_start_CHARS:32:start_CHAR_ROM|altsyncram:altsyncram_component                                ; altsyncram             ; work         ;
;             |altsyncram_d5g1:auto_generated|        ; 0.0 (0.0)            ; 0.0 (0.0)                        ; 0.0 (0.0)                                         ; 0.0 (0.0)                        ; 0.0 (0.0)            ; 0 (0)               ; 0 (0)                     ; 0 (0)         ; 64                ; 0     ; 0          ; 0    ; 0            ; |top_level|HOME_DISPLAY_TEXT:HOME_SCREEN_TEXT|char_rom:\GEN_start_CHARS:32:start_CHAR_ROM|altsyncram:altsyncram_component|altsyncram_d5g1:auto_generated ; altsyncram_d5g1        ; work         ;
;       |char_rom:\GEN_start_CHARS:33:start_CHAR_ROM| ; 2.3 (2.3)            ; 2.0 (2.0)                        ; 0.0 (0.0)                                         ; 0.3 (0.3)                        ; 0.0 (0.0)            ; 2 (2)               ; 0 (0)                     ; 0 (0)         ; 64                ; 0     ; 0          ; 0    ; 0            ; |top_level|HOME_DISPLAY_TEXT:HOME_SCREEN_TEXT|char_rom:\GEN_start_CHARS:33:start_CHAR_ROM                                                                ; char_rom               ; work         ;
;          |altsyncram:altsyncram_component|          ; 0.0 (0.0)            ; 0.0 (0.0)                        ; 0.0 (0.0)                                         ; 0.0 (0.0)                        ; 0.0 (0.0)            ; 0 (0)               ; 0 (0)                     ; 0 (0)         ; 64                ; 0     ; 0          ; 0    ; 0            ; |top_level|HOME_DISPLAY_TEXT:HOME_SCREEN_TEXT|char_rom:\GEN_start_CHARS:33:start_CHAR_ROM|altsyncram:altsyncram_component                                ; altsyncram             ; work         ;
;             |altsyncram_d5g1:auto_generated|        ; 0.0 (0.0)            ; 0.0 (0.0)                        ; 0.0 (0.0)                                         ; 0.0 (0.0)                        ; 0.0 (0.0)            ; 0 (0)               ; 0 (0)                     ; 0 (0)         ; 64                ; 0     ; 0          ; 0    ; 0            ; |top_level|HOME_DISPLAY_TEXT:HOME_SCREEN_TEXT|char_rom:\GEN_start_CHARS:33:start_CHAR_ROM|altsyncram:altsyncram_component|altsyncram_d5g1:auto_generated ; altsyncram_d5g1        ; work         ;
;       |char_rom:\GEN_start_CHARS:34:start_CHAR_ROM| ; 2.3 (2.3)            ; 2.0 (2.0)                        ; 0.0 (0.0)                                         ; 0.3 (0.3)                        ; 0.0 (0.0)            ; 2 (2)               ; 0 (0)                     ; 0 (0)         ; 64                ; 0     ; 0          ; 0    ; 0            ; |top_level|HOME_DISPLAY_TEXT:HOME_SCREEN_TEXT|char_rom:\GEN_start_CHARS:34:start_CHAR_ROM                                                                ; char_rom               ; work         ;
;          |altsyncram:altsyncram_component|          ; 0.0 (0.0)            ; 0.0 (0.0)                        ; 0.0 (0.0)                                         ; 0.0 (0.0)                        ; 0.0 (0.0)            ; 0 (0)               ; 0 (0)                     ; 0 (0)         ; 64                ; 0     ; 0          ; 0    ; 0            ; |top_level|HOME_DISPLAY_TEXT:HOME_SCREEN_TEXT|char_rom:\GEN_start_CHARS:34:start_CHAR_ROM|altsyncram:altsyncram_component                                ; altsyncram             ; work         ;
;             |altsyncram_d5g1:auto_generated|        ; 0.0 (0.0)            ; 0.0 (0.0)                        ; 0.0 (0.0)                                         ; 0.0 (0.0)                        ; 0.0 (0.0)            ; 0 (0)               ; 0 (0)                     ; 0 (0)         ; 64                ; 0     ; 0          ; 0    ; 0            ; |top_level|HOME_DISPLAY_TEXT:HOME_SCREEN_TEXT|char_rom:\GEN_start_CHARS:34:start_CHAR_ROM|altsyncram:altsyncram_component|altsyncram_d5g1:auto_generated ; altsyncram_d5g1        ; work         ;
;       |char_rom:\GEN_start_CHARS:35:start_CHAR_ROM| ; 2.2 (2.2)            ; 2.0 (2.0)                        ; 0.0 (0.0)                                         ; 0.2 (0.2)                        ; 0.0 (0.0)            ; 2 (2)               ; 0 (0)                     ; 0 (0)         ; 64                ; 0     ; 0          ; 0    ; 0            ; |top_level|HOME_DISPLAY_TEXT:HOME_SCREEN_TEXT|char_rom:\GEN_start_CHARS:35:start_CHAR_ROM                                                                ; char_rom               ; work         ;
;          |altsyncram:altsyncram_component|          ; 0.0 (0.0)            ; 0.0 (0.0)                        ; 0.0 (0.0)                                         ; 0.0 (0.0)                        ; 0.0 (0.0)            ; 0 (0)               ; 0 (0)                     ; 0 (0)         ; 64                ; 0     ; 0          ; 0    ; 0            ; |top_level|HOME_DISPLAY_TEXT:HOME_SCREEN_TEXT|char_rom:\GEN_start_CHARS:35:start_CHAR_ROM|altsyncram:altsyncram_component                                ; altsyncram             ; work         ;
;             |altsyncram_d5g1:auto_generated|        ; 0.0 (0.0)            ; 0.0 (0.0)                        ; 0.0 (0.0)                                         ; 0.0 (0.0)                        ; 0.0 (0.0)            ; 0 (0)               ; 0 (0)                     ; 0 (0)         ; 64                ; 0     ; 0          ; 0    ; 0            ; |top_level|HOME_DISPLAY_TEXT:HOME_SCREEN_TEXT|char_rom:\GEN_start_CHARS:35:start_CHAR_ROM|altsyncram:altsyncram_component|altsyncram_d5g1:auto_generated ; altsyncram_d5g1        ; work         ;
;       |char_rom:\GEN_start_CHARS:3:start_CHAR_ROM|  ; 2.0 (2.0)            ; 2.0 (2.0)                        ; 0.0 (0.0)                                         ; 0.0 (0.0)                        ; 0.0 (0.0)            ; 2 (2)               ; 0 (0)                     ; 0 (0)         ; 64                ; 0     ; 0          ; 0    ; 0            ; |top_level|HOME_DISPLAY_TEXT:HOME_SCREEN_TEXT|char_rom:\GEN_start_CHARS:3:start_CHAR_ROM                                                                 ; char_rom               ; work         ;
;          |altsyncram:altsyncram_component|          ; 0.0 (0.0)            ; 0.0 (0.0)                        ; 0.0 (0.0)                                         ; 0.0 (0.0)                        ; 0.0 (0.0)            ; 0 (0)               ; 0 (0)                     ; 0 (0)         ; 64                ; 0     ; 0          ; 0    ; 0            ; |top_level|HOME_DISPLAY_TEXT:HOME_SCREEN_TEXT|char_rom:\GEN_start_CHARS:3:start_CHAR_ROM|altsyncram:altsyncram_component                                 ; altsyncram             ; work         ;
;             |altsyncram_d5g1:auto_generated|        ; 0.0 (0.0)            ; 0.0 (0.0)                        ; 0.0 (0.0)                                         ; 0.0 (0.0)                        ; 0.0 (0.0)            ; 0 (0)               ; 0 (0)                     ; 0 (0)         ; 64                ; 0     ; 0          ; 0    ; 0            ; |top_level|HOME_DISPLAY_TEXT:HOME_SCREEN_TEXT|char_rom:\GEN_start_CHARS:3:start_CHAR_ROM|altsyncram:altsyncram_component|altsyncram_d5g1:auto_generated  ; altsyncram_d5g1        ; work         ;
;       |char_rom:\GEN_start_CHARS:4:start_CHAR_ROM|  ; 2.1 (2.1)            ; 2.0 (2.0)                        ; 0.0 (0.0)                                         ; 0.1 (0.1)                        ; 0.0 (0.0)            ; 2 (2)               ; 0 (0)                     ; 0 (0)         ; 64                ; 1     ; 0          ; 0    ; 0            ; |top_level|HOME_DISPLAY_TEXT:HOME_SCREEN_TEXT|char_rom:\GEN_start_CHARS:4:start_CHAR_ROM                                                                 ; char_rom               ; work         ;
;          |altsyncram:altsyncram_component|          ; 0.0 (0.0)            ; 0.0 (0.0)                        ; 0.0 (0.0)                                         ; 0.0 (0.0)                        ; 0.0 (0.0)            ; 0 (0)               ; 0 (0)                     ; 0 (0)         ; 64                ; 1     ; 0          ; 0    ; 0            ; |top_level|HOME_DISPLAY_TEXT:HOME_SCREEN_TEXT|char_rom:\GEN_start_CHARS:4:start_CHAR_ROM|altsyncram:altsyncram_component                                 ; altsyncram             ; work         ;
;             |altsyncram_d5g1:auto_generated|        ; 0.0 (0.0)            ; 0.0 (0.0)                        ; 0.0 (0.0)                                         ; 0.0 (0.0)                        ; 0.0 (0.0)            ; 0 (0)               ; 0 (0)                     ; 0 (0)         ; 64                ; 1     ; 0          ; 0    ; 0            ; |top_level|HOME_DISPLAY_TEXT:HOME_SCREEN_TEXT|char_rom:\GEN_start_CHARS:4:start_CHAR_ROM|altsyncram:altsyncram_component|altsyncram_d5g1:auto_generated  ; altsyncram_d5g1        ; work         ;
;       |char_rom:\GEN_start_CHARS:5:start_CHAR_ROM|  ; 2.2 (2.2)            ; 2.0 (2.0)                        ; 0.0 (0.0)                                         ; 0.2 (0.2)                        ; 0.0 (0.0)            ; 2 (2)               ; 0 (0)                     ; 0 (0)         ; 64                ; 0     ; 0          ; 0    ; 0            ; |top_level|HOME_DISPLAY_TEXT:HOME_SCREEN_TEXT|char_rom:\GEN_start_CHARS:5:start_CHAR_ROM                                                                 ; char_rom               ; work         ;
;          |altsyncram:altsyncram_component|          ; 0.0 (0.0)            ; 0.0 (0.0)                        ; 0.0 (0.0)                                         ; 0.0 (0.0)                        ; 0.0 (0.0)            ; 0 (0)               ; 0 (0)                     ; 0 (0)         ; 64                ; 0     ; 0          ; 0    ; 0            ; |top_level|HOME_DISPLAY_TEXT:HOME_SCREEN_TEXT|char_rom:\GEN_start_CHARS:5:start_CHAR_ROM|altsyncram:altsyncram_component                                 ; altsyncram             ; work         ;
;             |altsyncram_d5g1:auto_generated|        ; 0.0 (0.0)            ; 0.0 (0.0)                        ; 0.0 (0.0)                                         ; 0.0 (0.0)                        ; 0.0 (0.0)            ; 0 (0)               ; 0 (0)                     ; 0 (0)         ; 64                ; 0     ; 0          ; 0    ; 0            ; |top_level|HOME_DISPLAY_TEXT:HOME_SCREEN_TEXT|char_rom:\GEN_start_CHARS:5:start_CHAR_ROM|altsyncram:altsyncram_component|altsyncram_d5g1:auto_generated  ; altsyncram_d5g1        ; work         ;
;       |char_rom:\GEN_start_CHARS:6:start_CHAR_ROM|  ; 2.2 (2.2)            ; 2.0 (2.0)                        ; 0.0 (0.0)                                         ; 0.2 (0.2)                        ; 0.0 (0.0)            ; 2 (2)               ; 0 (0)                     ; 0 (0)         ; 64                ; 0     ; 0          ; 0    ; 0            ; |top_level|HOME_DISPLAY_TEXT:HOME_SCREEN_TEXT|char_rom:\GEN_start_CHARS:6:start_CHAR_ROM                                                                 ; char_rom               ; work         ;
;          |altsyncram:altsyncram_component|          ; 0.0 (0.0)            ; 0.0 (0.0)                        ; 0.0 (0.0)                                         ; 0.0 (0.0)                        ; 0.0 (0.0)            ; 0 (0)               ; 0 (0)                     ; 0 (0)         ; 64                ; 0     ; 0          ; 0    ; 0            ; |top_level|HOME_DISPLAY_TEXT:HOME_SCREEN_TEXT|char_rom:\GEN_start_CHARS:6:start_CHAR_ROM|altsyncram:altsyncram_component                                 ; altsyncram             ; work         ;
;             |altsyncram_d5g1:auto_generated|        ; 0.0 (0.0)            ; 0.0 (0.0)                        ; 0.0 (0.0)                                         ; 0.0 (0.0)                        ; 0.0 (0.0)            ; 0 (0)               ; 0 (0)                     ; 0 (0)         ; 64                ; 0     ; 0          ; 0    ; 0            ; |top_level|HOME_DISPLAY_TEXT:HOME_SCREEN_TEXT|char_rom:\GEN_start_CHARS:6:start_CHAR_ROM|altsyncram:altsyncram_component|altsyncram_d5g1:auto_generated  ; altsyncram_d5g1        ; work         ;
;       |char_rom:\GEN_start_CHARS:7:start_CHAR_ROM|  ; 2.2 (2.2)            ; 2.0 (2.0)                        ; 0.0 (0.0)                                         ; 0.2 (0.2)                        ; 0.0 (0.0)            ; 2 (2)               ; 0 (0)                     ; 0 (0)         ; 64                ; 0     ; 0          ; 0    ; 0            ; |top_level|HOME_DISPLAY_TEXT:HOME_SCREEN_TEXT|char_rom:\GEN_start_CHARS:7:start_CHAR_ROM                                                                 ; char_rom               ; work         ;
;          |altsyncram:altsyncram_component|          ; 0.0 (0.0)            ; 0.0 (0.0)                        ; 0.0 (0.0)                                         ; 0.0 (0.0)                        ; 0.0 (0.0)            ; 0 (0)               ; 0 (0)                     ; 0 (0)         ; 64                ; 0     ; 0          ; 0    ; 0            ; |top_level|HOME_DISPLAY_TEXT:HOME_SCREEN_TEXT|char_rom:\GEN_start_CHARS:7:start_CHAR_ROM|altsyncram:altsyncram_component                                 ; altsyncram             ; work         ;
;             |altsyncram_d5g1:auto_generated|        ; 0.0 (0.0)            ; 0.0 (0.0)                        ; 0.0 (0.0)                                         ; 0.0 (0.0)                        ; 0.0 (0.0)            ; 0 (0)               ; 0 (0)                     ; 0 (0)         ; 64                ; 0     ; 0          ; 0    ; 0            ; |top_level|HOME_DISPLAY_TEXT:HOME_SCREEN_TEXT|char_rom:\GEN_start_CHARS:7:start_CHAR_ROM|altsyncram:altsyncram_component|altsyncram_d5g1:auto_generated  ; altsyncram_d5g1        ; work         ;
;       |char_rom:\GEN_start_CHARS:8:start_CHAR_ROM|  ; 2.2 (2.2)            ; 2.0 (2.0)                        ; 0.0 (0.0)                                         ; 0.2 (0.2)                        ; 0.0 (0.0)            ; 2 (2)               ; 0 (0)                     ; 0 (0)         ; 64                ; 1     ; 0          ; 0    ; 0            ; |top_level|HOME_DISPLAY_TEXT:HOME_SCREEN_TEXT|char_rom:\GEN_start_CHARS:8:start_CHAR_ROM                                                                 ; char_rom               ; work         ;
;          |altsyncram:altsyncram_component|          ; 0.0 (0.0)            ; 0.0 (0.0)                        ; 0.0 (0.0)                                         ; 0.0 (0.0)                        ; 0.0 (0.0)            ; 0 (0)               ; 0 (0)                     ; 0 (0)         ; 64                ; 1     ; 0          ; 0    ; 0            ; |top_level|HOME_DISPLAY_TEXT:HOME_SCREEN_TEXT|char_rom:\GEN_start_CHARS:8:start_CHAR_ROM|altsyncram:altsyncram_component                                 ; altsyncram             ; work         ;
;             |altsyncram_d5g1:auto_generated|        ; 0.0 (0.0)            ; 0.0 (0.0)                        ; 0.0 (0.0)                                         ; 0.0 (0.0)                        ; 0.0 (0.0)            ; 0 (0)               ; 0 (0)                     ; 0 (0)         ; 64                ; 1     ; 0          ; 0    ; 0            ; |top_level|HOME_DISPLAY_TEXT:HOME_SCREEN_TEXT|char_rom:\GEN_start_CHARS:8:start_CHAR_ROM|altsyncram:altsyncram_component|altsyncram_d5g1:auto_generated  ; altsyncram_d5g1        ; work         ;
;       |char_rom:\GEN_start_CHARS:9:start_CHAR_ROM|  ; 2.0 (2.0)            ; 2.0 (2.0)                        ; 0.0 (0.0)                                         ; 0.0 (0.0)                        ; 0.0 (0.0)            ; 2 (2)               ; 0 (0)                     ; 0 (0)         ; 64                ; 0     ; 0          ; 0    ; 0            ; |top_level|HOME_DISPLAY_TEXT:HOME_SCREEN_TEXT|char_rom:\GEN_start_CHARS:9:start_CHAR_ROM                                                                 ; char_rom               ; work         ;
;          |altsyncram:altsyncram_component|          ; 0.0 (0.0)            ; 0.0 (0.0)                        ; 0.0 (0.0)                                         ; 0.0 (0.0)                        ; 0.0 (0.0)            ; 0 (0)               ; 0 (0)                     ; 0 (0)         ; 64                ; 0     ; 0          ; 0    ; 0            ; |top_level|HOME_DISPLAY_TEXT:HOME_SCREEN_TEXT|char_rom:\GEN_start_CHARS:9:start_CHAR_ROM|altsyncram:altsyncram_component                                 ; altsyncram             ; work         ;
;             |altsyncram_d5g1:auto_generated|        ; 0.0 (0.0)            ; 0.0 (0.0)                        ; 0.0 (0.0)                                         ; 0.0 (0.0)                        ; 0.0 (0.0)            ; 0 (0)               ; 0 (0)                     ; 0 (0)         ; 64                ; 0     ; 0          ; 0    ; 0            ; |top_level|HOME_DISPLAY_TEXT:HOME_SCREEN_TEXT|char_rom:\GEN_start_CHARS:9:start_CHAR_ROM|altsyncram:altsyncram_component|altsyncram_d5g1:auto_generated  ; altsyncram_d5g1        ; work         ;
;    |LAYER:LAYER_RENDERER|                           ; 43.1 (43.1)          ; 47.6 (47.6)                      ; 7.0 (7.0)                                         ; 2.5 (2.5)                        ; 0.0 (0.0)            ; 37 (37)             ; 83 (83)                   ; 0 (0)         ; 0                 ; 0     ; 0          ; 0    ; 0            ; |top_level|LAYER:LAYER_RENDERER                                                                                                                          ; LAYER                  ; work         ;
;    |MOUSE:MOUSE_CONTROLS|                           ; 25.5 (25.5)          ; 37.7 (37.7)                      ; 12.2 (12.2)                                       ; 0.0 (0.0)                        ; 0.0 (0.0)            ; 48 (48)             ; 70 (70)                   ; 0 (0)         ; 0                 ; 0     ; 0          ; 0    ; 0            ; |top_level|MOUSE:MOUSE_CONTROLS                                                                                                                          ; MOUSE                  ; work         ;
;    |PIPES:PIPE_DISPLAY|                             ; 200.6 (200.6)        ; 209.0 (209.0)                    ; 9.0 (9.0)                                         ; 0.6 (0.6)                        ; 0.0 (0.0)            ; 355 (355)           ; 166 (166)                 ; 0 (0)         ; 38220             ; 7     ; 0          ; 0    ; 0            ; |top_level|PIPES:PIPE_DISPLAY                                                                                                                            ; PIPES                  ; work         ;
;       |pipe_top:TOP_ROM|                            ; 0.0 (0.0)            ; 0.0 (0.0)                        ; 0.0 (0.0)                                         ; 0.0 (0.0)                        ; 0.0 (0.0)            ; 0 (0)               ; 0 (0)                     ; 0 (0)         ; 37620             ; 6     ; 0          ; 0    ; 0            ; |top_level|PIPES:PIPE_DISPLAY|pipe_top:TOP_ROM                                                                                                           ; pipe_top               ; work         ;
;          |altsyncram:altsyncram_component|          ; 0.0 (0.0)            ; 0.0 (0.0)                        ; 0.0 (0.0)                                         ; 0.0 (0.0)                        ; 0.0 (0.0)            ; 0 (0)               ; 0 (0)                     ; 0 (0)         ; 37620             ; 6     ; 0          ; 0    ; 0            ; |top_level|PIPES:PIPE_DISPLAY|pipe_top:TOP_ROM|altsyncram:altsyncram_component                                                                           ; altsyncram             ; work         ;
;             |altsyncram_js14:auto_generated|        ; 0.0 (0.0)            ; 0.0 (0.0)                        ; 0.0 (0.0)                                         ; 0.0 (0.0)                        ; 0.0 (0.0)            ; 0 (0)               ; 0 (0)                     ; 0 (0)         ; 37620             ; 6     ; 0          ; 0    ; 0            ; |top_level|PIPES:PIPE_DISPLAY|pipe_top:TOP_ROM|altsyncram:altsyncram_component|altsyncram_js14:auto_generated                                            ; altsyncram_js14        ; work         ;
;       |pipestrip:STRIP_ROM|                         ; 0.0 (0.0)            ; 0.0 (0.0)                        ; 0.0 (0.0)                                         ; 0.0 (0.0)                        ; 0.0 (0.0)            ; 0 (0)               ; 0 (0)                     ; 0 (0)         ; 600               ; 1     ; 0          ; 0    ; 0            ; |top_level|PIPES:PIPE_DISPLAY|pipestrip:STRIP_ROM                                                                                                        ; pipestrip              ; work         ;
;          |altsyncram:altsyncram_component|          ; 0.0 (0.0)            ; 0.0 (0.0)                        ; 0.0 (0.0)                                         ; 0.0 (0.0)                        ; 0.0 (0.0)            ; 0 (0)               ; 0 (0)                     ; 0 (0)         ; 600               ; 1     ; 0          ; 0    ; 0            ; |top_level|PIPES:PIPE_DISPLAY|pipestrip:STRIP_ROM|altsyncram:altsyncram_component                                                                        ; altsyncram             ; work         ;
;             |altsyncram_vr14:auto_generated|        ; 0.0 (0.0)            ; 0.0 (0.0)                        ; 0.0 (0.0)                                         ; 0.0 (0.0)                        ; 0.0 (0.0)            ; 0 (0)               ; 0 (0)                     ; 0 (0)         ; 600               ; 1     ; 0          ; 0    ; 0            ; |top_level|PIPES:PIPE_DISPLAY|pipestrip:STRIP_ROM|altsyncram:altsyncram_component|altsyncram_vr14:auto_generated                                         ; altsyncram_vr14        ; work         ;
;    |VGA_SYNC:VGA_REFRESH|                           ; 29.6 (29.6)          ; 36.0 (36.0)                      ; 6.7 (6.7)                                         ; 0.3 (0.3)                        ; 0.0 (0.0)            ; 41 (41)             ; 71 (71)                   ; 0 (0)         ; 0                 ; 0     ; 0          ; 0    ; 0            ; |top_level|VGA_SYNC:VGA_REFRESH                                                                                                                          ; VGA_SYNC               ; work         ;
;    |bait:RANDOM_BAIT|                               ; 51.4 (51.4)          ; 58.5 (58.5)                      ; 7.8 (7.8)                                         ; 0.7 (0.7)                        ; 0.0 (0.0)            ; 87 (87)             ; 13 (13)                   ; 0 (0)         ; 3072              ; 1     ; 0          ; 0    ; 0            ; |top_level|bait:RANDOM_BAIT                                                                                                                              ; bait                   ; work         ;
;       |bait_rom:BAIT_IMAGE|                         ; 0.0 (0.0)            ; 0.0 (0.0)                        ; 0.0 (0.0)                                         ; 0.0 (0.0)                        ; 0.0 (0.0)            ; 0 (0)               ; 0 (0)                     ; 0 (0)         ; 3072              ; 1     ; 0          ; 0    ; 0            ; |top_level|bait:RANDOM_BAIT|bait_rom:BAIT_IMAGE                                                                                                          ; bait_rom               ; work         ;
;          |altsyncram:altsyncram_component|          ; 0.0 (0.0)            ; 0.0 (0.0)                        ; 0.0 (0.0)                                         ; 0.0 (0.0)                        ; 0.0 (0.0)            ; 0 (0)               ; 0 (0)                     ; 0 (0)         ; 3072              ; 1     ; 0          ; 0    ; 0            ; |top_level|bait:RANDOM_BAIT|bait_rom:BAIT_IMAGE|altsyncram:altsyncram_component                                                                          ; altsyncram             ; work         ;
;             |altsyncram_e714:auto_generated|        ; 0.0 (0.0)            ; 0.0 (0.0)                        ; 0.0 (0.0)                                         ; 0.0 (0.0)                        ; 0.0 (0.0)            ; 0 (0)               ; 0 (0)                     ; 0 (0)         ; 3072              ; 1     ; 0          ; 0    ; 0            ; |top_level|bait:RANDOM_BAIT|bait_rom:BAIT_IMAGE|altsyncram:altsyncram_component|altsyncram_e714:auto_generated                                           ; altsyncram_e714        ; work         ;
;    |dolphin_visual:DOLPHIN_SPRITE_INST|             ; 14.2 (14.2)          ; 14.7 (14.7)                      ; 0.5 (0.5)                                         ; 0.1 (0.1)                        ; 0.0 (0.0)            ; 25 (25)             ; 0 (0)                     ; 0 (0)         ; 12288             ; 2     ; 0          ; 0    ; 0            ; |top_level|dolphin_visual:DOLPHIN_SPRITE_INST                                                                                                            ; dolphin_visual         ; work         ;
;       |dolphin_rom:DOLPHIN|                         ; 0.0 (0.0)            ; 0.0 (0.0)                        ; 0.0 (0.0)                                         ; 0.0 (0.0)                        ; 0.0 (0.0)            ; 0 (0)               ; 0 (0)                     ; 0 (0)         ; 12288             ; 2     ; 0          ; 0    ; 0            ; |top_level|dolphin_visual:DOLPHIN_SPRITE_INST|dolphin_rom:DOLPHIN                                                                                        ; dolphin_rom            ; work         ;
;          |altsyncram:ROM|                           ; 0.0 (0.0)            ; 0.0 (0.0)                        ; 0.0 (0.0)                                         ; 0.0 (0.0)                        ; 0.0 (0.0)            ; 0 (0)               ; 0 (0)                     ; 0 (0)         ; 12288             ; 2     ; 0          ; 0    ; 0            ; |top_level|dolphin_visual:DOLPHIN_SPRITE_INST|dolphin_rom:DOLPHIN|altsyncram:ROM                                                                         ; altsyncram             ; work         ;
;             |altsyncram_j3u3:auto_generated|        ; 0.0 (0.0)            ; 0.0 (0.0)                        ; 0.0 (0.0)                                         ; 0.0 (0.0)                        ; 0.0 (0.0)            ; 0 (0)               ; 0 (0)                     ; 0 (0)         ; 12288             ; 2     ; 0          ; 0    ; 0            ; |top_level|dolphin_visual:DOLPHIN_SPRITE_INST|dolphin_rom:DOLPHIN|altsyncram:ROM|altsyncram_j3u3:auto_generated                                          ; altsyncram_j3u3        ; work         ;
;    |game_logic:GAME_RULE|                           ; 64.5 (64.5)          ; 65.6 (65.6)                      ; 1.1 (1.1)                                         ; 0.0 (0.0)                        ; 0.0 (0.0)            ; 114 (114)           ; 61 (61)                   ; 0 (0)         ; 0                 ; 0     ; 0          ; 0    ; 0            ; |top_level|game_logic:GAME_RULE                                                                                                                          ; game_logic             ; work         ;
;    |lfsr:RANDOM_NUMBER|                             ; 3.3 (3.3)            ; 3.8 (3.8)                        ; 0.5 (0.5)                                         ; 0.0 (0.0)                        ; 0.0 (0.0)            ; 6 (6)               ; 10 (10)                   ; 0 (0)         ; 0                 ; 0     ; 0          ; 0    ; 0            ; |top_level|lfsr:RANDOM_NUMBER                                                                                                                            ; lfsr                   ; work         ;
;    |lives:LIFE_DISPLAY|                             ; 27.9 (25.9)          ; 30.6 (28.6)                      ; 2.7 (2.7)                                         ; 0.0 (0.0)                        ; 0.0 (0.0)            ; 56 (54)             ; 1 (1)                     ; 0 (0)         ; 64                ; 1     ; 0          ; 0    ; 0            ; |top_level|lives:LIFE_DISPLAY                                                                                                                            ; lives                  ; work         ;
;       |char_rom:HEART_ROM|                          ; 2.0 (2.0)            ; 2.0 (2.0)                        ; 0.0 (0.0)                                         ; 0.0 (0.0)                        ; 0.0 (0.0)            ; 2 (2)               ; 0 (0)                     ; 0 (0)         ; 64                ; 1     ; 0          ; 0    ; 0            ; |top_level|lives:LIFE_DISPLAY|char_rom:HEART_ROM                                                                                                         ; char_rom               ; work         ;
;          |altsyncram:altsyncram_component|          ; 0.0 (0.0)            ; 0.0 (0.0)                        ; 0.0 (0.0)                                         ; 0.0 (0.0)                        ; 0.0 (0.0)            ; 0 (0)               ; 0 (0)                     ; 0 (0)         ; 64                ; 1     ; 0          ; 0    ; 0            ; |top_level|lives:LIFE_DISPLAY|char_rom:HEART_ROM|altsyncram:altsyncram_component                                                                         ; altsyncram             ; work         ;
;             |altsyncram_d5g1:auto_generated|        ; 0.0 (0.0)            ; 0.0 (0.0)                        ; 0.0 (0.0)                                         ; 0.0 (0.0)                        ; 0.0 (0.0)            ; 0 (0)               ; 0 (0)                     ; 0 (0)         ; 64                ; 1     ; 0          ; 0    ; 0            ; |top_level|lives:LIFE_DISPLAY|char_rom:HEART_ROM|altsyncram:altsyncram_component|altsyncram_d5g1:auto_generated                                          ; altsyncram_d5g1        ; work         ;
;    |pll:clock_divider|                              ; 0.0 (0.0)            ; 0.0 (0.0)                        ; 0.0 (0.0)                                         ; 0.0 (0.0)                        ; 0.0 (0.0)            ; 0 (0)               ; 0 (0)                     ; 0 (0)         ; 0                 ; 0     ; 0          ; 0    ; 0            ; |top_level|pll:clock_divider                                                                                                                             ; pll                    ; pll          ;
;       |pll_0002:pll_inst|                           ; 0.0 (0.0)            ; 0.0 (0.0)                        ; 0.0 (0.0)                                         ; 0.0 (0.0)                        ; 0.0 (0.0)            ; 0 (0)               ; 0 (0)                     ; 0 (0)         ; 0                 ; 0     ; 0          ; 0    ; 0            ; |top_level|pll:clock_divider|pll_0002:pll_inst                                                                                                           ; pll_0002               ; pll          ;
;          |altera_pll:altera_pll_i|                  ; 0.0 (0.0)            ; 0.0 (0.0)                        ; 0.0 (0.0)                                         ; 0.0 (0.0)                        ; 0.0 (0.0)            ; 0 (0)               ; 0 (0)                     ; 0 (0)         ; 0                 ; 0     ; 0          ; 0    ; 0            ; |top_level|pll:clock_divider|pll_0002:pll_inst|altera_pll:altera_pll_i                                                                                   ; altera_pll             ; work         ;
;    |score_text:SCORE_DISPLAY|                       ; 54.4 (52.4)          ; 58.1 (56.1)                      ; 3.7 (3.7)                                         ; 0.0 (0.0)                        ; 0.0 (0.0)            ; 97 (95)             ; 1 (1)                     ; 0 (0)         ; 4096              ; 1     ; 0          ; 0    ; 0            ; |top_level|score_text:SCORE_DISPLAY                                                                                                                      ; score_text             ; work         ;
;       |char_rom:SCORE_ROM|                          ; 2.0 (2.0)            ; 2.0 (2.0)                        ; 0.0 (0.0)                                         ; 0.0 (0.0)                        ; 0.0 (0.0)            ; 2 (2)               ; 0 (0)                     ; 0 (0)         ; 4096              ; 1     ; 0          ; 0    ; 0            ; |top_level|score_text:SCORE_DISPLAY|char_rom:SCORE_ROM                                                                                                   ; char_rom               ; work         ;
;          |altsyncram:altsyncram_component|          ; 0.0 (0.0)            ; 0.0 (0.0)                        ; 0.0 (0.0)                                         ; 0.0 (0.0)                        ; 0.0 (0.0)            ; 0 (0)               ; 0 (0)                     ; 0 (0)         ; 4096              ; 1     ; 0          ; 0    ; 0            ; |top_level|score_text:SCORE_DISPLAY|char_rom:SCORE_ROM|altsyncram:altsyncram_component                                                                   ; altsyncram             ; work         ;
;             |altsyncram_d5g1:auto_generated|        ; 0.0 (0.0)            ; 0.0 (0.0)                        ; 0.0 (0.0)                                         ; 0.0 (0.0)                        ; 0.0 (0.0)            ; 0 (0)               ; 0 (0)                     ; 0 (0)         ; 4096              ; 1     ; 0          ; 0    ; 0            ; |top_level|score_text:SCORE_DISPLAY|char_rom:SCORE_ROM|altsyncram:altsyncram_component|altsyncram_d5g1:auto_generated                                    ; altsyncram_d5g1        ; work         ;
+-----------------------------------------------------+----------------------+----------------------------------+---------------------------------------------------+----------------------------------+----------------------+---------------------+---------------------------+---------------+-------------------+-------+------------+------+--------------+----------------------------------------------------------------------------------------------------------------------------------------------------------+------------------------+--------------+
Note: For table entries with two numbers listed, the numbers in parentheses indicate the number of resources of the given type used by the specific entity alone. The numbers listed outside of parentheses indicate the total resources of the given type used by the specific entity and all of its sub-entities in the hierarchy.


+-------------------------------------------------------------------------------------------------------------------------+
; Delay Chain Summary                                                                                                     ;
+----------+----------+----+------+------+----+------+-------+--------+------------------------+--------------------------+
; Name     ; Pin Type ; D1 ; D3_0 ; D3_1 ; D4 ; D5   ; D5 OE ; D5 OCT ; T11 (Postamble Gating) ; T11 (Postamble Ungating) ;
+----------+----------+----+------+------+----+------+-------+--------+------------------------+--------------------------+
; KEY[1]   ; Input    ; -- ; --   ; --   ; -- ; --   ; --    ; --     ; --                     ; --                       ;
; KEY[2]   ; Input    ; -- ; --   ; --   ; -- ; --   ; --    ; --     ; --                     ; --                       ;
; SW[1]    ; Input    ; -- ; --   ; --   ; -- ; --   ; --    ; --     ; --                     ; --                       ;
; SW[2]    ; Input    ; -- ; --   ; --   ; -- ; --   ; --    ; --     ; --                     ; --                       ;
; SW[3]    ; Input    ; -- ; --   ; --   ; -- ; --   ; --    ; --     ; --                     ; --                       ;
; SW[4]    ; Input    ; -- ; --   ; --   ; -- ; --   ; --    ; --     ; --                     ; --                       ;
; SW[5]    ; Input    ; -- ; --   ; --   ; -- ; --   ; --    ; --     ; --                     ; --                       ;
; SW[6]    ; Input    ; -- ; --   ; --   ; -- ; --   ; --    ; --     ; --                     ; --                       ;
; SW[7]    ; Input    ; -- ; --   ; --   ; -- ; --   ; --    ; --     ; --                     ; --                       ;
; SW[8]    ; Input    ; -- ; --   ; --   ; -- ; --   ; --    ; --     ; --                     ; --                       ;
; SW[9]    ; Input    ; -- ; --   ; --   ; -- ; --   ; --    ; --     ; --                     ; --                       ;
; VGA_R[0] ; Output   ; -- ; --   ; --   ; -- ; (0)  ; (31)  ; --     ; --                     ; --                       ;
; VGA_R[1] ; Output   ; -- ; --   ; --   ; -- ; (0)  ; (31)  ; --     ; --                     ; --                       ;
; VGA_R[2] ; Output   ; -- ; --   ; --   ; -- ; (0)  ; (31)  ; --     ; --                     ; --                       ;
; VGA_R[3] ; Output   ; -- ; --   ; --   ; -- ; (0)  ; (31)  ; --     ; --                     ; --                       ;
; VGA_G[0] ; Output   ; -- ; --   ; --   ; -- ; (0)  ; (31)  ; --     ; --                     ; --                       ;
; VGA_G[1] ; Output   ; -- ; --   ; --   ; -- ; (0)  ; (31)  ; --     ; --                     ; --                       ;
; VGA_G[2] ; Output   ; -- ; --   ; --   ; -- ; (0)  ; (31)  ; --     ; --                     ; --                       ;
; VGA_G[3] ; Output   ; -- ; --   ; --   ; -- ; (0)  ; (31)  ; --     ; --                     ; --                       ;
; VGA_B[0] ; Output   ; -- ; --   ; --   ; -- ; (0)  ; (31)  ; --     ; --                     ; --                       ;
; VGA_B[1] ; Output   ; -- ; --   ; --   ; -- ; (0)  ; (31)  ; --     ; --                     ; --                       ;
; VGA_B[2] ; Output   ; -- ; --   ; --   ; -- ; (0)  ; (31)  ; --     ; --                     ; --                       ;
; VGA_B[3] ; Output   ; -- ; --   ; --   ; -- ; (0)  ; (31)  ; --     ; --                     ; --                       ;
; VGA_HS   ; Output   ; -- ; --   ; --   ; -- ; (0)  ; (31)  ; --     ; --                     ; --                       ;
; VGA_VS   ; Output   ; -- ; --   ; --   ; -- ; (0)  ; (31)  ; --     ; --                     ; --                       ;
; HEX0[0]  ; Output   ; -- ; --   ; --   ; -- ; (0)  ; (31)  ; --     ; --                     ; --                       ;
; HEX0[1]  ; Output   ; -- ; --   ; --   ; -- ; (0)  ; (31)  ; --     ; --                     ; --                       ;
; HEX0[2]  ; Output   ; -- ; --   ; --   ; -- ; (0)  ; (31)  ; --     ; --                     ; --                       ;
; HEX0[3]  ; Output   ; -- ; --   ; --   ; -- ; (0)  ; (31)  ; --     ; --                     ; --                       ;
; HEX0[4]  ; Output   ; -- ; --   ; --   ; -- ; (0)  ; (31)  ; --     ; --                     ; --                       ;
; HEX0[5]  ; Output   ; -- ; --   ; --   ; -- ; (0)  ; (31)  ; --     ; --                     ; --                       ;
; HEX0[6]  ; Output   ; -- ; --   ; --   ; -- ; (0)  ; (31)  ; --     ; --                     ; --                       ;
; HEX1[0]  ; Output   ; -- ; --   ; --   ; -- ; (0)  ; (31)  ; --     ; --                     ; --                       ;
; HEX1[1]  ; Output   ; -- ; --   ; --   ; -- ; (0)  ; (31)  ; --     ; --                     ; --                       ;
; HEX1[2]  ; Output   ; -- ; --   ; --   ; -- ; (0)  ; (31)  ; --     ; --                     ; --                       ;
; HEX1[3]  ; Output   ; -- ; --   ; --   ; -- ; (0)  ; (31)  ; --     ; --                     ; --                       ;
; HEX1[4]  ; Output   ; -- ; --   ; --   ; -- ; (0)  ; (31)  ; --     ; --                     ; --                       ;
; HEX1[5]  ; Output   ; -- ; --   ; --   ; -- ; (0)  ; (31)  ; --     ; --                     ; --                       ;
; HEX1[6]  ; Output   ; -- ; --   ; --   ; -- ; (0)  ; (31)  ; --     ; --                     ; --                       ;
; LEDR[0]  ; Output   ; -- ; --   ; --   ; -- ; (0)  ; (31)  ; --     ; --                     ; --                       ;
; LEDR[1]  ; Output   ; -- ; --   ; --   ; -- ; (0)  ; (31)  ; --     ; --                     ; --                       ;
; LEDR[2]  ; Output   ; -- ; --   ; --   ; -- ; (0)  ; (31)  ; --     ; --                     ; --                       ;
; LEDR[3]  ; Output   ; -- ; --   ; --   ; -- ; (0)  ; (31)  ; --     ; --                     ; --                       ;
; LEDR[4]  ; Output   ; -- ; --   ; --   ; -- ; (0)  ; (31)  ; --     ; --                     ; --                       ;
; LEDR[5]  ; Output   ; -- ; --   ; --   ; -- ; (0)  ; (31)  ; --     ; --                     ; --                       ;
; LEDR[6]  ; Output   ; -- ; --   ; --   ; -- ; (0)  ; (31)  ; --     ; --                     ; --                       ;
; LEDR[7]  ; Output   ; -- ; --   ; --   ; -- ; (0)  ; (31)  ; --     ; --                     ; --                       ;
; LEDR[8]  ; Output   ; -- ; --   ; --   ; -- ; (0)  ; (31)  ; --     ; --                     ; --                       ;
; LEDR[9]  ; Output   ; -- ; --   ; --   ; -- ; (0)  ; (31)  ; --     ; --                     ; --                       ;
; PS2_CLK  ; Bidir    ; -- ; --   ; (7)  ; -- ; (0)  ; (31)  ; --     ; --                     ; --                       ;
; PS2_DAT  ; Bidir    ; -- ; (0)  ; --   ; -- ; (0)  ; (31)  ; --     ; --                     ; --                       ;
; KEY[0]   ; Input    ; -- ; --   ; (0)  ; -- ; --   ; --    ; --     ; --                     ; --                       ;
; CLOCK_50 ; Input    ; -- ; (0)  ; --   ; -- ; --   ; --    ; --     ; --                     ; --                       ;
; KEY[3]   ; Input    ; -- ; (0)  ; --   ; -- ; --   ; --    ; --     ; --                     ; --                       ;
; SW[0]    ; Input    ; -- ; (0)  ; --   ; -- ; --   ; --    ; --     ; --                     ; --                       ;
+----------+----------+----+------+------+----+------+-------+--------+------------------------+--------------------------+


+----------------------------------------------------------------------------------------------+
; Pad To Core Delay Chain Fanout                                                               ;
+----------------------------------------------------------------+-------------------+---------+
; Source Pin / Fanout                                            ; Pad To Core Index ; Setting ;
+----------------------------------------------------------------+-------------------+---------+
; KEY[1]                                                         ;                   ;         ;
; KEY[2]                                                         ;                   ;         ;
; SW[1]                                                          ;                   ;         ;
; SW[2]                                                          ;                   ;         ;
; SW[3]                                                          ;                   ;         ;
; SW[4]                                                          ;                   ;         ;
; SW[5]                                                          ;                   ;         ;
; SW[6]                                                          ;                   ;         ;
; SW[7]                                                          ;                   ;         ;
; SW[8]                                                          ;                   ;         ;
; SW[9]                                                          ;                   ;         ;
; PS2_CLK                                                        ;                   ;         ;
;      - MOUSE:MOUSE_CONTROLS|filter[0]                          ; 1                 ; 7       ;
; PS2_DAT                                                        ;                   ;         ;
;      - MOUSE:MOUSE_CONTROLS|READ_CHAR~0                        ; 0                 ; 0       ;
;      - MOUSE:MOUSE_CONTROLS|iready_set~0                       ; 0                 ; 0       ;
;      - MOUSE:MOUSE_CONTROLS|SHIFTIN[8]~feeder                  ; 0                 ; 0       ;
; KEY[0]                                                         ;                   ;         ;
;      - game_logic:GAME_RULE|speed_phase_done                   ; 1                 ; 0       ;
;      - game_logic:GAME_RULE|pipe_hit_since_pass                ; 1                 ; 0       ;
;      - game_logic:GAME_RULE|speed_timer_done                   ; 1                 ; 0       ;
;      - game_logic:GAME_RULE|score_ones_int[0]~1                ; 1                 ; 0       ;
;      - game_logic:GAME_RULE|score_ones_int[3]~2                ; 1                 ; 0       ;
;      - game_logic:GAME_RULE|score_ones_int[1]~3                ; 1                 ; 0       ;
;      - game_logic:GAME_RULE|score_ones_int[2]~4                ; 1                 ; 0       ;
;      - game_logic:GAME_RULE|score_tens_int~0                   ; 1                 ; 0       ;
;      - game_logic:GAME_RULE|score_tens_int[2]~2                ; 1                 ; 0       ;
;      - game_logic:GAME_RULE|score_tens_int[3]~4                ; 1                 ; 0       ;
;      - game_logic:GAME_RULE|score_tens_int~5                   ; 1                 ; 0       ;
;      - game_logic:GAME_RULE|score_tens_int~6                   ; 1                 ; 0       ;
;      - MOUSE:MOUSE_CONTROLS|right_button                       ; 1                 ; 0       ;
;      - FSM:FINITE_STATE_MACHINE|state~9                        ; 1                 ; 0       ;
;      - FSM:FINITE_STATE_MACHINE|state~10                       ; 1                 ; 0       ;
;      - FSM:FINITE_STATE_MACHINE|state~11                       ; 1                 ; 0       ;
;      - FSM:FINITE_STATE_MACHINE|state~12                       ; 1                 ; 0       ;
;      - FSM:FINITE_STATE_MACHINE|state~15                       ; 1                 ; 0       ;
;      - FSM:FINITE_STATE_MACHINE|state~17                       ; 1                 ; 0       ;
;      - FSM:FINITE_STATE_MACHINE|state~18                       ; 1                 ; 0       ;
;      - FSM:FINITE_STATE_MACHINE|state~20                       ; 1                 ; 0       ;
;      - FSM:FINITE_STATE_MACHINE|state~22                       ; 1                 ; 0       ;
;      - FSM:FINITE_STATE_MACHINE|Selector3~0                    ; 1                 ; 0       ;
;      - FSM:FINITE_STATE_MACHINE|state~24                       ; 1                 ; 0       ;
;      - game_logic:GAME_RULE|pipe_passed_prev~0                 ; 1                 ; 0       ;
;      - game_logic:GAME_RULE|pipe_passed_prev~1                 ; 1                 ; 0       ;
;      - MOUSE:MOUSE_CONTROLS|mouse_state.INHIBIT_TRANS          ; 1                 ; 0       ;
;      - MOUSE:MOUSE_CONTROLS|mouse_state.LOAD_COMMAND           ; 1                 ; 0       ;
;      - MOUSE:MOUSE_CONTROLS|mouse_state.LOAD_COMMAND2          ; 1                 ; 0       ;
;      - MOUSE:MOUSE_CONTROLS|mouse_state.WAIT_OUTPUT_READY      ; 1                 ; 0       ;
;      - MOUSE:MOUSE_CONTROLS|PACKET_COUNT[1]                    ; 1                 ; 0       ;
;      - MOUSE:MOUSE_CONTROLS|PACKET_COUNT[0]                    ; 1                 ; 0       ;
;      - MOUSE:MOUSE_CONTROLS|INCNT[3]                           ; 1                 ; 0       ;
;      - MOUSE:MOUSE_CONTROLS|INCNT[2]                           ; 1                 ; 0       ;
;      - MOUSE:MOUSE_CONTROLS|INCNT[1]                           ; 1                 ; 0       ;
;      - MOUSE:MOUSE_CONTROLS|INCNT[0]                           ; 1                 ; 0       ;
;      - MOUSE:MOUSE_CONTROLS|READ_CHAR                          ; 1                 ; 0       ;
;      - game_logic:GAME_RULE|lives_count~5                      ; 1                 ; 0       ;
;      - game_logic:GAME_RULE|lives_count~8                      ; 1                 ; 0       ;
;      - game_logic:GAME_RULE|termination_state_done~2           ; 1                 ; 0       ;
;      - FSM:FINITE_STATE_MACHINE|state~25                       ; 1                 ; 0       ;
;      - FSM:FINITE_STATE_MACHINE|state~26                       ; 1                 ; 0       ;
;      - FSM:FINITE_STATE_MACHINE|state_before_pause~20          ; 1                 ; 0       ;
;      - FSM:FINITE_STATE_MACHINE|state_before_pause~21          ; 1                 ; 0       ;
;      - FSM:FINITE_STATE_MACHINE|state_before_pause~22          ; 1                 ; 0       ;
;      - FSM:FINITE_STATE_MACHINE|state_before_pause~23          ; 1                 ; 0       ;
;      - MOUSE:MOUSE_CONTROLS|inhibit_wait_count[11]             ; 1                 ; 0       ;
;      - MOUSE:MOUSE_CONTROLS|inhibit_wait_count[10]             ; 1                 ; 0       ;
;      - MOUSE:MOUSE_CONTROLS|send_data                          ; 1                 ; 0       ;
;      - MOUSE:MOUSE_CONTROLS|PACKET_CHAR1[1]~0                  ; 1                 ; 0       ;
;      - game_logic:GAME_RULE|bait_cooldown[5]~1                 ; 1                 ; 0       ;
;      - game_logic:GAME_RULE|bait_cooldown~2                    ; 1                 ; 0       ;
;      - game_logic:GAME_RULE|bait_cooldown[3]~3                 ; 1                 ; 0       ;
;      - game_logic:GAME_RULE|bait_cooldown~4                    ; 1                 ; 0       ;
;      - game_logic:GAME_RULE|bait_cooldown~5                    ; 1                 ; 0       ;
;      - game_logic:GAME_RULE|bait_cooldown~6                    ; 1                 ; 0       ;
;      - game_logic:GAME_RULE|bait_cooldown~7                    ; 1                 ; 0       ;
;      - game_logic:GAME_RULE|bait_collision_prev~0              ; 1                 ; 0       ;
;      - game_logic:GAME_RULE|collision_cooldown[5]~1            ; 1                 ; 0       ;
;      - game_logic:GAME_RULE|collision_cooldown~2               ; 1                 ; 0       ;
;      - game_logic:GAME_RULE|collision_cooldown[3]~3            ; 1                 ; 0       ;
;      - game_logic:GAME_RULE|collision_cooldown~4               ; 1                 ; 0       ;
;      - game_logic:GAME_RULE|collision_cooldown~5               ; 1                 ; 0       ;
;      - game_logic:GAME_RULE|collision_cooldown~6               ; 1                 ; 0       ;
;      - game_logic:GAME_RULE|collision_cooldown~7               ; 1                 ; 0       ;
;      - game_logic:GAME_RULE|pipe_collision_prev~0              ; 1                 ; 0       ;
;      - game_logic:GAME_RULE|vert_sync_prev~0                   ; 1                 ; 0       ;
;      - game_logic:GAME_RULE|score_ones_int[3]~6                ; 1                 ; 0       ;
;      - game_logic:GAME_RULE|speed_phase_count[2]~1             ; 1                 ; 0       ;
;      - game_logic:GAME_RULE|termination_state_count[5]~0       ; 1                 ; 0       ;
;      - game_logic:GAME_RULE|termination_state_count[5]~1       ; 1                 ; 0       ;
;      - FSM:FINITE_STATE_MACHINE|state_before_pause~24          ; 1                 ; 0       ;
;      - FSM:FINITE_STATE_MACHINE|state_before_pause~25          ; 1                 ; 0       ;
;      - MOUSE:MOUSE_CONTROLS|left_button                        ; 1                 ; 0       ;
;      - MOUSE:MOUSE_CONTROLS|mouse_state.INPUT_PACKETS          ; 1                 ; 0       ;
;      - lfsr:RANDOM_NUMBER|lfsr_reg[7]                          ; 1                 ; 0       ;
;      - lfsr:RANDOM_NUMBER|lfsr_reg[6]                          ; 1                 ; 0       ;
;      - lfsr:RANDOM_NUMBER|lfsr_reg[5]                          ; 1                 ; 0       ;
;      - lfsr:RANDOM_NUMBER|lfsr_reg[4]                          ; 1                 ; 0       ;
;      - lfsr:RANDOM_NUMBER|lfsr_reg[3]                          ; 1                 ; 0       ;
;      - MOUSE:MOUSE_CONTROLS|SHIFTIN[1]~0                       ; 1                 ; 0       ;
;      - game_logic:GAME_RULE|speed_timer_count[9]~1             ; 1                 ; 0       ;
;      - MOUSE:MOUSE_CONTROLS|mouse_state.WAIT_CMD_ACK           ; 1                 ; 0       ;
;      - lfsr:RANDOM_NUMBER|lfsr_reg[2]                          ; 1                 ; 0       ;
;      - MOUSE:MOUSE_CONTROLS|inhibit_wait_count[9]              ; 1                 ; 0       ;
;      - MOUSE:MOUSE_CONTROLS|iready_set~0                       ; 1                 ; 0       ;
;      - lfsr:RANDOM_NUMBER|lfsr_reg[1]                          ; 1                 ; 0       ;
;      - MOUSE:MOUSE_CONTROLS|inhibit_wait_count[8]              ; 1                 ; 0       ;
;      - MOUSE:MOUSE_CONTROLS|inhibit_wait_count[7]              ; 1                 ; 0       ;
;      - MOUSE:MOUSE_CONTROLS|inhibit_wait_count[6]              ; 1                 ; 0       ;
;      - MOUSE:MOUSE_CONTROLS|inhibit_wait_count[5]              ; 1                 ; 0       ;
;      - MOUSE:MOUSE_CONTROLS|inhibit_wait_count[4]              ; 1                 ; 0       ;
;      - MOUSE:MOUSE_CONTROLS|inhibit_wait_count[3]              ; 1                 ; 0       ;
;      - MOUSE:MOUSE_CONTROLS|inhibit_wait_count[2]              ; 1                 ; 0       ;
;      - MOUSE:MOUSE_CONTROLS|inhibit_wait_count[0]              ; 1                 ; 0       ;
;      - MOUSE:MOUSE_CONTROLS|inhibit_wait_count[1]              ; 1                 ; 0       ;
;      - MOUSE:MOUSE_CONTROLS|mouse_state.LOAD_COMMAND~DUPLICATE ; 1                 ; 0       ;
;      - MOUSE:MOUSE_CONTROLS|PACKET_COUNT[0]~DUPLICATE          ; 1                 ; 0       ;
;      - MOUSE:MOUSE_CONTROLS|inhibit_wait_count[11]~DUPLICATE   ; 1                 ; 0       ;
;      - MOUSE:MOUSE_CONTROLS|inhibit_wait_count[10]~DUPLICATE   ; 1                 ; 0       ;
;      - lfsr:RANDOM_NUMBER|lfsr_reg[4]~DUPLICATE                ; 1                 ; 0       ;
;      - lfsr:RANDOM_NUMBER|lfsr_reg[3]~DUPLICATE                ; 1                 ; 0       ;
;      - lfsr:RANDOM_NUMBER|lfsr_reg[2]~DUPLICATE                ; 1                 ; 0       ;
; CLOCK_50                                                       ;                   ;         ;
; KEY[3]                                                         ;                   ;         ;
;      - FSM:FINITE_STATE_MACHINE|state~8                        ; 0                 ; 0       ;
;      - FSM:FINITE_STATE_MACHINE|state~15                       ; 0                 ; 0       ;
;      - FSM:FINITE_STATE_MACHINE|state~18                       ; 0                 ; 0       ;
;      - FSM:FINITE_STATE_MACHINE|state~20                       ; 0                 ; 0       ;
;      - FSM:FINITE_STATE_MACHINE|state~22                       ; 0                 ; 0       ;
; SW[0]                                                          ;                   ;         ;
;      - FSM:FINITE_STATE_MACHINE|state~21                       ; 0                 ; 0       ;
;      - FSM:FINITE_STATE_MACHINE|state~23                       ; 0                 ; 0       ;
+----------------------------------------------------------------+-------------------+---------+


+-------------------------------------------------------------------------------------------------------------------------------------------------------------------------------------------------------------------------------------------------------------------------------------+
; Control Signals                                                                                                                                                                                                                                                                     ;
+------------------------------------------------------------------------------------------------------------------------------------+---------------------------+---------+---------------------------+--------+----------------------+------------------+---------------------------+
; Name                                                                                                                               ; Location                  ; Fan-Out ; Usage                     ; Global ; Global Resource Used ; Global Line Name ; Enable Signal Source Name ;
+------------------------------------------------------------------------------------------------------------------------------------+---------------------------+---------+---------------------------+--------+----------------------+------------------+---------------------------+
; BACKGROUND:BG|background_index_rom:INDEX_ROM|altsyncram:ROM|altsyncram_bhv3:auto_generated|decode_s2a:rden_decode|w_anode559w[3]   ; MLABCELL_X23_Y15_N15      ; 3       ; Clock enable              ; no     ; --                   ; --               ; --                        ;
; BACKGROUND:BG|background_index_rom:INDEX_ROM|altsyncram:ROM|altsyncram_bhv3:auto_generated|decode_s2a:rden_decode|w_anode576w[3]   ; MLABCELL_X23_Y15_N33      ; 3       ; Clock enable              ; no     ; --                   ; --               ; --                        ;
; BACKGROUND:BG|background_index_rom:INDEX_ROM|altsyncram:ROM|altsyncram_bhv3:auto_generated|decode_s2a:rden_decode|w_anode586w[3]~0 ; LABCELL_X24_Y15_N33       ; 3       ; Clock enable              ; no     ; --                   ; --               ; --                        ;
; BACKGROUND:BG|background_index_rom:INDEX_ROM|altsyncram:ROM|altsyncram_bhv3:auto_generated|decode_s2a:rden_decode|w_anode596w[3]   ; MLABCELL_X23_Y15_N6       ; 3       ; Clock enable              ; no     ; --                   ; --               ; --                        ;
; BACKGROUND:BG|background_index_rom:INDEX_ROM|altsyncram:ROM|altsyncram_bhv3:auto_generated|decode_s2a:rden_decode|w_anode606w[3]~1 ; LABCELL_X24_Y15_N18       ; 3       ; Clock enable              ; no     ; --                   ; --               ; --                        ;
; BACKGROUND:BG|background_index_rom:INDEX_ROM|altsyncram:ROM|altsyncram_bhv3:auto_generated|decode_s2a:rden_decode|w_anode616w[3]   ; MLABCELL_X23_Y15_N30      ; 3       ; Clock enable              ; no     ; --                   ; --               ; --                        ;
; BACKGROUND:BG|background_index_rom:INDEX_ROM|altsyncram:ROM|altsyncram_bhv3:auto_generated|decode_s2a:rden_decode|w_anode626w[3]~0 ; MLABCELL_X23_Y15_N9       ; 3       ; Clock enable              ; no     ; --                   ; --               ; --                        ;
; BACKGROUND:BG|background_index_rom:INDEX_ROM|altsyncram:ROM|altsyncram_bhv3:auto_generated|decode_s2a:rden_decode|w_anode636w[3]   ; MLABCELL_X18_Y15_N24      ; 3       ; Clock enable              ; no     ; --                   ; --               ; --                        ;
; BACKGROUND:BG|background_index_rom:INDEX_ROM|altsyncram:ROM|altsyncram_bhv3:auto_generated|decode_s2a:rden_decode|w_anode660w[3]   ; MLABCELL_X18_Y15_N3       ; 3       ; Clock enable              ; no     ; --                   ; --               ; --                        ;
; BACKGROUND:BG|background_index_rom:INDEX_ROM|altsyncram:ROM|altsyncram_bhv3:auto_generated|decode_s2a:rden_decode|w_anode671w[3]   ; MLABCELL_X18_Y15_N12      ; 3       ; Clock enable              ; no     ; --                   ; --               ; --                        ;
; BACKGROUND:BG|background_index_rom:INDEX_ROM|altsyncram:ROM|altsyncram_bhv3:auto_generated|decode_s2a:rden_decode|w_anode681w[3]   ; MLABCELL_X18_Y15_N21      ; 3       ; Clock enable              ; no     ; --                   ; --               ; --                        ;
; BACKGROUND:BG|background_index_rom:INDEX_ROM|altsyncram:ROM|altsyncram_bhv3:auto_generated|decode_s2a:rden_decode|w_anode691w[3]   ; MLABCELL_X18_Y15_N39      ; 3       ; Clock enable              ; no     ; --                   ; --               ; --                        ;
; BACKGROUND:BG|background_index_rom:INDEX_ROM|altsyncram:ROM|altsyncram_bhv3:auto_generated|decode_s2a:rden_decode|w_anode701w[3]   ; MLABCELL_X18_Y15_N36      ; 3       ; Clock enable              ; no     ; --                   ; --               ; --                        ;
; BACKGROUND:BG|background_index_rom:INDEX_ROM|altsyncram:ROM|altsyncram_bhv3:auto_generated|decode_s2a:rden_decode|w_anode711w[3]   ; MLABCELL_X18_Y15_N18      ; 3       ; Clock enable              ; no     ; --                   ; --               ; --                        ;
; BACKGROUND:BG|background_index_rom:INDEX_ROM|altsyncram:ROM|altsyncram_bhv3:auto_generated|decode_s2a:rden_decode|w_anode721w[3]   ; MLABCELL_X18_Y15_N15      ; 3       ; Clock enable              ; no     ; --                   ; --               ; --                        ;
; BACKGROUND:BG|background_index_rom:INDEX_ROM|altsyncram:ROM|altsyncram_bhv3:auto_generated|decode_s2a:rden_decode|w_anode731w[3]   ; MLABCELL_X18_Y15_N30      ; 3       ; Clock enable              ; no     ; --                   ; --               ; --                        ;
; BACKGROUND:BG|background_index_rom:INDEX_ROM|altsyncram:ROM|altsyncram_bhv3:auto_generated|decode_s2a:rden_decode|w_anode754w[3]   ; MLABCELL_X18_Y15_N6       ; 3       ; Clock enable              ; no     ; --                   ; --               ; --                        ;
; BACKGROUND:BG|background_index_rom:INDEX_ROM|altsyncram:ROM|altsyncram_bhv3:auto_generated|decode_s2a:rden_decode|w_anode765w[3]   ; MLABCELL_X18_Y15_N0       ; 3       ; Clock enable              ; no     ; --                   ; --               ; --                        ;
; BACKGROUND:BG|background_index_rom:INDEX_ROM|altsyncram:ROM|altsyncram_bhv3:auto_generated|decode_s2a:rden_decode|w_anode775w[3]   ; MLABCELL_X18_Y15_N27      ; 3       ; Clock enable              ; no     ; --                   ; --               ; --                        ;
; BACKGROUND:BG|background_index_rom:INDEX_ROM|altsyncram:ROM|altsyncram_bhv3:auto_generated|decode_s2a:rden_decode|w_anode785w[3]   ; MLABCELL_X18_Y15_N54      ; 3       ; Clock enable              ; no     ; --                   ; --               ; --                        ;
; BACKGROUND:BG|background_index_rom:INDEX_ROM|altsyncram:ROM|altsyncram_bhv3:auto_generated|decode_s2a:rden_decode|w_anode795w[3]   ; MLABCELL_X18_Y15_N45      ; 3       ; Clock enable              ; no     ; --                   ; --               ; --                        ;
; BACKGROUND:BG|background_index_rom:INDEX_ROM|altsyncram:ROM|altsyncram_bhv3:auto_generated|decode_s2a:rden_decode|w_anode805w[3]   ; MLABCELL_X18_Y15_N51      ; 3       ; Clock enable              ; no     ; --                   ; --               ; --                        ;
; BACKGROUND:BG|background_index_rom:INDEX_ROM|altsyncram:ROM|altsyncram_bhv3:auto_generated|decode_s2a:rden_decode|w_anode815w[3]   ; MLABCELL_X18_Y15_N57      ; 3       ; Clock enable              ; no     ; --                   ; --               ; --                        ;
; BACKGROUND:BG|background_index_rom:INDEX_ROM|altsyncram:ROM|altsyncram_bhv3:auto_generated|decode_s2a:rden_decode|w_anode825w[3]   ; MLABCELL_X18_Y15_N42      ; 3       ; Clock enable              ; no     ; --                   ; --               ; --                        ;
; BACKGROUND:BG|background_index_rom:INDEX_ROM|altsyncram:ROM|altsyncram_bhv3:auto_generated|decode_s2a:rden_decode|w_anode848w[3]   ; MLABCELL_X18_Y15_N33      ; 3       ; Clock enable              ; no     ; --                   ; --               ; --                        ;
; BACKGROUND:BG|background_index_rom:INDEX_ROM|altsyncram:ROM|altsyncram_bhv3:auto_generated|decode_s2a:rden_decode|w_anode859w[3]   ; LABCELL_X39_Y15_N39       ; 3       ; Clock enable              ; no     ; --                   ; --               ; --                        ;
; BACKGROUND:BG|background_index_rom:INDEX_ROM|altsyncram:ROM|altsyncram_bhv3:auto_generated|decode_s2a:rden_decode|w_anode869w[3]   ; MLABCELL_X18_Y15_N9       ; 3       ; Clock enable              ; no     ; --                   ; --               ; --                        ;
; BACKGROUND:BG|background_index_rom:INDEX_ROM|altsyncram:ROM|altsyncram_bhv3:auto_generated|decode_s2a:rden_decode|w_anode879w[3]   ; LABCELL_X24_Y15_N3        ; 3       ; Clock enable              ; no     ; --                   ; --               ; --                        ;
; BACKGROUND:BG|background_index_rom:INDEX_ROM|altsyncram:ROM|altsyncram_bhv3:auto_generated|decode_s2a:rden_decode|w_anode889w[3]   ; LABCELL_X24_Y15_N54       ; 3       ; Clock enable              ; no     ; --                   ; --               ; --                        ;
; BACKGROUND:BG|background_index_rom:INDEX_ROM|altsyncram:ROM|altsyncram_bhv3:auto_generated|decode_s2a:rden_decode|w_anode899w[3]   ; MLABCELL_X23_Y15_N18      ; 3       ; Clock enable              ; no     ; --                   ; --               ; --                        ;
; BACKGROUND:BG|background_index_rom:INDEX_ROM|altsyncram:ROM|altsyncram_bhv3:auto_generated|decode_s2a:rden_decode|w_anode909w[3]   ; MLABCELL_X18_Y15_N48      ; 3       ; Clock enable              ; no     ; --                   ; --               ; --                        ;
; BACKGROUND:BG|background_index_rom:INDEX_ROM|altsyncram:ROM|altsyncram_bhv3:auto_generated|decode_s2a:rden_decode|w_anode919w[3]   ; LABCELL_X24_Y15_N36       ; 3       ; Clock enable              ; no     ; --                   ; --               ; --                        ;
; BACKGROUND:BG|background_index_rom:INDEX_ROM|altsyncram:ROM|altsyncram_bhv3:auto_generated|decode_s2a:rden_decode|w_anode942w[3]   ; MLABCELL_X23_Y15_N12      ; 3       ; Clock enable              ; no     ; --                   ; --               ; --                        ;
; BACKGROUND:BG|background_index_rom:INDEX_ROM|altsyncram:ROM|altsyncram_bhv3:auto_generated|decode_s2a:rden_decode|w_anode953w[3]   ; MLABCELL_X23_Y15_N48      ; 3       ; Clock enable              ; no     ; --                   ; --               ; --                        ;
; BACKGROUND:BG|background_index_rom:INDEX_ROM|altsyncram:ROM|altsyncram_bhv3:auto_generated|decode_s2a:rden_decode|w_anode963w[3]   ; LABCELL_X24_Y15_N6        ; 3       ; Clock enable              ; no     ; --                   ; --               ; --                        ;
; BACKGROUND:BG|background_index_rom:INDEX_ROM|altsyncram:ROM|altsyncram_bhv3:auto_generated|decode_s2a:rden_decode|w_anode973w[3]   ; LABCELL_X24_Y15_N45       ; 3       ; Clock enable              ; no     ; --                   ; --               ; --                        ;
; BACKGROUND:BG|background_index_rom:INDEX_ROM|altsyncram:ROM|altsyncram_bhv3:auto_generated|decode_s2a:rden_decode|w_anode983w[3]   ; MLABCELL_X23_Y15_N3       ; 3       ; Clock enable              ; no     ; --                   ; --               ; --                        ;
; BACKGROUND:BG|background_index_rom:INDEX_ROM|altsyncram:ROM|altsyncram_bhv3:auto_generated|decode_s2a:rden_decode|w_anode993w[3]   ; LABCELL_X24_Y15_N30       ; 2       ; Clock enable              ; no     ; --                   ; --               ; --                        ;
; BUBBLES:BUBBLE_LAYER|bubble_on~0                                                                                                   ; MLABCELL_X37_Y12_N36      ; 13      ; Sync. clear               ; no     ; --                   ; --               ; --                        ;
; DOLPHIN_MOVEMENT:PLAYER_CHARACTER|dolphin_y_motion[4]~2                                                                            ; LABCELL_X21_Y31_N36       ; 12      ; Sync. clear               ; no     ; --                   ; --               ; --                        ;
; DOLPHIN_MOVEMENT:PLAYER_CHARACTER|dolphin_y_motion[9]~3                                                                            ; LABCELL_X21_Y31_N30       ; 14      ; Clock enable              ; no     ; --                   ; --               ; --                        ;
; DOLPHIN_MOVEMENT:PLAYER_CHARACTER|dolphin_y_pos[9]~4                                                                               ; LABCELL_X21_Y31_N15       ; 13      ; Clock enable              ; no     ; --                   ; --               ; --                        ;
; DOLPHIN_MOVEMENT:PLAYER_CHARACTER|frame_tick~0                                                                                     ; LABCELL_X21_Y31_N24       ; 6       ; Clock enable              ; no     ; --                   ; --               ; --                        ;
; FSM:FINITE_STATE_MACHINE|state_before_pause~21                                                                                     ; LABCELL_X10_Y17_N24       ; 5       ; Clock enable              ; no     ; --                   ; --               ; --                        ;
; KEY[0]                                                                                                                             ; PIN_U7                    ; 103     ; Async. clear, Sync. clear ; no     ; --                   ; --               ; --                        ;
; LAYER:LAYER_RENDERER|reg_BAIT_RED[0]~0                                                                                             ; LABCELL_X39_Y14_N24       ; 14      ; Sync. clear               ; no     ; --                   ; --               ; --                        ;
; MOUSE:MOUSE_CONTROLS|INCNT[3]~1                                                                                                    ; LABCELL_X5_Y17_N57        ; 4       ; Clock enable              ; no     ; --                   ; --               ; --                        ;
; MOUSE:MOUSE_CONTROLS|MOUSE_CLK_FILTER                                                                                              ; FF_X6_Y17_N50             ; 39      ; Clock                     ; no     ; --                   ; --               ; --                        ;
; MOUSE:MOUSE_CONTROLS|MOUSE_DATA_BUF~0                                                                                              ; LABCELL_X7_Y17_N48        ; 10      ; Clock enable              ; no     ; --                   ; --               ; --                        ;
; MOUSE:MOUSE_CONTROLS|PACKET_CHAR1[1]~0                                                                                             ; LABCELL_X5_Y17_N9         ; 2       ; Clock enable              ; no     ; --                   ; --               ; --                        ;
; MOUSE:MOUSE_CONTROLS|SHIFTIN[1]~0                                                                                                  ; LABCELL_X5_Y17_N24        ; 9       ; Clock enable              ; no     ; --                   ; --               ; --                        ;
; MOUSE:MOUSE_CONTROLS|WideOr4                                                                                                       ; LABCELL_X1_Y20_N45        ; 1       ; Output enable             ; no     ; --                   ; --               ; --                        ;
; MOUSE:MOUSE_CONTROLS|mouse_state.INHIBIT_TRANS                                                                                     ; FF_X1_Y20_N50             ; 19      ; Clock enable              ; no     ; --                   ; --               ; --                        ;
; MOUSE:MOUSE_CONTROLS|mouse_state.WAIT_OUTPUT_READY                                                                                 ; FF_X1_Y20_N52             ; 14      ; Output enable             ; no     ; --                   ; --               ; --                        ;
; MOUSE:MOUSE_CONTROLS|output_ready~0                                                                                                ; LABCELL_X7_Y17_N0         ; 5       ; Clock enable              ; no     ; --                   ; --               ; --                        ;
; MOUSE:MOUSE_CONTROLS|right_button~0                                                                                                ; LABCELL_X6_Y17_N48        ; 2       ; Clock enable              ; no     ; --                   ; --               ; --                        ;
; MOUSE:MOUSE_CONTROLS|send_data                                                                                                     ; FF_X1_Y20_N56             ; 17      ; Async. clear              ; no     ; --                   ; --               ; --                        ;
; PIPES:PIPE_DISPLAY|Equal3~0                                                                                                        ; MLABCELL_X37_Y15_N12      ; 11      ; Sync. load                ; no     ; --                   ; --               ; --                        ;
; PIPES:PIPE_DISPLAY|pipe3_visible~0                                                                                                 ; MLABCELL_X45_Y17_N48      ; 15      ; Sync. clear               ; no     ; --                   ; --               ; --                        ;
; PIPES:PIPE_DISPLAY|pipe_top_height_1~1                                                                                             ; LABCELL_X35_Y16_N54       ; 8       ; Clock enable              ; no     ; --                   ; --               ; --                        ;
; PIPES:PIPE_DISPLAY|pipe_top_height_2[7]~1                                                                                          ; LABCELL_X32_Y17_N18       ; 7       ; Clock enable              ; no     ; --                   ; --               ; --                        ;
; PIPES:PIPE_DISPLAY|pipe_top_height_3[0]~1                                                                                          ; LABCELL_X36_Y16_N48       ; 6       ; Clock enable              ; no     ; --                   ; --               ; --                        ;
; PIPES:PIPE_DISPLAY|pipe_x_pos_1[6]~0                                                                                               ; LABCELL_X31_Y16_N48       ; 14      ; Sync. load                ; no     ; --                   ; --               ; --                        ;
; PIPES:PIPE_DISPLAY|pipe_x_pos_1[6]~1                                                                                               ; LABCELL_X35_Y16_N42       ; 14      ; Clock enable              ; no     ; --                   ; --               ; --                        ;
; PIPES:PIPE_DISPLAY|pipe_x_pos_2[1]~0                                                                                               ; LABCELL_X32_Y17_N6        ; 11      ; Clock enable              ; no     ; --                   ; --               ; --                        ;
; PIPES:PIPE_DISPLAY|pipe_x_pos_3[9]~0                                                                                               ; LABCELL_X32_Y17_N9        ; 10      ; Clock enable              ; no     ; --                   ; --               ; --                        ;
; PIPES:PIPE_DISPLAY|process_0~0                                                                                                     ; LABCELL_X32_Y17_N15       ; 60      ; Clock enable              ; no     ; --                   ; --               ; --                        ;
; PIPES:PIPE_DISPLAY|s1_use_top                                                                                                      ; FF_X42_Y15_N2             ; 19      ; Sync. clear               ; no     ; --                   ; --               ; --                        ;
; VGA_SYNC:VGA_REFRESH|Equal0~1                                                                                                      ; LABCELL_X29_Y15_N0        ; 15      ; Sync. clear               ; no     ; --                   ; --               ; --                        ;
; VGA_SYNC:VGA_REFRESH|LessThan6~0                                                                                                   ; LABCELL_X32_Y15_N3        ; 13      ; Clock enable              ; no     ; --                   ; --               ; --                        ;
; VGA_SYNC:VGA_REFRESH|LessThan7~1                                                                                                   ; LABCELL_X43_Y12_N45       ; 14      ; Clock enable              ; no     ; --                   ; --               ; --                        ;
; VGA_SYNC:VGA_REFRESH|process_0~8                                                                                                   ; LABCELL_X35_Y16_N9        ; 14      ; Sync. clear               ; no     ; --                   ; --               ; --                        ;
; VGA_SYNC:VGA_REFRESH|v_count[7]~0                                                                                                  ; LABCELL_X29_Y15_N24       ; 13      ; Clock enable              ; no     ; --                   ; --               ; --                        ;
; VGA_SYNC:VGA_REFRESH|video_on                                                                                                      ; LABCELL_X35_Y16_N33       ; 12      ; Sync. clear               ; no     ; --                   ; --               ; --                        ;
; dolphin_visual:DOLPHIN_SPRITE_INST|dolphin_on                                                                                      ; LABCELL_X39_Y17_N0        ; 15      ; Sync. clear               ; no     ; --                   ; --               ; --                        ;
; game_logic:GAME_RULE|bait_cooldown[3]~3                                                                                            ; LABCELL_X21_Y20_N54       ; 5       ; Clock enable              ; no     ; --                   ; --               ; --                        ;
; game_logic:GAME_RULE|collision_cooldown[3]~3                                                                                       ; LABCELL_X21_Y20_N57       ; 5       ; Clock enable              ; no     ; --                   ; --               ; --                        ;
; game_logic:GAME_RULE|game_active~0                                                                                                 ; LABCELL_X21_Y22_N30       ; 87      ; Sync. clear               ; no     ; --                   ; --               ; --                        ;
; game_logic:GAME_RULE|pipe_passed_prev~1                                                                                            ; LABCELL_X36_Y17_N51       ; 3       ; Clock enable              ; no     ; --                   ; --               ; --                        ;
; game_logic:GAME_RULE|score_ones_int[3]~6                                                                                           ; LABCELL_X20_Y20_N57       ; 22      ; Sync. clear               ; no     ; --                   ; --               ; --                        ;
; game_logic:GAME_RULE|score_tens_int[2]~2                                                                                           ; LABCELL_X36_Y17_N36       ; 3       ; Clock enable              ; no     ; --                   ; --               ; --                        ;
; game_logic:GAME_RULE|speed_phase_count[2]~1                                                                                        ; LABCELL_X19_Y20_N54       ; 11      ; Clock enable              ; no     ; --                   ; --               ; --                        ;
; game_logic:GAME_RULE|speed_timer_count[9]~1                                                                                        ; LABCELL_X20_Y20_N36       ; 11      ; Clock enable              ; no     ; --                   ; --               ; --                        ;
; game_logic:GAME_RULE|termination_state_count[5]~0                                                                                  ; LABCELL_X10_Y17_N30       ; 9       ; Sync. clear               ; no     ; --                   ; --               ; --                        ;
; game_logic:GAME_RULE|termination_state_count[5]~1                                                                                  ; LABCELL_X21_Y21_N24       ; 9       ; Clock enable              ; no     ; --                   ; --               ; --                        ;
; pll:clock_divider|pll_0002:pll_inst|altera_pll:altera_pll_i|outclk_wire[0]                                                         ; PLLOUTPUTCOUNTER_X0_Y0_N1 ; 750     ; Clock                     ; yes    ; Global Clock         ; GCLK3            ; --                        ;
+------------------------------------------------------------------------------------------------------------------------------------+---------------------------+---------+---------------------------+--------+----------------------+------------------+---------------------------+


+----------------------------------------------------------------------------------------------------------------------------------------------------------------------------------------+
; Global & Other Fast Signals                                                                                                                                                            ;
+----------------------------------------------------------------------------+---------------------------+---------+----------------------+------------------+---------------------------+
; Name                                                                       ; Location                  ; Fan-Out ; Global Resource Used ; Global Line Name ; Enable Signal Source Name ;
+----------------------------------------------------------------------------+---------------------------+---------+----------------------+------------------+---------------------------+
; pll:clock_divider|pll_0002:pll_inst|altera_pll:altera_pll_i|outclk_wire[0] ; PLLOUTPUTCOUNTER_X0_Y0_N1 ; 750     ; Global Clock         ; GCLK3            ; --                        ;
+----------------------------------------------------------------------------+---------------------------+---------+----------------------+------------------+---------------------------+


+---------------------------------------------------------------------------------------------------------------------------------------------------------------------------------------------------------------------------------------------------------------------------------------------------------------------------------------------------------------------------------------------------------------------------------------------------------------------------------------------------------------------------------------------------------------------------------------------------------------------------------------------------------------------------------------------------------------------------------------------------------------------------------------------------------------------------------------------------------------------------------------------------------------------------------------------------------------------------------------------------------------------------------------------------------------------------------------------------------------------------------------------------------------------------------------------------------------------------------------------------------------------------------------------------------------------------------------------------------------------------------------------------------------------------------------------------------------------------------------------------------------------------------------------------------------------------------------------------------------------------------------------------------------------------------------------------------------------------------------------------------------------------------------------------------------------------------------------------------------------------------------------------------------------------------------------------------------------------------------------------------------------------------------------------------------------------------------------------------------------------------------------------------------------------------------------------------------------------------------------------------------------------------------------------------------------------------------------------------------------------------------------------------------------------------------------------------------------------------------------------------------------------------------------------------------------------------------------------------------------------------------------+
; Fitter RAM Summary                                                                                                                                                                                                                                                                                                                                                                                                                                                                                                                                                                                                                                                                                                                                                                                                                                                                                                                                                                                                                                                                                                                                                                                                                                                                                                                                                                                                                                                                                                                                                                                                                                                                                                                                                                                                                                                                                                                                                                                                                                                                                                                                                                                                                                                                                                                                                                                                                                                                                                                                                                                                                          ;
+----------------------------------------------------------------------------------------------------------------------------------------------------------+------+------+--------------+--------------+--------------+--------------+--------------+------------------------+-------------------------+------------------------+-------------------------+--------+-----------------------------+-----------------------------+-----------------------------+-----------------------------+---------------------+-------------+-------+-------------------------------+----------------------------------------------------------------------------------------------------------------------------------------------------------------------------------------------------------------------------------------------------------------------------------------------------------------------------------------------------------------------------------------------------------------------------------------------------------------------------------------------------------------------------------------------------------------------------------------------------------------------------------------------------------------------------------------------------------------------------------------------------------------------------------------------------------------------------------------------------------------------------------------------------------------------------------------------------------------------------------------------------------------------------------------------------------------------------------------------------------------------------------------------------------------------------------------------------------------------------------------------------------------------------------------------------------------------------------------------------------------------------------------------------------------------------------------------------------------------------------------------------------------------------------------------------------------------------------------------------------------------------------------------------------------------------------------------------------------------------------------------------------------------------------------------------------------------------------------------------------------------------------------------------------------------------------------------+----------------------+-----------------+-----------------+----------+------------------------+------------------------+
; Name                                                                                                                                                     ; Type ; Mode ; Clock Mode   ; Port A Depth ; Port A Width ; Port B Depth ; Port B Width ; Port A Input Registers ; Port A Output Registers ; Port B Input Registers ; Port B Output Registers ; Size   ; Implementation Port A Depth ; Implementation Port A Width ; Implementation Port B Depth ; Implementation Port B Width ; Implementation Bits ; M10K blocks ; MLABs ; MIF                           ; Location                                                                                                                                                                                                                                                                                                                                                                                                                                                                                                                                                                                                                                                                                                                                                                                                                                                                                                                                                                                                                                                                                                                                                                                                                                                                                                                                                                                                                                                                                                                                                                                                                                                                                                                                                                                                                                                                                                                                     ; Mixed Width RDW Mode ; Port A RDW Mode ; Port B RDW Mode ; ECC Mode ; ECC Pipeline Registers ; Fits in MLABs          ;
+----------------------------------------------------------------------------------------------------------------------------------------------------------+------+------+--------------+--------------+--------------+--------------+--------------+------------------------+-------------------------+------------------------+-------------------------+--------+-----------------------------+-----------------------------+-----------------------------+-----------------------------+---------------------+-------------+-------+-------------------------------+----------------------------------------------------------------------------------------------------------------------------------------------------------------------------------------------------------------------------------------------------------------------------------------------------------------------------------------------------------------------------------------------------------------------------------------------------------------------------------------------------------------------------------------------------------------------------------------------------------------------------------------------------------------------------------------------------------------------------------------------------------------------------------------------------------------------------------------------------------------------------------------------------------------------------------------------------------------------------------------------------------------------------------------------------------------------------------------------------------------------------------------------------------------------------------------------------------------------------------------------------------------------------------------------------------------------------------------------------------------------------------------------------------------------------------------------------------------------------------------------------------------------------------------------------------------------------------------------------------------------------------------------------------------------------------------------------------------------------------------------------------------------------------------------------------------------------------------------------------------------------------------------------------------------------------------------+----------------------+-----------------+-----------------+----------+------------------------+------------------------+
; BACKGROUND:BG|background_index_rom:INDEX_ROM|altsyncram:ROM|altsyncram_bhv3:auto_generated|ALTSYNCRAM                                                    ; AUTO ; ROM  ; Single Clock ; 307200       ; 3            ; --           ; --           ; yes                    ; no                      ; --                     ; --                      ; 921600 ; 307200                      ; 3                           ; --                          ; --                          ; 921600              ; 113         ; 0     ; background_index_3bit.mif     ; M10K_X38_Y15_N0, M10K_X30_Y21_N0, M10K_X38_Y17_N0, M10K_X38_Y23_N0, M10K_X22_Y13_N0, M10K_X38_Y16_N0, M10K_X30_Y18_N0, M10K_X3_Y23_N0, M10K_X11_Y22_N0, M10K_X11_Y25_N0, M10K_X30_Y17_N0, M10K_X46_Y23_N0, M10K_X11_Y1_N0, M10K_X30_Y20_N0, M10K_X22_Y14_N0, M10K_X22_Y19_N0, M10K_X3_Y14_N0, M10K_X11_Y14_N0, M10K_X22_Y1_N0, M10K_X22_Y15_N0, M10K_X22_Y24_N0, M10K_X3_Y15_N0, M10K_X3_Y6_N0, M10K_X30_Y1_N0, M10K_X3_Y8_N0, M10K_X30_Y4_N0, M10K_X3_Y13_N0, M10K_X3_Y10_N0, M10K_X30_Y13_N0, M10K_X22_Y12_N0, M10K_X30_Y5_N0, M10K_X46_Y11_N0, M10K_X22_Y11_N0, M10K_X11_Y5_N0, M10K_X30_Y12_N0, M10K_X30_Y8_N0, M10K_X22_Y4_N0, M10K_X22_Y9_N0, M10K_X30_Y25_N0, M10K_X38_Y18_N0, M10K_X46_Y21_N0, M10K_X22_Y23_N0, M10K_X38_Y14_N0, M10K_X38_Y20_N0, M10K_X3_Y24_N0, M10K_X30_Y22_N0, M10K_X3_Y5_N0, M10K_X22_Y25_N0, M10K_X38_Y25_N0, M10K_X11_Y18_N0, M10K_X11_Y17_N0, M10K_X22_Y21_N0, M10K_X11_Y13_N0, M10K_X11_Y9_N0, M10K_X3_Y18_N0, M10K_X11_Y21_N0, M10K_X22_Y18_N0, M10K_X22_Y5_N0, M10K_X11_Y20_N0, M10K_X11_Y7_N0, M10K_X30_Y2_N0, M10K_X3_Y11_N0, M10K_X38_Y8_N0, M10K_X11_Y11_N0, M10K_X3_Y12_N0, M10K_X30_Y11_N0, M10K_X22_Y7_N0, M10K_X38_Y21_N0, M10K_X11_Y23_N0, M10K_X46_Y13_N0, M10K_X11_Y16_N0, M10K_X30_Y24_N0, M10K_X30_Y3_N0, M10K_X11_Y12_N0, M10K_X30_Y14_N0, M10K_X30_Y15_N0, M10K_X22_Y16_N0, M10K_X38_Y19_N0, M10K_X38_Y22_N0, M10K_X30_Y19_N0, M10K_X11_Y15_N0, M10K_X30_Y23_N0, M10K_X38_Y24_N0, M10K_X3_Y16_N0, M10K_X3_Y2_N0, M10K_X3_Y21_N0, M10K_X46_Y22_N0, M10K_X11_Y19_N0, M10K_X22_Y17_N0, M10K_X22_Y22_N0, M10K_X11_Y4_N0, M10K_X3_Y19_N0, M10K_X3_Y22_N0, M10K_X11_Y24_N0, M10K_X22_Y20_N0, M10K_X3_Y17_N0, M10K_X3_Y20_N0, M10K_X11_Y3_N0, M10K_X38_Y1_N0, M10K_X22_Y8_N0, M10K_X38_Y6_N0, M10K_X3_Y7_N0, M10K_X11_Y10_N0, M10K_X38_Y11_N0, M10K_X11_Y8_N0, M10K_X22_Y6_N0, M10K_X38_Y13_N0, M10K_X46_Y12_N0, M10K_X11_Y6_N0, M10K_X30_Y10_N0, M10K_X22_Y10_N0, M10K_X22_Y3_N0, M10K_X30_Y9_N0 ; Don't care           ; New data        ; New data        ; Off      ; No                     ; No - Address Too Wide  ;
; BACKGROUND:BG|background_palette_rom:PALETTE_ROM|altsyncram:ROM|altsyncram_cjv3:auto_generated|ALTSYNCRAM                                                ; AUTO ; ROM  ; Single Clock ; 8            ; 12           ; --           ; --           ; yes                    ; no                      ; --                     ; --                      ; 96     ; 8                           ; 12                          ; --                          ; --                          ; 96                  ; 1           ; 0     ; background_palette_rgb444.mif ; M10K_X30_Y16_N0                                                                                                                                                                                                                                                                                                                                                                                                                                                                                                                                                                                                                                                                                                                                                                                                                                                                                                                                                                                                                                                                                                                                                                                                                                                                                                                                                                                                                                                                                                                                                                                                                                                                                                                                                                                                                                                                                                                              ; Don't care           ; New data        ; New data        ; Off      ; No                     ; Yes                    ;
; BUBBLES:BUBBLE_LAYER|bubble_rom:BUBBLE_IMAGE|altsyncram:altsyncram_component|altsyncram_q224:auto_generated|ALTSYNCRAM                                   ; AUTO ; ROM  ; Single Clock ; 64           ; 12           ; --           ; --           ; yes                    ; no                      ; --                     ; --                      ; 768    ; 64                          ; 12                          ; --                          ; --                          ; 768                 ; 1           ; 0     ; bubble.mif                    ; M10K_X38_Y12_N0                                                                                                                                                                                                                                                                                                                                                                                                                                                                                                                                                                                                                                                                                                                                                                                                                                                                                                                                                                                                                                                                                                                                                                                                                                                                                                                                                                                                                                                                                                                                                                                                                                                                                                                                                                                                                                                                                                                              ; Don't care           ; New data        ; New data        ; Off      ; No                     ; Yes                    ;
; GAME_OVER_TEXT:GAME_OVER_TEXT_INSTANCE|char_rom:\GEN_CHARS:0:CHAR_ROM_INST|altsyncram:altsyncram_component|altsyncram_d5g1:auto_generated|ALTSYNCRAM     ; AUTO ; ROM  ; Single Clock ; 512          ; 8            ; --           ; --           ; yes                    ; no                      ; --                     ; --                      ; 4096   ; 8                           ; 8                           ; --                          ; --                          ; 64                  ; 1           ; 0     ; tcgrom.mif                    ; M10K_X38_Y4_N0                                                                                                                                                                                                                                                                                                                                                                                                                                                                                                                                                                                                                                                                                                                                                                                                                                                                                                                                                                                                                                                                                                                                                                                                                                                                                                                                                                                                                                                                                                                                                                                                                                                                                                                                                                                                                                                                                                                               ; Don't care           ; New data        ; New data        ; Off      ; No                     ; No - Unsupported Depth ;
; GAME_OVER_TEXT:GAME_OVER_TEXT_INSTANCE|char_rom:\GEN_CHARS:1:CHAR_ROM_INST|altsyncram:altsyncram_component|altsyncram_d5g1:auto_generated|ALTSYNCRAM     ; AUTO ; ROM  ; Single Clock ; 512          ; 8            ; --           ; --           ; yes                    ; no                      ; --                     ; --                      ; 4096   ; 8                           ; 8                           ; --                          ; --                          ; 64                  ; 1           ; 0     ; tcgrom.mif                    ; M10K_X38_Y5_N0                                                                                                                                                                                                                                                                                                                                                                                                                                                                                                                                                                                                                                                                                                                                                                                                                                                                                                                                                                                                                                                                                                                                                                                                                                                                                                                                                                                                                                                                                                                                                                                                                                                                                                                                                                                                                                                                                                                               ; Don't care           ; New data        ; New data        ; Off      ; No                     ; No - Unsupported Depth ;
; GAME_OVER_TEXT:GAME_OVER_TEXT_INSTANCE|char_rom:\GEN_CHARS:2:CHAR_ROM_INST|altsyncram:altsyncram_component|altsyncram_d5g1:auto_generated|ALTSYNCRAM     ; AUTO ; ROM  ; Single Clock ; 512          ; 8            ; --           ; --           ; yes                    ; no                      ; --                     ; --                      ; 4096   ; 8                           ; 8                           ; --                          ; --                          ; 64                  ; 1           ; 0     ; tcgrom.mif                    ; M10K_X38_Y5_N0                                                                                                                                                                                                                                                                                                                                                                                                                                                                                                                                                                                                                                                                                                                                                                                                                                                                                                                                                                                                                                                                                                                                                                                                                                                                                                                                                                                                                                                                                                                                                                                                                                                                                                                                                                                                                                                                                                                               ; Don't care           ; New data        ; New data        ; Off      ; No                     ; No - Unsupported Depth ;
; GAME_OVER_TEXT:GAME_OVER_TEXT_INSTANCE|char_rom:\GEN_CHARS:3:CHAR_ROM_INST|altsyncram:altsyncram_component|altsyncram_d5g1:auto_generated|ALTSYNCRAM     ; AUTO ; ROM  ; Single Clock ; 512          ; 8            ; --           ; --           ; yes                    ; no                      ; --                     ; --                      ; 4096   ; 8                           ; 8                           ; --                          ; --                          ; 64                  ; 1           ; 0     ; tcgrom.mif                    ; M10K_X38_Y5_N0                                                                                                                                                                                                                                                                                                                                                                                                                                                                                                                                                                                                                                                                                                                                                                                                                                                                                                                                                                                                                                                                                                                                                                                                                                                                                                                                                                                                                                                                                                                                                                                                                                                                                                                                                                                                                                                                                                                               ; Don't care           ; New data        ; New data        ; Off      ; No                     ; No - Unsupported Depth ;
; GAME_OVER_TEXT:GAME_OVER_TEXT_INSTANCE|char_rom:\GEN_CHARS:4:CHAR_ROM_INST|altsyncram:altsyncram_component|altsyncram_d5g1:auto_generated|ALTSYNCRAM     ; AUTO ; ROM  ; Single Clock ; 512          ; 8            ; --           ; --           ; yes                    ; no                      ; --                     ; --                      ; 4096   ; 8                           ; 8                           ; --                          ; --                          ; 64                  ; 1           ; 0     ; tcgrom.mif                    ; M10K_X38_Y5_N0                                                                                                                                                                                                                                                                                                                                                                                                                                                                                                                                                                                                                                                                                                                                                                                                                                                                                                                                                                                                                                                                                                                                                                                                                                                                                                                                                                                                                                                                                                                                                                                                                                                                                                                                                                                                                                                                                                                               ; Don't care           ; New data        ; New data        ; Off      ; No                     ; No - Unsupported Depth ;
; GAME_OVER_TEXT:GAME_OVER_TEXT_INSTANCE|char_rom:\GEN_CHARS:5:CHAR_ROM_INST|altsyncram:altsyncram_component|altsyncram_d5g1:auto_generated|ALTSYNCRAM     ; AUTO ; ROM  ; Single Clock ; 512          ; 8            ; --           ; --           ; yes                    ; no                      ; --                     ; --                      ; 4096   ; 8                           ; 8                           ; --                          ; --                          ; 64                  ; 1           ; 0     ; tcgrom.mif                    ; M10K_X38_Y9_N0                                                                                                                                                                                                                                                                                                                                                                                                                                                                                                                                                                                                                                                                                                                                                                                                                                                                                                                                                                                                                                                                                                                                                                                                                                                                                                                                                                                                                                                                                                                                                                                                                                                                                                                                                                                                                                                                                                                               ; Don't care           ; New data        ; New data        ; Off      ; No                     ; No - Unsupported Depth ;
; GAME_OVER_TEXT:GAME_OVER_TEXT_INSTANCE|char_rom:\GEN_CHARS:6:CHAR_ROM_INST|altsyncram:altsyncram_component|altsyncram_d5g1:auto_generated|ALTSYNCRAM     ; AUTO ; ROM  ; Single Clock ; 512          ; 8            ; --           ; --           ; yes                    ; no                      ; --                     ; --                      ; 4096   ; 8                           ; 8                           ; --                          ; --                          ; 64                  ; 1           ; 0     ; tcgrom.mif                    ; M10K_X38_Y5_N0                                                                                                                                                                                                                                                                                                                                                                                                                                                                                                                                                                                                                                                                                                                                                                                                                                                                                                                                                                                                                                                                                                                                                                                                                                                                                                                                                                                                                                                                                                                                                                                                                                                                                                                                                                                                                                                                                                                               ; Don't care           ; New data        ; New data        ; Off      ; No                     ; No - Unsupported Depth ;
; GAME_OVER_TEXT:GAME_OVER_TEXT_INSTANCE|char_rom:\GEN_CHARS:7:CHAR_ROM_INST|altsyncram:altsyncram_component|altsyncram_d5g1:auto_generated|ALTSYNCRAM     ; AUTO ; ROM  ; Single Clock ; 512          ; 8            ; --           ; --           ; yes                    ; no                      ; --                     ; --                      ; 4096   ; 8                           ; 8                           ; --                          ; --                          ; 64                  ; 1           ; 0     ; tcgrom.mif                    ; M10K_X38_Y9_N0                                                                                                                                                                                                                                                                                                                                                                                                                                                                                                                                                                                                                                                                                                                                                                                                                                                                                                                                                                                                                                                                                                                                                                                                                                                                                                                                                                                                                                                                                                                                                                                                                                                                                                                                                                                                                                                                                                                               ; Don't care           ; New data        ; New data        ; Off      ; No                     ; No - Unsupported Depth ;
; GAME_OVER_TEXT:GAME_OVER_TEXT_INSTANCE|char_rom:\GEN_CHARS:8:CHAR_ROM_INST|altsyncram:altsyncram_component|altsyncram_d5g1:auto_generated|ALTSYNCRAM     ; AUTO ; ROM  ; Single Clock ; 512          ; 8            ; --           ; --           ; yes                    ; no                      ; --                     ; --                      ; 4096   ; 8                           ; 8                           ; --                          ; --                          ; 64                  ; 1           ; 0     ; tcgrom.mif                    ; M10K_X38_Y4_N0                                                                                                                                                                                                                                                                                                                                                                                                                                                                                                                                                                                                                                                                                                                                                                                                                                                                                                                                                                                                                                                                                                                                                                                                                                                                                                                                                                                                                                                                                                                                                                                                                                                                                                                                                                                                                                                                                                                               ; Don't care           ; New data        ; New data        ; Off      ; No                     ; No - Unsupported Depth ;
; GAME_WON_TEXT:GAME_WON_TEXT_INSTANCE|char_rom:\GEN_CHARS:0:CHAR_ROM_INST|altsyncram:altsyncram_component|altsyncram_d5g1:auto_generated|ALTSYNCRAM       ; AUTO ; ROM  ; Single Clock ; 512          ; 8            ; --           ; --           ; yes                    ; no                      ; --                     ; --                      ; 4096   ; 8                           ; 8                           ; --                          ; --                          ; 64                  ; 1           ; 0     ; tcgrom.mif                    ; M10K_X30_Y6_N0                                                                                                                                                                                                                                                                                                                                                                                                                                                                                                                                                                                                                                                                                                                                                                                                                                                                                                                                                                                                                                                                                                                                                                                                                                                                                                                                                                                                                                                                                                                                                                                                                                                                                                                                                                                                                                                                                                                               ; Don't care           ; New data        ; New data        ; Off      ; No                     ; No - Unsupported Depth ;
; GAME_WON_TEXT:GAME_WON_TEXT_INSTANCE|char_rom:\GEN_CHARS:1:CHAR_ROM_INST|altsyncram:altsyncram_component|altsyncram_d5g1:auto_generated|ALTSYNCRAM       ; AUTO ; ROM  ; Single Clock ; 512          ; 8            ; --           ; --           ; yes                    ; no                      ; --                     ; --                      ; 4096   ; 8                           ; 8                           ; --                          ; --                          ; 64                  ; 1           ; 0     ; tcgrom.mif                    ; M10K_X30_Y6_N0                                                                                                                                                                                                                                                                                                                                                                                                                                                                                                                                                                                                                                                                                                                                                                                                                                                                                                                                                                                                                                                                                                                                                                                                                                                                                                                                                                                                                                                                                                                                                                                                                                                                                                                                                                                                                                                                                                                               ; Don't care           ; New data        ; New data        ; Off      ; No                     ; No - Unsupported Depth ;
; GAME_WON_TEXT:GAME_WON_TEXT_INSTANCE|char_rom:\GEN_CHARS:2:CHAR_ROM_INST|altsyncram:altsyncram_component|altsyncram_d5g1:auto_generated|ALTSYNCRAM       ; AUTO ; ROM  ; Single Clock ; 512          ; 8            ; --           ; --           ; yes                    ; no                      ; --                     ; --                      ; 4096   ; 8                           ; 8                           ; --                          ; --                          ; 64                  ; 1           ; 0     ; tcgrom.mif                    ; M10K_X30_Y6_N0                                                                                                                                                                                                                                                                                                                                                                                                                                                                                                                                                                                                                                                                                                                                                                                                                                                                                                                                                                                                                                                                                                                                                                                                                                                                                                                                                                                                                                                                                                                                                                                                                                                                                                                                                                                                                                                                                                                               ; Don't care           ; New data        ; New data        ; Off      ; No                     ; No - Unsupported Depth ;
; GAME_WON_TEXT:GAME_WON_TEXT_INSTANCE|char_rom:\GEN_CHARS:3:CHAR_ROM_INST|altsyncram:altsyncram_component|altsyncram_d5g1:auto_generated|ALTSYNCRAM       ; AUTO ; ROM  ; Single Clock ; 512          ; 8            ; --           ; --           ; yes                    ; no                      ; --                     ; --                      ; 4096   ; 8                           ; 8                           ; --                          ; --                          ; 64                  ; 1           ; 0     ; tcgrom.mif                    ; M10K_X30_Y6_N0                                                                                                                                                                                                                                                                                                                                                                                                                                                                                                                                                                                                                                                                                                                                                                                                                                                                                                                                                                                                                                                                                                                                                                                                                                                                                                                                                                                                                                                                                                                                                                                                                                                                                                                                                                                                                                                                                                                               ; Don't care           ; New data        ; New data        ; Off      ; No                     ; No - Unsupported Depth ;
; GAME_WON_TEXT:GAME_WON_TEXT_INSTANCE|char_rom:\GEN_CHARS:4:CHAR_ROM_INST|altsyncram:altsyncram_component|altsyncram_d5g1:auto_generated|ALTSYNCRAM       ; AUTO ; ROM  ; Single Clock ; 512          ; 8            ; --           ; --           ; yes                    ; no                      ; --                     ; --                      ; 4096   ; 8                           ; 8                           ; --                          ; --                          ; 64                  ; 1           ; 0     ; tcgrom.mif                    ; M10K_X38_Y4_N0                                                                                                                                                                                                                                                                                                                                                                                                                                                                                                                                                                                                                                                                                                                                                                                                                                                                                                                                                                                                                                                                                                                                                                                                                                                                                                                                                                                                                                                                                                                                                                                                                                                                                                                                                                                                                                                                                                                               ; Don't care           ; New data        ; New data        ; Off      ; No                     ; No - Unsupported Depth ;
; GAME_WON_TEXT:GAME_WON_TEXT_INSTANCE|char_rom:\GEN_CHARS:5:CHAR_ROM_INST|altsyncram:altsyncram_component|altsyncram_d5g1:auto_generated|ALTSYNCRAM       ; AUTO ; ROM  ; Single Clock ; 512          ; 8            ; --           ; --           ; yes                    ; no                      ; --                     ; --                      ; 4096   ; 8                           ; 8                           ; --                          ; --                          ; 64                  ; 1           ; 0     ; tcgrom.mif                    ; M10K_X38_Y4_N0                                                                                                                                                                                                                                                                                                                                                                                                                                                                                                                                                                                                                                                                                                                                                                                                                                                                                                                                                                                                                                                                                                                                                                                                                                                                                                                                                                                                                                                                                                                                                                                                                                                                                                                                                                                                                                                                                                                               ; Don't care           ; New data        ; New data        ; Off      ; No                     ; No - Unsupported Depth ;
; GAME_WON_TEXT:GAME_WON_TEXT_INSTANCE|char_rom:\GEN_CHARS:6:CHAR_ROM_INST|altsyncram:altsyncram_component|altsyncram_d5g1:auto_generated|ALTSYNCRAM       ; AUTO ; ROM  ; Single Clock ; 512          ; 8            ; --           ; --           ; yes                    ; no                      ; --                     ; --                      ; 4096   ; 8                           ; 8                           ; --                          ; --                          ; 64                  ; 1           ; 0     ; tcgrom.mif                    ; M10K_X30_Y6_N0                                                                                                                                                                                                                                                                                                                                                                                                                                                                                                                                                                                                                                                                                                                                                                                                                                                                                                                                                                                                                                                                                                                                                                                                                                                                                                                                                                                                                                                                                                                                                                                                                                                                                                                                                                                                                                                                                                                               ; Don't care           ; New data        ; New data        ; Off      ; No                     ; No - Unsupported Depth ;
; GAME_WON_TEXT:GAME_WON_TEXT_INSTANCE|char_rom:\GEN_CHARS:7:CHAR_ROM_INST|altsyncram:altsyncram_component|altsyncram_d5g1:auto_generated|ALTSYNCRAM       ; AUTO ; ROM  ; Single Clock ; 512          ; 8            ; --           ; --           ; yes                    ; no                      ; --                     ; --                      ; 4096   ; 8                           ; 8                           ; --                          ; --                          ; 64                  ; 1           ; 0     ; tcgrom.mif                    ; M10K_X38_Y4_N0                                                                                                                                                                                                                                                                                                                                                                                                                                                                                                                                                                                                                                                                                                                                                                                                                                                                                                                                                                                                                                                                                                                                                                                                                                                                                                                                                                                                                                                                                                                                                                                                                                                                                                                                                                                                                                                                                                                               ; Don't care           ; New data        ; New data        ; Off      ; No                     ; No - Unsupported Depth ;
; HOME_DISPLAY_TEXT:HOME_SCREEN_TEXT|char_rom:\GEN_CHARS:0:CHAR_ROM_INST|altsyncram:altsyncram_component|altsyncram_d5g1:auto_generated|ALTSYNCRAM         ; AUTO ; ROM  ; Single Clock ; 512          ; 8            ; --           ; --           ; yes                    ; no                      ; --                     ; --                      ; 4096   ; 8                           ; 8                           ; --                          ; --                          ; 64                  ; 1           ; 0     ; tcgrom.mif                    ; M10K_X30_Y7_N0                                                                                                                                                                                                                                                                                                                                                                                                                                                                                                                                                                                                                                                                                                                                                                                                                                                                                                                                                                                                                                                                                                                                                                                                                                                                                                                                                                                                                                                                                                                                                                                                                                                                                                                                                                                                                                                                                                                               ; Don't care           ; New data        ; New data        ; Off      ; No                     ; No - Unsupported Depth ;
; HOME_DISPLAY_TEXT:HOME_SCREEN_TEXT|char_rom:\GEN_CHARS:10:CHAR_ROM_INST|altsyncram:altsyncram_component|altsyncram_d5g1:auto_generated|ALTSYNCRAM        ; AUTO ; ROM  ; Single Clock ; 512          ; 8            ; --           ; --           ; yes                    ; no                      ; --                     ; --                      ; 4096   ; 8                           ; 8                           ; --                          ; --                          ; 64                  ; 1           ; 0     ; tcgrom.mif                    ; M10K_X30_Y7_N0                                                                                                                                                                                                                                                                                                                                                                                                                                                                                                                                                                                                                                                                                                                                                                                                                                                                                                                                                                                                                                                                                                                                                                                                                                                                                                                                                                                                                                                                                                                                                                                                                                                                                                                                                                                                                                                                                                                               ; Don't care           ; New data        ; New data        ; Off      ; No                     ; No - Unsupported Depth ;
; HOME_DISPLAY_TEXT:HOME_SCREEN_TEXT|char_rom:\GEN_CHARS:11:CHAR_ROM_INST|altsyncram:altsyncram_component|altsyncram_d5g1:auto_generated|ALTSYNCRAM        ; AUTO ; ROM  ; Single Clock ; 512          ; 8            ; --           ; --           ; yes                    ; no                      ; --                     ; --                      ; 4096   ; 8                           ; 8                           ; --                          ; --                          ; 64                  ; 1           ; 0     ; tcgrom.mif                    ; M10K_X30_Y7_N0                                                                                                                                                                                                                                                                                                                                                                                                                                                                                                                                                                                                                                                                                                                                                                                                                                                                                                                                                                                                                                                                                                                                                                                                                                                                                                                                                                                                                                                                                                                                                                                                                                                                                                                                                                                                                                                                                                                               ; Don't care           ; New data        ; New data        ; Off      ; No                     ; No - Unsupported Depth ;
; HOME_DISPLAY_TEXT:HOME_SCREEN_TEXT|char_rom:\GEN_CHARS:12:CHAR_ROM_INST|altsyncram:altsyncram_component|altsyncram_d5g1:auto_generated|ALTSYNCRAM        ; AUTO ; ROM  ; Single Clock ; 512          ; 8            ; --           ; --           ; yes                    ; no                      ; --                     ; --                      ; 4096   ; 8                           ; 8                           ; --                          ; --                          ; 64                  ; 1           ; 0     ; tcgrom.mif                    ; M10K_X38_Y2_N0                                                                                                                                                                                                                                                                                                                                                                                                                                                                                                                                                                                                                                                                                                                                                                                                                                                                                                                                                                                                                                                                                                                                                                                                                                                                                                                                                                                                                                                                                                                                                                                                                                                                                                                                                                                                                                                                                                                               ; Don't care           ; New data        ; New data        ; Off      ; No                     ; No - Unsupported Depth ;
; HOME_DISPLAY_TEXT:HOME_SCREEN_TEXT|char_rom:\GEN_CHARS:13:CHAR_ROM_INST|altsyncram:altsyncram_component|altsyncram_d5g1:auto_generated|ALTSYNCRAM        ; AUTO ; ROM  ; Single Clock ; 512          ; 8            ; --           ; --           ; yes                    ; no                      ; --                     ; --                      ; 4096   ; 8                           ; 8                           ; --                          ; --                          ; 64                  ; 1           ; 0     ; tcgrom.mif                    ; M10K_X38_Y3_N0                                                                                                                                                                                                                                                                                                                                                                                                                                                                                                                                                                                                                                                                                                                                                                                                                                                                                                                                                                                                                                                                                                                                                                                                                                                                                                                                                                                                                                                                                                                                                                                                                                                                                                                                                                                                                                                                                                                               ; Don't care           ; New data        ; New data        ; Off      ; No                     ; No - Unsupported Depth ;
; HOME_DISPLAY_TEXT:HOME_SCREEN_TEXT|char_rom:\GEN_CHARS:1:CHAR_ROM_INST|altsyncram:altsyncram_component|altsyncram_d5g1:auto_generated|ALTSYNCRAM         ; AUTO ; ROM  ; Single Clock ; 512          ; 8            ; --           ; --           ; yes                    ; no                      ; --                     ; --                      ; 4096   ; 8                           ; 8                           ; --                          ; --                          ; 64                  ; 1           ; 0     ; tcgrom.mif                    ; M10K_X38_Y2_N0                                                                                                                                                                                                                                                                                                                                                                                                                                                                                                                                                                                                                                                                                                                                                                                                                                                                                                                                                                                                                                                                                                                                                                                                                                                                                                                                                                                                                                                                                                                                                                                                                                                                                                                                                                                                                                                                                                                               ; Don't care           ; New data        ; New data        ; Off      ; No                     ; No - Unsupported Depth ;
; HOME_DISPLAY_TEXT:HOME_SCREEN_TEXT|char_rom:\GEN_CHARS:2:CHAR_ROM_INST|altsyncram:altsyncram_component|altsyncram_d5g1:auto_generated|ALTSYNCRAM         ; AUTO ; ROM  ; Single Clock ; 512          ; 8            ; --           ; --           ; yes                    ; no                      ; --                     ; --                      ; 4096   ; 8                           ; 8                           ; --                          ; --                          ; 64                  ; 1           ; 0     ; tcgrom.mif                    ; M10K_X30_Y7_N0                                                                                                                                                                                                                                                                                                                                                                                                                                                                                                                                                                                                                                                                                                                                                                                                                                                                                                                                                                                                                                                                                                                                                                                                                                                                                                                                                                                                                                                                                                                                                                                                                                                                                                                                                                                                                                                                                                                               ; Don't care           ; New data        ; New data        ; Off      ; No                     ; No - Unsupported Depth ;
; HOME_DISPLAY_TEXT:HOME_SCREEN_TEXT|char_rom:\GEN_CHARS:3:CHAR_ROM_INST|altsyncram:altsyncram_component|altsyncram_d5g1:auto_generated|ALTSYNCRAM         ; AUTO ; ROM  ; Single Clock ; 512          ; 8            ; --           ; --           ; yes                    ; no                      ; --                     ; --                      ; 4096   ; 8                           ; 8                           ; --                          ; --                          ; 64                  ; 1           ; 0     ; tcgrom.mif                    ; M10K_X30_Y7_N0                                                                                                                                                                                                                                                                                                                                                                                                                                                                                                                                                                                                                                                                                                                                                                                                                                                                                                                                                                                                                                                                                                                                                                                                                                                                                                                                                                                                                                                                                                                                                                                                                                                                                                                                                                                                                                                                                                                               ; Don't care           ; New data        ; New data        ; Off      ; No                     ; No - Unsupported Depth ;
; HOME_DISPLAY_TEXT:HOME_SCREEN_TEXT|char_rom:\GEN_CHARS:4:CHAR_ROM_INST|altsyncram:altsyncram_component|altsyncram_d5g1:auto_generated|ALTSYNCRAM         ; AUTO ; ROM  ; Single Clock ; 512          ; 8            ; --           ; --           ; yes                    ; no                      ; --                     ; --                      ; 4096   ; 8                           ; 8                           ; --                          ; --                          ; 64                  ; 1           ; 0     ; tcgrom.mif                    ; M10K_X38_Y2_N0                                                                                                                                                                                                                                                                                                                                                                                                                                                                                                                                                                                                                                                                                                                                                                                                                                                                                                                                                                                                                                                                                                                                                                                                                                                                                                                                                                                                                                                                                                                                                                                                                                                                                                                                                                                                                                                                                                                               ; Don't care           ; New data        ; New data        ; Off      ; No                     ; No - Unsupported Depth ;
; HOME_DISPLAY_TEXT:HOME_SCREEN_TEXT|char_rom:\GEN_CHARS:5:CHAR_ROM_INST|altsyncram:altsyncram_component|altsyncram_d5g1:auto_generated|ALTSYNCRAM         ; AUTO ; ROM  ; Single Clock ; 512          ; 8            ; --           ; --           ; yes                    ; no                      ; --                     ; --                      ; 4096   ; 8                           ; 8                           ; --                          ; --                          ; 64                  ; 1           ; 0     ; tcgrom.mif                    ; M10K_X38_Y9_N0                                                                                                                                                                                                                                                                                                                                                                                                                                                                                                                                                                                                                                                                                                                                                                                                                                                                                                                                                                                                                                                                                                                                                                                                                                                                                                                                                                                                                                                                                                                                                                                                                                                                                                                                                                                                                                                                                                                               ; Don't care           ; New data        ; New data        ; Off      ; No                     ; No - Unsupported Depth ;
; HOME_DISPLAY_TEXT:HOME_SCREEN_TEXT|char_rom:\GEN_CHARS:6:CHAR_ROM_INST|altsyncram:altsyncram_component|altsyncram_d5g1:auto_generated|ALTSYNCRAM         ; AUTO ; ROM  ; Single Clock ; 512          ; 8            ; --           ; --           ; yes                    ; no                      ; --                     ; --                      ; 4096   ; 8                           ; 8                           ; --                          ; --                          ; 64                  ; 1           ; 0     ; tcgrom.mif                    ; M10K_X38_Y2_N0                                                                                                                                                                                                                                                                                                                                                                                                                                                                                                                                                                                                                                                                                                                                                                                                                                                                                                                                                                                                                                                                                                                                                                                                                                                                                                                                                                                                                                                                                                                                                                                                                                                                                                                                                                                                                                                                                                                               ; Don't care           ; New data        ; New data        ; Off      ; No                     ; No - Unsupported Depth ;
; HOME_DISPLAY_TEXT:HOME_SCREEN_TEXT|char_rom:\GEN_CHARS:7:CHAR_ROM_INST|altsyncram:altsyncram_component|altsyncram_d5g1:auto_generated|ALTSYNCRAM         ; AUTO ; ROM  ; Single Clock ; 512          ; 8            ; --           ; --           ; yes                    ; no                      ; --                     ; --                      ; 4096   ; 8                           ; 8                           ; --                          ; --                          ; 64                  ; 1           ; 0     ; tcgrom.mif                    ; M10K_X38_Y9_N0                                                                                                                                                                                                                                                                                                                                                                                                                                                                                                                                                                                                                                                                                                                                                                                                                                                                                                                                                                                                                                                                                                                                                                                                                                                                                                                                                                                                                                                                                                                                                                                                                                                                                                                                                                                                                                                                                                                               ; Don't care           ; New data        ; New data        ; Off      ; No                     ; No - Unsupported Depth ;
; HOME_DISPLAY_TEXT:HOME_SCREEN_TEXT|char_rom:\GEN_CHARS:8:CHAR_ROM_INST|altsyncram:altsyncram_component|altsyncram_d5g1:auto_generated|ALTSYNCRAM         ; AUTO ; ROM  ; Single Clock ; 512          ; 8            ; --           ; --           ; yes                    ; no                      ; --                     ; --                      ; 4096   ; 8                           ; 8                           ; --                          ; --                          ; 64                  ; 1           ; 0     ; tcgrom.mif                    ; M10K_X38_Y2_N0                                                                                                                                                                                                                                                                                                                                                                                                                                                                                                                                                                                                                                                                                                                                                                                                                                                                                                                                                                                                                                                                                                                                                                                                                                                                                                                                                                                                                                                                                                                                                                                                                                                                                                                                                                                                                                                                                                                               ; Don't care           ; New data        ; New data        ; Off      ; No                     ; No - Unsupported Depth ;
; HOME_DISPLAY_TEXT:HOME_SCREEN_TEXT|char_rom:\GEN_CHARS:9:CHAR_ROM_INST|altsyncram:altsyncram_component|altsyncram_d5g1:auto_generated|ALTSYNCRAM         ; AUTO ; ROM  ; Single Clock ; 512          ; 8            ; --           ; --           ; yes                    ; no                      ; --                     ; --                      ; 4096   ; 8                           ; 8                           ; --                          ; --                          ; 64                  ; 1           ; 0     ; tcgrom.mif                    ; M10K_X38_Y9_N0                                                                                                                                                                                                                                                                                                                                                                                                                                                                                                                                                                                                                                                                                                                                                                                                                                                                                                                                                                                                                                                                                                                                                                                                                                                                                                                                                                                                                                                                                                                                                                                                                                                                                                                                                                                                                                                                                                                               ; Don't care           ; New data        ; New data        ; Off      ; No                     ; No - Unsupported Depth ;
; HOME_DISPLAY_TEXT:HOME_SCREEN_TEXT|char_rom:\GEN_MODE_CHARS:0:mode_CHAR_ROM|altsyncram:altsyncram_component|altsyncram_d5g1:auto_generated|ALTSYNCRAM    ; AUTO ; ROM  ; Single Clock ; 512          ; 8            ; --           ; --           ; yes                    ; no                      ; --                     ; --                      ; 4096   ; 8                           ; 8                           ; --                          ; --                          ; 64                  ; 1           ; 0     ; tcgrom.mif                    ; M10K_X51_Y5_N0                                                                                                                                                                                                                                                                                                                                                                                                                                                                                                                                                                                                                                                                                                                                                                                                                                                                                                                                                                                                                                                                                                                                                                                                                                                                                                                                                                                                                                                                                                                                                                                                                                                                                                                                                                                                                                                                                                                               ; Don't care           ; New data        ; New data        ; Off      ; No                     ; No - Unsupported Depth ;
; HOME_DISPLAY_TEXT:HOME_SCREEN_TEXT|char_rom:\GEN_MODE_CHARS:10:mode_CHAR_ROM|altsyncram:altsyncram_component|altsyncram_d5g1:auto_generated|ALTSYNCRAM   ; AUTO ; ROM  ; Single Clock ; 512          ; 8            ; --           ; --           ; yes                    ; no                      ; --                     ; --                      ; 4096   ; 8                           ; 8                           ; --                          ; --                          ; 64                  ; 1           ; 0     ; tcgrom.mif                    ; M10K_X51_Y9_N0                                                                                                                                                                                                                                                                                                                                                                                                                                                                                                                                                                                                                                                                                                                                                                                                                                                                                                                                                                                                                                                                                                                                                                                                                                                                                                                                                                                                                                                                                                                                                                                                                                                                                                                                                                                                                                                                                                                               ; Don't care           ; New data        ; New data        ; Off      ; No                     ; No - Unsupported Depth ;
; HOME_DISPLAY_TEXT:HOME_SCREEN_TEXT|char_rom:\GEN_MODE_CHARS:11:mode_CHAR_ROM|altsyncram:altsyncram_component|altsyncram_d5g1:auto_generated|ALTSYNCRAM   ; AUTO ; ROM  ; Single Clock ; 512          ; 8            ; --           ; --           ; yes                    ; no                      ; --                     ; --                      ; 4096   ; 8                           ; 8                           ; --                          ; --                          ; 64                  ; 1           ; 0     ; tcgrom.mif                    ; M10K_X51_Y11_N0                                                                                                                                                                                                                                                                                                                                                                                                                                                                                                                                                                                                                                                                                                                                                                                                                                                                                                                                                                                                                                                                                                                                                                                                                                                                                                                                                                                                                                                                                                                                                                                                                                                                                                                                                                                                                                                                                                                              ; Don't care           ; New data        ; New data        ; Off      ; No                     ; No - Unsupported Depth ;
; HOME_DISPLAY_TEXT:HOME_SCREEN_TEXT|char_rom:\GEN_MODE_CHARS:12:mode_CHAR_ROM|altsyncram:altsyncram_component|altsyncram_d5g1:auto_generated|ALTSYNCRAM   ; AUTO ; ROM  ; Single Clock ; 512          ; 8            ; --           ; --           ; yes                    ; no                      ; --                     ; --                      ; 4096   ; 8                           ; 8                           ; --                          ; --                          ; 64                  ; 1           ; 0     ; tcgrom.mif                    ; M10K_X51_Y10_N0                                                                                                                                                                                                                                                                                                                                                                                                                                                                                                                                                                                                                                                                                                                                                                                                                                                                                                                                                                                                                                                                                                                                                                                                                                                                                                                                                                                                                                                                                                                                                                                                                                                                                                                                                                                                                                                                                                                              ; Don't care           ; New data        ; New data        ; Off      ; No                     ; No - Unsupported Depth ;
; HOME_DISPLAY_TEXT:HOME_SCREEN_TEXT|char_rom:\GEN_MODE_CHARS:13:mode_CHAR_ROM|altsyncram:altsyncram_component|altsyncram_d5g1:auto_generated|ALTSYNCRAM   ; AUTO ; ROM  ; Single Clock ; 512          ; 8            ; --           ; --           ; yes                    ; no                      ; --                     ; --                      ; 4096   ; 8                           ; 8                           ; --                          ; --                          ; 64                  ; 1           ; 0     ; tcgrom.mif                    ; M10K_X51_Y11_N0                                                                                                                                                                                                                                                                                                                                                                                                                                                                                                                                                                                                                                                                                                                                                                                                                                                                                                                                                                                                                                                                                                                                                                                                                                                                                                                                                                                                                                                                                                                                                                                                                                                                                                                                                                                                                                                                                                                              ; Don't care           ; New data        ; New data        ; Off      ; No                     ; No - Unsupported Depth ;
; HOME_DISPLAY_TEXT:HOME_SCREEN_TEXT|char_rom:\GEN_MODE_CHARS:14:mode_CHAR_ROM|altsyncram:altsyncram_component|altsyncram_d5g1:auto_generated|ALTSYNCRAM   ; AUTO ; ROM  ; Single Clock ; 512          ; 8            ; --           ; --           ; yes                    ; no                      ; --                     ; --                      ; 4096   ; 8                           ; 8                           ; --                          ; --                          ; 64                  ; 1           ; 0     ; tcgrom.mif                    ; M10K_X46_Y8_N0                                                                                                                                                                                                                                                                                                                                                                                                                                                                                                                                                                                                                                                                                                                                                                                                                                                                                                                                                                                                                                                                                                                                                                                                                                                                                                                                                                                                                                                                                                                                                                                                                                                                                                                                                                                                                                                                                                                               ; Don't care           ; New data        ; New data        ; Off      ; No                     ; No - Unsupported Depth ;
; HOME_DISPLAY_TEXT:HOME_SCREEN_TEXT|char_rom:\GEN_MODE_CHARS:15:mode_CHAR_ROM|altsyncram:altsyncram_component|altsyncram_d5g1:auto_generated|ALTSYNCRAM   ; AUTO ; ROM  ; Single Clock ; 512          ; 8            ; --           ; --           ; yes                    ; no                      ; --                     ; --                      ; 4096   ; 8                           ; 8                           ; --                          ; --                          ; 64                  ; 1           ; 0     ; tcgrom.mif                    ; M10K_X46_Y9_N0                                                                                                                                                                                                                                                                                                                                                                                                                                                                                                                                                                                                                                                                                                                                                                                                                                                                                                                                                                                                                                                                                                                                                                                                                                                                                                                                                                                                                                                                                                                                                                                                                                                                                                                                                                                                                                                                                                                               ; Don't care           ; New data        ; New data        ; Off      ; No                     ; No - Unsupported Depth ;
; HOME_DISPLAY_TEXT:HOME_SCREEN_TEXT|char_rom:\GEN_MODE_CHARS:16:mode_CHAR_ROM|altsyncram:altsyncram_component|altsyncram_d5g1:auto_generated|ALTSYNCRAM   ; AUTO ; ROM  ; Single Clock ; 512          ; 8            ; --           ; --           ; yes                    ; no                      ; --                     ; --                      ; 4096   ; 8                           ; 8                           ; --                          ; --                          ; 64                  ; 1           ; 0     ; tcgrom.mif                    ; M10K_X46_Y9_N0                                                                                                                                                                                                                                                                                                                                                                                                                                                                                                                                                                                                                                                                                                                                                                                                                                                                                                                                                                                                                                                                                                                                                                                                                                                                                                                                                                                                                                                                                                                                                                                                                                                                                                                                                                                                                                                                                                                               ; Don't care           ; New data        ; New data        ; Off      ; No                     ; No - Unsupported Depth ;
; HOME_DISPLAY_TEXT:HOME_SCREEN_TEXT|char_rom:\GEN_MODE_CHARS:17:mode_CHAR_ROM|altsyncram:altsyncram_component|altsyncram_d5g1:auto_generated|ALTSYNCRAM   ; AUTO ; ROM  ; Single Clock ; 512          ; 8            ; --           ; --           ; yes                    ; no                      ; --                     ; --                      ; 4096   ; 8                           ; 8                           ; --                          ; --                          ; 64                  ; 1           ; 0     ; tcgrom.mif                    ; M10K_X51_Y5_N0                                                                                                                                                                                                                                                                                                                                                                                                                                                                                                                                                                                                                                                                                                                                                                                                                                                                                                                                                                                                                                                                                                                                                                                                                                                                                                                                                                                                                                                                                                                                                                                                                                                                                                                                                                                                                                                                                                                               ; Don't care           ; New data        ; New data        ; Off      ; No                     ; No - Unsupported Depth ;
; HOME_DISPLAY_TEXT:HOME_SCREEN_TEXT|char_rom:\GEN_MODE_CHARS:18:mode_CHAR_ROM|altsyncram:altsyncram_component|altsyncram_d5g1:auto_generated|ALTSYNCRAM   ; AUTO ; ROM  ; Single Clock ; 512          ; 8            ; --           ; --           ; yes                    ; no                      ; --                     ; --                      ; 4096   ; 8                           ; 8                           ; --                          ; --                          ; 64                  ; 1           ; 0     ; tcgrom.mif                    ; M10K_X46_Y8_N0                                                                                                                                                                                                                                                                                                                                                                                                                                                                                                                                                                                                                                                                                                                                                                                                                                                                                                                                                                                                                                                                                                                                                                                                                                                                                                                                                                                                                                                                                                                                                                                                                                                                                                                                                                                                                                                                                                                               ; Don't care           ; New data        ; New data        ; Off      ; No                     ; No - Unsupported Depth ;
; HOME_DISPLAY_TEXT:HOME_SCREEN_TEXT|char_rom:\GEN_MODE_CHARS:19:mode_CHAR_ROM|altsyncram:altsyncram_component|altsyncram_d5g1:auto_generated|ALTSYNCRAM   ; AUTO ; ROM  ; Single Clock ; 512          ; 8            ; --           ; --           ; yes                    ; no                      ; --                     ; --                      ; 4096   ; 8                           ; 8                           ; --                          ; --                          ; 64                  ; 1           ; 0     ; tcgrom.mif                    ; M10K_X51_Y9_N0                                                                                                                                                                                                                                                                                                                                                                                                                                                                                                                                                                                                                                                                                                                                                                                                                                                                                                                                                                                                                                                                                                                                                                                                                                                                                                                                                                                                                                                                                                                                                                                                                                                                                                                                                                                                                                                                                                                               ; Don't care           ; New data        ; New data        ; Off      ; No                     ; No - Unsupported Depth ;
; HOME_DISPLAY_TEXT:HOME_SCREEN_TEXT|char_rom:\GEN_MODE_CHARS:1:mode_CHAR_ROM|altsyncram:altsyncram_component|altsyncram_d5g1:auto_generated|ALTSYNCRAM    ; AUTO ; ROM  ; Single Clock ; 512          ; 8            ; --           ; --           ; yes                    ; no                      ; --                     ; --                      ; 4096   ; 8                           ; 8                           ; --                          ; --                          ; 64                  ; 1           ; 0     ; tcgrom.mif                    ; M10K_X51_Y5_N0                                                                                                                                                                                                                                                                                                                                                                                                                                                                                                                                                                                                                                                                                                                                                                                                                                                                                                                                                                                                                                                                                                                                                                                                                                                                                                                                                                                                                                                                                                                                                                                                                                                                                                                                                                                                                                                                                                                               ; Don't care           ; New data        ; New data        ; Off      ; No                     ; No - Unsupported Depth ;
; HOME_DISPLAY_TEXT:HOME_SCREEN_TEXT|char_rom:\GEN_MODE_CHARS:20:mode_CHAR_ROM|altsyncram:altsyncram_component|altsyncram_d5g1:auto_generated|ALTSYNCRAM   ; AUTO ; ROM  ; Single Clock ; 512          ; 8            ; --           ; --           ; yes                    ; no                      ; --                     ; --                      ; 4096   ; 8                           ; 8                           ; --                          ; --                          ; 64                  ; 1           ; 0     ; tcgrom.mif                    ; M10K_X51_Y3_N0                                                                                                                                                                                                                                                                                                                                                                                                                                                                                                                                                                                                                                                                                                                                                                                                                                                                                                                                                                                                                                                                                                                                                                                                                                                                                                                                                                                                                                                                                                                                                                                                                                                                                                                                                                                                                                                                                                                               ; Don't care           ; New data        ; New data        ; Off      ; No                     ; No - Unsupported Depth ;
; HOME_DISPLAY_TEXT:HOME_SCREEN_TEXT|char_rom:\GEN_MODE_CHARS:21:mode_CHAR_ROM|altsyncram:altsyncram_component|altsyncram_d5g1:auto_generated|ALTSYNCRAM   ; AUTO ; ROM  ; Single Clock ; 512          ; 8            ; --           ; --           ; yes                    ; no                      ; --                     ; --                      ; 4096   ; 8                           ; 8                           ; --                          ; --                          ; 64                  ; 1           ; 0     ; tcgrom.mif                    ; M10K_X51_Y10_N0                                                                                                                                                                                                                                                                                                                                                                                                                                                                                                                                                                                                                                                                                                                                                                                                                                                                                                                                                                                                                                                                                                                                                                                                                                                                                                                                                                                                                                                                                                                                                                                                                                                                                                                                                                                                                                                                                                                              ; Don't care           ; New data        ; New data        ; Off      ; No                     ; No - Unsupported Depth ;
; HOME_DISPLAY_TEXT:HOME_SCREEN_TEXT|char_rom:\GEN_MODE_CHARS:22:mode_CHAR_ROM|altsyncram:altsyncram_component|altsyncram_d5g1:auto_generated|ALTSYNCRAM   ; AUTO ; ROM  ; Single Clock ; 512          ; 8            ; --           ; --           ; yes                    ; no                      ; --                     ; --                      ; 4096   ; 8                           ; 8                           ; --                          ; --                          ; 64                  ; 1           ; 0     ; tcgrom.mif                    ; M10K_X46_Y9_N0                                                                                                                                                                                                                                                                                                                                                                                                                                                                                                                                                                                                                                                                                                                                                                                                                                                                                                                                                                                                                                                                                                                                                                                                                                                                                                                                                                                                                                                                                                                                                                                                                                                                                                                                                                                                                                                                                                                               ; Don't care           ; New data        ; New data        ; Off      ; No                     ; No - Unsupported Depth ;
; HOME_DISPLAY_TEXT:HOME_SCREEN_TEXT|char_rom:\GEN_MODE_CHARS:23:mode_CHAR_ROM|altsyncram:altsyncram_component|altsyncram_d5g1:auto_generated|ALTSYNCRAM   ; AUTO ; ROM  ; Single Clock ; 512          ; 8            ; --           ; --           ; yes                    ; no                      ; --                     ; --                      ; 4096   ; 8                           ; 8                           ; --                          ; --                          ; 64                  ; 1           ; 0     ; tcgrom.mif                    ; M10K_X46_Y8_N0                                                                                                                                                                                                                                                                                                                                                                                                                                                                                                                                                                                                                                                                                                                                                                                                                                                                                                                                                                                                                                                                                                                                                                                                                                                                                                                                                                                                                                                                                                                                                                                                                                                                                                                                                                                                                                                                                                                               ; Don't care           ; New data        ; New data        ; Off      ; No                     ; No - Unsupported Depth ;
; HOME_DISPLAY_TEXT:HOME_SCREEN_TEXT|char_rom:\GEN_MODE_CHARS:24:mode_CHAR_ROM|altsyncram:altsyncram_component|altsyncram_d5g1:auto_generated|ALTSYNCRAM   ; AUTO ; ROM  ; Single Clock ; 512          ; 8            ; --           ; --           ; yes                    ; no                      ; --                     ; --                      ; 4096   ; 8                           ; 8                           ; --                          ; --                          ; 64                  ; 1           ; 0     ; tcgrom.mif                    ; M10K_X51_Y6_N0                                                                                                                                                                                                                                                                                                                                                                                                                                                                                                                                                                                                                                                                                                                                                                                                                                                                                                                                                                                                                                                                                                                                                                                                                                                                                                                                                                                                                                                                                                                                                                                                                                                                                                                                                                                                                                                                                                                               ; Don't care           ; New data        ; New data        ; Off      ; No                     ; No - Unsupported Depth ;
; HOME_DISPLAY_TEXT:HOME_SCREEN_TEXT|char_rom:\GEN_MODE_CHARS:25:mode_CHAR_ROM|altsyncram:altsyncram_component|altsyncram_d5g1:auto_generated|ALTSYNCRAM   ; AUTO ; ROM  ; Single Clock ; 512          ; 8            ; --           ; --           ; yes                    ; no                      ; --                     ; --                      ; 4096   ; 8                           ; 8                           ; --                          ; --                          ; 64                  ; 1           ; 0     ; tcgrom.mif                    ; M10K_X46_Y9_N0                                                                                                                                                                                                                                                                                                                                                                                                                                                                                                                                                                                                                                                                                                                                                                                                                                                                                                                                                                                                                                                                                                                                                                                                                                                                                                                                                                                                                                                                                                                                                                                                                                                                                                                                                                                                                                                                                                                               ; Don't care           ; New data        ; New data        ; Off      ; No                     ; No - Unsupported Depth ;
; HOME_DISPLAY_TEXT:HOME_SCREEN_TEXT|char_rom:\GEN_MODE_CHARS:26:mode_CHAR_ROM|altsyncram:altsyncram_component|altsyncram_d5g1:auto_generated|ALTSYNCRAM   ; AUTO ; ROM  ; Single Clock ; 512          ; 8            ; --           ; --           ; yes                    ; no                      ; --                     ; --                      ; 4096   ; 8                           ; 8                           ; --                          ; --                          ; 64                  ; 1           ; 0     ; tcgrom.mif                    ; M10K_X46_Y10_N0                                                                                                                                                                                                                                                                                                                                                                                                                                                                                                                                                                                                                                                                                                                                                                                                                                                                                                                                                                                                                                                                                                                                                                                                                                                                                                                                                                                                                                                                                                                                                                                                                                                                                                                                                                                                                                                                                                                              ; Don't care           ; New data        ; New data        ; Off      ; No                     ; No - Unsupported Depth ;
; HOME_DISPLAY_TEXT:HOME_SCREEN_TEXT|char_rom:\GEN_MODE_CHARS:27:mode_CHAR_ROM|altsyncram:altsyncram_component|altsyncram_d5g1:auto_generated|ALTSYNCRAM   ; AUTO ; ROM  ; Single Clock ; 512          ; 8            ; --           ; --           ; yes                    ; no                      ; --                     ; --                      ; 4096   ; 8                           ; 8                           ; --                          ; --                          ; 64                  ; 1           ; 0     ; tcgrom.mif                    ; M10K_X46_Y8_N0                                                                                                                                                                                                                                                                                                                                                                                                                                                                                                                                                                                                                                                                                                                                                                                                                                                                                                                                                                                                                                                                                                                                                                                                                                                                                                                                                                                                                                                                                                                                                                                                                                                                                                                                                                                                                                                                                                                               ; Don't care           ; New data        ; New data        ; Off      ; No                     ; No - Unsupported Depth ;
; HOME_DISPLAY_TEXT:HOME_SCREEN_TEXT|char_rom:\GEN_MODE_CHARS:28:mode_CHAR_ROM|altsyncram:altsyncram_component|altsyncram_d5g1:auto_generated|ALTSYNCRAM   ; AUTO ; ROM  ; Single Clock ; 512          ; 8            ; --           ; --           ; yes                    ; no                      ; --                     ; --                      ; 4096   ; 8                           ; 8                           ; --                          ; --                          ; 64                  ; 1           ; 0     ; tcgrom.mif                    ; M10K_X46_Y6_N0                                                                                                                                                                                                                                                                                                                                                                                                                                                                                                                                                                                                                                                                                                                                                                                                                                                                                                                                                                                                                                                                                                                                                                                                                                                                                                                                                                                                                                                                                                                                                                                                                                                                                                                                                                                                                                                                                                                               ; Don't care           ; New data        ; New data        ; Off      ; No                     ; No - Unsupported Depth ;
; HOME_DISPLAY_TEXT:HOME_SCREEN_TEXT|char_rom:\GEN_MODE_CHARS:29:mode_CHAR_ROM|altsyncram:altsyncram_component|altsyncram_d5g1:auto_generated|ALTSYNCRAM   ; AUTO ; ROM  ; Single Clock ; 512          ; 8            ; --           ; --           ; yes                    ; no                      ; --                     ; --                      ; 4096   ; 8                           ; 8                           ; --                          ; --                          ; 64                  ; 1           ; 0     ; tcgrom.mif                    ; M10K_X51_Y3_N0                                                                                                                                                                                                                                                                                                                                                                                                                                                                                                                                                                                                                                                                                                                                                                                                                                                                                                                                                                                                                                                                                                                                                                                                                                                                                                                                                                                                                                                                                                                                                                                                                                                                                                                                                                                                                                                                                                                               ; Don't care           ; New data        ; New data        ; Off      ; No                     ; No - Unsupported Depth ;
; HOME_DISPLAY_TEXT:HOME_SCREEN_TEXT|char_rom:\GEN_MODE_CHARS:2:mode_CHAR_ROM|altsyncram:altsyncram_component|altsyncram_d5g1:auto_generated|ALTSYNCRAM    ; AUTO ; ROM  ; Single Clock ; 512          ; 8            ; --           ; --           ; yes                    ; no                      ; --                     ; --                      ; 4096   ; 8                           ; 8                           ; --                          ; --                          ; 64                  ; 1           ; 0     ; tcgrom.mif                    ; M10K_X51_Y5_N0                                                                                                                                                                                                                                                                                                                                                                                                                                                                                                                                                                                                                                                                                                                                                                                                                                                                                                                                                                                                                                                                                                                                                                                                                                                                                                                                                                                                                                                                                                                                                                                                                                                                                                                                                                                                                                                                                                                               ; Don't care           ; New data        ; New data        ; Off      ; No                     ; No - Unsupported Depth ;
; HOME_DISPLAY_TEXT:HOME_SCREEN_TEXT|char_rom:\GEN_MODE_CHARS:30:mode_CHAR_ROM|altsyncram:altsyncram_component|altsyncram_d5g1:auto_generated|ALTSYNCRAM   ; AUTO ; ROM  ; Single Clock ; 512          ; 8            ; --           ; --           ; yes                    ; no                      ; --                     ; --                      ; 4096   ; 8                           ; 8                           ; --                          ; --                          ; 64                  ; 1           ; 0     ; tcgrom.mif                    ; M10K_X46_Y7_N0                                                                                                                                                                                                                                                                                                                                                                                                                                                                                                                                                                                                                                                                                                                                                                                                                                                                                                                                                                                                                                                                                                                                                                                                                                                                                                                                                                                                                                                                                                                                                                                                                                                                                                                                                                                                                                                                                                                               ; Don't care           ; New data        ; New data        ; Off      ; No                     ; No - Unsupported Depth ;
; HOME_DISPLAY_TEXT:HOME_SCREEN_TEXT|char_rom:\GEN_MODE_CHARS:31:mode_CHAR_ROM|altsyncram:altsyncram_component|altsyncram_d5g1:auto_generated|ALTSYNCRAM   ; AUTO ; ROM  ; Single Clock ; 512          ; 8            ; --           ; --           ; yes                    ; no                      ; --                     ; --                      ; 4096   ; 8                           ; 8                           ; --                          ; --                          ; 64                  ; 1           ; 0     ; tcgrom.mif                    ; M10K_X51_Y6_N0                                                                                                                                                                                                                                                                                                                                                                                                                                                                                                                                                                                                                                                                                                                                                                                                                                                                                                                                                                                                                                                                                                                                                                                                                                                                                                                                                                                                                                                                                                                                                                                                                                                                                                                                                                                                                                                                                                                               ; Don't care           ; New data        ; New data        ; Off      ; No                     ; No - Unsupported Depth ;
; HOME_DISPLAY_TEXT:HOME_SCREEN_TEXT|char_rom:\GEN_MODE_CHARS:32:mode_CHAR_ROM|altsyncram:altsyncram_component|altsyncram_d5g1:auto_generated|ALTSYNCRAM   ; AUTO ; ROM  ; Single Clock ; 512          ; 8            ; --           ; --           ; yes                    ; no                      ; --                     ; --                      ; 4096   ; 8                           ; 8                           ; --                          ; --                          ; 64                  ; 1           ; 0     ; tcgrom.mif                    ; M10K_X46_Y6_N0                                                                                                                                                                                                                                                                                                                                                                                                                                                                                                                                                                                                                                                                                                                                                                                                                                                                                                                                                                                                                                                                                                                                                                                                                                                                                                                                                                                                                                                                                                                                                                                                                                                                                                                                                                                                                                                                                                                               ; Don't care           ; New data        ; New data        ; Off      ; No                     ; No - Unsupported Depth ;
; HOME_DISPLAY_TEXT:HOME_SCREEN_TEXT|char_rom:\GEN_MODE_CHARS:33:mode_CHAR_ROM|altsyncram:altsyncram_component|altsyncram_d5g1:auto_generated|ALTSYNCRAM   ; AUTO ; ROM  ; Single Clock ; 512          ; 8            ; --           ; --           ; yes                    ; no                      ; --                     ; --                      ; 4096   ; 8                           ; 8                           ; --                          ; --                          ; 64                  ; 1           ; 0     ; tcgrom.mif                    ; M10K_X51_Y6_N0                                                                                                                                                                                                                                                                                                                                                                                                                                                                                                                                                                                                                                                                                                                                                                                                                                                                                                                                                                                                                                                                                                                                                                                                                                                                                                                                                                                                                                                                                                                                                                                                                                                                                                                                                                                                                                                                                                                               ; Don't care           ; New data        ; New data        ; Off      ; No                     ; No - Unsupported Depth ;
; HOME_DISPLAY_TEXT:HOME_SCREEN_TEXT|char_rom:\GEN_MODE_CHARS:34:mode_CHAR_ROM|altsyncram:altsyncram_component|altsyncram_d5g1:auto_generated|ALTSYNCRAM   ; AUTO ; ROM  ; Single Clock ; 512          ; 8            ; --           ; --           ; yes                    ; no                      ; --                     ; --                      ; 4096   ; 8                           ; 8                           ; --                          ; --                          ; 64                  ; 1           ; 0     ; tcgrom.mif                    ; M10K_X46_Y10_N0                                                                                                                                                                                                                                                                                                                                                                                                                                                                                                                                                                                                                                                                                                                                                                                                                                                                                                                                                                                                                                                                                                                                                                                                                                                                                                                                                                                                                                                                                                                                                                                                                                                                                                                                                                                                                                                                                                                              ; Don't care           ; New data        ; New data        ; Off      ; No                     ; No - Unsupported Depth ;
; HOME_DISPLAY_TEXT:HOME_SCREEN_TEXT|char_rom:\GEN_MODE_CHARS:35:mode_CHAR_ROM|altsyncram:altsyncram_component|altsyncram_d5g1:auto_generated|ALTSYNCRAM   ; AUTO ; ROM  ; Single Clock ; 512          ; 8            ; --           ; --           ; yes                    ; no                      ; --                     ; --                      ; 4096   ; 8                           ; 8                           ; --                          ; --                          ; 64                  ; 1           ; 0     ; tcgrom.mif                    ; M10K_X46_Y6_N0                                                                                                                                                                                                                                                                                                                                                                                                                                                                                                                                                                                                                                                                                                                                                                                                                                                                                                                                                                                                                                                                                                                                                                                                                                                                                                                                                                                                                                                                                                                                                                                                                                                                                                                                                                                                                                                                                                                               ; Don't care           ; New data        ; New data        ; Off      ; No                     ; No - Unsupported Depth ;
; HOME_DISPLAY_TEXT:HOME_SCREEN_TEXT|char_rom:\GEN_MODE_CHARS:36:mode_CHAR_ROM|altsyncram:altsyncram_component|altsyncram_d5g1:auto_generated|ALTSYNCRAM   ; AUTO ; ROM  ; Single Clock ; 512          ; 8            ; --           ; --           ; yes                    ; no                      ; --                     ; --                      ; 4096   ; 8                           ; 8                           ; --                          ; --                          ; 64                  ; 1           ; 0     ; tcgrom.mif                    ; M10K_X46_Y7_N0                                                                                                                                                                                                                                                                                                                                                                                                                                                                                                                                                                                                                                                                                                                                                                                                                                                                                                                                                                                                                                                                                                                                                                                                                                                                                                                                                                                                                                                                                                                                                                                                                                                                                                                                                                                                                                                                                                                               ; Don't care           ; New data        ; New data        ; Off      ; No                     ; No - Unsupported Depth ;
; HOME_DISPLAY_TEXT:HOME_SCREEN_TEXT|char_rom:\GEN_MODE_CHARS:37:mode_CHAR_ROM|altsyncram:altsyncram_component|altsyncram_d5g1:auto_generated|ALTSYNCRAM   ; AUTO ; ROM  ; Single Clock ; 512          ; 8            ; --           ; --           ; yes                    ; no                      ; --                     ; --                      ; 4096   ; 8                           ; 8                           ; --                          ; --                          ; 64                  ; 1           ; 0     ; tcgrom.mif                    ; M10K_X46_Y6_N0                                                                                                                                                                                                                                                                                                                                                                                                                                                                                                                                                                                                                                                                                                                                                                                                                                                                                                                                                                                                                                                                                                                                                                                                                                                                                                                                                                                                                                                                                                                                                                                                                                                                                                                                                                                                                                                                                                                               ; Don't care           ; New data        ; New data        ; Off      ; No                     ; No - Unsupported Depth ;
; HOME_DISPLAY_TEXT:HOME_SCREEN_TEXT|char_rom:\GEN_MODE_CHARS:38:mode_CHAR_ROM|altsyncram:altsyncram_component|altsyncram_d5g1:auto_generated|ALTSYNCRAM   ; AUTO ; ROM  ; Single Clock ; 512          ; 8            ; --           ; --           ; yes                    ; no                      ; --                     ; --                      ; 4096   ; 8                           ; 8                           ; --                          ; --                          ; 64                  ; 1           ; 0     ; tcgrom.mif                    ; M10K_X46_Y7_N0                                                                                                                                                                                                                                                                                                                                                                                                                                                                                                                                                                                                                                                                                                                                                                                                                                                                                                                                                                                                                                                                                                                                                                                                                                                                                                                                                                                                                                                                                                                                                                                                                                                                                                                                                                                                                                                                                                                               ; Don't care           ; New data        ; New data        ; Off      ; No                     ; No - Unsupported Depth ;
; HOME_DISPLAY_TEXT:HOME_SCREEN_TEXT|char_rom:\GEN_MODE_CHARS:39:mode_CHAR_ROM|altsyncram:altsyncram_component|altsyncram_d5g1:auto_generated|ALTSYNCRAM   ; AUTO ; ROM  ; Single Clock ; 512          ; 8            ; --           ; --           ; yes                    ; no                      ; --                     ; --                      ; 4096   ; 8                           ; 8                           ; --                          ; --                          ; 64                  ; 1           ; 0     ; tcgrom.mif                    ; M10K_X46_Y7_N0                                                                                                                                                                                                                                                                                                                                                                                                                                                                                                                                                                                                                                                                                                                                                                                                                                                                                                                                                                                                                                                                                                                                                                                                                                                                                                                                                                                                                                                                                                                                                                                                                                                                                                                                                                                                                                                                                                                               ; Don't care           ; New data        ; New data        ; Off      ; No                     ; No - Unsupported Depth ;
; HOME_DISPLAY_TEXT:HOME_SCREEN_TEXT|char_rom:\GEN_MODE_CHARS:3:mode_CHAR_ROM|altsyncram:altsyncram_component|altsyncram_d5g1:auto_generated|ALTSYNCRAM    ; AUTO ; ROM  ; Single Clock ; 512          ; 8            ; --           ; --           ; yes                    ; no                      ; --                     ; --                      ; 4096   ; 8                           ; 8                           ; --                          ; --                          ; 64                  ; 1           ; 0     ; tcgrom.mif                    ; M10K_X51_Y9_N0                                                                                                                                                                                                                                                                                                                                                                                                                                                                                                                                                                                                                                                                                                                                                                                                                                                                                                                                                                                                                                                                                                                                                                                                                                                                                                                                                                                                                                                                                                                                                                                                                                                                                                                                                                                                                                                                                                                               ; Don't care           ; New data        ; New data        ; Off      ; No                     ; No - Unsupported Depth ;
; HOME_DISPLAY_TEXT:HOME_SCREEN_TEXT|char_rom:\GEN_MODE_CHARS:40:mode_CHAR_ROM|altsyncram:altsyncram_component|altsyncram_d5g1:auto_generated|ALTSYNCRAM   ; AUTO ; ROM  ; Single Clock ; 512          ; 8            ; --           ; --           ; yes                    ; no                      ; --                     ; --                      ; 4096   ; 8                           ; 8                           ; --                          ; --                          ; 64                  ; 1           ; 0     ; tcgrom.mif                    ; M10K_X46_Y10_N0                                                                                                                                                                                                                                                                                                                                                                                                                                                                                                                                                                                                                                                                                                                                                                                                                                                                                                                                                                                                                                                                                                                                                                                                                                                                                                                                                                                                                                                                                                                                                                                                                                                                                                                                                                                                                                                                                                                              ; Don't care           ; New data        ; New data        ; Off      ; No                     ; No - Unsupported Depth ;
; HOME_DISPLAY_TEXT:HOME_SCREEN_TEXT|char_rom:\GEN_MODE_CHARS:41:mode_CHAR_ROM|altsyncram:altsyncram_component|altsyncram_d5g1:auto_generated|ALTSYNCRAM   ; AUTO ; ROM  ; Single Clock ; 512          ; 8            ; --           ; --           ; yes                    ; no                      ; --                     ; --                      ; 4096   ; 8                           ; 8                           ; --                          ; --                          ; 64                  ; 1           ; 0     ; tcgrom.mif                    ; M10K_X46_Y6_N0                                                                                                                                                                                                                                                                                                                                                                                                                                                                                                                                                                                                                                                                                                                                                                                                                                                                                                                                                                                                                                                                                                                                                                                                                                                                                                                                                                                                                                                                                                                                                                                                                                                                                                                                                                                                                                                                                                                               ; Don't care           ; New data        ; New data        ; Off      ; No                     ; No - Unsupported Depth ;
; HOME_DISPLAY_TEXT:HOME_SCREEN_TEXT|char_rom:\GEN_MODE_CHARS:42:mode_CHAR_ROM|altsyncram:altsyncram_component|altsyncram_d5g1:auto_generated|ALTSYNCRAM   ; AUTO ; ROM  ; Single Clock ; 512          ; 8            ; --           ; --           ; yes                    ; no                      ; --                     ; --                      ; 4096   ; 8                           ; 8                           ; --                          ; --                          ; 64                  ; 1           ; 0     ; tcgrom.mif                    ; M10K_X46_Y10_N0                                                                                                                                                                                                                                                                                                                                                                                                                                                                                                                                                                                                                                                                                                                                                                                                                                                                                                                                                                                                                                                                                                                                                                                                                                                                                                                                                                                                                                                                                                                                                                                                                                                                                                                                                                                                                                                                                                                              ; Don't care           ; New data        ; New data        ; Off      ; No                     ; No - Unsupported Depth ;
; HOME_DISPLAY_TEXT:HOME_SCREEN_TEXT|char_rom:\GEN_MODE_CHARS:43:mode_CHAR_ROM|altsyncram:altsyncram_component|altsyncram_d5g1:auto_generated|ALTSYNCRAM   ; AUTO ; ROM  ; Single Clock ; 512          ; 8            ; --           ; --           ; yes                    ; no                      ; --                     ; --                      ; 4096   ; 8                           ; 8                           ; --                          ; --                          ; 64                  ; 1           ; 0     ; tcgrom.mif                    ; M10K_X46_Y10_N0                                                                                                                                                                                                                                                                                                                                                                                                                                                                                                                                                                                                                                                                                                                                                                                                                                                                                                                                                                                                                                                                                                                                                                                                                                                                                                                                                                                                                                                                                                                                                                                                                                                                                                                                                                                                                                                                                                                              ; Don't care           ; New data        ; New data        ; Off      ; No                     ; No - Unsupported Depth ;
; HOME_DISPLAY_TEXT:HOME_SCREEN_TEXT|char_rom:\GEN_MODE_CHARS:44:mode_CHAR_ROM|altsyncram:altsyncram_component|altsyncram_d5g1:auto_generated|ALTSYNCRAM   ; AUTO ; ROM  ; Single Clock ; 512          ; 8            ; --           ; --           ; yes                    ; no                      ; --                     ; --                      ; 4096   ; 8                           ; 8                           ; --                          ; --                          ; 64                  ; 1           ; 0     ; tcgrom.mif                    ; M10K_X51_Y10_N0                                                                                                                                                                                                                                                                                                                                                                                                                                                                                                                                                                                                                                                                                                                                                                                                                                                                                                                                                                                                                                                                                                                                                                                                                                                                                                                                                                                                                                                                                                                                                                                                                                                                                                                                                                                                                                                                                                                              ; Don't care           ; New data        ; New data        ; Off      ; No                     ; No - Unsupported Depth ;
; HOME_DISPLAY_TEXT:HOME_SCREEN_TEXT|char_rom:\GEN_MODE_CHARS:45:mode_CHAR_ROM|altsyncram:altsyncram_component|altsyncram_d5g1:auto_generated|ALTSYNCRAM   ; AUTO ; ROM  ; Single Clock ; 512          ; 8            ; --           ; --           ; yes                    ; no                      ; --                     ; --                      ; 4096   ; 8                           ; 8                           ; --                          ; --                          ; 64                  ; 1           ; 0     ; tcgrom.mif                    ; M10K_X51_Y11_N0                                                                                                                                                                                                                                                                                                                                                                                                                                                                                                                                                                                                                                                                                                                                                                                                                                                                                                                                                                                                                                                                                                                                                                                                                                                                                                                                                                                                                                                                                                                                                                                                                                                                                                                                                                                                                                                                                                                              ; Don't care           ; New data        ; New data        ; Off      ; No                     ; No - Unsupported Depth ;
; HOME_DISPLAY_TEXT:HOME_SCREEN_TEXT|char_rom:\GEN_MODE_CHARS:46:mode_CHAR_ROM|altsyncram:altsyncram_component|altsyncram_d5g1:auto_generated|ALTSYNCRAM   ; AUTO ; ROM  ; Single Clock ; 512          ; 8            ; --           ; --           ; yes                    ; no                      ; --                     ; --                      ; 4096   ; 8                           ; 8                           ; --                          ; --                          ; 64                  ; 1           ; 0     ; tcgrom.mif                    ; M10K_X51_Y10_N0                                                                                                                                                                                                                                                                                                                                                                                                                                                                                                                                                                                                                                                                                                                                                                                                                                                                                                                                                                                                                                                                                                                                                                                                                                                                                                                                                                                                                                                                                                                                                                                                                                                                                                                                                                                                                                                                                                                              ; Don't care           ; New data        ; New data        ; Off      ; No                     ; No - Unsupported Depth ;
; HOME_DISPLAY_TEXT:HOME_SCREEN_TEXT|char_rom:\GEN_MODE_CHARS:47:mode_CHAR_ROM|altsyncram:altsyncram_component|altsyncram_d5g1:auto_generated|ALTSYNCRAM   ; AUTO ; ROM  ; Single Clock ; 512          ; 8            ; --           ; --           ; yes                    ; no                      ; --                     ; --                      ; 4096   ; 8                           ; 8                           ; --                          ; --                          ; 64                  ; 1           ; 0     ; tcgrom.mif                    ; M10K_X46_Y7_N0                                                                                                                                                                                                                                                                                                                                                                                                                                                                                                                                                                                                                                                                                                                                                                                                                                                                                                                                                                                                                                                                                                                                                                                                                                                                                                                                                                                                                                                                                                                                                                                                                                                                                                                                                                                                                                                                                                                               ; Don't care           ; New data        ; New data        ; Off      ; No                     ; No - Unsupported Depth ;
; HOME_DISPLAY_TEXT:HOME_SCREEN_TEXT|char_rom:\GEN_MODE_CHARS:48:mode_CHAR_ROM|altsyncram:altsyncram_component|altsyncram_d5g1:auto_generated|ALTSYNCRAM   ; AUTO ; ROM  ; Single Clock ; 512          ; 8            ; --           ; --           ; yes                    ; no                      ; --                     ; --                      ; 4096   ; 8                           ; 8                           ; --                          ; --                          ; 64                  ; 1           ; 0     ; tcgrom.mif                    ; M10K_X46_Y8_N0                                                                                                                                                                                                                                                                                                                                                                                                                                                                                                                                                                                                                                                                                                                                                                                                                                                                                                                                                                                                                                                                                                                                                                                                                                                                                                                                                                                                                                                                                                                                                                                                                                                                                                                                                                                                                                                                                                                               ; Don't care           ; New data        ; New data        ; Off      ; No                     ; No - Unsupported Depth ;
; HOME_DISPLAY_TEXT:HOME_SCREEN_TEXT|char_rom:\GEN_MODE_CHARS:49:mode_CHAR_ROM|altsyncram:altsyncram_component|altsyncram_d5g1:auto_generated|ALTSYNCRAM   ; AUTO ; ROM  ; Single Clock ; 512          ; 8            ; --           ; --           ; yes                    ; no                      ; --                     ; --                      ; 4096   ; 8                           ; 8                           ; --                          ; --                          ; 64                  ; 1           ; 0     ; tcgrom.mif                    ; M10K_X51_Y11_N0                                                                                                                                                                                                                                                                                                                                                                                                                                                                                                                                                                                                                                                                                                                                                                                                                                                                                                                                                                                                                                                                                                                                                                                                                                                                                                                                                                                                                                                                                                                                                                                                                                                                                                                                                                                                                                                                                                                              ; Don't care           ; New data        ; New data        ; Off      ; No                     ; No - Unsupported Depth ;
; HOME_DISPLAY_TEXT:HOME_SCREEN_TEXT|char_rom:\GEN_MODE_CHARS:4:mode_CHAR_ROM|altsyncram:altsyncram_component|altsyncram_d5g1:auto_generated|ALTSYNCRAM    ; AUTO ; ROM  ; Single Clock ; 512          ; 8            ; --           ; --           ; yes                    ; no                      ; --                     ; --                      ; 4096   ; 8                           ; 8                           ; --                          ; --                          ; 64                  ; 1           ; 0     ; tcgrom.mif                    ; M10K_X51_Y9_N0                                                                                                                                                                                                                                                                                                                                                                                                                                                                                                                                                                                                                                                                                                                                                                                                                                                                                                                                                                                                                                                                                                                                                                                                                                                                                                                                                                                                                                                                                                                                                                                                                                                                                                                                                                                                                                                                                                                               ; Don't care           ; New data        ; New data        ; Off      ; No                     ; No - Unsupported Depth ;
; HOME_DISPLAY_TEXT:HOME_SCREEN_TEXT|char_rom:\GEN_MODE_CHARS:50:mode_CHAR_ROM|altsyncram:altsyncram_component|altsyncram_d5g1:auto_generated|ALTSYNCRAM   ; AUTO ; ROM  ; Single Clock ; 512          ; 8            ; --           ; --           ; yes                    ; no                      ; --                     ; --                      ; 4096   ; 8                           ; 8                           ; --                          ; --                          ; 64                  ; 1           ; 0     ; tcgrom.mif                    ; M10K_X51_Y6_N0                                                                                                                                                                                                                                                                                                                                                                                                                                                                                                                                                                                                                                                                                                                                                                                                                                                                                                                                                                                                                                                                                                                                                                                                                                                                                                                                                                                                                                                                                                                                                                                                                                                                                                                                                                                                                                                                                                                               ; Don't care           ; New data        ; New data        ; Off      ; No                     ; No - Unsupported Depth ;
; HOME_DISPLAY_TEXT:HOME_SCREEN_TEXT|char_rom:\GEN_MODE_CHARS:51:mode_CHAR_ROM|altsyncram:altsyncram_component|altsyncram_d5g1:auto_generated|ALTSYNCRAM   ; AUTO ; ROM  ; Single Clock ; 512          ; 8            ; --           ; --           ; yes                    ; no                      ; --                     ; --                      ; 4096   ; 8                           ; 8                           ; --                          ; --                          ; 64                  ; 1           ; 0     ; tcgrom.mif                    ; M10K_X46_Y9_N0                                                                                                                                                                                                                                                                                                                                                                                                                                                                                                                                                                                                                                                                                                                                                                                                                                                                                                                                                                                                                                                                                                                                                                                                                                                                                                                                                                                                                                                                                                                                                                                                                                                                                                                                                                                                                                                                                                                               ; Don't care           ; New data        ; New data        ; Off      ; No                     ; No - Unsupported Depth ;
; HOME_DISPLAY_TEXT:HOME_SCREEN_TEXT|char_rom:\GEN_MODE_CHARS:5:mode_CHAR_ROM|altsyncram:altsyncram_component|altsyncram_d5g1:auto_generated|ALTSYNCRAM    ; AUTO ; ROM  ; Single Clock ; 512          ; 8            ; --           ; --           ; yes                    ; no                      ; --                     ; --                      ; 4096   ; 8                           ; 8                           ; --                          ; --                          ; 64                  ; 1           ; 0     ; tcgrom.mif                    ; M10K_X51_Y10_N0                                                                                                                                                                                                                                                                                                                                                                                                                                                                                                                                                                                                                                                                                                                                                                                                                                                                                                                                                                                                                                                                                                                                                                                                                                                                                                                                                                                                                                                                                                                                                                                                                                                                                                                                                                                                                                                                                                                              ; Don't care           ; New data        ; New data        ; Off      ; No                     ; No - Unsupported Depth ;
; HOME_DISPLAY_TEXT:HOME_SCREEN_TEXT|char_rom:\GEN_MODE_CHARS:6:mode_CHAR_ROM|altsyncram:altsyncram_component|altsyncram_d5g1:auto_generated|ALTSYNCRAM    ; AUTO ; ROM  ; Single Clock ; 512          ; 8            ; --           ; --           ; yes                    ; no                      ; --                     ; --                      ; 4096   ; 8                           ; 8                           ; --                          ; --                          ; 64                  ; 1           ; 0     ; tcgrom.mif                    ; M10K_X51_Y9_N0                                                                                                                                                                                                                                                                                                                                                                                                                                                                                                                                                                                                                                                                                                                                                                                                                                                                                                                                                                                                                                                                                                                                                                                                                                                                                                                                                                                                                                                                                                                                                                                                                                                                                                                                                                                                                                                                                                                               ; Don't care           ; New data        ; New data        ; Off      ; No                     ; No - Unsupported Depth ;
; HOME_DISPLAY_TEXT:HOME_SCREEN_TEXT|char_rom:\GEN_MODE_CHARS:7:mode_CHAR_ROM|altsyncram:altsyncram_component|altsyncram_d5g1:auto_generated|ALTSYNCRAM    ; AUTO ; ROM  ; Single Clock ; 512          ; 8            ; --           ; --           ; yes                    ; no                      ; --                     ; --                      ; 4096   ; 8                           ; 8                           ; --                          ; --                          ; 64                  ; 1           ; 0     ; tcgrom.mif                    ; M10K_X51_Y6_N0                                                                                                                                                                                                                                                                                                                                                                                                                                                                                                                                                                                                                                                                                                                                                                                                                                                                                                                                                                                                                                                                                                                                                                                                                                                                                                                                                                                                                                                                                                                                                                                                                                                                                                                                                                                                                                                                                                                               ; Don't care           ; New data        ; New data        ; Off      ; No                     ; No - Unsupported Depth ;
; HOME_DISPLAY_TEXT:HOME_SCREEN_TEXT|char_rom:\GEN_MODE_CHARS:8:mode_CHAR_ROM|altsyncram:altsyncram_component|altsyncram_d5g1:auto_generated|ALTSYNCRAM    ; AUTO ; ROM  ; Single Clock ; 512          ; 8            ; --           ; --           ; yes                    ; no                      ; --                     ; --                      ; 4096   ; 8                           ; 8                           ; --                          ; --                          ; 64                  ; 1           ; 0     ; tcgrom.mif                    ; M10K_X51_Y5_N0                                                                                                                                                                                                                                                                                                                                                                                                                                                                                                                                                                                                                                                                                                                                                                                                                                                                                                                                                                                                                                                                                                                                                                                                                                                                                                                                                                                                                                                                                                                                                                                                                                                                                                                                                                                                                                                                                                                               ; Don't care           ; New data        ; New data        ; Off      ; No                     ; No - Unsupported Depth ;
; HOME_DISPLAY_TEXT:HOME_SCREEN_TEXT|char_rom:\GEN_MODE_CHARS:9:mode_CHAR_ROM|altsyncram:altsyncram_component|altsyncram_d5g1:auto_generated|ALTSYNCRAM    ; AUTO ; ROM  ; Single Clock ; 512          ; 8            ; --           ; --           ; yes                    ; no                      ; --                     ; --                      ; 4096   ; 8                           ; 8                           ; --                          ; --                          ; 64                  ; 1           ; 0     ; tcgrom.mif                    ; M10K_X51_Y11_N0                                                                                                                                                                                                                                                                                                                                                                                                                                                                                                                                                                                                                                                                                                                                                                                                                                                                                                                                                                                                                                                                                                                                                                                                                                                                                                                                                                                                                                                                                                                                                                                                                                                                                                                                                                                                                                                                                                                              ; Don't care           ; New data        ; New data        ; Off      ; No                     ; No - Unsupported Depth ;
; HOME_DISPLAY_TEXT:HOME_SCREEN_TEXT|char_rom:\GEN_start_CHARS:0:start_CHAR_ROM|altsyncram:altsyncram_component|altsyncram_d5g1:auto_generated|ALTSYNCRAM  ; AUTO ; ROM  ; Single Clock ; 512          ; 8            ; --           ; --           ; yes                    ; no                      ; --                     ; --                      ; 4096   ; 8                           ; 8                           ; --                          ; --                          ; 64                  ; 1           ; 0     ; tcgrom.mif                    ; M10K_X46_Y5_N0                                                                                                                                                                                                                                                                                                                                                                                                                                                                                                                                                                                                                                                                                                                                                                                                                                                                                                                                                                                                                                                                                                                                                                                                                                                                                                                                                                                                                                                                                                                                                                                                                                                                                                                                                                                                                                                                                                                               ; Don't care           ; New data        ; New data        ; Off      ; No                     ; No - Unsupported Depth ;
; HOME_DISPLAY_TEXT:HOME_SCREEN_TEXT|char_rom:\GEN_start_CHARS:10:start_CHAR_ROM|altsyncram:altsyncram_component|altsyncram_d5g1:auto_generated|ALTSYNCRAM ; AUTO ; ROM  ; Single Clock ; 512          ; 8            ; --           ; --           ; yes                    ; no                      ; --                     ; --                      ; 4096   ; 8                           ; 8                           ; --                          ; --                          ; 64                  ; 1           ; 0     ; tcgrom.mif                    ; M10K_X46_Y1_N0                                                                                                                                                                                                                                                                                                                                                                                                                                                                                                                                                                                                                                                                                                                                                                                                                                                                                                                                                                                                                                                                                                                                                                                                                                                                                                                                                                                                                                                                                                                                                                                                                                                                                                                                                                                                                                                                                                                               ; Don't care           ; New data        ; New data        ; Off      ; No                     ; No - Unsupported Depth ;
; HOME_DISPLAY_TEXT:HOME_SCREEN_TEXT|char_rom:\GEN_start_CHARS:11:start_CHAR_ROM|altsyncram:altsyncram_component|altsyncram_d5g1:auto_generated|ALTSYNCRAM ; AUTO ; ROM  ; Single Clock ; 512          ; 8            ; --           ; --           ; yes                    ; no                      ; --                     ; --                      ; 4096   ; 8                           ; 8                           ; --                          ; --                          ; 64                  ; 1           ; 0     ; tcgrom.mif                    ; M10K_X46_Y3_N0                                                                                                                                                                                                                                                                                                                                                                                                                                                                                                                                                                                                                                                                                                                                                                                                                                                                                                                                                                                                                                                                                                                                                                                                                                                                                                                                                                                                                                                                                                                                                                                                                                                                                                                                                                                                                                                                                                                               ; Don't care           ; New data        ; New data        ; Off      ; No                     ; No - Unsupported Depth ;
; HOME_DISPLAY_TEXT:HOME_SCREEN_TEXT|char_rom:\GEN_start_CHARS:12:start_CHAR_ROM|altsyncram:altsyncram_component|altsyncram_d5g1:auto_generated|ALTSYNCRAM ; AUTO ; ROM  ; Single Clock ; 512          ; 8            ; --           ; --           ; yes                    ; no                      ; --                     ; --                      ; 4096   ; 8                           ; 8                           ; --                          ; --                          ; 64                  ; 1           ; 0     ; tcgrom.mif                    ; M10K_X46_Y2_N0                                                                                                                                                                                                                                                                                                                                                                                                                                                                                                                                                                                                                                                                                                                                                                                                                                                                                                                                                                                                                                                                                                                                                                                                                                                                                                                                                                                                                                                                                                                                                                                                                                                                                                                                                                                                                                                                                                                               ; Don't care           ; New data        ; New data        ; Off      ; No                     ; No - Unsupported Depth ;
; HOME_DISPLAY_TEXT:HOME_SCREEN_TEXT|char_rom:\GEN_start_CHARS:13:start_CHAR_ROM|altsyncram:altsyncram_component|altsyncram_d5g1:auto_generated|ALTSYNCRAM ; AUTO ; ROM  ; Single Clock ; 512          ; 8            ; --           ; --           ; yes                    ; no                      ; --                     ; --                      ; 4096   ; 8                           ; 8                           ; --                          ; --                          ; 64                  ; 1           ; 0     ; tcgrom.mif                    ; M10K_X46_Y2_N0                                                                                                                                                                                                                                                                                                                                                                                                                                                                                                                                                                                                                                                                                                                                                                                                                                                                                                                                                                                                                                                                                                                                                                                                                                                                                                                                                                                                                                                                                                                                                                                                                                                                                                                                                                                                                                                                                                                               ; Don't care           ; New data        ; New data        ; Off      ; No                     ; No - Unsupported Depth ;
; HOME_DISPLAY_TEXT:HOME_SCREEN_TEXT|char_rom:\GEN_start_CHARS:14:start_CHAR_ROM|altsyncram:altsyncram_component|altsyncram_d5g1:auto_generated|ALTSYNCRAM ; AUTO ; ROM  ; Single Clock ; 512          ; 8            ; --           ; --           ; yes                    ; no                      ; --                     ; --                      ; 4096   ; 8                           ; 8                           ; --                          ; --                          ; 64                  ; 1           ; 0     ; tcgrom.mif                    ; M10K_X46_Y2_N0                                                                                                                                                                                                                                                                                                                                                                                                                                                                                                                                                                                                                                                                                                                                                                                                                                                                                                                                                                                                                                                                                                                                                                                                                                                                                                                                                                                                                                                                                                                                                                                                                                                                                                                                                                                                                                                                                                                               ; Don't care           ; New data        ; New data        ; Off      ; No                     ; No - Unsupported Depth ;
; HOME_DISPLAY_TEXT:HOME_SCREEN_TEXT|char_rom:\GEN_start_CHARS:15:start_CHAR_ROM|altsyncram:altsyncram_component|altsyncram_d5g1:auto_generated|ALTSYNCRAM ; AUTO ; ROM  ; Single Clock ; 512          ; 8            ; --           ; --           ; yes                    ; no                      ; --                     ; --                      ; 4096   ; 8                           ; 8                           ; --                          ; --                          ; 64                  ; 1           ; 0     ; tcgrom.mif                    ; M10K_X51_Y8_N0                                                                                                                                                                                                                                                                                                                                                                                                                                                                                                                                                                                                                                                                                                                                                                                                                                                                                                                                                                                                                                                                                                                                                                                                                                                                                                                                                                                                                                                                                                                                                                                                                                                                                                                                                                                                                                                                                                                               ; Don't care           ; New data        ; New data        ; Off      ; No                     ; No - Unsupported Depth ;
; HOME_DISPLAY_TEXT:HOME_SCREEN_TEXT|char_rom:\GEN_start_CHARS:16:start_CHAR_ROM|altsyncram:altsyncram_component|altsyncram_d5g1:auto_generated|ALTSYNCRAM ; AUTO ; ROM  ; Single Clock ; 512          ; 8            ; --           ; --           ; yes                    ; no                      ; --                     ; --                      ; 4096   ; 8                           ; 8                           ; --                          ; --                          ; 64                  ; 1           ; 0     ; tcgrom.mif                    ; M10K_X51_Y2_N0                                                                                                                                                                                                                                                                                                                                                                                                                                                                                                                                                                                                                                                                                                                                                                                                                                                                                                                                                                                                                                                                                                                                                                                                                                                                                                                                                                                                                                                                                                                                                                                                                                                                                                                                                                                                                                                                                                                               ; Don't care           ; New data        ; New data        ; Off      ; No                     ; No - Unsupported Depth ;
; HOME_DISPLAY_TEXT:HOME_SCREEN_TEXT|char_rom:\GEN_start_CHARS:17:start_CHAR_ROM|altsyncram:altsyncram_component|altsyncram_d5g1:auto_generated|ALTSYNCRAM ; AUTO ; ROM  ; Single Clock ; 512          ; 8            ; --           ; --           ; yes                    ; no                      ; --                     ; --                      ; 4096   ; 8                           ; 8                           ; --                          ; --                          ; 64                  ; 1           ; 0     ; tcgrom.mif                    ; M10K_X51_Y2_N0                                                                                                                                                                                                                                                                                                                                                                                                                                                                                                                                                                                                                                                                                                                                                                                                                                                                                                                                                                                                                                                                                                                                                                                                                                                                                                                                                                                                                                                                                                                                                                                                                                                                                                                                                                                                                                                                                                                               ; Don't care           ; New data        ; New data        ; Off      ; No                     ; No - Unsupported Depth ;
; HOME_DISPLAY_TEXT:HOME_SCREEN_TEXT|char_rom:\GEN_start_CHARS:18:start_CHAR_ROM|altsyncram:altsyncram_component|altsyncram_d5g1:auto_generated|ALTSYNCRAM ; AUTO ; ROM  ; Single Clock ; 512          ; 8            ; --           ; --           ; yes                    ; no                      ; --                     ; --                      ; 4096   ; 8                           ; 8                           ; --                          ; --                          ; 64                  ; 1           ; 0     ; tcgrom.mif                    ; M10K_X46_Y2_N0                                                                                                                                                                                                                                                                                                                                                                                                                                                                                                                                                                                                                                                                                                                                                                                                                                                                                                                                                                                                                                                                                                                                                                                                                                                                                                                                                                                                                                                                                                                                                                                                                                                                                                                                                                                                                                                                                                                               ; Don't care           ; New data        ; New data        ; Off      ; No                     ; No - Unsupported Depth ;
; HOME_DISPLAY_TEXT:HOME_SCREEN_TEXT|char_rom:\GEN_start_CHARS:19:start_CHAR_ROM|altsyncram:altsyncram_component|altsyncram_d5g1:auto_generated|ALTSYNCRAM ; AUTO ; ROM  ; Single Clock ; 512          ; 8            ; --           ; --           ; yes                    ; no                      ; --                     ; --                      ; 4096   ; 8                           ; 8                           ; --                          ; --                          ; 64                  ; 1           ; 0     ; tcgrom.mif                    ; M10K_X46_Y2_N0                                                                                                                                                                                                                                                                                                                                                                                                                                                                                                                                                                                                                                                                                                                                                                                                                                                                                                                                                                                                                                                                                                                                                                                                                                                                                                                                                                                                                                                                                                                                                                                                                                                                                                                                                                                                                                                                                                                               ; Don't care           ; New data        ; New data        ; Off      ; No                     ; No - Unsupported Depth ;
; HOME_DISPLAY_TEXT:HOME_SCREEN_TEXT|char_rom:\GEN_start_CHARS:1:start_CHAR_ROM|altsyncram:altsyncram_component|altsyncram_d5g1:auto_generated|ALTSYNCRAM  ; AUTO ; ROM  ; Single Clock ; 512          ; 8            ; --           ; --           ; yes                    ; no                      ; --                     ; --                      ; 4096   ; 8                           ; 8                           ; --                          ; --                          ; 64                  ; 1           ; 0     ; tcgrom.mif                    ; M10K_X46_Y5_N0                                                                                                                                                                                                                                                                                                                                                                                                                                                                                                                                                                                                                                                                                                                                                                                                                                                                                                                                                                                                                                                                                                                                                                                                                                                                                                                                                                                                                                                                                                                                                                                                                                                                                                                                                                                                                                                                                                                               ; Don't care           ; New data        ; New data        ; Off      ; No                     ; No - Unsupported Depth ;
; HOME_DISPLAY_TEXT:HOME_SCREEN_TEXT|char_rom:\GEN_start_CHARS:20:start_CHAR_ROM|altsyncram:altsyncram_component|altsyncram_d5g1:auto_generated|ALTSYNCRAM ; AUTO ; ROM  ; Single Clock ; 512          ; 8            ; --           ; --           ; yes                    ; no                      ; --                     ; --                      ; 4096   ; 8                           ; 8                           ; --                          ; --                          ; 64                  ; 1           ; 0     ; tcgrom.mif                    ; M10K_X46_Y5_N0                                                                                                                                                                                                                                                                                                                                                                                                                                                                                                                                                                                                                                                                                                                                                                                                                                                                                                                                                                                                                                                                                                                                                                                                                                                                                                                                                                                                                                                                                                                                                                                                                                                                                                                                                                                                                                                                                                                               ; Don't care           ; New data        ; New data        ; Off      ; No                     ; No - Unsupported Depth ;
; HOME_DISPLAY_TEXT:HOME_SCREEN_TEXT|char_rom:\GEN_start_CHARS:21:start_CHAR_ROM|altsyncram:altsyncram_component|altsyncram_d5g1:auto_generated|ALTSYNCRAM ; AUTO ; ROM  ; Single Clock ; 512          ; 8            ; --           ; --           ; yes                    ; no                      ; --                     ; --                      ; 4096   ; 8                           ; 8                           ; --                          ; --                          ; 64                  ; 1           ; 0     ; tcgrom.mif                    ; M10K_X51_Y2_N0                                                                                                                                                                                                                                                                                                                                                                                                                                                                                                                                                                                                                                                                                                                                                                                                                                                                                                                                                                                                                                                                                                                                                                                                                                                                                                                                                                                                                                                                                                                                                                                                                                                                                                                                                                                                                                                                                                                               ; Don't care           ; New data        ; New data        ; Off      ; No                     ; No - Unsupported Depth ;
; HOME_DISPLAY_TEXT:HOME_SCREEN_TEXT|char_rom:\GEN_start_CHARS:22:start_CHAR_ROM|altsyncram:altsyncram_component|altsyncram_d5g1:auto_generated|ALTSYNCRAM ; AUTO ; ROM  ; Single Clock ; 512          ; 8            ; --           ; --           ; yes                    ; no                      ; --                     ; --                      ; 4096   ; 8                           ; 8                           ; --                          ; --                          ; 64                  ; 1           ; 0     ; tcgrom.mif                    ; M10K_X51_Y2_N0                                                                                                                                                                                                                                                                                                                                                                                                                                                                                                                                                                                                                                                                                                                                                                                                                                                                                                                                                                                                                                                                                                                                                                                                                                                                                                                                                                                                                                                                                                                                                                                                                                                                                                                                                                                                                                                                                                                               ; Don't care           ; New data        ; New data        ; Off      ; No                     ; No - Unsupported Depth ;
; HOME_DISPLAY_TEXT:HOME_SCREEN_TEXT|char_rom:\GEN_start_CHARS:23:start_CHAR_ROM|altsyncram:altsyncram_component|altsyncram_d5g1:auto_generated|ALTSYNCRAM ; AUTO ; ROM  ; Single Clock ; 512          ; 8            ; --           ; --           ; yes                    ; no                      ; --                     ; --                      ; 4096   ; 8                           ; 8                           ; --                          ; --                          ; 64                  ; 1           ; 0     ; tcgrom.mif                    ; M10K_X51_Y2_N0                                                                                                                                                                                                                                                                                                                                                                                                                                                                                                                                                                                                                                                                                                                                                                                                                                                                                                                                                                                                                                                                                                                                                                                                                                                                                                                                                                                                                                                                                                                                                                                                                                                                                                                                                                                                                                                                                                                               ; Don't care           ; New data        ; New data        ; Off      ; No                     ; No - Unsupported Depth ;
; HOME_DISPLAY_TEXT:HOME_SCREEN_TEXT|char_rom:\GEN_start_CHARS:24:start_CHAR_ROM|altsyncram:altsyncram_component|altsyncram_d5g1:auto_generated|ALTSYNCRAM ; AUTO ; ROM  ; Single Clock ; 512          ; 8            ; --           ; --           ; yes                    ; no                      ; --                     ; --                      ; 4096   ; 8                           ; 8                           ; --                          ; --                          ; 64                  ; 1           ; 0     ; tcgrom.mif                    ; M10K_X51_Y4_N0                                                                                                                                                                                                                                                                                                                                                                                                                                                                                                                                                                                                                                                                                                                                                                                                                                                                                                                                                                                                                                                                                                                                                                                                                                                                                                                                                                                                                                                                                                                                                                                                                                                                                                                                                                                                                                                                                                                               ; Don't care           ; New data        ; New data        ; Off      ; No                     ; No - Unsupported Depth ;
; HOME_DISPLAY_TEXT:HOME_SCREEN_TEXT|char_rom:\GEN_start_CHARS:25:start_CHAR_ROM|altsyncram:altsyncram_component|altsyncram_d5g1:auto_generated|ALTSYNCRAM ; AUTO ; ROM  ; Single Clock ; 512          ; 8            ; --           ; --           ; yes                    ; no                      ; --                     ; --                      ; 4096   ; 8                           ; 8                           ; --                          ; --                          ; 64                  ; 1           ; 0     ; tcgrom.mif                    ; M10K_X46_Y4_N0                                                                                                                                                                                                                                                                                                                                                                                                                                                                                                                                                                                                                                                                                                                                                                                                                                                                                                                                                                                                                                                                                                                                                                                                                                                                                                                                                                                                                                                                                                                                                                                                                                                                                                                                                                                                                                                                                                                               ; Don't care           ; New data        ; New data        ; Off      ; No                     ; No - Unsupported Depth ;
; HOME_DISPLAY_TEXT:HOME_SCREEN_TEXT|char_rom:\GEN_start_CHARS:26:start_CHAR_ROM|altsyncram:altsyncram_component|altsyncram_d5g1:auto_generated|ALTSYNCRAM ; AUTO ; ROM  ; Single Clock ; 512          ; 8            ; --           ; --           ; yes                    ; no                      ; --                     ; --                      ; 4096   ; 8                           ; 8                           ; --                          ; --                          ; 64                  ; 1           ; 0     ; tcgrom.mif                    ; M10K_X46_Y4_N0                                                                                                                                                                                                                                                                                                                                                                                                                                                                                                                                                                                                                                                                                                                                                                                                                                                                                                                                                                                                                                                                                                                                                                                                                                                                                                                                                                                                                                                                                                                                                                                                                                                                                                                                                                                                                                                                                                                               ; Don't care           ; New data        ; New data        ; Off      ; No                     ; No - Unsupported Depth ;
; HOME_DISPLAY_TEXT:HOME_SCREEN_TEXT|char_rom:\GEN_start_CHARS:27:start_CHAR_ROM|altsyncram:altsyncram_component|altsyncram_d5g1:auto_generated|ALTSYNCRAM ; AUTO ; ROM  ; Single Clock ; 512          ; 8            ; --           ; --           ; yes                    ; no                      ; --                     ; --                      ; 4096   ; 8                           ; 8                           ; --                          ; --                          ; 64                  ; 1           ; 0     ; tcgrom.mif                    ; M10K_X46_Y4_N0                                                                                                                                                                                                                                                                                                                                                                                                                                                                                                                                                                                                                                                                                                                                                                                                                                                                                                                                                                                                                                                                                                                                                                                                                                                                                                                                                                                                                                                                                                                                                                                                                                                                                                                                                                                                                                                                                                                               ; Don't care           ; New data        ; New data        ; Off      ; No                     ; No - Unsupported Depth ;
; HOME_DISPLAY_TEXT:HOME_SCREEN_TEXT|char_rom:\GEN_start_CHARS:28:start_CHAR_ROM|altsyncram:altsyncram_component|altsyncram_d5g1:auto_generated|ALTSYNCRAM ; AUTO ; ROM  ; Single Clock ; 512          ; 8            ; --           ; --           ; yes                    ; no                      ; --                     ; --                      ; 4096   ; 8                           ; 8                           ; --                          ; --                          ; 64                  ; 1           ; 0     ; tcgrom.mif                    ; M10K_X46_Y4_N0                                                                                                                                                                                                                                                                                                                                                                                                                                                                                                                                                                                                                                                                                                                                                                                                                                                                                                                                                                                                                                                                                                                                                                                                                                                                                                                                                                                                                                                                                                                                                                                                                                                                                                                                                                                                                                                                                                                               ; Don't care           ; New data        ; New data        ; Off      ; No                     ; No - Unsupported Depth ;
; HOME_DISPLAY_TEXT:HOME_SCREEN_TEXT|char_rom:\GEN_start_CHARS:29:start_CHAR_ROM|altsyncram:altsyncram_component|altsyncram_d5g1:auto_generated|ALTSYNCRAM ; AUTO ; ROM  ; Single Clock ; 512          ; 8            ; --           ; --           ; yes                    ; no                      ; --                     ; --                      ; 4096   ; 8                           ; 8                           ; --                          ; --                          ; 64                  ; 1           ; 0     ; tcgrom.mif                    ; M10K_X46_Y4_N0                                                                                                                                                                                                                                                                                                                                                                                                                                                                                                                                                                                                                                                                                                                                                                                                                                                                                                                                                                                                                                                                                                                                                                                                                                                                                                                                                                                                                                                                                                                                                                                                                                                                                                                                                                                                                                                                                                                               ; Don't care           ; New data        ; New data        ; Off      ; No                     ; No - Unsupported Depth ;
; HOME_DISPLAY_TEXT:HOME_SCREEN_TEXT|char_rom:\GEN_start_CHARS:2:start_CHAR_ROM|altsyncram:altsyncram_component|altsyncram_d5g1:auto_generated|ALTSYNCRAM  ; AUTO ; ROM  ; Single Clock ; 512          ; 8            ; --           ; --           ; yes                    ; no                      ; --                     ; --                      ; 4096   ; 8                           ; 8                           ; --                          ; --                          ; 64                  ; 1           ; 0     ; tcgrom.mif                    ; M10K_X46_Y5_N0                                                                                                                                                                                                                                                                                                                                                                                                                                                                                                                                                                                                                                                                                                                                                                                                                                                                                                                                                                                                                                                                                                                                                                                                                                                                                                                                                                                                                                                                                                                                                                                                                                                                                                                                                                                                                                                                                                                               ; Don't care           ; New data        ; New data        ; Off      ; No                     ; No - Unsupported Depth ;
; HOME_DISPLAY_TEXT:HOME_SCREEN_TEXT|char_rom:\GEN_start_CHARS:30:start_CHAR_ROM|altsyncram:altsyncram_component|altsyncram_d5g1:auto_generated|ALTSYNCRAM ; AUTO ; ROM  ; Single Clock ; 512          ; 8            ; --           ; --           ; yes                    ; no                      ; --                     ; --                      ; 4096   ; 8                           ; 8                           ; --                          ; --                          ; 64                  ; 1           ; 0     ; tcgrom.mif                    ; M10K_X46_Y1_N0                                                                                                                                                                                                                                                                                                                                                                                                                                                                                                                                                                                                                                                                                                                                                                                                                                                                                                                                                                                                                                                                                                                                                                                                                                                                                                                                                                                                                                                                                                                                                                                                                                                                                                                                                                                                                                                                                                                               ; Don't care           ; New data        ; New data        ; Off      ; No                     ; No - Unsupported Depth ;
; HOME_DISPLAY_TEXT:HOME_SCREEN_TEXT|char_rom:\GEN_start_CHARS:31:start_CHAR_ROM|altsyncram:altsyncram_component|altsyncram_d5g1:auto_generated|ALTSYNCRAM ; AUTO ; ROM  ; Single Clock ; 512          ; 8            ; --           ; --           ; yes                    ; no                      ; --                     ; --                      ; 4096   ; 8                           ; 8                           ; --                          ; --                          ; 64                  ; 1           ; 0     ; tcgrom.mif                    ; M10K_X46_Y1_N0                                                                                                                                                                                                                                                                                                                                                                                                                                                                                                                                                                                                                                                                                                                                                                                                                                                                                                                                                                                                                                                                                                                                                                                                                                                                                                                                                                                                                                                                                                                                                                                                                                                                                                                                                                                                                                                                                                                               ; Don't care           ; New data        ; New data        ; Off      ; No                     ; No - Unsupported Depth ;
; HOME_DISPLAY_TEXT:HOME_SCREEN_TEXT|char_rom:\GEN_start_CHARS:32:start_CHAR_ROM|altsyncram:altsyncram_component|altsyncram_d5g1:auto_generated|ALTSYNCRAM ; AUTO ; ROM  ; Single Clock ; 512          ; 8            ; --           ; --           ; yes                    ; no                      ; --                     ; --                      ; 4096   ; 8                           ; 8                           ; --                          ; --                          ; 64                  ; 1           ; 0     ; tcgrom.mif                    ; M10K_X51_Y4_N0                                                                                                                                                                                                                                                                                                                                                                                                                                                                                                                                                                                                                                                                                                                                                                                                                                                                                                                                                                                                                                                                                                                                                                                                                                                                                                                                                                                                                                                                                                                                                                                                                                                                                                                                                                                                                                                                                                                               ; Don't care           ; New data        ; New data        ; Off      ; No                     ; No - Unsupported Depth ;
; HOME_DISPLAY_TEXT:HOME_SCREEN_TEXT|char_rom:\GEN_start_CHARS:33:start_CHAR_ROM|altsyncram:altsyncram_component|altsyncram_d5g1:auto_generated|ALTSYNCRAM ; AUTO ; ROM  ; Single Clock ; 512          ; 8            ; --           ; --           ; yes                    ; no                      ; --                     ; --                      ; 4096   ; 8                           ; 8                           ; --                          ; --                          ; 64                  ; 1           ; 0     ; tcgrom.mif                    ; M10K_X51_Y4_N0                                                                                                                                                                                                                                                                                                                                                                                                                                                                                                                                                                                                                                                                                                                                                                                                                                                                                                                                                                                                                                                                                                                                                                                                                                                                                                                                                                                                                                                                                                                                                                                                                                                                                                                                                                                                                                                                                                                               ; Don't care           ; New data        ; New data        ; Off      ; No                     ; No - Unsupported Depth ;
; HOME_DISPLAY_TEXT:HOME_SCREEN_TEXT|char_rom:\GEN_start_CHARS:34:start_CHAR_ROM|altsyncram:altsyncram_component|altsyncram_d5g1:auto_generated|ALTSYNCRAM ; AUTO ; ROM  ; Single Clock ; 512          ; 8            ; --           ; --           ; yes                    ; no                      ; --                     ; --                      ; 4096   ; 8                           ; 8                           ; --                          ; --                          ; 64                  ; 1           ; 0     ; tcgrom.mif                    ; M10K_X51_Y4_N0                                                                                                                                                                                                                                                                                                                                                                                                                                                                                                                                                                                                                                                                                                                                                                                                                                                                                                                                                                                                                                                                                                                                                                                                                                                                                                                                                                                                                                                                                                                                                                                                                                                                                                                                                                                                                                                                                                                               ; Don't care           ; New data        ; New data        ; Off      ; No                     ; No - Unsupported Depth ;
; HOME_DISPLAY_TEXT:HOME_SCREEN_TEXT|char_rom:\GEN_start_CHARS:35:start_CHAR_ROM|altsyncram:altsyncram_component|altsyncram_d5g1:auto_generated|ALTSYNCRAM ; AUTO ; ROM  ; Single Clock ; 512          ; 8            ; --           ; --           ; yes                    ; no                      ; --                     ; --                      ; 4096   ; 8                           ; 8                           ; --                          ; --                          ; 64                  ; 1           ; 0     ; tcgrom.mif                    ; M10K_X51_Y4_N0                                                                                                                                                                                                                                                                                                                                                                                                                                                                                                                                                                                                                                                                                                                                                                                                                                                                                                                                                                                                                                                                                                                                                                                                                                                                                                                                                                                                                                                                                                                                                                                                                                                                                                                                                                                                                                                                                                                               ; Don't care           ; New data        ; New data        ; Off      ; No                     ; No - Unsupported Depth ;
; HOME_DISPLAY_TEXT:HOME_SCREEN_TEXT|char_rom:\GEN_start_CHARS:3:start_CHAR_ROM|altsyncram:altsyncram_component|altsyncram_d5g1:auto_generated|ALTSYNCRAM  ; AUTO ; ROM  ; Single Clock ; 512          ; 8            ; --           ; --           ; yes                    ; no                      ; --                     ; --                      ; 4096   ; 8                           ; 8                           ; --                          ; --                          ; 64                  ; 1           ; 0     ; tcgrom.mif                    ; M10K_X46_Y5_N0                                                                                                                                                                                                                                                                                                                                                                                                                                                                                                                                                                                                                                                                                                                                                                                                                                                                                                                                                                                                                                                                                                                                                                                                                                                                                                                                                                                                                                                                                                                                                                                                                                                                                                                                                                                                                                                                                                                               ; Don't care           ; New data        ; New data        ; Off      ; No                     ; No - Unsupported Depth ;
; HOME_DISPLAY_TEXT:HOME_SCREEN_TEXT|char_rom:\GEN_start_CHARS:4:start_CHAR_ROM|altsyncram:altsyncram_component|altsyncram_d5g1:auto_generated|ALTSYNCRAM  ; AUTO ; ROM  ; Single Clock ; 512          ; 8            ; --           ; --           ; yes                    ; no                      ; --                     ; --                      ; 4096   ; 8                           ; 8                           ; --                          ; --                          ; 64                  ; 1           ; 0     ; tcgrom.mif                    ; M10K_X46_Y3_N0                                                                                                                                                                                                                                                                                                                                                                                                                                                                                                                                                                                                                                                                                                                                                                                                                                                                                                                                                                                                                                                                                                                                                                                                                                                                                                                                                                                                                                                                                                                                                                                                                                                                                                                                                                                                                                                                                                                               ; Don't care           ; New data        ; New data        ; Off      ; No                     ; No - Unsupported Depth ;
; HOME_DISPLAY_TEXT:HOME_SCREEN_TEXT|char_rom:\GEN_start_CHARS:5:start_CHAR_ROM|altsyncram:altsyncram_component|altsyncram_d5g1:auto_generated|ALTSYNCRAM  ; AUTO ; ROM  ; Single Clock ; 512          ; 8            ; --           ; --           ; yes                    ; no                      ; --                     ; --                      ; 4096   ; 8                           ; 8                           ; --                          ; --                          ; 64                  ; 1           ; 0     ; tcgrom.mif                    ; M10K_X46_Y3_N0                                                                                                                                                                                                                                                                                                                                                                                                                                                                                                                                                                                                                                                                                                                                                                                                                                                                                                                                                                                                                                                                                                                                                                                                                                                                                                                                                                                                                                                                                                                                                                                                                                                                                                                                                                                                                                                                                                                               ; Don't care           ; New data        ; New data        ; Off      ; No                     ; No - Unsupported Depth ;
; HOME_DISPLAY_TEXT:HOME_SCREEN_TEXT|char_rom:\GEN_start_CHARS:6:start_CHAR_ROM|altsyncram:altsyncram_component|altsyncram_d5g1:auto_generated|ALTSYNCRAM  ; AUTO ; ROM  ; Single Clock ; 512          ; 8            ; --           ; --           ; yes                    ; no                      ; --                     ; --                      ; 4096   ; 8                           ; 8                           ; --                          ; --                          ; 64                  ; 1           ; 0     ; tcgrom.mif                    ; M10K_X46_Y3_N0                                                                                                                                                                                                                                                                                                                                                                                                                                                                                                                                                                                                                                                                                                                                                                                                                                                                                                                                                                                                                                                                                                                                                                                                                                                                                                                                                                                                                                                                                                                                                                                                                                                                                                                                                                                                                                                                                                                               ; Don't care           ; New data        ; New data        ; Off      ; No                     ; No - Unsupported Depth ;
; HOME_DISPLAY_TEXT:HOME_SCREEN_TEXT|char_rom:\GEN_start_CHARS:7:start_CHAR_ROM|altsyncram:altsyncram_component|altsyncram_d5g1:auto_generated|ALTSYNCRAM  ; AUTO ; ROM  ; Single Clock ; 512          ; 8            ; --           ; --           ; yes                    ; no                      ; --                     ; --                      ; 4096   ; 8                           ; 8                           ; --                          ; --                          ; 64                  ; 1           ; 0     ; tcgrom.mif                    ; M10K_X46_Y3_N0                                                                                                                                                                                                                                                                                                                                                                                                                                                                                                                                                                                                                                                                                                                                                                                                                                                                                                                                                                                                                                                                                                                                                                                                                                                                                                                                                                                                                                                                                                                                                                                                                                                                                                                                                                                                                                                                                                                               ; Don't care           ; New data        ; New data        ; Off      ; No                     ; No - Unsupported Depth ;
; HOME_DISPLAY_TEXT:HOME_SCREEN_TEXT|char_rom:\GEN_start_CHARS:8:start_CHAR_ROM|altsyncram:altsyncram_component|altsyncram_d5g1:auto_generated|ALTSYNCRAM  ; AUTO ; ROM  ; Single Clock ; 512          ; 8            ; --           ; --           ; yes                    ; no                      ; --                     ; --                      ; 4096   ; 8                           ; 8                           ; --                          ; --                          ; 64                  ; 1           ; 0     ; tcgrom.mif                    ; M10K_X46_Y1_N0                                                                                                                                                                                                                                                                                                                                                                                                                                                                                                                                                                                                                                                                                                                                                                                                                                                                                                                                                                                                                                                                                                                                                                                                                                                                                                                                                                                                                                                                                                                                                                                                                                                                                                                                                                                                                                                                                                                               ; Don't care           ; New data        ; New data        ; Off      ; No                     ; No - Unsupported Depth ;
; HOME_DISPLAY_TEXT:HOME_SCREEN_TEXT|char_rom:\GEN_start_CHARS:9:start_CHAR_ROM|altsyncram:altsyncram_component|altsyncram_d5g1:auto_generated|ALTSYNCRAM  ; AUTO ; ROM  ; Single Clock ; 512          ; 8            ; --           ; --           ; yes                    ; no                      ; --                     ; --                      ; 4096   ; 8                           ; 8                           ; --                          ; --                          ; 64                  ; 1           ; 0     ; tcgrom.mif                    ; M10K_X46_Y1_N0                                                                                                                                                                                                                                                                                                                                                                                                                                                                                                                                                                                                                                                                                                                                                                                                                                                                                                                                                                                                                                                                                                                                                                                                                                                                                                                                                                                                                                                                                                                                                                                                                                                                                                                                                                                                                                                                                                                               ; Don't care           ; New data        ; New data        ; Off      ; No                     ; No - Unsupported Depth ;
; PIPES:PIPE_DISPLAY|pipe_top:TOP_ROM|altsyncram:altsyncram_component|altsyncram_js14:auto_generated|ALTSYNCRAM                                            ; AUTO ; ROM  ; Single Clock ; 3135         ; 12           ; --           ; --           ; yes                    ; yes                     ; --                     ; --                      ; 37620  ; 3135                        ; 12                          ; --                          ; --                          ; 37620               ; 6           ; 0     ; ../pipe_top.mif               ; M10K_X46_Y20_N0, M10K_X51_Y20_N0, M10K_X46_Y19_N0, M10K_X46_Y18_N0, M10K_X51_Y19_N0, M10K_X51_Y18_N0                                                                                                                                                                                                                                                                                                                                                                                                                                                                                                                                                                                                                                                                                                                                                                                                                                                                                                                                                                                                                                                                                                                                                                                                                                                                                                                                                                                                                                                                                                                                                                                                                                                                                                                                                                                                                                         ; Don't care           ; New data        ; New data        ; Off      ; No                     ; No - Address Too Wide  ;
; PIPES:PIPE_DISPLAY|pipestrip:STRIP_ROM|altsyncram:altsyncram_component|altsyncram_vr14:auto_generated|ALTSYNCRAM                                         ; AUTO ; ROM  ; Single Clock ; 50           ; 12           ; --           ; --           ; yes                    ; yes                     ; --                     ; --                      ; 600    ; 50                          ; 12                          ; --                          ; --                          ; 600                 ; 1           ; 0     ; ../pipestrip.mif              ; M10K_X46_Y17_N0                                                                                                                                                                                                                                                                                                                                                                                                                                                                                                                                                                                                                                                                                                                                                                                                                                                                                                                                                                                                                                                                                                                                                                                                                                                                                                                                                                                                                                                                                                                                                                                                                                                                                                                                                                                                                                                                                                                              ; Don't care           ; New data        ; New data        ; Off      ; No                     ; Yes                    ;
; bait:RANDOM_BAIT|bait_rom:BAIT_IMAGE|altsyncram:altsyncram_component|altsyncram_e714:auto_generated|ALTSYNCRAM                                           ; AUTO ; ROM  ; Single Clock ; 256          ; 12           ; --           ; --           ; yes                    ; yes                     ; --                     ; --                      ; 3072   ; 256                         ; 12                          ; --                          ; --                          ; 3072                ; 1           ; 0     ; bait.mif                      ; M10K_X46_Y14_N0                                                                                                                                                                                                                                                                                                                                                                                                                                                                                                                                                                                                                                                                                                                                                                                                                                                                                                                                                                                                                                                                                                                                                                                                                                                                                                                                                                                                                                                                                                                                                                                                                                                                                                                                                                                                                                                                                                                              ; Don't care           ; New data        ; New data        ; Off      ; No                     ; No - Unsupported Depth ;
; dolphin_visual:DOLPHIN_SPRITE_INST|dolphin_rom:DOLPHIN|altsyncram:ROM|altsyncram_j3u3:auto_generated|ALTSYNCRAM                                          ; AUTO ; ROM  ; Single Clock ; 1024         ; 12           ; --           ; --           ; yes                    ; no                      ; --                     ; --                      ; 12288  ; 1024                        ; 12                          ; --                          ; --                          ; 12288               ; 2           ; 0     ; dolphin.mif                   ; M10K_X46_Y16_N0, M10K_X46_Y15_N0                                                                                                                                                                                                                                                                                                                                                                                                                                                                                                                                                                                                                                                                                                                                                                                                                                                                                                                                                                                                                                                                                                                                                                                                                                                                                                                                                                                                                                                                                                                                                                                                                                                                                                                                                                                                                                                                                                             ; Don't care           ; New data        ; New data        ; Off      ; No                     ; No - Address Too Wide  ;
; lives:LIFE_DISPLAY|char_rom:HEART_ROM|altsyncram:altsyncram_component|altsyncram_d5g1:auto_generated|ALTSYNCRAM                                          ; AUTO ; ROM  ; Single Clock ; 512          ; 8            ; --           ; --           ; yes                    ; no                      ; --                     ; --                      ; 4096   ; 8                           ; 8                           ; --                          ; --                          ; 64                  ; 1           ; 0     ; tcgrom.mif                    ; M10K_X38_Y7_N0                                                                                                                                                                                                                                                                                                                                                                                                                                                                                                                                                                                                                                                                                                                                                                                                                                                                                                                                                                                                                                                                                                                                                                                                                                                                                                                                                                                                                                                                                                                                                                                                                                                                                                                                                                                                                                                                                                                               ; Don't care           ; New data        ; New data        ; Off      ; No                     ; No - Unsupported Depth ;
; score_text:SCORE_DISPLAY|char_rom:SCORE_ROM|altsyncram:altsyncram_component|altsyncram_d5g1:auto_generated|ALTSYNCRAM                                    ; AUTO ; ROM  ; Single Clock ; 512          ; 8            ; --           ; --           ; yes                    ; no                      ; --                     ; --                      ; 4096   ; 512                         ; 8                           ; --                          ; --                          ; 4096                ; 1           ; 0     ; tcgrom.mif                    ; M10K_X38_Y10_N0                                                                                                                                                                                                                                                                                                                                                                                                                                                                                                                                                                                                                                                                                                                                                                                                                                                                                                                                                                                                                                                                                                                                                                                                                                                                                                                                                                                                                                                                                                                                                                                                                                                                                                                                                                                                                                                                                                                              ; Don't care           ; New data        ; New data        ; Off      ; No                     ; No - Address Too Wide  ;
+----------------------------------------------------------------------------------------------------------------------------------------------------------+------+------+--------------+--------------+--------------+--------------+--------------+------------------------+-------------------------+------------------------+-------------------------+--------+-----------------------------+-----------------------------+-----------------------------+-----------------------------+---------------------+-------------+-------+-------------------------------+----------------------------------------------------------------------------------------------------------------------------------------------------------------------------------------------------------------------------------------------------------------------------------------------------------------------------------------------------------------------------------------------------------------------------------------------------------------------------------------------------------------------------------------------------------------------------------------------------------------------------------------------------------------------------------------------------------------------------------------------------------------------------------------------------------------------------------------------------------------------------------------------------------------------------------------------------------------------------------------------------------------------------------------------------------------------------------------------------------------------------------------------------------------------------------------------------------------------------------------------------------------------------------------------------------------------------------------------------------------------------------------------------------------------------------------------------------------------------------------------------------------------------------------------------------------------------------------------------------------------------------------------------------------------------------------------------------------------------------------------------------------------------------------------------------------------------------------------------------------------------------------------------------------------------------------------+----------------------+-----------------+-----------------+----------+------------------------+------------------------+
Note: Fitter may spread logical memories into multiple blocks to improve timing. The actual required RAM blocks can be found in the Fitter Resource Usage section.


+--------------------------------------------------------+
; Routing Usage Summary                                  ;
+------------------------------+-------------------------+
; Routing Resource Type        ; Usage                   ;
+------------------------------+-------------------------+
; Block interconnects          ; 6,030 / 140,056 ( 4 % ) ;
; C12 interconnects            ; 84 / 6,048 ( 1 % )      ;
; C2 interconnects             ; 1,416 / 54,648 ( 3 % )  ;
; C4 interconnects             ; 925 / 25,920 ( 4 % )    ;
; DQS bus muxes                ; 0 / 17 ( 0 % )          ;
; DQS-18 I/O buses             ; 0 / 17 ( 0 % )          ;
; DQS-9 I/O buses              ; 0 / 17 ( 0 % )          ;
; Direct links                 ; 385 / 140,056 ( < 1 % ) ;
; Global clocks                ; 1 / 16 ( 6 % )          ;
; Local interconnects          ; 1,450 / 36,960 ( 4 % )  ;
; Quadrant clocks              ; 0 / 88 ( 0 % )          ;
; R14 interconnects            ; 122 / 5,984 ( 2 % )     ;
; R14/C12 interconnect drivers ; 159 / 9,504 ( 2 % )     ;
; R3 interconnects             ; 2,140 / 60,192 ( 4 % )  ;
; R6 interconnects             ; 3,261 / 127,072 ( 3 % ) ;
; Spine clocks                 ; 4 / 120 ( 3 % )         ;
; Wire stub REs                ; 0 / 7,344 ( 0 % )       ;
+------------------------------+-------------------------+


+------------------------------------------+
; I/O Rules Summary                        ;
+----------------------------------+-------+
; I/O Rules Statistic              ; Total ;
+----------------------------------+-------+
; Total I/O Rules                  ; 28    ;
; Number of I/O Rules Passed       ; 9     ;
; Number of I/O Rules Failed       ; 0     ;
; Number of I/O Rules Unchecked    ; 0     ;
; Number of I/O Rules Inapplicable ; 19    ;
+----------------------------------+-------+


+-----------------------------------------------------------------------------------------------------------------------------------------------------------------------------------------------------------------------------------------------------------------------------------+
; I/O Rules Details                                                                                                                                                                                                                                                                 ;
+--------------+-----------+-----------------------------------+------------------------------------------------------------------------------------+----------+--------------------------------------------------------------------------+---------------------+-------------------+
; Status       ; ID        ; Category                          ; Rule Description                                                                   ; Severity ; Information                                                              ; Area                ; Extra Information ;
+--------------+-----------+-----------------------------------+------------------------------------------------------------------------------------+----------+--------------------------------------------------------------------------+---------------------+-------------------+
; Pass         ; IO_000001 ; Capacity Checks                   ; Number of pins in an I/O bank should not exceed the number of locations available. ; Critical ; 0 such failures found.                                                   ; I/O                 ;                   ;
; Inapplicable ; IO_000002 ; Capacity Checks                   ; Number of clocks in an I/O bank should not exceed the number of clocks available.  ; Critical ; No Global Signal assignments found.                                      ; I/O                 ;                   ;
; Pass         ; IO_000003 ; Capacity Checks                   ; Number of pins in a Vrefgroup should not exceed the number of locations available. ; Critical ; 0 such failures found.                                                   ; I/O                 ;                   ;
; Inapplicable ; IO_000004 ; Voltage Compatibility Checks      ; The I/O bank should support the requested VCCIO.                                   ; Critical ; No IOBANK_VCCIO assignments found.                                       ; I/O                 ;                   ;
; Inapplicable ; IO_000005 ; Voltage Compatibility Checks      ; The I/O bank should not have competing VREF values.                                ; Critical ; No VREF I/O Standard assignments found.                                  ; I/O                 ;                   ;
; Pass         ; IO_000006 ; Voltage Compatibility Checks      ; The I/O bank should not have competing VCCIO values.                               ; Critical ; 0 such failures found.                                                   ; I/O                 ;                   ;
; Pass         ; IO_000007 ; Valid Location Checks             ; Checks for unavailable locations.                                                  ; Critical ; 0 such failures found.                                                   ; I/O                 ;                   ;
; Inapplicable ; IO_000008 ; Valid Location Checks             ; Checks for reserved locations.                                                     ; Critical ; No reserved LogicLock region found.                                      ; I/O                 ;                   ;
; Pass         ; IO_000009 ; I/O Properties Checks for One I/O ; The location should support the requested I/O standard.                            ; Critical ; 0 such failures found.                                                   ; I/O                 ;                   ;
; Pass         ; IO_000010 ; I/O Properties Checks for One I/O ; The location should support the requested I/O direction.                           ; Critical ; 0 such failures found.                                                   ; I/O                 ;                   ;
; Inapplicable ; IO_000011 ; I/O Properties Checks for One I/O ; The location should support the requested Current Strength.                        ; Critical ; No Current Strength assignments found.                                   ; I/O                 ;                   ;
; Pass         ; IO_000012 ; I/O Properties Checks for One I/O ; The location should support the requested On Chip Termination value.               ; Critical ; 0 such failures found.                                                   ; I/O                 ;                   ;
; Inapplicable ; IO_000013 ; I/O Properties Checks for One I/O ; The location should support the requested Bus Hold value.                          ; Critical ; No Enable Bus-Hold Circuitry assignments found.                          ; I/O                 ;                   ;
; Inapplicable ; IO_000014 ; I/O Properties Checks for One I/O ; The location should support the requested Weak Pull Up value.                      ; Critical ; No Weak Pull-Up Resistor assignments found.                              ; I/O                 ;                   ;
; Inapplicable ; IO_000015 ; I/O Properties Checks for One I/O ; The location should support the requested PCI Clamp Diode.                         ; Critical ; No Clamping Diode assignments found.                                     ; I/O                 ;                   ;
; Inapplicable ; IO_000018 ; I/O Properties Checks for One I/O ; The I/O standard should support the requested Current Strength.                    ; Critical ; No Current Strength assignments found.                                   ; I/O                 ;                   ;
; Pass         ; IO_000019 ; I/O Properties Checks for One I/O ; The I/O standard should support the requested On Chip Termination value.           ; Critical ; 0 such failures found.                                                   ; I/O                 ;                   ;
; Inapplicable ; IO_000020 ; I/O Properties Checks for One I/O ; The I/O standard should support the requested PCI Clamp Diode.                     ; Critical ; No Clamping Diode assignments found.                                     ; I/O                 ;                   ;
; Inapplicable ; IO_000021 ; I/O Properties Checks for One I/O ; The I/O standard should support the requested Weak Pull Up value.                  ; Critical ; No Weak Pull-Up Resistor assignments found.                              ; I/O                 ;                   ;
; Inapplicable ; IO_000022 ; I/O Properties Checks for One I/O ; The I/O standard should support the requested Bus Hold value.                      ; Critical ; No Enable Bus-Hold Circuitry assignments found.                          ; I/O                 ;                   ;
; Inapplicable ; IO_000023 ; I/O Properties Checks for One I/O ; The I/O standard should support the Open Drain value.                              ; Critical ; No open drain assignments found.                                         ; I/O                 ;                   ;
; Pass         ; IO_000024 ; I/O Properties Checks for One I/O ; The I/O direction should support the On Chip Termination value.                    ; Critical ; 0 such failures found.                                                   ; I/O                 ;                   ;
; Inapplicable ; IO_000026 ; I/O Properties Checks for One I/O ; On Chip Termination and Current Strength should not be used at the same time.      ; Critical ; No Current Strength assignments found.                                   ; I/O                 ;                   ;
; Inapplicable ; IO_000027 ; I/O Properties Checks for One I/O ; Weak Pull Up and Bus Hold should not be used at the same time.                     ; Critical ; No Enable Bus-Hold Circuitry or Weak Pull-Up Resistor assignments found. ; I/O                 ;                   ;
; Inapplicable ; IO_000045 ; I/O Properties Checks for One I/O ; The I/O standard should support the requested Slew Rate value.                     ; Critical ; No Slew Rate assignments found.                                          ; I/O                 ;                   ;
; Inapplicable ; IO_000046 ; I/O Properties Checks for One I/O ; The location should support the requested Slew Rate value.                         ; Critical ; No Slew Rate assignments found.                                          ; I/O                 ;                   ;
; Inapplicable ; IO_000047 ; I/O Properties Checks for One I/O ; On Chip Termination and Slew Rate should not be used at the same time.             ; Critical ; No Slew Rate assignments found.                                          ; I/O                 ;                   ;
; Inapplicable ; IO_000034 ; SI Related Distance Checks        ; Single-ended outputs should be 0 LAB row(s) away from a differential I/O.          ; High     ; No Differential I/O Standard assignments found.                          ; I/O                 ;                   ;
; ----         ; ----      ; Disclaimer                        ; OCT rules are checked but not reported.                                            ; None     ; ----                                                                     ; On Chip Termination ;                   ;
+--------------+-----------+-----------------------------------+------------------------------------------------------------------------------------+----------+--------------------------------------------------------------------------+---------------------+-------------------+


+--------------------------------------------------------------------------------------------------------------------------------------------------------------------------------------------------------------------------------------------------------------------------------------------------------------------------------------------------------------------------------------------------------------------------------------+
; I/O Rules Matrix                                                                                                                                                                                                                                                                                                                                                                                                                     ;
+--------------------+-----------+--------------+-----------+--------------+--------------+-----------+-----------+--------------+-----------+-----------+--------------+--------------+--------------+--------------+--------------+--------------+--------------+--------------+--------------+--------------+--------------+--------------+--------------+--------------+--------------+--------------+--------------+--------------+
; Pin/Rules          ; IO_000001 ; IO_000002    ; IO_000003 ; IO_000004    ; IO_000005    ; IO_000006 ; IO_000007 ; IO_000008    ; IO_000009 ; IO_000010 ; IO_000011    ; IO_000012    ; IO_000013    ; IO_000014    ; IO_000015    ; IO_000018    ; IO_000019    ; IO_000020    ; IO_000021    ; IO_000022    ; IO_000023    ; IO_000024    ; IO_000026    ; IO_000027    ; IO_000045    ; IO_000046    ; IO_000047    ; IO_000034    ;
+--------------------+-----------+--------------+-----------+--------------+--------------+-----------+-----------+--------------+-----------+-----------+--------------+--------------+--------------+--------------+--------------+--------------+--------------+--------------+--------------+--------------+--------------+--------------+--------------+--------------+--------------+--------------+--------------+--------------+
; Total Pass         ; 55        ; 0            ; 55        ; 0            ; 0            ; 55        ; 55        ; 0            ; 55        ; 55        ; 0            ; 40           ; 0            ; 0            ; 0            ; 0            ; 40           ; 0            ; 0            ; 0            ; 0            ; 40           ; 0            ; 0            ; 0            ; 0            ; 0            ; 0            ;
; Total Unchecked    ; 0         ; 0            ; 0         ; 0            ; 0            ; 0         ; 0         ; 0            ; 0         ; 0         ; 0            ; 0            ; 0            ; 0            ; 0            ; 0            ; 0            ; 0            ; 0            ; 0            ; 0            ; 0            ; 0            ; 0            ; 0            ; 0            ; 0            ; 0            ;
; Total Inapplicable ; 0         ; 55           ; 0         ; 55           ; 55           ; 0         ; 0         ; 55           ; 0         ; 0         ; 55           ; 15           ; 55           ; 55           ; 55           ; 55           ; 15           ; 55           ; 55           ; 55           ; 55           ; 15           ; 55           ; 55           ; 55           ; 55           ; 55           ; 55           ;
; Total Fail         ; 0         ; 0            ; 0         ; 0            ; 0            ; 0         ; 0         ; 0            ; 0         ; 0         ; 0            ; 0            ; 0            ; 0            ; 0            ; 0            ; 0            ; 0            ; 0            ; 0            ; 0            ; 0            ; 0            ; 0            ; 0            ; 0            ; 0            ; 0            ;
; KEY[1]             ; Pass      ; Inapplicable ; Pass      ; Inapplicable ; Inapplicable ; Pass      ; Pass      ; Inapplicable ; Pass      ; Pass      ; Inapplicable ; Inapplicable ; Inapplicable ; Inapplicable ; Inapplicable ; Inapplicable ; Inapplicable ; Inapplicable ; Inapplicable ; Inapplicable ; Inapplicable ; Inapplicable ; Inapplicable ; Inapplicable ; Inapplicable ; Inapplicable ; Inapplicable ; Inapplicable ;
; KEY[2]             ; Pass      ; Inapplicable ; Pass      ; Inapplicable ; Inapplicable ; Pass      ; Pass      ; Inapplicable ; Pass      ; Pass      ; Inapplicable ; Inapplicable ; Inapplicable ; Inapplicable ; Inapplicable ; Inapplicable ; Inapplicable ; Inapplicable ; Inapplicable ; Inapplicable ; Inapplicable ; Inapplicable ; Inapplicable ; Inapplicable ; Inapplicable ; Inapplicable ; Inapplicable ; Inapplicable ;
; SW[1]              ; Pass      ; Inapplicable ; Pass      ; Inapplicable ; Inapplicable ; Pass      ; Pass      ; Inapplicable ; Pass      ; Pass      ; Inapplicable ; Inapplicable ; Inapplicable ; Inapplicable ; Inapplicable ; Inapplicable ; Inapplicable ; Inapplicable ; Inapplicable ; Inapplicable ; Inapplicable ; Inapplicable ; Inapplicable ; Inapplicable ; Inapplicable ; Inapplicable ; Inapplicable ; Inapplicable ;
; SW[2]              ; Pass      ; Inapplicable ; Pass      ; Inapplicable ; Inapplicable ; Pass      ; Pass      ; Inapplicable ; Pass      ; Pass      ; Inapplicable ; Inapplicable ; Inapplicable ; Inapplicable ; Inapplicable ; Inapplicable ; Inapplicable ; Inapplicable ; Inapplicable ; Inapplicable ; Inapplicable ; Inapplicable ; Inapplicable ; Inapplicable ; Inapplicable ; Inapplicable ; Inapplicable ; Inapplicable ;
; SW[3]              ; Pass      ; Inapplicable ; Pass      ; Inapplicable ; Inapplicable ; Pass      ; Pass      ; Inapplicable ; Pass      ; Pass      ; Inapplicable ; Inapplicable ; Inapplicable ; Inapplicable ; Inapplicable ; Inapplicable ; Inapplicable ; Inapplicable ; Inapplicable ; Inapplicable ; Inapplicable ; Inapplicable ; Inapplicable ; Inapplicable ; Inapplicable ; Inapplicable ; Inapplicable ; Inapplicable ;
; SW[4]              ; Pass      ; Inapplicable ; Pass      ; Inapplicable ; Inapplicable ; Pass      ; Pass      ; Inapplicable ; Pass      ; Pass      ; Inapplicable ; Inapplicable ; Inapplicable ; Inapplicable ; Inapplicable ; Inapplicable ; Inapplicable ; Inapplicable ; Inapplicable ; Inapplicable ; Inapplicable ; Inapplicable ; Inapplicable ; Inapplicable ; Inapplicable ; Inapplicable ; Inapplicable ; Inapplicable ;
; SW[5]              ; Pass      ; Inapplicable ; Pass      ; Inapplicable ; Inapplicable ; Pass      ; Pass      ; Inapplicable ; Pass      ; Pass      ; Inapplicable ; Inapplicable ; Inapplicable ; Inapplicable ; Inapplicable ; Inapplicable ; Inapplicable ; Inapplicable ; Inapplicable ; Inapplicable ; Inapplicable ; Inapplicable ; Inapplicable ; Inapplicable ; Inapplicable ; Inapplicable ; Inapplicable ; Inapplicable ;
; SW[6]              ; Pass      ; Inapplicable ; Pass      ; Inapplicable ; Inapplicable ; Pass      ; Pass      ; Inapplicable ; Pass      ; Pass      ; Inapplicable ; Inapplicable ; Inapplicable ; Inapplicable ; Inapplicable ; Inapplicable ; Inapplicable ; Inapplicable ; Inapplicable ; Inapplicable ; Inapplicable ; Inapplicable ; Inapplicable ; Inapplicable ; Inapplicable ; Inapplicable ; Inapplicable ; Inapplicable ;
; SW[7]              ; Pass      ; Inapplicable ; Pass      ; Inapplicable ; Inapplicable ; Pass      ; Pass      ; Inapplicable ; Pass      ; Pass      ; Inapplicable ; Inapplicable ; Inapplicable ; Inapplicable ; Inapplicable ; Inapplicable ; Inapplicable ; Inapplicable ; Inapplicable ; Inapplicable ; Inapplicable ; Inapplicable ; Inapplicable ; Inapplicable ; Inapplicable ; Inapplicable ; Inapplicable ; Inapplicable ;
; SW[8]              ; Pass      ; Inapplicable ; Pass      ; Inapplicable ; Inapplicable ; Pass      ; Pass      ; Inapplicable ; Pass      ; Pass      ; Inapplicable ; Inapplicable ; Inapplicable ; Inapplicable ; Inapplicable ; Inapplicable ; Inapplicable ; Inapplicable ; Inapplicable ; Inapplicable ; Inapplicable ; Inapplicable ; Inapplicable ; Inapplicable ; Inapplicable ; Inapplicable ; Inapplicable ; Inapplicable ;
; SW[9]              ; Pass      ; Inapplicable ; Pass      ; Inapplicable ; Inapplicable ; Pass      ; Pass      ; Inapplicable ; Pass      ; Pass      ; Inapplicable ; Inapplicable ; Inapplicable ; Inapplicable ; Inapplicable ; Inapplicable ; Inapplicable ; Inapplicable ; Inapplicable ; Inapplicable ; Inapplicable ; Inapplicable ; Inapplicable ; Inapplicable ; Inapplicable ; Inapplicable ; Inapplicable ; Inapplicable ;
; VGA_R[0]           ; Pass      ; Inapplicable ; Pass      ; Inapplicable ; Inapplicable ; Pass      ; Pass      ; Inapplicable ; Pass      ; Pass      ; Inapplicable ; Pass         ; Inapplicable ; Inapplicable ; Inapplicable ; Inapplicable ; Pass         ; Inapplicable ; Inapplicable ; Inapplicable ; Inapplicable ; Pass         ; Inapplicable ; Inapplicable ; Inapplicable ; Inapplicable ; Inapplicable ; Inapplicable ;
; VGA_R[1]           ; Pass      ; Inapplicable ; Pass      ; Inapplicable ; Inapplicable ; Pass      ; Pass      ; Inapplicable ; Pass      ; Pass      ; Inapplicable ; Pass         ; Inapplicable ; Inapplicable ; Inapplicable ; Inapplicable ; Pass         ; Inapplicable ; Inapplicable ; Inapplicable ; Inapplicable ; Pass         ; Inapplicable ; Inapplicable ; Inapplicable ; Inapplicable ; Inapplicable ; Inapplicable ;
; VGA_R[2]           ; Pass      ; Inapplicable ; Pass      ; Inapplicable ; Inapplicable ; Pass      ; Pass      ; Inapplicable ; Pass      ; Pass      ; Inapplicable ; Pass         ; Inapplicable ; Inapplicable ; Inapplicable ; Inapplicable ; Pass         ; Inapplicable ; Inapplicable ; Inapplicable ; Inapplicable ; Pass         ; Inapplicable ; Inapplicable ; Inapplicable ; Inapplicable ; Inapplicable ; Inapplicable ;
; VGA_R[3]           ; Pass      ; Inapplicable ; Pass      ; Inapplicable ; Inapplicable ; Pass      ; Pass      ; Inapplicable ; Pass      ; Pass      ; Inapplicable ; Pass         ; Inapplicable ; Inapplicable ; Inapplicable ; Inapplicable ; Pass         ; Inapplicable ; Inapplicable ; Inapplicable ; Inapplicable ; Pass         ; Inapplicable ; Inapplicable ; Inapplicable ; Inapplicable ; Inapplicable ; Inapplicable ;
; VGA_G[0]           ; Pass      ; Inapplicable ; Pass      ; Inapplicable ; Inapplicable ; Pass      ; Pass      ; Inapplicable ; Pass      ; Pass      ; Inapplicable ; Pass         ; Inapplicable ; Inapplicable ; Inapplicable ; Inapplicable ; Pass         ; Inapplicable ; Inapplicable ; Inapplicable ; Inapplicable ; Pass         ; Inapplicable ; Inapplicable ; Inapplicable ; Inapplicable ; Inapplicable ; Inapplicable ;
; VGA_G[1]           ; Pass      ; Inapplicable ; Pass      ; Inapplicable ; Inapplicable ; Pass      ; Pass      ; Inapplicable ; Pass      ; Pass      ; Inapplicable ; Pass         ; Inapplicable ; Inapplicable ; Inapplicable ; Inapplicable ; Pass         ; Inapplicable ; Inapplicable ; Inapplicable ; Inapplicable ; Pass         ; Inapplicable ; Inapplicable ; Inapplicable ; Inapplicable ; Inapplicable ; Inapplicable ;
; VGA_G[2]           ; Pass      ; Inapplicable ; Pass      ; Inapplicable ; Inapplicable ; Pass      ; Pass      ; Inapplicable ; Pass      ; Pass      ; Inapplicable ; Pass         ; Inapplicable ; Inapplicable ; Inapplicable ; Inapplicable ; Pass         ; Inapplicable ; Inapplicable ; Inapplicable ; Inapplicable ; Pass         ; Inapplicable ; Inapplicable ; Inapplicable ; Inapplicable ; Inapplicable ; Inapplicable ;
; VGA_G[3]           ; Pass      ; Inapplicable ; Pass      ; Inapplicable ; Inapplicable ; Pass      ; Pass      ; Inapplicable ; Pass      ; Pass      ; Inapplicable ; Pass         ; Inapplicable ; Inapplicable ; Inapplicable ; Inapplicable ; Pass         ; Inapplicable ; Inapplicable ; Inapplicable ; Inapplicable ; Pass         ; Inapplicable ; Inapplicable ; Inapplicable ; Inapplicable ; Inapplicable ; Inapplicable ;
; VGA_B[0]           ; Pass      ; Inapplicable ; Pass      ; Inapplicable ; Inapplicable ; Pass      ; Pass      ; Inapplicable ; Pass      ; Pass      ; Inapplicable ; Pass         ; Inapplicable ; Inapplicable ; Inapplicable ; Inapplicable ; Pass         ; Inapplicable ; Inapplicable ; Inapplicable ; Inapplicable ; Pass         ; Inapplicable ; Inapplicable ; Inapplicable ; Inapplicable ; Inapplicable ; Inapplicable ;
; VGA_B[1]           ; Pass      ; Inapplicable ; Pass      ; Inapplicable ; Inapplicable ; Pass      ; Pass      ; Inapplicable ; Pass      ; Pass      ; Inapplicable ; Pass         ; Inapplicable ; Inapplicable ; Inapplicable ; Inapplicable ; Pass         ; Inapplicable ; Inapplicable ; Inapplicable ; Inapplicable ; Pass         ; Inapplicable ; Inapplicable ; Inapplicable ; Inapplicable ; Inapplicable ; Inapplicable ;
; VGA_B[2]           ; Pass      ; Inapplicable ; Pass      ; Inapplicable ; Inapplicable ; Pass      ; Pass      ; Inapplicable ; Pass      ; Pass      ; Inapplicable ; Pass         ; Inapplicable ; Inapplicable ; Inapplicable ; Inapplicable ; Pass         ; Inapplicable ; Inapplicable ; Inapplicable ; Inapplicable ; Pass         ; Inapplicable ; Inapplicable ; Inapplicable ; Inapplicable ; Inapplicable ; Inapplicable ;
; VGA_B[3]           ; Pass      ; Inapplicable ; Pass      ; Inapplicable ; Inapplicable ; Pass      ; Pass      ; Inapplicable ; Pass      ; Pass      ; Inapplicable ; Pass         ; Inapplicable ; Inapplicable ; Inapplicable ; Inapplicable ; Pass         ; Inapplicable ; Inapplicable ; Inapplicable ; Inapplicable ; Pass         ; Inapplicable ; Inapplicable ; Inapplicable ; Inapplicable ; Inapplicable ; Inapplicable ;
; VGA_HS             ; Pass      ; Inapplicable ; Pass      ; Inapplicable ; Inapplicable ; Pass      ; Pass      ; Inapplicable ; Pass      ; Pass      ; Inapplicable ; Pass         ; Inapplicable ; Inapplicable ; Inapplicable ; Inapplicable ; Pass         ; Inapplicable ; Inapplicable ; Inapplicable ; Inapplicable ; Pass         ; Inapplicable ; Inapplicable ; Inapplicable ; Inapplicable ; Inapplicable ; Inapplicable ;
; VGA_VS             ; Pass      ; Inapplicable ; Pass      ; Inapplicable ; Inapplicable ; Pass      ; Pass      ; Inapplicable ; Pass      ; Pass      ; Inapplicable ; Pass         ; Inapplicable ; Inapplicable ; Inapplicable ; Inapplicable ; Pass         ; Inapplicable ; Inapplicable ; Inapplicable ; Inapplicable ; Pass         ; Inapplicable ; Inapplicable ; Inapplicable ; Inapplicable ; Inapplicable ; Inapplicable ;
; HEX0[0]            ; Pass      ; Inapplicable ; Pass      ; Inapplicable ; Inapplicable ; Pass      ; Pass      ; Inapplicable ; Pass      ; Pass      ; Inapplicable ; Pass         ; Inapplicable ; Inapplicable ; Inapplicable ; Inapplicable ; Pass         ; Inapplicable ; Inapplicable ; Inapplicable ; Inapplicable ; Pass         ; Inapplicable ; Inapplicable ; Inapplicable ; Inapplicable ; Inapplicable ; Inapplicable ;
; HEX0[1]            ; Pass      ; Inapplicable ; Pass      ; Inapplicable ; Inapplicable ; Pass      ; Pass      ; Inapplicable ; Pass      ; Pass      ; Inapplicable ; Pass         ; Inapplicable ; Inapplicable ; Inapplicable ; Inapplicable ; Pass         ; Inapplicable ; Inapplicable ; Inapplicable ; Inapplicable ; Pass         ; Inapplicable ; Inapplicable ; Inapplicable ; Inapplicable ; Inapplicable ; Inapplicable ;
; HEX0[2]            ; Pass      ; Inapplicable ; Pass      ; Inapplicable ; Inapplicable ; Pass      ; Pass      ; Inapplicable ; Pass      ; Pass      ; Inapplicable ; Pass         ; Inapplicable ; Inapplicable ; Inapplicable ; Inapplicable ; Pass         ; Inapplicable ; Inapplicable ; Inapplicable ; Inapplicable ; Pass         ; Inapplicable ; Inapplicable ; Inapplicable ; Inapplicable ; Inapplicable ; Inapplicable ;
; HEX0[3]            ; Pass      ; Inapplicable ; Pass      ; Inapplicable ; Inapplicable ; Pass      ; Pass      ; Inapplicable ; Pass      ; Pass      ; Inapplicable ; Pass         ; Inapplicable ; Inapplicable ; Inapplicable ; Inapplicable ; Pass         ; Inapplicable ; Inapplicable ; Inapplicable ; Inapplicable ; Pass         ; Inapplicable ; Inapplicable ; Inapplicable ; Inapplicable ; Inapplicable ; Inapplicable ;
; HEX0[4]            ; Pass      ; Inapplicable ; Pass      ; Inapplicable ; Inapplicable ; Pass      ; Pass      ; Inapplicable ; Pass      ; Pass      ; Inapplicable ; Pass         ; Inapplicable ; Inapplicable ; Inapplicable ; Inapplicable ; Pass         ; Inapplicable ; Inapplicable ; Inapplicable ; Inapplicable ; Pass         ; Inapplicable ; Inapplicable ; Inapplicable ; Inapplicable ; Inapplicable ; Inapplicable ;
; HEX0[5]            ; Pass      ; Inapplicable ; Pass      ; Inapplicable ; Inapplicable ; Pass      ; Pass      ; Inapplicable ; Pass      ; Pass      ; Inapplicable ; Pass         ; Inapplicable ; Inapplicable ; Inapplicable ; Inapplicable ; Pass         ; Inapplicable ; Inapplicable ; Inapplicable ; Inapplicable ; Pass         ; Inapplicable ; Inapplicable ; Inapplicable ; Inapplicable ; Inapplicable ; Inapplicable ;
; HEX0[6]            ; Pass      ; Inapplicable ; Pass      ; Inapplicable ; Inapplicable ; Pass      ; Pass      ; Inapplicable ; Pass      ; Pass      ; Inapplicable ; Pass         ; Inapplicable ; Inapplicable ; Inapplicable ; Inapplicable ; Pass         ; Inapplicable ; Inapplicable ; Inapplicable ; Inapplicable ; Pass         ; Inapplicable ; Inapplicable ; Inapplicable ; Inapplicable ; Inapplicable ; Inapplicable ;
; HEX1[0]            ; Pass      ; Inapplicable ; Pass      ; Inapplicable ; Inapplicable ; Pass      ; Pass      ; Inapplicable ; Pass      ; Pass      ; Inapplicable ; Pass         ; Inapplicable ; Inapplicable ; Inapplicable ; Inapplicable ; Pass         ; Inapplicable ; Inapplicable ; Inapplicable ; Inapplicable ; Pass         ; Inapplicable ; Inapplicable ; Inapplicable ; Inapplicable ; Inapplicable ; Inapplicable ;
; HEX1[1]            ; Pass      ; Inapplicable ; Pass      ; Inapplicable ; Inapplicable ; Pass      ; Pass      ; Inapplicable ; Pass      ; Pass      ; Inapplicable ; Pass         ; Inapplicable ; Inapplicable ; Inapplicable ; Inapplicable ; Pass         ; Inapplicable ; Inapplicable ; Inapplicable ; Inapplicable ; Pass         ; Inapplicable ; Inapplicable ; Inapplicable ; Inapplicable ; Inapplicable ; Inapplicable ;
; HEX1[2]            ; Pass      ; Inapplicable ; Pass      ; Inapplicable ; Inapplicable ; Pass      ; Pass      ; Inapplicable ; Pass      ; Pass      ; Inapplicable ; Pass         ; Inapplicable ; Inapplicable ; Inapplicable ; Inapplicable ; Pass         ; Inapplicable ; Inapplicable ; Inapplicable ; Inapplicable ; Pass         ; Inapplicable ; Inapplicable ; Inapplicable ; Inapplicable ; Inapplicable ; Inapplicable ;
; HEX1[3]            ; Pass      ; Inapplicable ; Pass      ; Inapplicable ; Inapplicable ; Pass      ; Pass      ; Inapplicable ; Pass      ; Pass      ; Inapplicable ; Pass         ; Inapplicable ; Inapplicable ; Inapplicable ; Inapplicable ; Pass         ; Inapplicable ; Inapplicable ; Inapplicable ; Inapplicable ; Pass         ; Inapplicable ; Inapplicable ; Inapplicable ; Inapplicable ; Inapplicable ; Inapplicable ;
; HEX1[4]            ; Pass      ; Inapplicable ; Pass      ; Inapplicable ; Inapplicable ; Pass      ; Pass      ; Inapplicable ; Pass      ; Pass      ; Inapplicable ; Pass         ; Inapplicable ; Inapplicable ; Inapplicable ; Inapplicable ; Pass         ; Inapplicable ; Inapplicable ; Inapplicable ; Inapplicable ; Pass         ; Inapplicable ; Inapplicable ; Inapplicable ; Inapplicable ; Inapplicable ; Inapplicable ;
; HEX1[5]            ; Pass      ; Inapplicable ; Pass      ; Inapplicable ; Inapplicable ; Pass      ; Pass      ; Inapplicable ; Pass      ; Pass      ; Inapplicable ; Pass         ; Inapplicable ; Inapplicable ; Inapplicable ; Inapplicable ; Pass         ; Inapplicable ; Inapplicable ; Inapplicable ; Inapplicable ; Pass         ; Inapplicable ; Inapplicable ; Inapplicable ; Inapplicable ; Inapplicable ; Inapplicable ;
; HEX1[6]            ; Pass      ; Inapplicable ; Pass      ; Inapplicable ; Inapplicable ; Pass      ; Pass      ; Inapplicable ; Pass      ; Pass      ; Inapplicable ; Pass         ; Inapplicable ; Inapplicable ; Inapplicable ; Inapplicable ; Pass         ; Inapplicable ; Inapplicable ; Inapplicable ; Inapplicable ; Pass         ; Inapplicable ; Inapplicable ; Inapplicable ; Inapplicable ; Inapplicable ; Inapplicable ;
; LEDR[0]            ; Pass      ; Inapplicable ; Pass      ; Inapplicable ; Inapplicable ; Pass      ; Pass      ; Inapplicable ; Pass      ; Pass      ; Inapplicable ; Pass         ; Inapplicable ; Inapplicable ; Inapplicable ; Inapplicable ; Pass         ; Inapplicable ; Inapplicable ; Inapplicable ; Inapplicable ; Pass         ; Inapplicable ; Inapplicable ; Inapplicable ; Inapplicable ; Inapplicable ; Inapplicable ;
; LEDR[1]            ; Pass      ; Inapplicable ; Pass      ; Inapplicable ; Inapplicable ; Pass      ; Pass      ; Inapplicable ; Pass      ; Pass      ; Inapplicable ; Pass         ; Inapplicable ; Inapplicable ; Inapplicable ; Inapplicable ; Pass         ; Inapplicable ; Inapplicable ; Inapplicable ; Inapplicable ; Pass         ; Inapplicable ; Inapplicable ; Inapplicable ; Inapplicable ; Inapplicable ; Inapplicable ;
; LEDR[2]            ; Pass      ; Inapplicable ; Pass      ; Inapplicable ; Inapplicable ; Pass      ; Pass      ; Inapplicable ; Pass      ; Pass      ; Inapplicable ; Pass         ; Inapplicable ; Inapplicable ; Inapplicable ; Inapplicable ; Pass         ; Inapplicable ; Inapplicable ; Inapplicable ; Inapplicable ; Pass         ; Inapplicable ; Inapplicable ; Inapplicable ; Inapplicable ; Inapplicable ; Inapplicable ;
; LEDR[3]            ; Pass      ; Inapplicable ; Pass      ; Inapplicable ; Inapplicable ; Pass      ; Pass      ; Inapplicable ; Pass      ; Pass      ; Inapplicable ; Pass         ; Inapplicable ; Inapplicable ; Inapplicable ; Inapplicable ; Pass         ; Inapplicable ; Inapplicable ; Inapplicable ; Inapplicable ; Pass         ; Inapplicable ; Inapplicable ; Inapplicable ; Inapplicable ; Inapplicable ; Inapplicable ;
; LEDR[4]            ; Pass      ; Inapplicable ; Pass      ; Inapplicable ; Inapplicable ; Pass      ; Pass      ; Inapplicable ; Pass      ; Pass      ; Inapplicable ; Pass         ; Inapplicable ; Inapplicable ; Inapplicable ; Inapplicable ; Pass         ; Inapplicable ; Inapplicable ; Inapplicable ; Inapplicable ; Pass         ; Inapplicable ; Inapplicable ; Inapplicable ; Inapplicable ; Inapplicable ; Inapplicable ;
; LEDR[5]            ; Pass      ; Inapplicable ; Pass      ; Inapplicable ; Inapplicable ; Pass      ; Pass      ; Inapplicable ; Pass      ; Pass      ; Inapplicable ; Pass         ; Inapplicable ; Inapplicable ; Inapplicable ; Inapplicable ; Pass         ; Inapplicable ; Inapplicable ; Inapplicable ; Inapplicable ; Pass         ; Inapplicable ; Inapplicable ; Inapplicable ; Inapplicable ; Inapplicable ; Inapplicable ;
; LEDR[6]            ; Pass      ; Inapplicable ; Pass      ; Inapplicable ; Inapplicable ; Pass      ; Pass      ; Inapplicable ; Pass      ; Pass      ; Inapplicable ; Pass         ; Inapplicable ; Inapplicable ; Inapplicable ; Inapplicable ; Pass         ; Inapplicable ; Inapplicable ; Inapplicable ; Inapplicable ; Pass         ; Inapplicable ; Inapplicable ; Inapplicable ; Inapplicable ; Inapplicable ; Inapplicable ;
; LEDR[7]            ; Pass      ; Inapplicable ; Pass      ; Inapplicable ; Inapplicable ; Pass      ; Pass      ; Inapplicable ; Pass      ; Pass      ; Inapplicable ; Pass         ; Inapplicable ; Inapplicable ; Inapplicable ; Inapplicable ; Pass         ; Inapplicable ; Inapplicable ; Inapplicable ; Inapplicable ; Pass         ; Inapplicable ; Inapplicable ; Inapplicable ; Inapplicable ; Inapplicable ; Inapplicable ;
; LEDR[8]            ; Pass      ; Inapplicable ; Pass      ; Inapplicable ; Inapplicable ; Pass      ; Pass      ; Inapplicable ; Pass      ; Pass      ; Inapplicable ; Pass         ; Inapplicable ; Inapplicable ; Inapplicable ; Inapplicable ; Pass         ; Inapplicable ; Inapplicable ; Inapplicable ; Inapplicable ; Pass         ; Inapplicable ; Inapplicable ; Inapplicable ; Inapplicable ; Inapplicable ; Inapplicable ;
; LEDR[9]            ; Pass      ; Inapplicable ; Pass      ; Inapplicable ; Inapplicable ; Pass      ; Pass      ; Inapplicable ; Pass      ; Pass      ; Inapplicable ; Pass         ; Inapplicable ; Inapplicable ; Inapplicable ; Inapplicable ; Pass         ; Inapplicable ; Inapplicable ; Inapplicable ; Inapplicable ; Pass         ; Inapplicable ; Inapplicable ; Inapplicable ; Inapplicable ; Inapplicable ; Inapplicable ;
; PS2_CLK            ; Pass      ; Inapplicable ; Pass      ; Inapplicable ; Inapplicable ; Pass      ; Pass      ; Inapplicable ; Pass      ; Pass      ; Inapplicable ; Pass         ; Inapplicable ; Inapplicable ; Inapplicable ; Inapplicable ; Pass         ; Inapplicable ; Inapplicable ; Inapplicable ; Inapplicable ; Pass         ; Inapplicable ; Inapplicable ; Inapplicable ; Inapplicable ; Inapplicable ; Inapplicable ;
; PS2_DAT            ; Pass      ; Inapplicable ; Pass      ; Inapplicable ; Inapplicable ; Pass      ; Pass      ; Inapplicable ; Pass      ; Pass      ; Inapplicable ; Pass         ; Inapplicable ; Inapplicable ; Inapplicable ; Inapplicable ; Pass         ; Inapplicable ; Inapplicable ; Inapplicable ; Inapplicable ; Pass         ; Inapplicable ; Inapplicable ; Inapplicable ; Inapplicable ; Inapplicable ; Inapplicable ;
; KEY[0]             ; Pass      ; Inapplicable ; Pass      ; Inapplicable ; Inapplicable ; Pass      ; Pass      ; Inapplicable ; Pass      ; Pass      ; Inapplicable ; Inapplicable ; Inapplicable ; Inapplicable ; Inapplicable ; Inapplicable ; Inapplicable ; Inapplicable ; Inapplicable ; Inapplicable ; Inapplicable ; Inapplicable ; Inapplicable ; Inapplicable ; Inapplicable ; Inapplicable ; Inapplicable ; Inapplicable ;
; CLOCK_50           ; Pass      ; Inapplicable ; Pass      ; Inapplicable ; Inapplicable ; Pass      ; Pass      ; Inapplicable ; Pass      ; Pass      ; Inapplicable ; Inapplicable ; Inapplicable ; Inapplicable ; Inapplicable ; Inapplicable ; Inapplicable ; Inapplicable ; Inapplicable ; Inapplicable ; Inapplicable ; Inapplicable ; Inapplicable ; Inapplicable ; Inapplicable ; Inapplicable ; Inapplicable ; Inapplicable ;
; KEY[3]             ; Pass      ; Inapplicable ; Pass      ; Inapplicable ; Inapplicable ; Pass      ; Pass      ; Inapplicable ; Pass      ; Pass      ; Inapplicable ; Inapplicable ; Inapplicable ; Inapplicable ; Inapplicable ; Inapplicable ; Inapplicable ; Inapplicable ; Inapplicable ; Inapplicable ; Inapplicable ; Inapplicable ; Inapplicable ; Inapplicable ; Inapplicable ; Inapplicable ; Inapplicable ; Inapplicable ;
; SW[0]              ; Pass      ; Inapplicable ; Pass      ; Inapplicable ; Inapplicable ; Pass      ; Pass      ; Inapplicable ; Pass      ; Pass      ; Inapplicable ; Inapplicable ; Inapplicable ; Inapplicable ; Inapplicable ; Inapplicable ; Inapplicable ; Inapplicable ; Inapplicable ; Inapplicable ; Inapplicable ; Inapplicable ; Inapplicable ; Inapplicable ; Inapplicable ; Inapplicable ; Inapplicable ; Inapplicable ;
+--------------------+-----------+--------------+-----------+--------------+--------------+-----------+-----------+--------------+-----------+-----------+--------------+--------------+--------------+--------------+--------------+--------------+--------------+--------------+--------------+--------------+--------------+--------------+--------------+--------------+--------------+--------------+--------------+--------------+


+------------------------------------------------------------------------------------------------+
; Fitter Device Options                                                                          ;
+------------------------------------------------------------------+-----------------------------+
; Option                                                           ; Setting                     ;
+------------------------------------------------------------------+-----------------------------+
; Enable user-supplied start-up clock (CLKUSR)                     ; Off                         ;
; Enable device-wide reset (DEV_CLRn)                              ; Off                         ;
; Enable device-wide output enable (DEV_OE)                        ; Off                         ;
; Enable INIT_DONE output                                          ; Off                         ;
; Configuration scheme                                             ; Passive Serial              ;
; Enable Error Detection CRC_ERROR pin                             ; Off                         ;
; Enable CvP_CONFDONE pin                                          ; Off                         ;
; Enable open drain on CRC_ERROR pin                               ; On                          ;
; Enable open drain on CvP_CONFDONE pin                            ; On                          ;
; Enable open drain on INIT_DONE pin                               ; On                          ;
; Enable open drain on Partial Reconfiguration pins                ; Off                         ;
; Enable open drain on nCEO pin                                    ; On                          ;
; Enable Partial Reconfiguration pins                              ; Off                         ;
; Enable input tri-state on active configuration pins in user mode ; Off                         ;
; Enable internal scrubbing                                        ; Off                         ;
; Active Serial clock source                                       ; 100 MHz Internal Oscillator ;
; Device initialization clock source                               ; Internal Oscillator         ;
; Configuration via Protocol                                       ; Off                         ;
; Configuration Voltage Level                                      ; Auto                        ;
; Force Configuration Voltage Level                                ; Off                         ;
; Enable nCEO output                                               ; Off                         ;
; Data[15..8]                                                      ; Unreserved                  ;
; Data[7..5]                                                       ; Unreserved                  ;
; Base pin-out file on sameframe device                            ; Off                         ;
+------------------------------------------------------------------+-----------------------------+


+------------------------------------+
; Operating Settings and Conditions  ;
+---------------------------+--------+
; Setting                   ; Value  ;
+---------------------------+--------+
; Nominal Core Voltage      ; 1.10 V ;
; Low Junction Temperature  ; 0 °C   ;
; High Junction Temperature ; 85 °C  ;
+---------------------------+--------+


+---------------------------------------------------------------------------------------------------------------------------------------------------------------------------------------+
; Estimated Delay Added for Hold Timing Summary                                                                                                                                         ;
+-----------------------------------------------------------------------------------+-------------------------------------------------------------------------------+-------------------+
; Source Clock(s)                                                                   ; Destination Clock(s)                                                          ; Delay Added in ns ;
+-----------------------------------------------------------------------------------+-------------------------------------------------------------------------------+-------------------+
; clock_divider|pll_inst|altera_pll_i|general[0].gpll~PLL_OUTPUT_COUNTER|divclk     ; clock_divider|pll_inst|altera_pll_i|general[0].gpll~PLL_OUTPUT_COUNTER|divclk ; 60.4              ;
; I/O                                                                               ; clock_divider|pll_inst|altera_pll_i|general[0].gpll~PLL_OUTPUT_COUNTER|divclk ; 5.7               ;
; clock_divider|pll_inst|altera_pll_i|general[0].gpll~PLL_OUTPUT_COUNTER|divclk,I/O ; clock_divider|pll_inst|altera_pll_i|general[0].gpll~PLL_OUTPUT_COUNTER|divclk ; 2.0               ;
+-----------------------------------------------------------------------------------+-------------------------------------------------------------------------------+-------------------+
Note: For more information on problematic transfers, consider running the Fitter again with the Optimize hold timing option (Settings Menu) turned off.
This will disable optimization of problematic paths and expose them for further analysis using the Timing Analyzer.


+--------------------------------------------------------------------------------------------------------------------------------------------------------------------------------------------------------------------------+
; Estimated Delay Added for Hold Timing Details                                                                                                                                                                            ;
+-------------------------------------------------------+----------------------------------------------------------------------------------------------------------------------------------------------+-------------------+
; Source Register                                       ; Destination Register                                                                                                                         ; Delay Added in ns ;
+-------------------------------------------------------+----------------------------------------------------------------------------------------------------------------------------------------------+-------------------+
; PS2_CLK                                               ; MOUSE:MOUSE_CONTROLS|filter[0]                                                                                                               ; 5.677             ;
; MOUSE:MOUSE_CONTROLS|inhibit_wait_count[1]            ; MOUSE:MOUSE_CONTROLS|inhibit_wait_count[9]                                                                                                   ; 0.489             ;
; PIPES:PIPE_DISPLAY|top_addr_reg[0]                    ; PIPES:PIPE_DISPLAY|pipe_top:TOP_ROM|altsyncram:altsyncram_component|altsyncram_js14:auto_generated|ram_block1a9~porta_address_reg0           ; 0.477             ;
; DOLPHIN_MOVEMENT:PLAYER_CHARACTER|dolphin_y_pos[4]    ; DOLPHIN_MOVEMENT:PLAYER_CHARACTER|dolphin_y_pos[4]                                                                                           ; 0.421             ;
; BUBBLES:BUBBLE_LAYER|bubble_y1[9]                     ; BUBBLES:BUBBLE_LAYER|bubble_rom:BUBBLE_IMAGE|altsyncram:altsyncram_component|altsyncram_q224:auto_generated|ram_block1a10~porta_address_reg0 ; 0.375             ;
; BUBBLES:BUBBLE_LAYER|bubble_y1[8]                     ; BUBBLES:BUBBLE_LAYER|bubble_rom:BUBBLE_IMAGE|altsyncram:altsyncram_component|altsyncram_q224:auto_generated|ram_block1a10~porta_address_reg0 ; 0.375             ;
; BUBBLES:BUBBLE_LAYER|bubble_y1[7]                     ; BUBBLES:BUBBLE_LAYER|bubble_rom:BUBBLE_IMAGE|altsyncram:altsyncram_component|altsyncram_q224:auto_generated|ram_block1a10~porta_address_reg0 ; 0.375             ;
; BUBBLES:BUBBLE_LAYER|bubble_y1[6]                     ; BUBBLES:BUBBLE_LAYER|bubble_rom:BUBBLE_IMAGE|altsyncram:altsyncram_component|altsyncram_q224:auto_generated|ram_block1a10~porta_address_reg0 ; 0.375             ;
; BUBBLES:BUBBLE_LAYER|bubble_y1[5]                     ; BUBBLES:BUBBLE_LAYER|bubble_rom:BUBBLE_IMAGE|altsyncram:altsyncram_component|altsyncram_q224:auto_generated|ram_block1a10~porta_address_reg0 ; 0.375             ;
; BUBBLES:BUBBLE_LAYER|bubble_y1[3]                     ; BUBBLES:BUBBLE_LAYER|bubble_rom:BUBBLE_IMAGE|altsyncram:altsyncram_component|altsyncram_q224:auto_generated|ram_block1a10~porta_address_reg0 ; 0.375             ;
; BUBBLES:BUBBLE_LAYER|bubble_y1[2]                     ; BUBBLES:BUBBLE_LAYER|bubble_rom:BUBBLE_IMAGE|altsyncram:altsyncram_component|altsyncram_q224:auto_generated|ram_block1a10~porta_address_reg0 ; 0.375             ;
; BUBBLES:BUBBLE_LAYER|bubble_y1[1]                     ; BUBBLES:BUBBLE_LAYER|bubble_rom:BUBBLE_IMAGE|altsyncram:altsyncram_component|altsyncram_q224:auto_generated|ram_block1a10~porta_address_reg0 ; 0.375             ;
; BUBBLES:BUBBLE_LAYER|bubble_y1[4]                     ; BUBBLES:BUBBLE_LAYER|bubble_rom:BUBBLE_IMAGE|altsyncram:altsyncram_component|altsyncram_q224:auto_generated|ram_block1a10~porta_address_reg0 ; 0.375             ;
; BUBBLES:BUBBLE_LAYER|bubble_y1[0]                     ; BUBBLES:BUBBLE_LAYER|bubble_rom:BUBBLE_IMAGE|altsyncram:altsyncram_component|altsyncram_q224:auto_generated|ram_block1a10~porta_address_reg0 ; 0.375             ;
; BUBBLES:BUBBLE_LAYER|bubble_y3[3]                     ; BUBBLES:BUBBLE_LAYER|bubble_rom:BUBBLE_IMAGE|altsyncram:altsyncram_component|altsyncram_q224:auto_generated|ram_block1a10~porta_address_reg0 ; 0.375             ;
; BUBBLES:BUBBLE_LAYER|bubble_y3[2]                     ; BUBBLES:BUBBLE_LAYER|bubble_rom:BUBBLE_IMAGE|altsyncram:altsyncram_component|altsyncram_q224:auto_generated|ram_block1a10~porta_address_reg0 ; 0.375             ;
; BUBBLES:BUBBLE_LAYER|bubble_y3[1]                     ; BUBBLES:BUBBLE_LAYER|bubble_rom:BUBBLE_IMAGE|altsyncram:altsyncram_component|altsyncram_q224:auto_generated|ram_block1a10~porta_address_reg0 ; 0.375             ;
; BUBBLES:BUBBLE_LAYER|bubble_y3[9]                     ; BUBBLES:BUBBLE_LAYER|bubble_rom:BUBBLE_IMAGE|altsyncram:altsyncram_component|altsyncram_q224:auto_generated|ram_block1a10~porta_address_reg0 ; 0.375             ;
; BUBBLES:BUBBLE_LAYER|bubble_y3[8]                     ; BUBBLES:BUBBLE_LAYER|bubble_rom:BUBBLE_IMAGE|altsyncram:altsyncram_component|altsyncram_q224:auto_generated|ram_block1a10~porta_address_reg0 ; 0.375             ;
; BUBBLES:BUBBLE_LAYER|bubble_y3[7]                     ; BUBBLES:BUBBLE_LAYER|bubble_rom:BUBBLE_IMAGE|altsyncram:altsyncram_component|altsyncram_q224:auto_generated|ram_block1a10~porta_address_reg0 ; 0.375             ;
; BUBBLES:BUBBLE_LAYER|bubble_y3[5]                     ; BUBBLES:BUBBLE_LAYER|bubble_rom:BUBBLE_IMAGE|altsyncram:altsyncram_component|altsyncram_q224:auto_generated|ram_block1a10~porta_address_reg0 ; 0.375             ;
; BUBBLES:BUBBLE_LAYER|bubble_y3[6]                     ; BUBBLES:BUBBLE_LAYER|bubble_rom:BUBBLE_IMAGE|altsyncram:altsyncram_component|altsyncram_q224:auto_generated|ram_block1a10~porta_address_reg0 ; 0.375             ;
; BUBBLES:BUBBLE_LAYER|bubble_y3[0]                     ; BUBBLES:BUBBLE_LAYER|bubble_rom:BUBBLE_IMAGE|altsyncram:altsyncram_component|altsyncram_q224:auto_generated|ram_block1a10~porta_address_reg0 ; 0.375             ;
; BUBBLES:BUBBLE_LAYER|bubble_y3[4]                     ; BUBBLES:BUBBLE_LAYER|bubble_rom:BUBBLE_IMAGE|altsyncram:altsyncram_component|altsyncram_q224:auto_generated|ram_block1a10~porta_address_reg0 ; 0.375             ;
; BUBBLES:BUBBLE_LAYER|bubble_y4[9]                     ; BUBBLES:BUBBLE_LAYER|bubble_rom:BUBBLE_IMAGE|altsyncram:altsyncram_component|altsyncram_q224:auto_generated|ram_block1a10~porta_address_reg0 ; 0.375             ;
; BUBBLES:BUBBLE_LAYER|bubble_y4[8]                     ; BUBBLES:BUBBLE_LAYER|bubble_rom:BUBBLE_IMAGE|altsyncram:altsyncram_component|altsyncram_q224:auto_generated|ram_block1a10~porta_address_reg0 ; 0.375             ;
; BUBBLES:BUBBLE_LAYER|bubble_y4[7]                     ; BUBBLES:BUBBLE_LAYER|bubble_rom:BUBBLE_IMAGE|altsyncram:altsyncram_component|altsyncram_q224:auto_generated|ram_block1a10~porta_address_reg0 ; 0.375             ;
; BUBBLES:BUBBLE_LAYER|bubble_y4[6]                     ; BUBBLES:BUBBLE_LAYER|bubble_rom:BUBBLE_IMAGE|altsyncram:altsyncram_component|altsyncram_q224:auto_generated|ram_block1a10~porta_address_reg0 ; 0.375             ;
; BUBBLES:BUBBLE_LAYER|bubble_y4[4]                     ; BUBBLES:BUBBLE_LAYER|bubble_rom:BUBBLE_IMAGE|altsyncram:altsyncram_component|altsyncram_q224:auto_generated|ram_block1a10~porta_address_reg0 ; 0.375             ;
; BUBBLES:BUBBLE_LAYER|bubble_y4[3]                     ; BUBBLES:BUBBLE_LAYER|bubble_rom:BUBBLE_IMAGE|altsyncram:altsyncram_component|altsyncram_q224:auto_generated|ram_block1a10~porta_address_reg0 ; 0.375             ;
; BUBBLES:BUBBLE_LAYER|bubble_y4[2]                     ; BUBBLES:BUBBLE_LAYER|bubble_rom:BUBBLE_IMAGE|altsyncram:altsyncram_component|altsyncram_q224:auto_generated|ram_block1a10~porta_address_reg0 ; 0.375             ;
; BUBBLES:BUBBLE_LAYER|bubble_y4[5]                     ; BUBBLES:BUBBLE_LAYER|bubble_rom:BUBBLE_IMAGE|altsyncram:altsyncram_component|altsyncram_q224:auto_generated|ram_block1a10~porta_address_reg0 ; 0.375             ;
; BUBBLES:BUBBLE_LAYER|bubble_y4[1]                     ; BUBBLES:BUBBLE_LAYER|bubble_rom:BUBBLE_IMAGE|altsyncram:altsyncram_component|altsyncram_q224:auto_generated|ram_block1a10~porta_address_reg0 ; 0.375             ;
; BUBBLES:BUBBLE_LAYER|bubble_y2[9]                     ; BUBBLES:BUBBLE_LAYER|bubble_rom:BUBBLE_IMAGE|altsyncram:altsyncram_component|altsyncram_q224:auto_generated|ram_block1a10~porta_address_reg0 ; 0.375             ;
; BUBBLES:BUBBLE_LAYER|bubble_y2[8]                     ; BUBBLES:BUBBLE_LAYER|bubble_rom:BUBBLE_IMAGE|altsyncram:altsyncram_component|altsyncram_q224:auto_generated|ram_block1a10~porta_address_reg0 ; 0.375             ;
; BUBBLES:BUBBLE_LAYER|bubble_y2[7]                     ; BUBBLES:BUBBLE_LAYER|bubble_rom:BUBBLE_IMAGE|altsyncram:altsyncram_component|altsyncram_q224:auto_generated|ram_block1a10~porta_address_reg0 ; 0.375             ;
; BUBBLES:BUBBLE_LAYER|bubble_y2[6]                     ; BUBBLES:BUBBLE_LAYER|bubble_rom:BUBBLE_IMAGE|altsyncram:altsyncram_component|altsyncram_q224:auto_generated|ram_block1a10~porta_address_reg0 ; 0.375             ;
; BUBBLES:BUBBLE_LAYER|bubble_y2[5]                     ; BUBBLES:BUBBLE_LAYER|bubble_rom:BUBBLE_IMAGE|altsyncram:altsyncram_component|altsyncram_q224:auto_generated|ram_block1a10~porta_address_reg0 ; 0.375             ;
; BUBBLES:BUBBLE_LAYER|bubble_y2[3]                     ; BUBBLES:BUBBLE_LAYER|bubble_rom:BUBBLE_IMAGE|altsyncram:altsyncram_component|altsyncram_q224:auto_generated|ram_block1a10~porta_address_reg0 ; 0.375             ;
; BUBBLES:BUBBLE_LAYER|bubble_y2[2]                     ; BUBBLES:BUBBLE_LAYER|bubble_rom:BUBBLE_IMAGE|altsyncram:altsyncram_component|altsyncram_q224:auto_generated|ram_block1a10~porta_address_reg0 ; 0.375             ;
; BUBBLES:BUBBLE_LAYER|bubble_y2[4]                     ; BUBBLES:BUBBLE_LAYER|bubble_rom:BUBBLE_IMAGE|altsyncram:altsyncram_component|altsyncram_q224:auto_generated|ram_block1a10~porta_address_reg0 ; 0.375             ;
; BUBBLES:BUBBLE_LAYER|bubble_y2[1]                     ; BUBBLES:BUBBLE_LAYER|bubble_rom:BUBBLE_IMAGE|altsyncram:altsyncram_component|altsyncram_q224:auto_generated|ram_block1a10~porta_address_reg0 ; 0.375             ;
; FSM:FINITE_STATE_MACHINE|state.Home_Screen            ; BUBBLES:BUBBLE_LAYER|bubble_rom:BUBBLE_IMAGE|altsyncram:altsyncram_component|altsyncram_q224:auto_generated|ram_block1a10~porta_address_reg0 ; 0.375             ;
; FSM:FINITE_STATE_MACHINE|state.TRAINING_Mode          ; BUBBLES:BUBBLE_LAYER|bubble_rom:BUBBLE_IMAGE|altsyncram:altsyncram_component|altsyncram_q224:auto_generated|ram_block1a10~porta_address_reg0 ; 0.375             ;
; FSM:FINITE_STATE_MACHINE|state.GAME_Mode              ; BUBBLES:BUBBLE_LAYER|bubble_rom:BUBBLE_IMAGE|altsyncram:altsyncram_component|altsyncram_q224:auto_generated|ram_block1a10~porta_address_reg0 ; 0.375             ;
; FSM:FINITE_STATE_MACHINE|state.Pause                  ; BUBBLES:BUBBLE_LAYER|bubble_rom:BUBBLE_IMAGE|altsyncram:altsyncram_component|altsyncram_q224:auto_generated|ram_block1a10~porta_address_reg0 ; 0.375             ;
; VGA_SYNC:VGA_REFRESH|pixel_column[9]                  ; BUBBLES:BUBBLE_LAYER|bubble_rom:BUBBLE_IMAGE|altsyncram:altsyncram_component|altsyncram_q224:auto_generated|ram_block1a10~porta_address_reg0 ; 0.375             ;
; VGA_SYNC:VGA_REFRESH|pixel_column[8]                  ; BUBBLES:BUBBLE_LAYER|bubble_rom:BUBBLE_IMAGE|altsyncram:altsyncram_component|altsyncram_q224:auto_generated|ram_block1a10~porta_address_reg0 ; 0.375             ;
; VGA_SYNC:VGA_REFRESH|pixel_column[7]                  ; BUBBLES:BUBBLE_LAYER|bubble_rom:BUBBLE_IMAGE|altsyncram:altsyncram_component|altsyncram_q224:auto_generated|ram_block1a10~porta_address_reg0 ; 0.375             ;
; VGA_SYNC:VGA_REFRESH|pixel_column[6]                  ; BUBBLES:BUBBLE_LAYER|bubble_rom:BUBBLE_IMAGE|altsyncram:altsyncram_component|altsyncram_q224:auto_generated|ram_block1a10~porta_address_reg0 ; 0.375             ;
; VGA_SYNC:VGA_REFRESH|pixel_column[5]                  ; BUBBLES:BUBBLE_LAYER|bubble_rom:BUBBLE_IMAGE|altsyncram:altsyncram_component|altsyncram_q224:auto_generated|ram_block1a10~porta_address_reg0 ; 0.375             ;
; VGA_SYNC:VGA_REFRESH|pixel_column[4]                  ; BUBBLES:BUBBLE_LAYER|bubble_rom:BUBBLE_IMAGE|altsyncram:altsyncram_component|altsyncram_q224:auto_generated|ram_block1a10~porta_address_reg0 ; 0.375             ;
; VGA_SYNC:VGA_REFRESH|pixel_column[3]                  ; BUBBLES:BUBBLE_LAYER|bubble_rom:BUBBLE_IMAGE|altsyncram:altsyncram_component|altsyncram_q224:auto_generated|ram_block1a10~porta_address_reg0 ; 0.375             ;
; VGA_SYNC:VGA_REFRESH|pixel_column[2]                  ; BUBBLES:BUBBLE_LAYER|bubble_rom:BUBBLE_IMAGE|altsyncram:altsyncram_component|altsyncram_q224:auto_generated|ram_block1a10~porta_address_reg0 ; 0.375             ;
; VGA_SYNC:VGA_REFRESH|pixel_column[1]                  ; BUBBLES:BUBBLE_LAYER|bubble_rom:BUBBLE_IMAGE|altsyncram:altsyncram_component|altsyncram_q224:auto_generated|ram_block1a10~porta_address_reg0 ; 0.375             ;
; VGA_SYNC:VGA_REFRESH|pixel_row[8]                     ; BUBBLES:BUBBLE_LAYER|bubble_rom:BUBBLE_IMAGE|altsyncram:altsyncram_component|altsyncram_q224:auto_generated|ram_block1a10~porta_address_reg0 ; 0.375             ;
; VGA_SYNC:VGA_REFRESH|pixel_row[7]                     ; BUBBLES:BUBBLE_LAYER|bubble_rom:BUBBLE_IMAGE|altsyncram:altsyncram_component|altsyncram_q224:auto_generated|ram_block1a10~porta_address_reg0 ; 0.375             ;
; VGA_SYNC:VGA_REFRESH|pixel_row[6]                     ; BUBBLES:BUBBLE_LAYER|bubble_rom:BUBBLE_IMAGE|altsyncram:altsyncram_component|altsyncram_q224:auto_generated|ram_block1a10~porta_address_reg0 ; 0.375             ;
; VGA_SYNC:VGA_REFRESH|pixel_row[5]                     ; BUBBLES:BUBBLE_LAYER|bubble_rom:BUBBLE_IMAGE|altsyncram:altsyncram_component|altsyncram_q224:auto_generated|ram_block1a10~porta_address_reg0 ; 0.375             ;
; VGA_SYNC:VGA_REFRESH|pixel_row[4]                     ; BUBBLES:BUBBLE_LAYER|bubble_rom:BUBBLE_IMAGE|altsyncram:altsyncram_component|altsyncram_q224:auto_generated|ram_block1a10~porta_address_reg0 ; 0.375             ;
; VGA_SYNC:VGA_REFRESH|pixel_row[3]                     ; BUBBLES:BUBBLE_LAYER|bubble_rom:BUBBLE_IMAGE|altsyncram:altsyncram_component|altsyncram_q224:auto_generated|ram_block1a10~porta_address_reg0 ; 0.375             ;
; VGA_SYNC:VGA_REFRESH|pixel_row[2]                     ; BUBBLES:BUBBLE_LAYER|bubble_rom:BUBBLE_IMAGE|altsyncram:altsyncram_component|altsyncram_q224:auto_generated|ram_block1a10~porta_address_reg0 ; 0.375             ;
; VGA_SYNC:VGA_REFRESH|pixel_row[1]                     ; BUBBLES:BUBBLE_LAYER|bubble_rom:BUBBLE_IMAGE|altsyncram:altsyncram_component|altsyncram_q224:auto_generated|ram_block1a10~porta_address_reg0 ; 0.375             ;
; VGA_SYNC:VGA_REFRESH|pixel_row[0]                     ; BUBBLES:BUBBLE_LAYER|bubble_rom:BUBBLE_IMAGE|altsyncram:altsyncram_component|altsyncram_q224:auto_generated|ram_block1a10~porta_address_reg0 ; 0.375             ;
; game_logic:GAME_RULE|speed_timer_done                 ; game_logic:GAME_RULE|speed_phase_done                                                                                                        ; 0.369             ;
; game_logic:GAME_RULE|score_ones_int[0]                ; game_logic:GAME_RULE|score_ones_int[1]                                                                                                       ; 0.365             ;
; game_logic:GAME_RULE|collision_cooldown[0]            ; game_logic:GAME_RULE|collision_cooldown[2]                                                                                                   ; 0.364             ;
; DOLPHIN_MOVEMENT:PLAYER_CHARACTER|dolphin_y_pos[2]    ; DOLPHIN_MOVEMENT:PLAYER_CHARACTER|dolphin_y_pos[4]                                                                                           ; 0.363             ;
; DOLPHIN_MOVEMENT:PLAYER_CHARACTER|dolphin_y_pos[1]    ; DOLPHIN_MOVEMENT:PLAYER_CHARACTER|dolphin_y_pos[4]                                                                                           ; 0.363             ;
; DOLPHIN_MOVEMENT:PLAYER_CHARACTER|dolphin_y_pos[0]    ; DOLPHIN_MOVEMENT:PLAYER_CHARACTER|dolphin_y_pos[4]                                                                                           ; 0.363             ;
; DOLPHIN_MOVEMENT:PLAYER_CHARACTER|dolphin_y_motion[4] ; DOLPHIN_MOVEMENT:PLAYER_CHARACTER|dolphin_y_pos[4]                                                                                           ; 0.363             ;
; DOLPHIN_MOVEMENT:PLAYER_CHARACTER|dolphin_y_motion[2] ; DOLPHIN_MOVEMENT:PLAYER_CHARACTER|dolphin_y_pos[4]                                                                                           ; 0.363             ;
; DOLPHIN_MOVEMENT:PLAYER_CHARACTER|dolphin_y_motion[1] ; DOLPHIN_MOVEMENT:PLAYER_CHARACTER|dolphin_y_pos[4]                                                                                           ; 0.363             ;
; DOLPHIN_MOVEMENT:PLAYER_CHARACTER|dolphin_y_motion[3] ; DOLPHIN_MOVEMENT:PLAYER_CHARACTER|dolphin_y_pos[4]                                                                                           ; 0.363             ;
; DOLPHIN_MOVEMENT:PLAYER_CHARACTER|dolphin_y_motion[0] ; DOLPHIN_MOVEMENT:PLAYER_CHARACTER|dolphin_y_pos[4]                                                                                           ; 0.363             ;
; DOLPHIN_MOVEMENT:PLAYER_CHARACTER|dolphin_y_pos[3]    ; DOLPHIN_MOVEMENT:PLAYER_CHARACTER|dolphin_y_pos[4]                                                                                           ; 0.363             ;
; LAYER:LAYER_RENDERER|reg_BUBBLE_GREEN[2]              ; LAYER:LAYER_RENDERER|GREEN_OUT[2]                                                                                                            ; 0.363             ;
; LAYER:LAYER_RENDERER|reg_BUBBLE_GREEN[1]              ; LAYER:LAYER_RENDERER|GREEN_OUT[1]                                                                                                            ; 0.357             ;
; DOLPHIN_MOVEMENT:PLAYER_CHARACTER|first_click         ; DOLPHIN_MOVEMENT:PLAYER_CHARACTER|hit_ground                                                                                                 ; 0.356             ;
; PIPES:PIPE_DISPLAY|s2_sel[1]                          ; PIPES:PIPE_DISPLAY|pipe1_visible                                                                                                             ; 0.355             ;
; LAYER:LAYER_RENDERER|reg_BACKGROUND_BLUE[3]           ; LAYER:LAYER_RENDERER|BLUE_OUT[3]                                                                                                             ; 0.353             ;
; LAYER:LAYER_RENDERER|reg_BACKGROUND_GREEN[2]          ; LAYER:LAYER_RENDERER|GREEN_OUT[2]                                                                                                            ; 0.351             ;
; LAYER:LAYER_RENDERER|reg_BACKGROUND_RED[0]            ; LAYER:LAYER_RENDERER|RED_OUT[0]                                                                                                              ; 0.350             ;
; lfsr:RANDOM_NUMBER|lfsr_reg[4]                        ; lfsr:RANDOM_NUMBER|lfsr_reg[5]                                                                                                               ; 0.349             ;
; MOUSE:MOUSE_CONTROLS|mouse_state.INHIBIT_TRANS        ; MOUSE:MOUSE_CONTROLS|mouse_state.LOAD_COMMAND                                                                                                ; 0.346             ;
; LAYER:LAYER_RENDERER|reg_Win                          ; LAYER:LAYER_RENDERER|RED_OUT[3]                                                                                                              ; 0.344             ;
; PIPES:PIPE_DISPLAY|s1_use_top                         ; PIPES:PIPE_DISPLAY|strip_addr_reg[0]                                                                                                         ; 0.343             ;
; PIPES:PIPE_DISPLAY|pipe_top_height_2[6]               ; PIPES:PIPE_DISPLAY|pipe_top_height_2_r[6]                                                                                                    ; 0.340             ;
; PIPES:PIPE_DISPLAY|pipe_top_height_3[6]               ; PIPES:PIPE_DISPLAY|pipe_top_height_3_r[7]                                                                                                    ; 0.340             ;
; lfsr:RANDOM_NUMBER|lfsr_reg[3]                        ; lfsr:RANDOM_NUMBER|lfsr_reg[4]                                                                                                               ; 0.340             ;
; DOLPHIN_MOVEMENT:PLAYER_CHARACTER|dolphin_y_pos[5]    ; DOLPHIN_MOVEMENT:PLAYER_CHARACTER|dolphin_y_pos[9]                                                                                           ; 0.337             ;
; PIPES:PIPE_DISPLAY|pipe_x_pos_3[1]                    ; PIPES:PIPE_DISPLAY|pipe_x_pos_3[1]                                                                                                           ; 0.337             ;
; PIPES:PIPE_DISPLAY|pipe_top_height_1[7]               ; PIPES:PIPE_DISPLAY|pipe_top_height_1_r[7]                                                                                                    ; 0.335             ;
; lives:LIFE_DISPLAY|heart_selected_d                   ; LAYER:LAYER_RENDERER|reg_LIVES_ON                                                                                                            ; 0.334             ;
; PIPES:PIPE_DISPLAY|s1_local_y[4]                      ; PIPES:PIPE_DISPLAY|strip_addr_reg[5]                                                                                                         ; 0.334             ;
; VGA_SYNC:VGA_REFRESH|v_count[3]                       ; VGA_SYNC:VGA_REFRESH|vert_sync                                                                                                               ; 0.333             ;
; LAYER:LAYER_RENDERER|reg_BACKGROUND_BLUE[2]           ; LAYER:LAYER_RENDERER|BLUE_OUT[2]                                                                                                             ; 0.333             ;
; LAYER:LAYER_RENDERER|reg_BACKGROUND_GREEN[0]          ; LAYER:LAYER_RENDERER|GREEN_OUT[0]                                                                                                            ; 0.333             ;
; PIPES:PIPE_DISPLAY|s1_local_y[3]                      ; PIPES:PIPE_DISPLAY|strip_addr_reg[5]                                                                                                         ; 0.331             ;
; PIPES:PIPE_DISPLAY|s1_local_y[2]                      ; PIPES:PIPE_DISPLAY|strip_addr_reg[5]                                                                                                         ; 0.327             ;
+-------------------------------------------------------+----------------------------------------------------------------------------------------------------------------------------------------------+-------------------+
Note: This table only shows the top 100 path(s) that have the largest delay added for hold.


+-----------------+
; Fitter Messages ;
+-----------------+
Warning (18236): Number of processors has not been specified which may cause overloading on shared machines.  Set the global assignment NUM_PARALLEL_PROCESSORS in your QSF to an appropriate value for best performance.
Info (20030): Parallel compilation is enabled and will use 16 of the 24 processors detected
Info (119006): Selected device 5CEBA4F23C7 for design "top_level"
Info (21077): Low junction temperature is 0 degrees C
Info (21077): High junction temperature is 85 degrees C
Warning: RST port on the PLL is not properly connected on instance pll:clock_divider|pll_0002:pll_inst|altera_pll:altera_pll_i|general[0].gpll. The reset port on the PLL should be connected. If the PLL loses lock for any reason, you might need to manually reset the PLL in order to re-establish lock to the reference clock. File: c:/intelfpga_lite/18.1/quartus/libraries/megafunctions/altera_pll.v Line: 748
    Info: Must be connected
Warning (21300): LOCKED port on the PLL is not properly connected on instance "pll:clock_divider|pll_0002:pll_inst|altera_pll:altera_pll_i|general[0].gpll". The LOCKED port on the PLL should be connected when the FBOUTCLK port is connected. Although it is unnecessary to connect the LOCKED signal, any logic driven off of an output clock of the PLL will not know when the PLL is locked and ready.
Info (171003): Fitter is performing an Auto Fit compilation, which may decrease Fitter effort to reduce compilation time
Warning (292013): Feature LogicLock is only available with a valid subscription license. You can purchase a software subscription to gain full access to this feature.
Warning (15714): Some pins have incomplete I/O assignments. Refer to the I/O Assignment Warnings report for details
Info (176045): Design uses memory blocks. Violating setup or hold times of memory block address registers for either read or write operations could cause memory contents to be corrupted. Make sure that all memory block address registers meet the setup and hold time requirements.
Info (184020): Starting Fitter periphery placement operations
Info (11178): Promoted 1 clock (1 global)
    Info (11162): pll:clock_divider|pll_0002:pll_inst|altera_pll:altera_pll_i|outclk_wire[0]~CLKENA0 with 1681 fanout uses global clock CLKCTRL_G3
Info (184021): Fitter periphery placement operations ending: elapsed time is 00:00:00
Info (332104): Reading SDC File: 'top_level.sdc'
Info (332110): Deriving PLL clocks
    Info (332110): create_generated_clock -source {clock_divider|pll_inst|altera_pll_i|general[0].gpll~FRACTIONAL_PLL|refclkin} -multiply_by 6 -duty_cycle 50.00 -name {clock_divider|pll_inst|altera_pll_i|general[0].gpll~FRACTIONAL_PLL|vcoph[0]} {clock_divider|pll_inst|altera_pll_i|general[0].gpll~FRACTIONAL_PLL|vcoph[0]}
    Info (332110): create_generated_clock -source {clock_divider|pll_inst|altera_pll_i|general[0].gpll~PLL_OUTPUT_COUNTER|vco0ph[0]} -divide_by 12 -duty_cycle 50.00 -name {clock_divider|pll_inst|altera_pll_i|general[0].gpll~PLL_OUTPUT_COUNTER|divclk} {clock_divider|pll_inst|altera_pll_i|general[0].gpll~PLL_OUTPUT_COUNTER|divclk}
Info (332151): Clock uncertainty is not calculated until you update the timing netlist.
Warning (332060): Node: MOUSE:MOUSE_CONTROLS|MOUSE_CLK_FILTER was determined to be a clock but was found without an associated clock assignment.
    Info (13166): Register MOUSE:MOUSE_CONTROLS|right_button is being clocked by MOUSE:MOUSE_CONTROLS|MOUSE_CLK_FILTER
Info (332097): The following timing edges are non-unate.  The Timing Analyzer will assume pos-unate behavior for these edges in the clock network.
    Info (332098): Cell: clock_divider|pll_inst|altera_pll_i|general[0].gpll~FRACTIONAL_PLL  from: refclkin  to: fbclk
    Info (332098): Cell: clock_divider|pll_inst|altera_pll_i|general[0].gpll~PLL_OUTPUT_COUNTER  from: vco0ph[0]  to: divclk
    Info (332098): Cell: clock_divider|pll_inst|altera_pll_i|general[0].gpll~PLL_REFCLK_SELECT  from: clkin[0]  to: clkout
Info (332123): Deriving Clock Uncertainty. Please refer to report_sdc in the Timing Analyzer to see clock uncertainties.
Info (332129): Detected timing requirements -- optimizing circuit to achieve only the specified requirements
Info (332111): Found 5 clocks
    Info (332111):   Period   Clock Name
    Info (332111): ======== ============
    Info (332111):   20.000     CLOCK_50
    Info (332111):    3.333 clock_divider|pll_inst|altera_pll_i|general[0].gpll~FRACTIONAL_PLL|vcoph[0]
    Info (332111):   40.000 clock_divider|pll_inst|altera_pll_i|general[0].gpll~PLL_OUTPUT_COUNTER|divclk
    Info (332111): 100000.000    MOUSE_CLK
    Info (332111): 16666.667    VERT_SYNC
Info (176233): Starting register packing
Info (176235): Finished register packing
    Extra Info (176219): No registers were packed into other blocks
Warning (15705): Ignored locations or region assignments to the following nodes
    Warning (15706): Node "CLOCK2_50" is assigned to location or region, but does not exist in design
    Warning (15706): Node "CLOCK3_50" is assigned to location or region, but does not exist in design
    Warning (15706): Node "CLOCK4_50" is assigned to location or region, but does not exist in design
    Warning (15706): Node "DRAM_ADDR[0]" is assigned to location or region, but does not exist in design
    Warning (15706): Node "DRAM_ADDR[10]" is assigned to location or region, but does not exist in design
    Warning (15706): Node "DRAM_ADDR[11]" is assigned to location or region, but does not exist in design
    Warning (15706): Node "DRAM_ADDR[12]" is assigned to location or region, but does not exist in design
    Warning (15706): Node "DRAM_ADDR[1]" is assigned to location or region, but does not exist in design
    Warning (15706): Node "DRAM_ADDR[2]" is assigned to location or region, but does not exist in design
    Warning (15706): Node "DRAM_ADDR[3]" is assigned to location or region, but does not exist in design
    Warning (15706): Node "DRAM_ADDR[4]" is assigned to location or region, but does not exist in design
    Warning (15706): Node "DRAM_ADDR[5]" is assigned to location or region, but does not exist in design
    Warning (15706): Node "DRAM_ADDR[6]" is assigned to location or region, but does not exist in design
    Warning (15706): Node "DRAM_ADDR[7]" is assigned to location or region, but does not exist in design
    Warning (15706): Node "DRAM_ADDR[8]" is assigned to location or region, but does not exist in design
    Warning (15706): Node "DRAM_ADDR[9]" is assigned to location or region, but does not exist in design
    Warning (15706): Node "DRAM_BA[0]" is assigned to location or region, but does not exist in design
    Warning (15706): Node "DRAM_BA[1]" is assigned to location or region, but does not exist in design
    Warning (15706): Node "DRAM_CAS_N" is assigned to location or region, but does not exist in design
    Warning (15706): Node "DRAM_CKE" is assigned to location or region, but does not exist in design
    Warning (15706): Node "DRAM_CLK" is assigned to location or region, but does not exist in design
    Warning (15706): Node "DRAM_CS_N" is assigned to location or region, but does not exist in design
    Warning (15706): Node "DRAM_DQ[0]" is assigned to location or region, but does not exist in design
    Warning (15706): Node "DRAM_DQ[10]" is assigned to location or region, but does not exist in design
    Warning (15706): Node "DRAM_DQ[11]" is assigned to location or region, but does not exist in design
    Warning (15706): Node "DRAM_DQ[12]" is assigned to location or region, but does not exist in design
    Warning (15706): Node "DRAM_DQ[13]" is assigned to location or region, but does not exist in design
    Warning (15706): Node "DRAM_DQ[14]" is assigned to location or region, but does not exist in design
    Warning (15706): Node "DRAM_DQ[15]" is assigned to location or region, but does not exist in design
    Warning (15706): Node "DRAM_DQ[1]" is assigned to location or region, but does not exist in design
    Warning (15706): Node "DRAM_DQ[2]" is assigned to location or region, but does not exist in design
    Warning (15706): Node "DRAM_DQ[3]" is assigned to location or region, but does not exist in design
    Warning (15706): Node "DRAM_DQ[4]" is assigned to location or region, but does not exist in design
    Warning (15706): Node "DRAM_DQ[5]" is assigned to location or region, but does not exist in design
    Warning (15706): Node "DRAM_DQ[6]" is assigned to location or region, but does not exist in design
    Warning (15706): Node "DRAM_DQ[7]" is assigned to location or region, but does not exist in design
    Warning (15706): Node "DRAM_DQ[8]" is assigned to location or region, but does not exist in design
    Warning (15706): Node "DRAM_DQ[9]" is assigned to location or region, but does not exist in design
    Warning (15706): Node "DRAM_LDQM" is assigned to location or region, but does not exist in design
    Warning (15706): Node "DRAM_RAS_N" is assigned to location or region, but does not exist in design
    Warning (15706): Node "DRAM_UDQM" is assigned to location or region, but does not exist in design
    Warning (15706): Node "DRAM_WE_N" is assigned to location or region, but does not exist in design
    Warning (15706): Node "GPIO_0[0]" is assigned to location or region, but does not exist in design
    Warning (15706): Node "GPIO_0[10]" is assigned to location or region, but does not exist in design
    Warning (15706): Node "GPIO_0[11]" is assigned to location or region, but does not exist in design
    Warning (15706): Node "GPIO_0[12]" is assigned to location or region, but does not exist in design
    Warning (15706): Node "GPIO_0[13]" is assigned to location or region, but does not exist in design
    Warning (15706): Node "GPIO_0[14]" is assigned to location or region, but does not exist in design
    Warning (15706): Node "GPIO_0[15]" is assigned to location or region, but does not exist in design
    Warning (15706): Node "GPIO_0[16]" is assigned to location or region, but does not exist in design
    Warning (15706): Node "GPIO_0[17]" is assigned to location or region, but does not exist in design
    Warning (15706): Node "GPIO_0[18]" is assigned to location or region, but does not exist in design
    Warning (15706): Node "GPIO_0[19]" is assigned to location or region, but does not exist in design
    Warning (15706): Node "GPIO_0[1]" is assigned to location or region, but does not exist in design
    Warning (15706): Node "GPIO_0[20]" is assigned to location or region, but does not exist in design
    Warning (15706): Node "GPIO_0[21]" is assigned to location or region, but does not exist in design
    Warning (15706): Node "GPIO_0[22]" is assigned to location or region, but does not exist in design
    Warning (15706): Node "GPIO_0[23]" is assigned to location or region, but does not exist in design
    Warning (15706): Node "GPIO_0[24]" is assigned to location or region, but does not exist in design
    Warning (15706): Node "GPIO_0[25]" is assigned to location or region, but does not exist in design
    Warning (15706): Node "GPIO_0[26]" is assigned to location or region, but does not exist in design
    Warning (15706): Node "GPIO_0[27]" is assigned to location or region, but does not exist in design
    Warning (15706): Node "GPIO_0[28]" is assigned to location or region, but does not exist in design
    Warning (15706): Node "GPIO_0[29]" is assigned to location or region, but does not exist in design
    Warning (15706): Node "GPIO_0[2]" is assigned to location or region, but does not exist in design
    Warning (15706): Node "GPIO_0[30]" is assigned to location or region, but does not exist in design
    Warning (15706): Node "GPIO_0[31]" is assigned to location or region, but does not exist in design
    Warning (15706): Node "GPIO_0[32]" is assigned to location or region, but does not exist in design
    Warning (15706): Node "GPIO_0[33]" is assigned to location or region, but does not exist in design
    Warning (15706): Node "GPIO_0[34]" is assigned to location or region, but does not exist in design
    Warning (15706): Node "GPIO_0[35]" is assigned to location or region, but does not exist in design
    Warning (15706): Node "GPIO_0[3]" is assigned to location or region, but does not exist in design
    Warning (15706): Node "GPIO_0[4]" is assigned to location or region, but does not exist in design
    Warning (15706): Node "GPIO_0[5]" is assigned to location or region, but does not exist in design
    Warning (15706): Node "GPIO_0[6]" is assigned to location or region, but does not exist in design
    Warning (15706): Node "GPIO_0[7]" is assigned to location or region, but does not exist in design
    Warning (15706): Node "GPIO_0[8]" is assigned to location or region, but does not exist in design
    Warning (15706): Node "GPIO_0[9]" is assigned to location or region, but does not exist in design
    Warning (15706): Node "GPIO_1[0]" is assigned to location or region, but does not exist in design
    Warning (15706): Node "GPIO_1[10]" is assigned to location or region, but does not exist in design
    Warning (15706): Node "GPIO_1[11]" is assigned to location or region, but does not exist in design
    Warning (15706): Node "GPIO_1[12]" is assigned to location or region, but does not exist in design
    Warning (15706): Node "GPIO_1[13]" is assigned to location or region, but does not exist in design
    Warning (15706): Node "GPIO_1[14]" is assigned to location or region, but does not exist in design
    Warning (15706): Node "GPIO_1[15]" is assigned to location or region, but does not exist in design
    Warning (15706): Node "GPIO_1[16]" is assigned to location or region, but does not exist in design
    Warning (15706): Node "GPIO_1[17]" is assigned to location or region, but does not exist in design
    Warning (15706): Node "GPIO_1[18]" is assigned to location or region, but does not exist in design
    Warning (15706): Node "GPIO_1[19]" is assigned to location or region, but does not exist in design
    Warning (15706): Node "GPIO_1[1]" is assigned to location or region, but does not exist in design
    Warning (15706): Node "GPIO_1[20]" is assigned to location or region, but does not exist in design
    Warning (15706): Node "GPIO_1[21]" is assigned to location or region, but does not exist in design
    Warning (15706): Node "GPIO_1[22]" is assigned to location or region, but does not exist in design
    Warning (15706): Node "GPIO_1[23]" is assigned to location or region, but does not exist in design
    Warning (15706): Node "GPIO_1[24]" is assigned to location or region, but does not exist in design
    Warning (15706): Node "GPIO_1[25]" is assigned to location or region, but does not exist in design
    Warning (15706): Node "GPIO_1[26]" is assigned to location or region, but does not exist in design
    Warning (15706): Node "GPIO_1[27]" is assigned to location or region, but does not exist in design
    Warning (15706): Node "GPIO_1[28]" is assigned to location or region, but does not exist in design
    Warning (15706): Node "GPIO_1[29]" is assigned to location or region, but does not exist in design
    Warning (15706): Node "GPIO_1[2]" is assigned to location or region, but does not exist in design
    Warning (15706): Node "GPIO_1[30]" is assigned to location or region, but does not exist in design
    Warning (15706): Node "GPIO_1[31]" is assigned to location or region, but does not exist in design
    Warning (15706): Node "GPIO_1[32]" is assigned to location or region, but does not exist in design
    Warning (15706): Node "GPIO_1[33]" is assigned to location or region, but does not exist in design
    Warning (15706): Node "GPIO_1[34]" is assigned to location or region, but does not exist in design
    Warning (15706): Node "GPIO_1[35]" is assigned to location or region, but does not exist in design
    Warning (15706): Node "GPIO_1[3]" is assigned to location or region, but does not exist in design
    Warning (15706): Node "GPIO_1[4]" is assigned to location or region, but does not exist in design
    Warning (15706): Node "GPIO_1[5]" is assigned to location or region, but does not exist in design
    Warning (15706): Node "GPIO_1[6]" is assigned to location or region, but does not exist in design
    Warning (15706): Node "GPIO_1[7]" is assigned to location or region, but does not exist in design
    Warning (15706): Node "GPIO_1[8]" is assigned to location or region, but does not exist in design
    Warning (15706): Node "GPIO_1[9]" is assigned to location or region, but does not exist in design
    Warning (15706): Node "HEX2[0]" is assigned to location or region, but does not exist in design
    Warning (15706): Node "HEX2[1]" is assigned to location or region, but does not exist in design
    Warning (15706): Node "HEX2[2]" is assigned to location or region, but does not exist in design
    Warning (15706): Node "HEX2[3]" is assigned to location or region, but does not exist in design
    Warning (15706): Node "HEX2[4]" is assigned to location or region, but does not exist in design
    Warning (15706): Node "HEX2[5]" is assigned to location or region, but does not exist in design
    Warning (15706): Node "HEX2[6]" is assigned to location or region, but does not exist in design
    Warning (15706): Node "HEX3[0]" is assigned to location or region, but does not exist in design
    Warning (15706): Node "HEX3[1]" is assigned to location or region, but does not exist in design
    Warning (15706): Node "HEX3[2]" is assigned to location or region, but does not exist in design
    Warning (15706): Node "HEX3[3]" is assigned to location or region, but does not exist in design
    Warning (15706): Node "HEX3[4]" is assigned to location or region, but does not exist in design
    Warning (15706): Node "HEX3[5]" is assigned to location or region, but does not exist in design
    Warning (15706): Node "HEX3[6]" is assigned to location or region, but does not exist in design
    Warning (15706): Node "HEX4[0]" is assigned to location or region, but does not exist in design
    Warning (15706): Node "HEX4[1]" is assigned to location or region, but does not exist in design
    Warning (15706): Node "HEX4[2]" is assigned to location or region, but does not exist in design
    Warning (15706): Node "HEX4[3]" is assigned to location or region, but does not exist in design
    Warning (15706): Node "HEX4[4]" is assigned to location or region, but does not exist in design
    Warning (15706): Node "HEX4[5]" is assigned to location or region, but does not exist in design
    Warning (15706): Node "HEX4[6]" is assigned to location or region, but does not exist in design
    Warning (15706): Node "HEX5[0]" is assigned to location or region, but does not exist in design
    Warning (15706): Node "HEX5[1]" is assigned to location or region, but does not exist in design
    Warning (15706): Node "HEX5[2]" is assigned to location or region, but does not exist in design
    Warning (15706): Node "HEX5[3]" is assigned to location or region, but does not exist in design
    Warning (15706): Node "HEX5[4]" is assigned to location or region, but does not exist in design
    Warning (15706): Node "HEX5[5]" is assigned to location or region, but does not exist in design
    Warning (15706): Node "HEX5[6]" is assigned to location or region, but does not exist in design
    Warning (15706): Node "PS2_CLK2" is assigned to location or region, but does not exist in design
    Warning (15706): Node "PS2_DAT2" is assigned to location or region, but does not exist in design
    Warning (15706): Node "RESET_N" is assigned to location or region, but does not exist in design
    Warning (15706): Node "SD_CLK" is assigned to location or region, but does not exist in design
    Warning (15706): Node "SD_CMD" is assigned to location or region, but does not exist in design
    Warning (15706): Node "SD_DATA[0]" is assigned to location or region, but does not exist in design
    Warning (15706): Node "SD_DATA[1]" is assigned to location or region, but does not exist in design
    Warning (15706): Node "SD_DATA[2]" is assigned to location or region, but does not exist in design
    Warning (15706): Node "SD_DATA[3]" is assigned to location or region, but does not exist in design
Info (11798): Fitter preparation operations ending: elapsed time is 00:00:03
Info (170189): Fitter placement preparation operations beginning
Info (14951): The Fitter is using Advanced Physical Optimization.
Info (170190): Fitter placement preparation operations ending: elapsed time is 00:01:00
Info (170191): Fitter placement operations beginning
Info (170137): Fitter placement was successful
Info (170192): Fitter placement operations ending: elapsed time is 00:00:01
Info (170193): Fitter routing operations beginning
Info (170195): Router estimated average interconnect usage is 2% of the available device resources
    Info (170196): Router estimated peak interconnect usage is 10% of the available device resources in the region that extends from location X33_Y11 to location X43_Y22
Info (170199): The Fitter performed an Auto Fit compilation.  Optimizations were skipped to reduce compilation time.
    Info (170201): Optimizations that may affect the design's routability were skipped
    Info (170200): Optimizations that may affect the design's timing were skipped
Info (170194): Fitter routing operations ending: elapsed time is 00:00:02
Info (11888): Total time spent on timing analysis during the Fitter is 3.43 seconds.
Info (334003): Started post-fitting delay annotation
Info (334004): Delay annotation completed successfully
Info (334003): Started post-fitting delay annotation
Info (334004): Delay annotation completed successfully
Info (11801): Fitter post-fit operations ending: elapsed time is 00:00:05
Warning (171167): Found invalid Fitter assignments. See the Ignored Assignments panel in the Fitter Compilation Report for more information.
Info (144001): Generated suppressed messages file C:/Users/User/COMPSYS_305_Mini_Project/output_files/top_level.fit.smsg
Info: Quartus Prime Fitter was successful. 0 errors, 161 warnings
    Info: Peak virtual memory: 7610 megabytes
    Info: Processing ended: Fri May 29 12:32:39 2026
    Info: Elapsed time: 00:03:16
    Info: Total CPU time (on all processors): 00:24:02


+----------------------------+
; Fitter Suppressed Messages ;
+----------------------------+
The suppressed messages can be found in C:/Users/User/COMPSYS_305_Mini_Project/output_files/top_level.fit.smsg.


