Analysis & Synthesis report for top_level
Fri May 22 17:58:51 2026
Quartus Prime Version 18.1.0 Build 625 09/12/2018 SJ Standard Edition


---------------------
; Table of Contents ;
---------------------
  1. Legal Notice
  2. Analysis & Synthesis Summary
  3. Analysis & Synthesis Settings
  4. Parallel Compilation
  5. Analysis & Synthesis Source Files Read
  6. Analysis & Synthesis Resource Usage Summary
  7. Analysis & Synthesis Resource Utilization by Entity
  8. Analysis & Synthesis RAM Summary
  9. Analysis & Synthesis IP Cores Summary
 10. State Machine - |top_level|MOUSE:MOUSE_CONTROLS|mouse_state
 11. State Machine - |top_level|FSM:FINITE_STATE_MACHINE|state
 12. Registers Removed During Synthesis
 13. Removed Registers Triggering Further Register Optimizations
 14. General Register Statistics
 15. Inverted Register Statistics
 16. Multiplexer Restructuring Statistics (Restructuring Performed)
 17. Source assignments for dolphin_sprite:DOLPHIN_SPRITE_INST|sprite_rom:DOLPHIN_ROM|altsyncram:ROM|altsyncram_6nu3:auto_generated
 18. Source assignments for home_display:HOME_SCREEN_TEXT|char_rom:F_ROM|altsyncram:altsyncram_component|altsyncram_d5g1:auto_generated
 19. Source assignments for home_display:HOME_SCREEN_TEXT|char_rom:L1_ROM|altsyncram:altsyncram_component|altsyncram_d5g1:auto_generated
 20. Source assignments for home_display:HOME_SCREEN_TEXT|char_rom:A_ROM|altsyncram:altsyncram_component|altsyncram_d5g1:auto_generated
 21. Source assignments for home_display:HOME_SCREEN_TEXT|char_rom:P1_ROM|altsyncram:altsyncram_component|altsyncram_d5g1:auto_generated
 22. Source assignments for home_display:HOME_SCREEN_TEXT|char_rom:P2_ROM|altsyncram:altsyncram_component|altsyncram_d5g1:auto_generated
 23. Source assignments for home_display:HOME_SCREEN_TEXT|char_rom:Y_ROM|altsyncram:altsyncram_component|altsyncram_d5g1:auto_generated
 24. Source assignments for home_display:HOME_SCREEN_TEXT|char_rom:D_ROM|altsyncram:altsyncram_component|altsyncram_d5g1:auto_generated
 25. Source assignments for home_display:HOME_SCREEN_TEXT|char_rom:O_ROM|altsyncram:altsyncram_component|altsyncram_d5g1:auto_generated
 26. Source assignments for home_display:HOME_SCREEN_TEXT|char_rom:L2_ROM|altsyncram:altsyncram_component|altsyncram_d5g1:auto_generated
 27. Source assignments for home_display:HOME_SCREEN_TEXT|char_rom:P3_ROM|altsyncram:altsyncram_component|altsyncram_d5g1:auto_generated
 28. Source assignments for home_display:HOME_SCREEN_TEXT|char_rom:H_ROM|altsyncram:altsyncram_component|altsyncram_d5g1:auto_generated
 29. Source assignments for home_display:HOME_SCREEN_TEXT|char_rom:I_ROM|altsyncram:altsyncram_component|altsyncram_d5g1:auto_generated
 30. Source assignments for home_display:HOME_SCREEN_TEXT|char_rom:N_ROM|altsyncram:altsyncram_component|altsyncram_d5g1:auto_generated
 31. Source assignments for lives:LIFE_DISPLAY|char_rom:HEART_ROM_1|altsyncram:altsyncram_component|altsyncram_d5g1:auto_generated
 32. Source assignments for lives:LIFE_DISPLAY|char_rom:HEART_ROM_2|altsyncram:altsyncram_component|altsyncram_d5g1:auto_generated
 33. Source assignments for lives:LIFE_DISPLAY|char_rom:HEART_ROM_3|altsyncram:altsyncram_component|altsyncram_d5g1:auto_generated
 34. Parameter Settings for User Entity Instance: pll:clock_divider|pll_0002:pll_inst|altera_pll:altera_pll_i
 35. Parameter Settings for User Entity Instance: dolphin_sprite:DOLPHIN_SPRITE_INST|sprite_rom:DOLPHIN_ROM|altsyncram:ROM
 36. Parameter Settings for User Entity Instance: home_display:HOME_SCREEN_TEXT|char_rom:F_ROM|altsyncram:altsyncram_component
 37. Parameter Settings for User Entity Instance: home_display:HOME_SCREEN_TEXT|char_rom:L1_ROM|altsyncram:altsyncram_component
 38. Parameter Settings for User Entity Instance: home_display:HOME_SCREEN_TEXT|char_rom:A_ROM|altsyncram:altsyncram_component
 39. Parameter Settings for User Entity Instance: home_display:HOME_SCREEN_TEXT|char_rom:P1_ROM|altsyncram:altsyncram_component
 40. Parameter Settings for User Entity Instance: home_display:HOME_SCREEN_TEXT|char_rom:P2_ROM|altsyncram:altsyncram_component
 41. Parameter Settings for User Entity Instance: home_display:HOME_SCREEN_TEXT|char_rom:Y_ROM|altsyncram:altsyncram_component
 42. Parameter Settings for User Entity Instance: home_display:HOME_SCREEN_TEXT|char_rom:D_ROM|altsyncram:altsyncram_component
 43. Parameter Settings for User Entity Instance: home_display:HOME_SCREEN_TEXT|char_rom:O_ROM|altsyncram:altsyncram_component
 44. Parameter Settings for User Entity Instance: home_display:HOME_SCREEN_TEXT|char_rom:L2_ROM|altsyncram:altsyncram_component
 45. Parameter Settings for User Entity Instance: home_display:HOME_SCREEN_TEXT|char_rom:P3_ROM|altsyncram:altsyncram_component
 46. Parameter Settings for User Entity Instance: home_display:HOME_SCREEN_TEXT|char_rom:H_ROM|altsyncram:altsyncram_component
 47. Parameter Settings for User Entity Instance: home_display:HOME_SCREEN_TEXT|char_rom:I_ROM|altsyncram:altsyncram_component
 48. Parameter Settings for User Entity Instance: home_display:HOME_SCREEN_TEXT|char_rom:N_ROM|altsyncram:altsyncram_component
 49. Parameter Settings for User Entity Instance: lives:LIFE_DISPLAY|char_rom:HEART_ROM_1|altsyncram:altsyncram_component
 50. Parameter Settings for User Entity Instance: lives:LIFE_DISPLAY|char_rom:HEART_ROM_2|altsyncram:altsyncram_component
 51. Parameter Settings for User Entity Instance: lives:LIFE_DISPLAY|char_rom:HEART_ROM_3|altsyncram:altsyncram_component
 52. Parameter Settings for Inferred Entity Instance: position_to_BCD:sevenseg_display|lpm_divide:Mod3
 53. Parameter Settings for Inferred Entity Instance: position_to_BCD:sevenseg_display|lpm_divide:Div3
 54. Parameter Settings for Inferred Entity Instance: position_to_BCD:sevenseg_display|lpm_divide:Mod2
 55. Parameter Settings for Inferred Entity Instance: position_to_BCD:sevenseg_display|lpm_divide:Div2
 56. Parameter Settings for Inferred Entity Instance: position_to_BCD:sevenseg_display|lpm_divide:Mod1
 57. Parameter Settings for Inferred Entity Instance: position_to_BCD:sevenseg_display|lpm_divide:Div1
 58. Parameter Settings for Inferred Entity Instance: position_to_BCD:sevenseg_display|lpm_divide:Mod0
 59. Parameter Settings for Inferred Entity Instance: position_to_BCD:sevenseg_display|lpm_divide:Div0
 60. altsyncram Parameter Settings by Entity Instance
 61. Port Connectivity Checks: "lfsr:RANDOM_NUMBER"
 62. Port Connectivity Checks: "bait:RANDOM_BAIT"
 63. Port Connectivity Checks: "flappy_dolphin:PLAYER_CHARACTER"
 64. Port Connectivity Checks: "PIPES:PIPE_DISPLAY"
 65. Port Connectivity Checks: "MOUSE:MOUSE_CONTROLS"
 66. Port Connectivity Checks: "lives:LIFE_DISPLAY|char_rom:HEART_ROM_3"
 67. Port Connectivity Checks: "lives:LIFE_DISPLAY|char_rom:HEART_ROM_2"
 68. Port Connectivity Checks: "lives:LIFE_DISPLAY|char_rom:HEART_ROM_1"
 69. Port Connectivity Checks: "lives:LIFE_DISPLAY"
 70. Port Connectivity Checks: "FSM:FINITE_STATE_MACHINE"
 71. Port Connectivity Checks: "home_display:HOME_SCREEN_TEXT|char_rom:N_ROM"
 72. Port Connectivity Checks: "home_display:HOME_SCREEN_TEXT|char_rom:I_ROM"
 73. Port Connectivity Checks: "home_display:HOME_SCREEN_TEXT|char_rom:H_ROM"
 74. Port Connectivity Checks: "home_display:HOME_SCREEN_TEXT|char_rom:P3_ROM"
 75. Port Connectivity Checks: "home_display:HOME_SCREEN_TEXT|char_rom:L2_ROM"
 76. Port Connectivity Checks: "home_display:HOME_SCREEN_TEXT|char_rom:O_ROM"
 77. Port Connectivity Checks: "home_display:HOME_SCREEN_TEXT|char_rom:D_ROM"
 78. Port Connectivity Checks: "home_display:HOME_SCREEN_TEXT|char_rom:Y_ROM"
 79. Port Connectivity Checks: "home_display:HOME_SCREEN_TEXT|char_rom:P2_ROM"
 80. Port Connectivity Checks: "home_display:HOME_SCREEN_TEXT|char_rom:P1_ROM"
 81. Port Connectivity Checks: "home_display:HOME_SCREEN_TEXT|char_rom:A_ROM"
 82. Port Connectivity Checks: "home_display:HOME_SCREEN_TEXT|char_rom:L1_ROM"
 83. Port Connectivity Checks: "home_display:HOME_SCREEN_TEXT|char_rom:F_ROM"
 84. Port Connectivity Checks: "pll:clock_divider"
 85. Post-Synthesis Netlist Statistics for Top Partition
 86. Elapsed Time Per Partition
 87. Analysis & Synthesis Messages



----------------
; Legal Notice ;
----------------
Copyright (C) 2018  Intel Corporation. All rights reserved.
Your use of Intel Corporation's design tools, logic functions 
and other software and tools, and its AMPP partner logic 
functions, and any output files from any of the foregoing 
(including device programming or simulation files), and any 
associated documentation or information are expressly subject 
to the terms and conditions of the Intel Program License 
Subscription Agreement, the Intel Quartus Prime License Agreement,
the Intel FPGA IP License Agreement, or other applicable license
agreement, including, without limitation, that your use is for
the sole purpose of programming logic devices manufactured by
Intel and sold by Intel or its authorized distributors.  Please
refer to the applicable agreement for further details.



+-----------------------------------------------------------------------------------+
; Analysis & Synthesis Summary                                                      ;
+---------------------------------+-------------------------------------------------+
; Analysis & Synthesis Status     ; Successful - Fri May 22 17:58:51 2026           ;
; Quartus Prime Version           ; 18.1.0 Build 625 09/12/2018 SJ Standard Edition ;
; Revision Name                   ; top_level                                       ;
; Top-level Entity Name           ; top_level                                       ;
; Family                          ; Cyclone V                                       ;
; Logic utilization (in ALMs)     ; N/A                                             ;
; Total registers                 ; 252                                             ;
; Total pins                      ; 83                                              ;
; Total virtual pins              ; 0                                               ;
; Total block memory bits         ; 1,728                                           ;
; Total DSP Blocks                ; 0                                               ;
; Total HSSI RX PCSs              ; 0                                               ;
; Total HSSI PMA RX Deserializers ; 0                                               ;
; Total HSSI TX PCSs              ; 0                                               ;
; Total HSSI PMA TX Serializers   ; 0                                               ;
; Total PLLs                      ; 1                                               ;
; Total DLLs                      ; 0                                               ;
+---------------------------------+-------------------------------------------------+


+---------------------------------------------------------------------------------------------------------------------------+
; Analysis & Synthesis Settings                                                                                             ;
+---------------------------------------------------------------------------------+--------------------+--------------------+
; Option                                                                          ; Setting            ; Default Value      ;
+---------------------------------------------------------------------------------+--------------------+--------------------+
; Device                                                                          ; 5CEBA4F23C7        ;                    ;
; Top-level entity name                                                           ; top_level          ; top_level          ;
; Family name                                                                     ; Cyclone V          ; Cyclone V          ;
; Use smart compilation                                                           ; Off                ; Off                ;
; Enable parallel Assembler and Timing Analyzer during compilation                ; On                 ; On                 ;
; Enable compact report table                                                     ; Off                ; Off                ;
; Restructure Multiplexers                                                        ; Auto               ; Auto               ;
; MLAB Add Timing Constraints For Mixed-Port Feed-Through Mode Setting Don't Care ; Off                ; Off                ;
; Create Debugging Nodes for IP Cores                                             ; Off                ; Off                ;
; Preserve fewer node names                                                       ; On                 ; On                 ;
; Intel FPGA IP Evaluation Mode                                                   ; Enable             ; Enable             ;
; Verilog Version                                                                 ; Verilog_2001       ; Verilog_2001       ;
; VHDL Version                                                                    ; VHDL_1993          ; VHDL_1993          ;
; State Machine Processing                                                        ; Auto               ; Auto               ;
; Safe State Machine                                                              ; Off                ; Off                ;
; Extract Verilog State Machines                                                  ; On                 ; On                 ;
; Extract VHDL State Machines                                                     ; On                 ; On                 ;
; Ignore Verilog initial constructs                                               ; Off                ; Off                ;
; Iteration limit for constant Verilog loops                                      ; 5000               ; 5000               ;
; Iteration limit for non-constant Verilog loops                                  ; 250                ; 250                ;
; Add Pass-Through Logic to Inferred RAMs                                         ; On                 ; On                 ;
; Infer RAMs from Raw Logic                                                       ; On                 ; On                 ;
; Parallel Synthesis                                                              ; On                 ; On                 ;
; DSP Block Balancing                                                             ; Auto               ; Auto               ;
; NOT Gate Push-Back                                                              ; On                 ; On                 ;
; Power-Up Don't Care                                                             ; On                 ; On                 ;
; Remove Redundant Logic Cells                                                    ; Off                ; Off                ;
; Remove Duplicate Registers                                                      ; On                 ; On                 ;
; Ignore CARRY Buffers                                                            ; Off                ; Off                ;
; Ignore CASCADE Buffers                                                          ; Off                ; Off                ;
; Ignore GLOBAL Buffers                                                           ; Off                ; Off                ;
; Ignore ROW GLOBAL Buffers                                                       ; Off                ; Off                ;
; Ignore LCELL Buffers                                                            ; Off                ; Off                ;
; Ignore SOFT Buffers                                                             ; On                 ; On                 ;
; Limit AHDL Integers to 32 Bits                                                  ; Off                ; Off                ;
; Optimization Technique                                                          ; Balanced           ; Balanced           ;
; Carry Chain Length                                                              ; 70                 ; 70                 ;
; Auto Carry Chains                                                               ; On                 ; On                 ;
; Auto Open-Drain Pins                                                            ; On                 ; On                 ;
; Perform WYSIWYG Primitive Resynthesis                                           ; Off                ; Off                ;
; Auto ROM Replacement                                                            ; On                 ; On                 ;
; Auto RAM Replacement                                                            ; On                 ; On                 ;
; Auto DSP Block Replacement                                                      ; On                 ; On                 ;
; Auto Shift Register Replacement                                                 ; Auto               ; Auto               ;
; Allow Shift Register Merging across Hierarchies                                 ; Auto               ; Auto               ;
; Auto Clock Enable Replacement                                                   ; On                 ; On                 ;
; Strict RAM Replacement                                                          ; Off                ; Off                ;
; Allow Synchronous Control Signals                                               ; On                 ; On                 ;
; Force Use of Synchronous Clear Signals                                          ; Off                ; Off                ;
; Auto Resource Sharing                                                           ; Off                ; Off                ;
; Allow Any RAM Size For Recognition                                              ; Off                ; Off                ;
; Allow Any ROM Size For Recognition                                              ; Off                ; Off                ;
; Allow Any Shift Register Size For Recognition                                   ; Off                ; Off                ;
; Use LogicLock Constraints during Resource Balancing                             ; On                 ; On                 ;
; Ignore translate_off and synthesis_off directives                               ; Off                ; Off                ;
; Timing-Driven Synthesis                                                         ; On                 ; On                 ;
; Report Parameter Settings                                                       ; On                 ; On                 ;
; Report Source Assignments                                                       ; On                 ; On                 ;
; Report Connectivity Checks                                                      ; On                 ; On                 ;
; Ignore Maximum Fan-Out Assignments                                              ; Off                ; Off                ;
; Synchronization Register Chain Length                                           ; 3                  ; 3                  ;
; Power Optimization During Synthesis                                             ; Normal compilation ; Normal compilation ;
; HDL message level                                                               ; Level2             ; Level2             ;
; Suppress Register Optimization Related Messages                                 ; Off                ; Off                ;
; Number of Removed Registers Reported in Synthesis Report                        ; 5000               ; 5000               ;
; Number of Swept Nodes Reported in Synthesis Report                              ; 5000               ; 5000               ;
; Number of Inverted Registers Reported in Synthesis Report                       ; 100                ; 100                ;
; Clock MUX Protection                                                            ; On                 ; On                 ;
; Auto Gated Clock Conversion                                                     ; Off                ; Off                ;
; Block Design Naming                                                             ; Auto               ; Auto               ;
; SDC constraint protection                                                       ; Off                ; Off                ;
; Synthesis Effort                                                                ; Auto               ; Auto               ;
; Shift Register Replacement - Allow Asynchronous Clear Signal                    ; On                 ; On                 ;
; Pre-Mapping Resynthesis Optimization                                            ; Off                ; Off                ;
; Analysis & Synthesis Message Level                                              ; Medium             ; Medium             ;
; Disable Register Merging Across Hierarchies                                     ; Auto               ; Auto               ;
; Resource Aware Inference For Block RAM                                          ; On                 ; On                 ;
; Automatic Parallel Synthesis                                                    ; On                 ; On                 ;
; Partial Reconfiguration Bitstream ID                                            ; Off                ; Off                ;
+---------------------------------------------------------------------------------+--------------------+--------------------+


+------------------------------------------+
; Parallel Compilation                     ;
+----------------------------+-------------+
; Processors                 ; Number      ;
+----------------------------+-------------+
; Number detected on machine ; 24          ;
; Maximum allowed            ; 16          ;
;                            ;             ;
; Average used               ; 1.00        ;
; Maximum used               ; 16          ;
;                            ;             ;
; Usage by Processor         ; % Time Used ;
;     Processor 1            ; 100.0%      ;
;     Processor 2            ;   0.0%      ;
;     Processor 3            ;   0.0%      ;
;     Processor 4            ;   0.0%      ;
;     Processor 5            ;   0.0%      ;
;     Processor 6            ;   0.0%      ;
;     Processor 7            ;   0.0%      ;
;     Processor 8            ;   0.0%      ;
;     Processors 9-16        ;   0.0%      ;
+----------------------------+-------------+


+----------------------------------------------------------------------------------------------------------------------------------------------------------------------------------------+
; Analysis & Synthesis Source Files Read                                                                                                                                                 ;
+----------------------------------+-----------------+----------------------------------------+--------------------------------------------------------------------------------+---------+
; File Name with User-Entered Path ; Used in Netlist ; File Type                              ; File Name with Absolute Path                                                   ; Library ;
+----------------------------------+-----------------+----------------------------------------+--------------------------------------------------------------------------------+---------+
; FSM.vhd                          ; yes             ; User VHDL File                         ; C:/Users/adun475/Documents/COMPSYS_305_Mini_Project/FSM.vhd                    ;         ;
; dolphin_sprite.mif               ; yes             ; User Memory Initialization File        ; C:/Users/adun475/Documents/COMPSYS_305_Mini_Project/dolphin_sprite.mif         ;         ;
; sprite_rom.vhd                   ; yes             ; User VHDL File                         ; C:/Users/adun475/Documents/COMPSYS_305_Mini_Project/sprite_rom.vhd             ;         ;
; lives.vhd                        ; yes             ; User VHDL File                         ; C:/Users/adun475/Documents/COMPSYS_305_Mini_Project/lives.vhd                  ;         ;
; layer.vhd                        ; yes             ; User VHDL File                         ; C:/Users/adun475/Documents/COMPSYS_305_Mini_Project/layer.vhd                  ;         ;
; dolphin_sprite.vhd               ; yes             ; User VHDL File                         ; C:/Users/adun475/Documents/COMPSYS_305_Mini_Project/dolphin_sprite.vhd         ;         ;
; bait.vhd                         ; yes             ; User VHDL File                         ; C:/Users/adun475/Documents/COMPSYS_305_Mini_Project/bait.vhd                   ;         ;
; home_display.vhd                 ; yes             ; User VHDL File                         ; C:/Users/adun475/Documents/COMPSYS_305_Mini_Project/home_display.vhd           ;         ;
; pipes.vhd                        ; yes             ; User VHDL File                         ; C:/Users/adun475/Documents/COMPSYS_305_Mini_Project/pipes.vhd                  ;         ;
; LFSR.vhd                         ; yes             ; User VHDL File                         ; C:/Users/adun475/Documents/COMPSYS_305_Mini_Project/LFSR.vhd                   ;         ;
; background.vhd                   ; yes             ; User VHDL File                         ; C:/Users/adun475/Documents/COMPSYS_305_Mini_Project/background.vhd             ;         ;
; position_to_BCD.vhd              ; yes             ; User VHDL File                         ; C:/Users/adun475/Documents/COMPSYS_305_Mini_Project/position_to_BCD.vhd        ;         ;
; vga_sync.vhd                     ; yes             ; User VHDL File                         ; C:/Users/adun475/Documents/COMPSYS_305_Mini_Project/vga_sync.vhd               ;         ;
; top_level.vhd                    ; yes             ; User VHDL File                         ; C:/Users/adun475/Documents/COMPSYS_305_Mini_Project/top_level.vhd              ;         ;
; mouse.vhd                        ; yes             ; User VHDL File                         ; C:/Users/adun475/Documents/COMPSYS_305_Mini_Project/mouse.vhd                  ;         ;
; flappy_dolphin.vhd               ; yes             ; User VHDL File                         ; C:/Users/adun475/Documents/COMPSYS_305_Mini_Project/flappy_dolphin.vhd         ;         ;
; char_rom.vhd                     ; yes             ; User VHDL File                         ; C:/Users/adun475/Documents/COMPSYS_305_Mini_Project/char_rom.vhd               ;         ;
; pll.vhd                          ; yes             ; User Wizard-Generated File             ; C:/Users/adun475/Documents/COMPSYS_305_Mini_Project/pll.vhd                    ; pll     ;
; pll/pll_0002.v                   ; yes             ; User Verilog HDL File                  ; C:/Users/adun475/Documents/COMPSYS_305_Mini_Project/pll/pll_0002.v             ; pll     ;
; BCD_to_7Seg.vhd                  ; yes             ; User VHDL File                         ; C:/Users/adun475/Documents/COMPSYS_305_Mini_Project/BCD_to_7Seg.vhd            ;         ;
; altera_pll.v                     ; yes             ; Megafunction                           ; c:/intelfpga/18.1/quartus/libraries/megafunctions/altera_pll.v                 ;         ;
; altsyncram.tdf                   ; yes             ; Megafunction                           ; c:/intelfpga/18.1/quartus/libraries/megafunctions/altsyncram.tdf               ;         ;
; stratix_ram_block.inc            ; yes             ; Megafunction                           ; c:/intelfpga/18.1/quartus/libraries/megafunctions/stratix_ram_block.inc        ;         ;
; lpm_mux.inc                      ; yes             ; Megafunction                           ; c:/intelfpga/18.1/quartus/libraries/megafunctions/lpm_mux.inc                  ;         ;
; lpm_decode.inc                   ; yes             ; Megafunction                           ; c:/intelfpga/18.1/quartus/libraries/megafunctions/lpm_decode.inc               ;         ;
; aglobal181.inc                   ; yes             ; Megafunction                           ; c:/intelfpga/18.1/quartus/libraries/megafunctions/aglobal181.inc               ;         ;
; a_rdenreg.inc                    ; yes             ; Megafunction                           ; c:/intelfpga/18.1/quartus/libraries/megafunctions/a_rdenreg.inc                ;         ;
; altrom.inc                       ; yes             ; Megafunction                           ; c:/intelfpga/18.1/quartus/libraries/megafunctions/altrom.inc                   ;         ;
; altram.inc                       ; yes             ; Megafunction                           ; c:/intelfpga/18.1/quartus/libraries/megafunctions/altram.inc                   ;         ;
; altdpram.inc                     ; yes             ; Megafunction                           ; c:/intelfpga/18.1/quartus/libraries/megafunctions/altdpram.inc                 ;         ;
; db/altsyncram_6nu3.tdf           ; yes             ; Auto-Generated Megafunction            ; C:/Users/adun475/Documents/COMPSYS_305_Mini_Project/db/altsyncram_6nu3.tdf     ;         ;
; db/altsyncram_d5g1.tdf           ; yes             ; Auto-Generated Megafunction            ; C:/Users/adun475/Documents/COMPSYS_305_Mini_Project/db/altsyncram_d5g1.tdf     ;         ;
; tcgrom.mif                       ; yes             ; Auto-Found Memory Initialization File  ; C:/Users/adun475/Documents/COMPSYS_305_Mini_Project/tcgrom.mif                 ;         ;
; lpm_divide.tdf                   ; yes             ; Megafunction                           ; c:/intelfpga/18.1/quartus/libraries/megafunctions/lpm_divide.tdf               ;         ;
; abs_divider.inc                  ; yes             ; Megafunction                           ; c:/intelfpga/18.1/quartus/libraries/megafunctions/abs_divider.inc              ;         ;
; sign_div_unsign.inc              ; yes             ; Megafunction                           ; c:/intelfpga/18.1/quartus/libraries/megafunctions/sign_div_unsign.inc          ;         ;
; db/lpm_divide_u4m.tdf            ; yes             ; Auto-Generated Megafunction            ; C:/Users/adun475/Documents/COMPSYS_305_Mini_Project/db/lpm_divide_u4m.tdf      ;         ;
; db/sign_div_unsign_1nh.tdf       ; yes             ; Auto-Generated Megafunction            ; C:/Users/adun475/Documents/COMPSYS_305_Mini_Project/db/sign_div_unsign_1nh.tdf ;         ;
; db/alt_u_div_82f.tdf             ; yes             ; Auto-Generated Megafunction            ; C:/Users/adun475/Documents/COMPSYS_305_Mini_Project/db/alt_u_div_82f.tdf       ;         ;
; db/lpm_divide_ebm.tdf            ; yes             ; Auto-Generated Megafunction            ; C:/Users/adun475/Documents/COMPSYS_305_Mini_Project/db/lpm_divide_ebm.tdf      ;         ;
; db/sign_div_unsign_klh.tdf       ; yes             ; Auto-Generated Megafunction            ; C:/Users/adun475/Documents/COMPSYS_305_Mini_Project/db/sign_div_unsign_klh.tdf ;         ;
; db/alt_u_div_eve.tdf             ; yes             ; Auto-Generated Megafunction            ; C:/Users/adun475/Documents/COMPSYS_305_Mini_Project/db/alt_u_div_eve.tdf       ;         ;
; db/lpm_divide_hbm.tdf            ; yes             ; Auto-Generated Megafunction            ; C:/Users/adun475/Documents/COMPSYS_305_Mini_Project/db/lpm_divide_hbm.tdf      ;         ;
; db/sign_div_unsign_nlh.tdf       ; yes             ; Auto-Generated Megafunction            ; C:/Users/adun475/Documents/COMPSYS_305_Mini_Project/db/sign_div_unsign_nlh.tdf ;         ;
; db/alt_u_div_kve.tdf             ; yes             ; Auto-Generated Megafunction            ; C:/Users/adun475/Documents/COMPSYS_305_Mini_Project/db/alt_u_div_kve.tdf       ;         ;
+----------------------------------+-----------------+----------------------------------------+--------------------------------------------------------------------------------+---------+


+--------------------------------------------------------------------------------------------------------------------------+
; Analysis & Synthesis Resource Usage Summary                                                                              ;
+---------------------------------------------+----------------------------------------------------------------------------+
; Resource                                    ; Usage                                                                      ;
+---------------------------------------------+----------------------------------------------------------------------------+
; Estimate of Logic utilization (ALMs needed) ; 756                                                                        ;
;                                             ;                                                                            ;
; Combinational ALUT usage for logic          ; 1378                                                                       ;
;     -- 7 input functions                    ; 31                                                                         ;
;     -- 6 input functions                    ; 94                                                                         ;
;     -- 5 input functions                    ; 108                                                                        ;
;     -- 4 input functions                    ; 201                                                                        ;
;     -- <=3 input functions                  ; 944                                                                        ;
;                                             ;                                                                            ;
; Dedicated logic registers                   ; 252                                                                        ;
;                                             ;                                                                            ;
; I/O pins                                    ; 83                                                                         ;
; Total MLAB memory bits                      ; 0                                                                          ;
; Total block memory bits                     ; 1728                                                                       ;
;                                             ;                                                                            ;
; Total DSP Blocks                            ; 0                                                                          ;
;                                             ;                                                                            ;
; Total PLLs                                  ; 1                                                                          ;
;     -- PLLs                                 ; 1                                                                          ;
;                                             ;                                                                            ;
; Maximum fan-out node                        ; pll:clock_divider|pll_0002:pll_inst|altera_pll:altera_pll_i|outclk_wire[0] ;
; Maximum fan-out                             ; 207                                                                        ;
; Total fan-out                               ; 5790                                                                       ;
; Average fan-out                             ; 3.01                                                                       ;
+---------------------------------------------+----------------------------------------------------------------------------+


+------------------------------------------------------------------------------------------------------------------------------------------------------------------------------------------------------------------------------------------------------------------------------------------------------------------------------------------+
; Analysis & Synthesis Resource Utilization by Entity                                                                                                                                                                                                                                                                                      ;
+----------------------------------------------+---------------------+---------------------------+-------------------+------------+------+--------------+---------------------------------------------------------------------------------------------------------------------------------------------+---------------------+--------------+
; Compilation Hierarchy Node                   ; Combinational ALUTs ; Dedicated Logic Registers ; Block Memory Bits ; DSP Blocks ; Pins ; Virtual Pins ; Full Hierarchy Name                                                                                                                         ; Entity Name         ; Library Name ;
+----------------------------------------------+---------------------+---------------------------+-------------------+------------+------+--------------+---------------------------------------------------------------------------------------------------------------------------------------------+---------------------+--------------+
; |top_level                                   ; 1378 (1)            ; 252 (0)                   ; 1728              ; 0          ; 83   ; 0            ; |top_level                                                                                                                                  ; top_level           ; work         ;
;    |BCD_to_SevenSeg:CH|                      ; 7 (7)               ; 0 (0)                     ; 0                 ; 0          ; 0    ; 0            ; |top_level|BCD_to_SevenSeg:CH                                                                                                               ; BCD_to_SevenSeg     ; work         ;
;    |BCD_to_SevenSeg:CO|                      ; 7 (7)               ; 0 (0)                     ; 0                 ; 0          ; 0    ; 0            ; |top_level|BCD_to_SevenSeg:CO                                                                                                               ; BCD_to_SevenSeg     ; work         ;
;    |BCD_to_SevenSeg:CT|                      ; 7 (7)               ; 0 (0)                     ; 0                 ; 0          ; 0    ; 0            ; |top_level|BCD_to_SevenSeg:CT                                                                                                               ; BCD_to_SevenSeg     ; work         ;
;    |BCD_to_SevenSeg:RH|                      ; 7 (7)               ; 0 (0)                     ; 0                 ; 0          ; 0    ; 0            ; |top_level|BCD_to_SevenSeg:RH                                                                                                               ; BCD_to_SevenSeg     ; work         ;
;    |BCD_to_SevenSeg:RO|                      ; 7 (7)               ; 0 (0)                     ; 0                 ; 0          ; 0    ; 0            ; |top_level|BCD_to_SevenSeg:RO                                                                                                               ; BCD_to_SevenSeg     ; work         ;
;    |BCD_to_SevenSeg:RT|                      ; 7 (7)               ; 0 (0)                     ; 0                 ; 0          ; 0    ; 0            ; |top_level|BCD_to_SevenSeg:RT                                                                                                               ; BCD_to_SevenSeg     ; work         ;
;    |FSM:FINITE_STATE_MACHINE|                ; 7 (7)               ; 5 (5)                     ; 0                 ; 0          ; 0    ; 0            ; |top_level|FSM:FINITE_STATE_MACHINE                                                                                                         ; FSM                 ; work         ;
;    |MOUSE:MOUSE_CONTROLS|                    ; 109 (109)           ; 118 (118)                 ; 0                 ; 0          ; 0    ; 0            ; |top_level|MOUSE:MOUSE_CONTROLS                                                                                                             ; MOUSE               ; work         ;
;    |PIPES:PIPE_DISPLAY|                      ; 160 (160)           ; 52 (52)                   ; 0                 ; 0          ; 0    ; 0            ; |top_level|PIPES:PIPE_DISPLAY                                                                                                               ; PIPES               ; work         ;
;    |VGA_SYNC:VGA_REFRESH|                    ; 52 (52)             ; 48 (48)                   ; 0                 ; 0          ; 0    ; 0            ; |top_level|VGA_SYNC:VGA_REFRESH                                                                                                             ; VGA_SYNC            ; work         ;
;    |bait:RANDOM_BAIT|                        ; 74 (74)             ; 0 (0)                     ; 0                 ; 0          ; 0    ; 0            ; |top_level|bait:RANDOM_BAIT                                                                                                                 ; bait                ; work         ;
;    |dolphin_sprite:DOLPHIN_SPRITE_INST|      ; 28 (28)             ; 0 (0)                     ; 768               ; 0          ; 0    ; 0            ; |top_level|dolphin_sprite:DOLPHIN_SPRITE_INST                                                                                               ; dolphin_sprite      ; work         ;
;       |sprite_rom:DOLPHIN_ROM|               ; 0 (0)               ; 0 (0)                     ; 768               ; 0          ; 0    ; 0            ; |top_level|dolphin_sprite:DOLPHIN_SPRITE_INST|sprite_rom:DOLPHIN_ROM                                                                        ; sprite_rom          ; work         ;
;          |altsyncram:ROM|                    ; 0 (0)               ; 0 (0)                     ; 768               ; 0          ; 0    ; 0            ; |top_level|dolphin_sprite:DOLPHIN_SPRITE_INST|sprite_rom:DOLPHIN_ROM|altsyncram:ROM                                                         ; altsyncram          ; work         ;
;             |altsyncram_6nu3:auto_generated| ; 0 (0)               ; 0 (0)                     ; 768               ; 0          ; 0    ; 0            ; |top_level|dolphin_sprite:DOLPHIN_SPRITE_INST|sprite_rom:DOLPHIN_ROM|altsyncram:ROM|altsyncram_6nu3:auto_generated                          ; altsyncram_6nu3     ; work         ;
;    |flappy_dolphin:PLAYER_CHARACTER|         ; 46 (46)             ; 22 (22)                   ; 0                 ; 0          ; 0    ; 0            ; |top_level|flappy_dolphin:PLAYER_CHARACTER                                                                                                  ; flappy_dolphin      ; work         ;
;    |home_display:HOME_SCREEN_TEXT|           ; 147 (121)           ; 0 (0)                     ; 832               ; 0          ; 0    ; 0            ; |top_level|home_display:HOME_SCREEN_TEXT                                                                                                    ; home_display        ; work         ;
;       |char_rom:A_ROM|                       ; 2 (2)               ; 0 (0)                     ; 64                ; 0          ; 0    ; 0            ; |top_level|home_display:HOME_SCREEN_TEXT|char_rom:A_ROM                                                                                     ; char_rom            ; work         ;
;          |altsyncram:altsyncram_component|   ; 0 (0)               ; 0 (0)                     ; 64                ; 0          ; 0    ; 0            ; |top_level|home_display:HOME_SCREEN_TEXT|char_rom:A_ROM|altsyncram:altsyncram_component                                                     ; altsyncram          ; work         ;
;             |altsyncram_d5g1:auto_generated| ; 0 (0)               ; 0 (0)                     ; 64                ; 0          ; 0    ; 0            ; |top_level|home_display:HOME_SCREEN_TEXT|char_rom:A_ROM|altsyncram:altsyncram_component|altsyncram_d5g1:auto_generated                      ; altsyncram_d5g1     ; work         ;
;       |char_rom:D_ROM|                       ; 2 (2)               ; 0 (0)                     ; 64                ; 0          ; 0    ; 0            ; |top_level|home_display:HOME_SCREEN_TEXT|char_rom:D_ROM                                                                                     ; char_rom            ; work         ;
;          |altsyncram:altsyncram_component|   ; 0 (0)               ; 0 (0)                     ; 64                ; 0          ; 0    ; 0            ; |top_level|home_display:HOME_SCREEN_TEXT|char_rom:D_ROM|altsyncram:altsyncram_component                                                     ; altsyncram          ; work         ;
;             |altsyncram_d5g1:auto_generated| ; 0 (0)               ; 0 (0)                     ; 64                ; 0          ; 0    ; 0            ; |top_level|home_display:HOME_SCREEN_TEXT|char_rom:D_ROM|altsyncram:altsyncram_component|altsyncram_d5g1:auto_generated                      ; altsyncram_d5g1     ; work         ;
;       |char_rom:F_ROM|                       ; 2 (2)               ; 0 (0)                     ; 64                ; 0          ; 0    ; 0            ; |top_level|home_display:HOME_SCREEN_TEXT|char_rom:F_ROM                                                                                     ; char_rom            ; work         ;
;          |altsyncram:altsyncram_component|   ; 0 (0)               ; 0 (0)                     ; 64                ; 0          ; 0    ; 0            ; |top_level|home_display:HOME_SCREEN_TEXT|char_rom:F_ROM|altsyncram:altsyncram_component                                                     ; altsyncram          ; work         ;
;             |altsyncram_d5g1:auto_generated| ; 0 (0)               ; 0 (0)                     ; 64                ; 0          ; 0    ; 0            ; |top_level|home_display:HOME_SCREEN_TEXT|char_rom:F_ROM|altsyncram:altsyncram_component|altsyncram_d5g1:auto_generated                      ; altsyncram_d5g1     ; work         ;
;       |char_rom:H_ROM|                       ; 2 (2)               ; 0 (0)                     ; 64                ; 0          ; 0    ; 0            ; |top_level|home_display:HOME_SCREEN_TEXT|char_rom:H_ROM                                                                                     ; char_rom            ; work         ;
;          |altsyncram:altsyncram_component|   ; 0 (0)               ; 0 (0)                     ; 64                ; 0          ; 0    ; 0            ; |top_level|home_display:HOME_SCREEN_TEXT|char_rom:H_ROM|altsyncram:altsyncram_component                                                     ; altsyncram          ; work         ;
;             |altsyncram_d5g1:auto_generated| ; 0 (0)               ; 0 (0)                     ; 64                ; 0          ; 0    ; 0            ; |top_level|home_display:HOME_SCREEN_TEXT|char_rom:H_ROM|altsyncram:altsyncram_component|altsyncram_d5g1:auto_generated                      ; altsyncram_d5g1     ; work         ;
;       |char_rom:I_ROM|                       ; 2 (2)               ; 0 (0)                     ; 64                ; 0          ; 0    ; 0            ; |top_level|home_display:HOME_SCREEN_TEXT|char_rom:I_ROM                                                                                     ; char_rom            ; work         ;
;          |altsyncram:altsyncram_component|   ; 0 (0)               ; 0 (0)                     ; 64                ; 0          ; 0    ; 0            ; |top_level|home_display:HOME_SCREEN_TEXT|char_rom:I_ROM|altsyncram:altsyncram_component                                                     ; altsyncram          ; work         ;
;             |altsyncram_d5g1:auto_generated| ; 0 (0)               ; 0 (0)                     ; 64                ; 0          ; 0    ; 0            ; |top_level|home_display:HOME_SCREEN_TEXT|char_rom:I_ROM|altsyncram:altsyncram_component|altsyncram_d5g1:auto_generated                      ; altsyncram_d5g1     ; work         ;
;       |char_rom:L1_ROM|                      ; 2 (2)               ; 0 (0)                     ; 64                ; 0          ; 0    ; 0            ; |top_level|home_display:HOME_SCREEN_TEXT|char_rom:L1_ROM                                                                                    ; char_rom            ; work         ;
;          |altsyncram:altsyncram_component|   ; 0 (0)               ; 0 (0)                     ; 64                ; 0          ; 0    ; 0            ; |top_level|home_display:HOME_SCREEN_TEXT|char_rom:L1_ROM|altsyncram:altsyncram_component                                                    ; altsyncram          ; work         ;
;             |altsyncram_d5g1:auto_generated| ; 0 (0)               ; 0 (0)                     ; 64                ; 0          ; 0    ; 0            ; |top_level|home_display:HOME_SCREEN_TEXT|char_rom:L1_ROM|altsyncram:altsyncram_component|altsyncram_d5g1:auto_generated                     ; altsyncram_d5g1     ; work         ;
;       |char_rom:L2_ROM|                      ; 2 (2)               ; 0 (0)                     ; 64                ; 0          ; 0    ; 0            ; |top_level|home_display:HOME_SCREEN_TEXT|char_rom:L2_ROM                                                                                    ; char_rom            ; work         ;
;          |altsyncram:altsyncram_component|   ; 0 (0)               ; 0 (0)                     ; 64                ; 0          ; 0    ; 0            ; |top_level|home_display:HOME_SCREEN_TEXT|char_rom:L2_ROM|altsyncram:altsyncram_component                                                    ; altsyncram          ; work         ;
;             |altsyncram_d5g1:auto_generated| ; 0 (0)               ; 0 (0)                     ; 64                ; 0          ; 0    ; 0            ; |top_level|home_display:HOME_SCREEN_TEXT|char_rom:L2_ROM|altsyncram:altsyncram_component|altsyncram_d5g1:auto_generated                     ; altsyncram_d5g1     ; work         ;
;       |char_rom:N_ROM|                       ; 2 (2)               ; 0 (0)                     ; 64                ; 0          ; 0    ; 0            ; |top_level|home_display:HOME_SCREEN_TEXT|char_rom:N_ROM                                                                                     ; char_rom            ; work         ;
;          |altsyncram:altsyncram_component|   ; 0 (0)               ; 0 (0)                     ; 64                ; 0          ; 0    ; 0            ; |top_level|home_display:HOME_SCREEN_TEXT|char_rom:N_ROM|altsyncram:altsyncram_component                                                     ; altsyncram          ; work         ;
;             |altsyncram_d5g1:auto_generated| ; 0 (0)               ; 0 (0)                     ; 64                ; 0          ; 0    ; 0            ; |top_level|home_display:HOME_SCREEN_TEXT|char_rom:N_ROM|altsyncram:altsyncram_component|altsyncram_d5g1:auto_generated                      ; altsyncram_d5g1     ; work         ;
;       |char_rom:O_ROM|                       ; 2 (2)               ; 0 (0)                     ; 64                ; 0          ; 0    ; 0            ; |top_level|home_display:HOME_SCREEN_TEXT|char_rom:O_ROM                                                                                     ; char_rom            ; work         ;
;          |altsyncram:altsyncram_component|   ; 0 (0)               ; 0 (0)                     ; 64                ; 0          ; 0    ; 0            ; |top_level|home_display:HOME_SCREEN_TEXT|char_rom:O_ROM|altsyncram:altsyncram_component                                                     ; altsyncram          ; work         ;
;             |altsyncram_d5g1:auto_generated| ; 0 (0)               ; 0 (0)                     ; 64                ; 0          ; 0    ; 0            ; |top_level|home_display:HOME_SCREEN_TEXT|char_rom:O_ROM|altsyncram:altsyncram_component|altsyncram_d5g1:auto_generated                      ; altsyncram_d5g1     ; work         ;
;       |char_rom:P1_ROM|                      ; 2 (2)               ; 0 (0)                     ; 64                ; 0          ; 0    ; 0            ; |top_level|home_display:HOME_SCREEN_TEXT|char_rom:P1_ROM                                                                                    ; char_rom            ; work         ;
;          |altsyncram:altsyncram_component|   ; 0 (0)               ; 0 (0)                     ; 64                ; 0          ; 0    ; 0            ; |top_level|home_display:HOME_SCREEN_TEXT|char_rom:P1_ROM|altsyncram:altsyncram_component                                                    ; altsyncram          ; work         ;
;             |altsyncram_d5g1:auto_generated| ; 0 (0)               ; 0 (0)                     ; 64                ; 0          ; 0    ; 0            ; |top_level|home_display:HOME_SCREEN_TEXT|char_rom:P1_ROM|altsyncram:altsyncram_component|altsyncram_d5g1:auto_generated                     ; altsyncram_d5g1     ; work         ;
;       |char_rom:P2_ROM|                      ; 2 (2)               ; 0 (0)                     ; 64                ; 0          ; 0    ; 0            ; |top_level|home_display:HOME_SCREEN_TEXT|char_rom:P2_ROM                                                                                    ; char_rom            ; work         ;
;          |altsyncram:altsyncram_component|   ; 0 (0)               ; 0 (0)                     ; 64                ; 0          ; 0    ; 0            ; |top_level|home_display:HOME_SCREEN_TEXT|char_rom:P2_ROM|altsyncram:altsyncram_component                                                    ; altsyncram          ; work         ;
;             |altsyncram_d5g1:auto_generated| ; 0 (0)               ; 0 (0)                     ; 64                ; 0          ; 0    ; 0            ; |top_level|home_display:HOME_SCREEN_TEXT|char_rom:P2_ROM|altsyncram:altsyncram_component|altsyncram_d5g1:auto_generated                     ; altsyncram_d5g1     ; work         ;
;       |char_rom:P3_ROM|                      ; 2 (2)               ; 0 (0)                     ; 64                ; 0          ; 0    ; 0            ; |top_level|home_display:HOME_SCREEN_TEXT|char_rom:P3_ROM                                                                                    ; char_rom            ; work         ;
;          |altsyncram:altsyncram_component|   ; 0 (0)               ; 0 (0)                     ; 64                ; 0          ; 0    ; 0            ; |top_level|home_display:HOME_SCREEN_TEXT|char_rom:P3_ROM|altsyncram:altsyncram_component                                                    ; altsyncram          ; work         ;
;             |altsyncram_d5g1:auto_generated| ; 0 (0)               ; 0 (0)                     ; 64                ; 0          ; 0    ; 0            ; |top_level|home_display:HOME_SCREEN_TEXT|char_rom:P3_ROM|altsyncram:altsyncram_component|altsyncram_d5g1:auto_generated                     ; altsyncram_d5g1     ; work         ;
;       |char_rom:Y_ROM|                       ; 2 (2)               ; 0 (0)                     ; 64                ; 0          ; 0    ; 0            ; |top_level|home_display:HOME_SCREEN_TEXT|char_rom:Y_ROM                                                                                     ; char_rom            ; work         ;
;          |altsyncram:altsyncram_component|   ; 0 (0)               ; 0 (0)                     ; 64                ; 0          ; 0    ; 0            ; |top_level|home_display:HOME_SCREEN_TEXT|char_rom:Y_ROM|altsyncram:altsyncram_component                                                     ; altsyncram          ; work         ;
;             |altsyncram_d5g1:auto_generated| ; 0 (0)               ; 0 (0)                     ; 64                ; 0          ; 0    ; 0            ; |top_level|home_display:HOME_SCREEN_TEXT|char_rom:Y_ROM|altsyncram:altsyncram_component|altsyncram_d5g1:auto_generated                      ; altsyncram_d5g1     ; work         ;
;    |layer:LAYER_RENDERER|                    ; 2 (2)               ; 0 (0)                     ; 0                 ; 0          ; 0    ; 0            ; |top_level|layer:LAYER_RENDERER                                                                                                             ; layer               ; work         ;
;    |lfsr:RANDOM_NUMBER|                      ; 6 (6)               ; 7 (7)                     ; 0                 ; 0          ; 0    ; 0            ; |top_level|lfsr:RANDOM_NUMBER                                                                                                               ; lfsr                ; work         ;
;    |lives:LIFE_DISPLAY|                      ; 36 (32)             ; 0 (0)                     ; 128               ; 0          ; 0    ; 0            ; |top_level|lives:LIFE_DISPLAY                                                                                                               ; lives               ; work         ;
;       |char_rom:HEART_ROM_1|                 ; 2 (2)               ; 0 (0)                     ; 64                ; 0          ; 0    ; 0            ; |top_level|lives:LIFE_DISPLAY|char_rom:HEART_ROM_1                                                                                          ; char_rom            ; work         ;
;          |altsyncram:altsyncram_component|   ; 0 (0)               ; 0 (0)                     ; 64                ; 0          ; 0    ; 0            ; |top_level|lives:LIFE_DISPLAY|char_rom:HEART_ROM_1|altsyncram:altsyncram_component                                                          ; altsyncram          ; work         ;
;             |altsyncram_d5g1:auto_generated| ; 0 (0)               ; 0 (0)                     ; 64                ; 0          ; 0    ; 0            ; |top_level|lives:LIFE_DISPLAY|char_rom:HEART_ROM_1|altsyncram:altsyncram_component|altsyncram_d5g1:auto_generated                           ; altsyncram_d5g1     ; work         ;
;       |char_rom:HEART_ROM_2|                 ; 2 (2)               ; 0 (0)                     ; 64                ; 0          ; 0    ; 0            ; |top_level|lives:LIFE_DISPLAY|char_rom:HEART_ROM_2                                                                                          ; char_rom            ; work         ;
;          |altsyncram:altsyncram_component|   ; 0 (0)               ; 0 (0)                     ; 64                ; 0          ; 0    ; 0            ; |top_level|lives:LIFE_DISPLAY|char_rom:HEART_ROM_2|altsyncram:altsyncram_component                                                          ; altsyncram          ; work         ;
;             |altsyncram_d5g1:auto_generated| ; 0 (0)               ; 0 (0)                     ; 64                ; 0          ; 0    ; 0            ; |top_level|lives:LIFE_DISPLAY|char_rom:HEART_ROM_2|altsyncram:altsyncram_component|altsyncram_d5g1:auto_generated                           ; altsyncram_d5g1     ; work         ;
;    |pll:clock_divider|                       ; 0 (0)               ; 0 (0)                     ; 0                 ; 0          ; 0    ; 0            ; |top_level|pll:clock_divider                                                                                                                ; pll                 ; pll          ;
;       |pll_0002:pll_inst|                    ; 0 (0)               ; 0 (0)                     ; 0                 ; 0          ; 0    ; 0            ; |top_level|pll:clock_divider|pll_0002:pll_inst                                                                                              ; pll_0002            ; pll          ;
;          |altera_pll:altera_pll_i|           ; 0 (0)               ; 0 (0)                     ; 0                 ; 0          ; 0    ; 0            ; |top_level|pll:clock_divider|pll_0002:pll_inst|altera_pll:altera_pll_i                                                                      ; altera_pll          ; work         ;
;    |position_to_BCD:sevenseg_display|        ; 668 (0)             ; 0 (0)                     ; 0                 ; 0          ; 0    ; 0            ; |top_level|position_to_BCD:sevenseg_display                                                                                                 ; position_to_BCD     ; work         ;
;       |lpm_divide:Div0|                      ; 60 (0)              ; 0 (0)                     ; 0                 ; 0          ; 0    ; 0            ; |top_level|position_to_BCD:sevenseg_display|lpm_divide:Div0                                                                                 ; lpm_divide          ; work         ;
;          |lpm_divide_hbm:auto_generated|     ; 60 (0)              ; 0 (0)                     ; 0                 ; 0          ; 0    ; 0            ; |top_level|position_to_BCD:sevenseg_display|lpm_divide:Div0|lpm_divide_hbm:auto_generated                                                   ; lpm_divide_hbm      ; work         ;
;             |sign_div_unsign_nlh:divider|    ; 60 (0)              ; 0 (0)                     ; 0                 ; 0          ; 0    ; 0            ; |top_level|position_to_BCD:sevenseg_display|lpm_divide:Div0|lpm_divide_hbm:auto_generated|sign_div_unsign_nlh:divider                       ; sign_div_unsign_nlh ; work         ;
;                |alt_u_div_kve:divider|       ; 60 (60)             ; 0 (0)                     ; 0                 ; 0          ; 0    ; 0            ; |top_level|position_to_BCD:sevenseg_display|lpm_divide:Div0|lpm_divide_hbm:auto_generated|sign_div_unsign_nlh:divider|alt_u_div_kve:divider ; alt_u_div_kve       ; work         ;
;       |lpm_divide:Div1|                      ; 69 (0)              ; 0 (0)                     ; 0                 ; 0          ; 0    ; 0            ; |top_level|position_to_BCD:sevenseg_display|lpm_divide:Div1                                                                                 ; lpm_divide          ; work         ;
;          |lpm_divide_ebm:auto_generated|     ; 69 (0)              ; 0 (0)                     ; 0                 ; 0          ; 0    ; 0            ; |top_level|position_to_BCD:sevenseg_display|lpm_divide:Div1|lpm_divide_ebm:auto_generated                                                   ; lpm_divide_ebm      ; work         ;
;             |sign_div_unsign_klh:divider|    ; 69 (0)              ; 0 (0)                     ; 0                 ; 0          ; 0    ; 0            ; |top_level|position_to_BCD:sevenseg_display|lpm_divide:Div1|lpm_divide_ebm:auto_generated|sign_div_unsign_klh:divider                       ; sign_div_unsign_klh ; work         ;
;                |alt_u_div_eve:divider|       ; 69 (69)             ; 0 (0)                     ; 0                 ; 0          ; 0    ; 0            ; |top_level|position_to_BCD:sevenseg_display|lpm_divide:Div1|lpm_divide_ebm:auto_generated|sign_div_unsign_klh:divider|alt_u_div_eve:divider ; alt_u_div_eve       ; work         ;
;       |lpm_divide:Div2|                      ; 60 (0)              ; 0 (0)                     ; 0                 ; 0          ; 0    ; 0            ; |top_level|position_to_BCD:sevenseg_display|lpm_divide:Div2                                                                                 ; lpm_divide          ; work         ;
;          |lpm_divide_hbm:auto_generated|     ; 60 (0)              ; 0 (0)                     ; 0                 ; 0          ; 0    ; 0            ; |top_level|position_to_BCD:sevenseg_display|lpm_divide:Div2|lpm_divide_hbm:auto_generated                                                   ; lpm_divide_hbm      ; work         ;
;             |sign_div_unsign_nlh:divider|    ; 60 (0)              ; 0 (0)                     ; 0                 ; 0          ; 0    ; 0            ; |top_level|position_to_BCD:sevenseg_display|lpm_divide:Div2|lpm_divide_hbm:auto_generated|sign_div_unsign_nlh:divider                       ; sign_div_unsign_nlh ; work         ;
;                |alt_u_div_kve:divider|       ; 60 (60)             ; 0 (0)                     ; 0                 ; 0          ; 0    ; 0            ; |top_level|position_to_BCD:sevenseg_display|lpm_divide:Div2|lpm_divide_hbm:auto_generated|sign_div_unsign_nlh:divider|alt_u_div_kve:divider ; alt_u_div_kve       ; work         ;
;       |lpm_divide:Div3|                      ; 71 (0)              ; 0 (0)                     ; 0                 ; 0          ; 0    ; 0            ; |top_level|position_to_BCD:sevenseg_display|lpm_divide:Div3                                                                                 ; lpm_divide          ; work         ;
;          |lpm_divide_ebm:auto_generated|     ; 71 (0)              ; 0 (0)                     ; 0                 ; 0          ; 0    ; 0            ; |top_level|position_to_BCD:sevenseg_display|lpm_divide:Div3|lpm_divide_ebm:auto_generated                                                   ; lpm_divide_ebm      ; work         ;
;             |sign_div_unsign_klh:divider|    ; 71 (0)              ; 0 (0)                     ; 0                 ; 0          ; 0    ; 0            ; |top_level|position_to_BCD:sevenseg_display|lpm_divide:Div3|lpm_divide_ebm:auto_generated|sign_div_unsign_klh:divider                       ; sign_div_unsign_klh ; work         ;
;                |alt_u_div_eve:divider|       ; 71 (71)             ; 0 (0)                     ; 0                 ; 0          ; 0    ; 0            ; |top_level|position_to_BCD:sevenseg_display|lpm_divide:Div3|lpm_divide_ebm:auto_generated|sign_div_unsign_klh:divider|alt_u_div_eve:divider ; alt_u_div_eve       ; work         ;
;       |lpm_divide:Mod0|                      ; 93 (0)              ; 0 (0)                     ; 0                 ; 0          ; 0    ; 0            ; |top_level|position_to_BCD:sevenseg_display|lpm_divide:Mod0                                                                                 ; lpm_divide          ; work         ;
;          |lpm_divide_u4m:auto_generated|     ; 93 (0)              ; 0 (0)                     ; 0                 ; 0          ; 0    ; 0            ; |top_level|position_to_BCD:sevenseg_display|lpm_divide:Mod0|lpm_divide_u4m:auto_generated                                                   ; lpm_divide_u4m      ; work         ;
;             |sign_div_unsign_1nh:divider|    ; 93 (0)              ; 0 (0)                     ; 0                 ; 0          ; 0    ; 0            ; |top_level|position_to_BCD:sevenseg_display|lpm_divide:Mod0|lpm_divide_u4m:auto_generated|sign_div_unsign_1nh:divider                       ; sign_div_unsign_1nh ; work         ;
;                |alt_u_div_82f:divider|       ; 93 (93)             ; 0 (0)                     ; 0                 ; 0          ; 0    ; 0            ; |top_level|position_to_BCD:sevenseg_display|lpm_divide:Mod0|lpm_divide_u4m:auto_generated|sign_div_unsign_1nh:divider|alt_u_div_82f:divider ; alt_u_div_82f       ; work         ;
;       |lpm_divide:Mod1|                      ; 110 (0)             ; 0 (0)                     ; 0                 ; 0          ; 0    ; 0            ; |top_level|position_to_BCD:sevenseg_display|lpm_divide:Mod1                                                                                 ; lpm_divide          ; work         ;
;          |lpm_divide_u4m:auto_generated|     ; 110 (0)             ; 0 (0)                     ; 0                 ; 0          ; 0    ; 0            ; |top_level|position_to_BCD:sevenseg_display|lpm_divide:Mod1|lpm_divide_u4m:auto_generated                                                   ; lpm_divide_u4m      ; work         ;
;             |sign_div_unsign_1nh:divider|    ; 110 (0)             ; 0 (0)                     ; 0                 ; 0          ; 0    ; 0            ; |top_level|position_to_BCD:sevenseg_display|lpm_divide:Mod1|lpm_divide_u4m:auto_generated|sign_div_unsign_1nh:divider                       ; sign_div_unsign_1nh ; work         ;
;                |alt_u_div_82f:divider|       ; 110 (110)           ; 0 (0)                     ; 0                 ; 0          ; 0    ; 0            ; |top_level|position_to_BCD:sevenseg_display|lpm_divide:Mod1|lpm_divide_u4m:auto_generated|sign_div_unsign_1nh:divider|alt_u_div_82f:divider ; alt_u_div_82f       ; work         ;
;       |lpm_divide:Mod2|                      ; 93 (0)              ; 0 (0)                     ; 0                 ; 0          ; 0    ; 0            ; |top_level|position_to_BCD:sevenseg_display|lpm_divide:Mod2                                                                                 ; lpm_divide          ; work         ;
;          |lpm_divide_u4m:auto_generated|     ; 93 (0)              ; 0 (0)                     ; 0                 ; 0          ; 0    ; 0            ; |top_level|position_to_BCD:sevenseg_display|lpm_divide:Mod2|lpm_divide_u4m:auto_generated                                                   ; lpm_divide_u4m      ; work         ;
;             |sign_div_unsign_1nh:divider|    ; 93 (0)              ; 0 (0)                     ; 0                 ; 0          ; 0    ; 0            ; |top_level|position_to_BCD:sevenseg_display|lpm_divide:Mod2|lpm_divide_u4m:auto_generated|sign_div_unsign_1nh:divider                       ; sign_div_unsign_1nh ; work         ;
;                |alt_u_div_82f:divider|       ; 93 (93)             ; 0 (0)                     ; 0                 ; 0          ; 0    ; 0            ; |top_level|position_to_BCD:sevenseg_display|lpm_divide:Mod2|lpm_divide_u4m:auto_generated|sign_div_unsign_1nh:divider|alt_u_div_82f:divider ; alt_u_div_82f       ; work         ;
;       |lpm_divide:Mod3|                      ; 112 (0)             ; 0 (0)                     ; 0                 ; 0          ; 0    ; 0            ; |top_level|position_to_BCD:sevenseg_display|lpm_divide:Mod3                                                                                 ; lpm_divide          ; work         ;
;          |lpm_divide_u4m:auto_generated|     ; 112 (0)             ; 0 (0)                     ; 0                 ; 0          ; 0    ; 0            ; |top_level|position_to_BCD:sevenseg_display|lpm_divide:Mod3|lpm_divide_u4m:auto_generated                                                   ; lpm_divide_u4m      ; work         ;
;             |sign_div_unsign_1nh:divider|    ; 112 (0)             ; 0 (0)                     ; 0                 ; 0          ; 0    ; 0            ; |top_level|position_to_BCD:sevenseg_display|lpm_divide:Mod3|lpm_divide_u4m:auto_generated|sign_div_unsign_1nh:divider                       ; sign_div_unsign_1nh ; work         ;
;                |alt_u_div_82f:divider|       ; 112 (112)           ; 0 (0)                     ; 0                 ; 0          ; 0    ; 0            ; |top_level|position_to_BCD:sevenseg_display|lpm_divide:Mod3|lpm_divide_u4m:auto_generated|sign_div_unsign_1nh:divider|alt_u_div_82f:divider ; alt_u_div_82f       ; work         ;
+----------------------------------------------+---------------------+---------------------------+-------------------+------------+------+--------------+---------------------------------------------------------------------------------------------------------------------------------------------+---------------------+--------------+
Note: For table entries with two numbers listed, the numbers in parentheses indicate the number of resources of the given type used by the specific entity alone. The numbers listed outside of parentheses indicate the total resources of the given type used by the specific entity and all of its sub-entities in the hierarchy.


+-------------------------------------------------------------------------------------------------------------------------------------------------------------------------------------------------------------------------------+
; Analysis & Synthesis RAM Summary                                                                                                                                                                                              ;
+-------------------------------------------------------------------------------------------------------------------------+------+------+--------------+--------------+--------------+--------------+------+--------------------+
; Name                                                                                                                    ; Type ; Mode ; Port A Depth ; Port A Width ; Port B Depth ; Port B Width ; Size ; MIF                ;
+-------------------------------------------------------------------------------------------------------------------------+------+------+--------------+--------------+--------------+--------------+------+--------------------+
; dolphin_sprite:DOLPHIN_SPRITE_INST|sprite_rom:DOLPHIN_ROM|altsyncram:ROM|altsyncram_6nu3:auto_generated|ALTSYNCRAM      ; AUTO ; ROM  ; 256          ; 3            ; --           ; --           ; 768  ; dolphin_sprite.mif ;
; home_display:HOME_SCREEN_TEXT|char_rom:A_ROM|altsyncram:altsyncram_component|altsyncram_d5g1:auto_generated|ALTSYNCRAM  ; AUTO ; ROM  ; 512          ; 8            ; --           ; --           ; 4096 ; tcgrom.mif         ;
; home_display:HOME_SCREEN_TEXT|char_rom:D_ROM|altsyncram:altsyncram_component|altsyncram_d5g1:auto_generated|ALTSYNCRAM  ; AUTO ; ROM  ; 512          ; 8            ; --           ; --           ; 4096 ; tcgrom.mif         ;
; home_display:HOME_SCREEN_TEXT|char_rom:F_ROM|altsyncram:altsyncram_component|altsyncram_d5g1:auto_generated|ALTSYNCRAM  ; AUTO ; ROM  ; 512          ; 8            ; --           ; --           ; 4096 ; tcgrom.mif         ;
; home_display:HOME_SCREEN_TEXT|char_rom:H_ROM|altsyncram:altsyncram_component|altsyncram_d5g1:auto_generated|ALTSYNCRAM  ; AUTO ; ROM  ; 512          ; 8            ; --           ; --           ; 4096 ; tcgrom.mif         ;
; home_display:HOME_SCREEN_TEXT|char_rom:I_ROM|altsyncram:altsyncram_component|altsyncram_d5g1:auto_generated|ALTSYNCRAM  ; AUTO ; ROM  ; 512          ; 8            ; --           ; --           ; 4096 ; tcgrom.mif         ;
; home_display:HOME_SCREEN_TEXT|char_rom:L1_ROM|altsyncram:altsyncram_component|altsyncram_d5g1:auto_generated|ALTSYNCRAM ; AUTO ; ROM  ; 512          ; 8            ; --           ; --           ; 4096 ; tcgrom.mif         ;
; home_display:HOME_SCREEN_TEXT|char_rom:L2_ROM|altsyncram:altsyncram_component|altsyncram_d5g1:auto_generated|ALTSYNCRAM ; AUTO ; ROM  ; 512          ; 8            ; --           ; --           ; 4096 ; tcgrom.mif         ;
; home_display:HOME_SCREEN_TEXT|char_rom:N_ROM|altsyncram:altsyncram_component|altsyncram_d5g1:auto_generated|ALTSYNCRAM  ; AUTO ; ROM  ; 512          ; 8            ; --           ; --           ; 4096 ; tcgrom.mif         ;
; home_display:HOME_SCREEN_TEXT|char_rom:O_ROM|altsyncram:altsyncram_component|altsyncram_d5g1:auto_generated|ALTSYNCRAM  ; AUTO ; ROM  ; 512          ; 8            ; --           ; --           ; 4096 ; tcgrom.mif         ;
; home_display:HOME_SCREEN_TEXT|char_rom:P1_ROM|altsyncram:altsyncram_component|altsyncram_d5g1:auto_generated|ALTSYNCRAM ; AUTO ; ROM  ; 512          ; 8            ; --           ; --           ; 4096 ; tcgrom.mif         ;
; home_display:HOME_SCREEN_TEXT|char_rom:P2_ROM|altsyncram:altsyncram_component|altsyncram_d5g1:auto_generated|ALTSYNCRAM ; AUTO ; ROM  ; 512          ; 8            ; --           ; --           ; 4096 ; tcgrom.mif         ;
; home_display:HOME_SCREEN_TEXT|char_rom:P3_ROM|altsyncram:altsyncram_component|altsyncram_d5g1:auto_generated|ALTSYNCRAM ; AUTO ; ROM  ; 512          ; 8            ; --           ; --           ; 4096 ; tcgrom.mif         ;
; home_display:HOME_SCREEN_TEXT|char_rom:Y_ROM|altsyncram:altsyncram_component|altsyncram_d5g1:auto_generated|ALTSYNCRAM  ; AUTO ; ROM  ; 512          ; 8            ; --           ; --           ; 4096 ; tcgrom.mif         ;
; lives:LIFE_DISPLAY|char_rom:HEART_ROM_1|altsyncram:altsyncram_component|altsyncram_d5g1:auto_generated|ALTSYNCRAM       ; AUTO ; ROM  ; 512          ; 8            ; --           ; --           ; 4096 ; tcgrom.mif         ;
; lives:LIFE_DISPLAY|char_rom:HEART_ROM_2|altsyncram:altsyncram_component|altsyncram_d5g1:auto_generated|ALTSYNCRAM       ; AUTO ; ROM  ; 512          ; 8            ; --           ; --           ; 4096 ; tcgrom.mif         ;
+-------------------------------------------------------------------------------------------------------------------------+------+------+--------------+--------------+--------------+--------------+------+--------------------+


+----------------------------------------------------------------------------------------------------------------+
; Analysis & Synthesis IP Cores Summary                                                                          ;
+--------+--------------+---------+--------------+--------------+------------------------------+-----------------+
; Vendor ; IP Core Name ; Version ; Release Date ; License Type ; Entity Instance              ; IP Include File ;
+--------+--------------+---------+--------------+--------------+------------------------------+-----------------+
; Altera ; altera_pll   ; 18.1    ; N/A          ; N/A          ; |top_level|pll:clock_divider ; pll.vhd         ;
+--------+--------------+---------+--------------+--------------+------------------------------+-----------------+


Encoding Type:  One-Hot
+---------------------------------------------------------------------------------------------------------------------------------------------------------------------------------------------------------+
; State Machine - |top_level|MOUSE:MOUSE_CONTROLS|mouse_state                                                                                                                                             ;
+-------------------------------+---------------------------+--------------------------+-------------------------------+---------------------------+--------------------------+---------------------------+
; Name                          ; mouse_state.INPUT_PACKETS ; mouse_state.WAIT_CMD_ACK ; mouse_state.WAIT_OUTPUT_READY ; mouse_state.LOAD_COMMAND2 ; mouse_state.LOAD_COMMAND ; mouse_state.INHIBIT_TRANS ;
+-------------------------------+---------------------------+--------------------------+-------------------------------+---------------------------+--------------------------+---------------------------+
; mouse_state.INHIBIT_TRANS     ; 0                         ; 0                        ; 0                             ; 0                         ; 0                        ; 0                         ;
; mouse_state.LOAD_COMMAND      ; 0                         ; 0                        ; 0                             ; 0                         ; 1                        ; 1                         ;
; mouse_state.LOAD_COMMAND2     ; 0                         ; 0                        ; 0                             ; 1                         ; 0                        ; 1                         ;
; mouse_state.WAIT_OUTPUT_READY ; 0                         ; 0                        ; 1                             ; 0                         ; 0                        ; 1                         ;
; mouse_state.WAIT_CMD_ACK      ; 0                         ; 1                        ; 0                             ; 0                         ; 0                        ; 1                         ;
; mouse_state.INPUT_PACKETS     ; 1                         ; 0                        ; 0                             ; 0                         ; 0                        ; 1                         ;
+-------------------------------+---------------------------+--------------------------+-------------------------------+---------------------------+--------------------------+---------------------------+


Encoding Type:  One-Hot
+----------------------------------------------------------------------------------------------------------------------------------+
; State Machine - |top_level|FSM:FINITE_STATE_MACHINE|state                                                                        ;
+---------------------+-----------------+----------------+-------------+-----------------+---------------------+-------------------+
; Name                ; state.Game_Over ; state.Game_Won ; state.Pause ; state.GAME_Mode ; state.TRAINING_Mode ; state.Home_Screen ;
+---------------------+-----------------+----------------+-------------+-----------------+---------------------+-------------------+
; state.Home_Screen   ; 0               ; 0              ; 0           ; 0               ; 0                   ; 0                 ;
; state.TRAINING_Mode ; 0               ; 0              ; 0           ; 0               ; 1                   ; 1                 ;
; state.GAME_Mode     ; 0               ; 0              ; 0           ; 1               ; 0                   ; 1                 ;
; state.Pause         ; 0               ; 0              ; 1           ; 0               ; 0                   ; 1                 ;
; state.Game_Won      ; 0               ; 1              ; 0           ; 0               ; 0                   ; 1                 ;
; state.Game_Over     ; 1               ; 0              ; 0           ; 0               ; 0                   ; 1                 ;
+---------------------+-----------------+----------------+-------------+-----------------+---------------------+-------------------+


+---------------------------------------------------------------------------------------------------+
; Registers Removed During Synthesis                                                                ;
+---------------------------------------------+-----------------------------------------------------+
; Register name                               ; Reason for Removal                                  ;
+---------------------------------------------+-----------------------------------------------------+
; lfsr:RANDOM_NUMBER|lfsr_reg[0]              ; Stuck at GND due to stuck port data_in              ;
; PIPES:PIPE_DISPLAY|pipe_top_height_3[8,9]   ; Stuck at GND due to stuck port data_in              ;
; PIPES:PIPE_DISPLAY|pipe_top_height_2[1,8,9] ; Stuck at GND due to stuck port data_in              ;
; PIPES:PIPE_DISPLAY|pipe_top_height_1[8,9]   ; Stuck at GND due to stuck port data_in              ;
; MOUSE:MOUSE_CONTROLS|CHAROUT[4..7]          ; Stuck at VCC due to stuck port data_in              ;
; MOUSE:MOUSE_CONTROLS|CHAROUT[3]             ; Stuck at GND due to stuck port data_in              ;
; MOUSE:MOUSE_CONTROLS|CHAROUT[2]             ; Stuck at VCC due to stuck port data_in              ;
; MOUSE:MOUSE_CONTROLS|CHAROUT[0,1]           ; Stuck at GND due to stuck port data_in              ;
; MOUSE:MOUSE_CONTROLS|SHIFTOUT[10]           ; Stuck at VCC due to stuck port data_in              ;
; PIPES:PIPE_DISPLAY|pipe_top_height_3[7]     ; Merged with PIPES:PIPE_DISPLAY|pipe_top_height_3[5] ;
; MOUSE:MOUSE_CONTROLS|cursor_row[9]          ; Stuck at GND due to stuck port data_in              ;
; VGA_SYNC:VGA_REFRESH|pixel_row[9]           ; Stuck at GND due to stuck port data_in              ;
; FSM:FINITE_STATE_MACHINE|state.Game_Over    ; Stuck at GND due to stuck port data_in              ;
; Total Number of Removed Registers = 21      ;                                                     ;
+---------------------------------------------+-----------------------------------------------------+


+------------------------------------------------------------------------------------------------------+
; Removed Registers Triggering Further Register Optimizations                                          ;
+--------------------------------+---------------------------+-----------------------------------------+
; Register name                  ; Reason for Removal        ; Registers Removed due to This Register  ;
+--------------------------------+---------------------------+-----------------------------------------+
; lfsr:RANDOM_NUMBER|lfsr_reg[0] ; Stuck at GND              ; PIPES:PIPE_DISPLAY|pipe_top_height_2[1] ;
;                                ; due to stuck port data_in ;                                         ;
+--------------------------------+---------------------------+-----------------------------------------+


+------------------------------------------------------+
; General Register Statistics                          ;
+----------------------------------------------+-------+
; Statistic                                    ; Value ;
+----------------------------------------------+-------+
; Total registers                              ; 252   ;
; Number of registers using Synchronous Clear  ; 46    ;
; Number of registers using Synchronous Load   ; 20    ;
; Number of registers using Asynchronous Clear ; 50    ;
; Number of registers using Asynchronous Load  ; 0     ;
; Number of registers using Clock Enable       ; 148   ;
; Number of registers using Preset             ; 0     ;
+----------------------------------------------+-------+


+------------------------------------------------------------+
; Inverted Register Statistics                               ;
+--------------------------------------------------+---------+
; Inverted Register                                ; Fan out ;
+--------------------------------------------------+---------+
; PIPES:PIPE_DISPLAY|pipe_x_pos_3[1]               ; 5       ;
; PIPES:PIPE_DISPLAY|pipe_x_pos_2[0]               ; 4       ;
; PIPES:PIPE_DISPLAY|pipe_top_height_1[7]          ; 7       ;
; PIPES:PIPE_DISPLAY|pipe_top_height_1[6]          ; 7       ;
; PIPES:PIPE_DISPLAY|pipe_top_height_1[3]          ; 17      ;
; PIPES:PIPE_DISPLAY|pipe_x_pos_3[8]               ; 4       ;
; PIPES:PIPE_DISPLAY|pipe_x_pos_3[7]               ; 4       ;
; PIPES:PIPE_DISPLAY|pipe_x_pos_3[5]               ; 12      ;
; PIPES:PIPE_DISPLAY|pipe_x_pos_3[3]               ; 4       ;
; PIPES:PIPE_DISPLAY|pipe_top_height_3[6]          ; 3       ;
; PIPES:PIPE_DISPLAY|pipe_top_height_3[3]          ; 4       ;
; PIPES:PIPE_DISPLAY|pipe_x_pos_2[7]               ; 4       ;
; PIPES:PIPE_DISPLAY|pipe_x_pos_2[6]               ; 4       ;
; PIPES:PIPE_DISPLAY|pipe_x_pos_2[4]               ; 12      ;
; PIPES:PIPE_DISPLAY|pipe_x_pos_2[2]               ; 4       ;
; PIPES:PIPE_DISPLAY|pipe_top_height_2[7]          ; 1       ;
; PIPES:PIPE_DISPLAY|pipe_top_height_2[6]          ; 3       ;
; PIPES:PIPE_DISPLAY|pipe_top_height_2[3]          ; 4       ;
; flappy_dolphin:PLAYER_CHARACTER|dolphin_y_pos[7] ; 10      ;
; flappy_dolphin:PLAYER_CHARACTER|dolphin_y_pos[6] ; 10      ;
; flappy_dolphin:PLAYER_CHARACTER|dolphin_y_pos[5] ; 13      ;
; flappy_dolphin:PLAYER_CHARACTER|dolphin_y_pos[4] ; 13      ;
; lfsr:RANDOM_NUMBER|lfsr_reg[5]                   ; 7       ;
; lfsr:RANDOM_NUMBER|lfsr_reg[7]                   ; 6       ;
; lfsr:RANDOM_NUMBER|lfsr_reg[3]                   ; 9       ;
; lfsr:RANDOM_NUMBER|lfsr_reg[1]                   ; 11      ;
; MOUSE:MOUSE_CONTROLS|send_char                   ; 3       ;
; MOUSE:MOUSE_CONTROLS|SHIFTOUT[3]                 ; 1       ;
; MOUSE:MOUSE_CONTROLS|SHIFTOUT[5]                 ; 1       ;
; MOUSE:MOUSE_CONTROLS|SHIFTOUT[6]                 ; 1       ;
; MOUSE:MOUSE_CONTROLS|SHIFTOUT[7]                 ; 1       ;
; MOUSE:MOUSE_CONTROLS|SHIFTOUT[8]                 ; 1       ;
; Total number of inverted registers = 32          ;         ;
+--------------------------------------------------+---------+


+------------------------------------------------------------------------------------------------------------------------------------------------------------------------------+
; Multiplexer Restructuring Statistics (Restructuring Performed)                                                                                                               ;
+--------------------+-----------+---------------+----------------------+------------------------+------------+----------------------------------------------------------------+
; Multiplexer Inputs ; Bus Width ; Baseline Area ; Area if Restructured ; Saving if Restructured ; Registered ; Example Multiplexer Output                                     ;
+--------------------+-----------+---------------+----------------------+------------------------+------------+----------------------------------------------------------------+
; 3:1                ; 20 bits   ; 40 LEs        ; 20 LEs               ; 20 LEs                 ; Yes        ; |top_level|MOUSE:MOUSE_CONTROLS|new_cursor_column[2]           ;
; 3:1                ; 10 bits   ; 20 LEs        ; 0 LEs                ; 20 LEs                 ; Yes        ; |top_level|VGA_SYNC:VGA_REFRESH|v_count[8]                     ;
; 4:1                ; 10 bits   ; 20 LEs        ; 10 LEs               ; 10 LEs                 ; Yes        ; |top_level|flappy_dolphin:PLAYER_CHARACTER|dolphin_y_motion[2] ;
; 4:1                ; 6 bits    ; 12 LEs        ; 12 LEs               ; 0 LEs                  ; Yes        ; |top_level|flappy_dolphin:PLAYER_CHARACTER|dolphin_y_pos[0]    ;
; 5:1                ; 8 bits    ; 24 LEs        ; 8 LEs                ; 16 LEs                 ; Yes        ; |top_level|MOUSE:MOUSE_CONTROLS|cursor_column[4]               ;
; 5:1                ; 2 bits    ; 6 LEs         ; 4 LEs                ; 2 LEs                  ; Yes        ; |top_level|MOUSE:MOUSE_CONTROLS|cursor_column[6]               ;
; 5:1                ; 6 bits    ; 18 LEs        ; 12 LEs               ; 6 LEs                  ; Yes        ; |top_level|MOUSE:MOUSE_CONTROLS|cursor_row[2]                  ;
; 5:1                ; 4 bits    ; 12 LEs        ; 8 LEs                ; 4 LEs                  ; Yes        ; |top_level|MOUSE:MOUSE_CONTROLS|cursor_row[7]                  ;
; 4:1                ; 4 bits    ; 8 LEs         ; 8 LEs                ; 0 LEs                  ; Yes        ; |top_level|flappy_dolphin:PLAYER_CHARACTER|dolphin_y_pos[7]    ;
; 5:1                ; 4 bits    ; 12 LEs        ; 12 LEs               ; 0 LEs                  ; No         ; |top_level|BCD_to_SevenSeg:CO|SevenSeg_out[2]                  ;
; 5:1                ; 4 bits    ; 12 LEs        ; 12 LEs               ; 0 LEs                  ; No         ; |top_level|BCD_to_SevenSeg:CT|SevenSeg_out[5]                  ;
; 5:1                ; 4 bits    ; 12 LEs        ; 12 LEs               ; 0 LEs                  ; No         ; |top_level|BCD_to_SevenSeg:CH|SevenSeg_out[3]                  ;
; 5:1                ; 4 bits    ; 12 LEs        ; 12 LEs               ; 0 LEs                  ; No         ; |top_level|BCD_to_SevenSeg:RO|SevenSeg_out[5]                  ;
; 5:1                ; 4 bits    ; 12 LEs        ; 12 LEs               ; 0 LEs                  ; No         ; |top_level|BCD_to_SevenSeg:RT|SevenSeg_out[0]                  ;
; 5:1                ; 4 bits    ; 12 LEs        ; 12 LEs               ; 0 LEs                  ; No         ; |top_level|BCD_to_SevenSeg:RH|SevenSeg_out[5]                  ;
; 6:1                ; 3 bits    ; 12 LEs        ; 12 LEs               ; 0 LEs                  ; No         ; |top_level|layer:LAYER_RENDERER|RED_OUT                        ;
; 12:1               ; 2 bits    ; 16 LEs        ; 8 LEs                ; 8 LEs                  ; No         ; |top_level|FSM:FINITE_STATE_MACHINE|state                      ;
; 12:1               ; 2 bits    ; 16 LEs        ; 8 LEs                ; 8 LEs                  ; No         ; |top_level|FSM:FINITE_STATE_MACHINE|state                      ;
; 14:1               ; 2 bits    ; 18 LEs        ; 10 LEs               ; 8 LEs                  ; No         ; |top_level|FSM:FINITE_STATE_MACHINE|state                      ;
+--------------------+-----------+---------------+----------------------+------------------------+------------+----------------------------------------------------------------+


+--------------------------------------------------------------------------------------------------------------------------------+
; Source assignments for dolphin_sprite:DOLPHIN_SPRITE_INST|sprite_rom:DOLPHIN_ROM|altsyncram:ROM|altsyncram_6nu3:auto_generated ;
+---------------------------------+--------------------+------+------------------------------------------------------------------+
; Assignment                      ; Value              ; From ; To                                                               ;
+---------------------------------+--------------------+------+------------------------------------------------------------------+
; OPTIMIZE_POWER_DURING_SYNTHESIS ; NORMAL_COMPILATION ; -    ; -                                                                ;
+---------------------------------+--------------------+------+------------------------------------------------------------------+


+------------------------------------------------------------------------------------------------------------------------------------+
; Source assignments for home_display:HOME_SCREEN_TEXT|char_rom:F_ROM|altsyncram:altsyncram_component|altsyncram_d5g1:auto_generated ;
+---------------------------------+--------------------+------+----------------------------------------------------------------------+
; Assignment                      ; Value              ; From ; To                                                                   ;
+---------------------------------+--------------------+------+----------------------------------------------------------------------+
; OPTIMIZE_POWER_DURING_SYNTHESIS ; NORMAL_COMPILATION ; -    ; -                                                                    ;
+---------------------------------+--------------------+------+----------------------------------------------------------------------+


+-------------------------------------------------------------------------------------------------------------------------------------+
; Source assignments for home_display:HOME_SCREEN_TEXT|char_rom:L1_ROM|altsyncram:altsyncram_component|altsyncram_d5g1:auto_generated ;
+---------------------------------+--------------------+------+-----------------------------------------------------------------------+
; Assignment                      ; Value              ; From ; To                                                                    ;
+---------------------------------+--------------------+------+-----------------------------------------------------------------------+
; OPTIMIZE_POWER_DURING_SYNTHESIS ; NORMAL_COMPILATION ; -    ; -                                                                     ;
+---------------------------------+--------------------+------+-----------------------------------------------------------------------+


+------------------------------------------------------------------------------------------------------------------------------------+
; Source assignments for home_display:HOME_SCREEN_TEXT|char_rom:A_ROM|altsyncram:altsyncram_component|altsyncram_d5g1:auto_generated ;
+---------------------------------+--------------------+------+----------------------------------------------------------------------+
; Assignment                      ; Value              ; From ; To                                                                   ;
+---------------------------------+--------------------+------+----------------------------------------------------------------------+
; OPTIMIZE_POWER_DURING_SYNTHESIS ; NORMAL_COMPILATION ; -    ; -                                                                    ;
+---------------------------------+--------------------+------+----------------------------------------------------------------------+


+-------------------------------------------------------------------------------------------------------------------------------------+
; Source assignments for home_display:HOME_SCREEN_TEXT|char_rom:P1_ROM|altsyncram:altsyncram_component|altsyncram_d5g1:auto_generated ;
+---------------------------------+--------------------+------+-----------------------------------------------------------------------+
; Assignment                      ; Value              ; From ; To                                                                    ;
+---------------------------------+--------------------+------+-----------------------------------------------------------------------+
; OPTIMIZE_POWER_DURING_SYNTHESIS ; NORMAL_COMPILATION ; -    ; -                                                                     ;
+---------------------------------+--------------------+------+-----------------------------------------------------------------------+


+-------------------------------------------------------------------------------------------------------------------------------------+
; Source assignments for home_display:HOME_SCREEN_TEXT|char_rom:P2_ROM|altsyncram:altsyncram_component|altsyncram_d5g1:auto_generated ;
+---------------------------------+--------------------+------+-----------------------------------------------------------------------+
; Assignment                      ; Value              ; From ; To                                                                    ;
+---------------------------------+--------------------+------+-----------------------------------------------------------------------+
; OPTIMIZE_POWER_DURING_SYNTHESIS ; NORMAL_COMPILATION ; -    ; -                                                                     ;
+---------------------------------+--------------------+------+-----------------------------------------------------------------------+


+------------------------------------------------------------------------------------------------------------------------------------+
; Source assignments for home_display:HOME_SCREEN_TEXT|char_rom:Y_ROM|altsyncram:altsyncram_component|altsyncram_d5g1:auto_generated ;
+---------------------------------+--------------------+------+----------------------------------------------------------------------+
; Assignment                      ; Value              ; From ; To                                                                   ;
+---------------------------------+--------------------+------+----------------------------------------------------------------------+
; OPTIMIZE_POWER_DURING_SYNTHESIS ; NORMAL_COMPILATION ; -    ; -                                                                    ;
+---------------------------------+--------------------+------+----------------------------------------------------------------------+


+------------------------------------------------------------------------------------------------------------------------------------+
; Source assignments for home_display:HOME_SCREEN_TEXT|char_rom:D_ROM|altsyncram:altsyncram_component|altsyncram_d5g1:auto_generated ;
+---------------------------------+--------------------+------+----------------------------------------------------------------------+
; Assignment                      ; Value              ; From ; To                                                                   ;
+---------------------------------+--------------------+------+----------------------------------------------------------------------+
; OPTIMIZE_POWER_DURING_SYNTHESIS ; NORMAL_COMPILATION ; -    ; -                                                                    ;
+---------------------------------+--------------------+------+----------------------------------------------------------------------+


+------------------------------------------------------------------------------------------------------------------------------------+
; Source assignments for home_display:HOME_SCREEN_TEXT|char_rom:O_ROM|altsyncram:altsyncram_component|altsyncram_d5g1:auto_generated ;
+---------------------------------+--------------------+------+----------------------------------------------------------------------+
; Assignment                      ; Value              ; From ; To                                                                   ;
+---------------------------------+--------------------+------+----------------------------------------------------------------------+
; OPTIMIZE_POWER_DURING_SYNTHESIS ; NORMAL_COMPILATION ; -    ; -                                                                    ;
+---------------------------------+--------------------+------+----------------------------------------------------------------------+


+-------------------------------------------------------------------------------------------------------------------------------------+
; Source assignments for home_display:HOME_SCREEN_TEXT|char_rom:L2_ROM|altsyncram:altsyncram_component|altsyncram_d5g1:auto_generated ;
+---------------------------------+--------------------+------+-----------------------------------------------------------------------+
; Assignment                      ; Value              ; From ; To                                                                    ;
+---------------------------------+--------------------+------+-----------------------------------------------------------------------+
; OPTIMIZE_POWER_DURING_SYNTHESIS ; NORMAL_COMPILATION ; -    ; -                                                                     ;
+---------------------------------+--------------------+------+-----------------------------------------------------------------------+


+-------------------------------------------------------------------------------------------------------------------------------------+
; Source assignments for home_display:HOME_SCREEN_TEXT|char_rom:P3_ROM|altsyncram:altsyncram_component|altsyncram_d5g1:auto_generated ;
+---------------------------------+--------------------+------+-----------------------------------------------------------------------+
; Assignment                      ; Value              ; From ; To                                                                    ;
+---------------------------------+--------------------+------+-----------------------------------------------------------------------+
; OPTIMIZE_POWER_DURING_SYNTHESIS ; NORMAL_COMPILATION ; -    ; -                                                                     ;
+---------------------------------+--------------------+------+-----------------------------------------------------------------------+


+------------------------------------------------------------------------------------------------------------------------------------+
; Source assignments for home_display:HOME_SCREEN_TEXT|char_rom:H_ROM|altsyncram:altsyncram_component|altsyncram_d5g1:auto_generated ;
+---------------------------------+--------------------+------+----------------------------------------------------------------------+
; Assignment                      ; Value              ; From ; To                                                                   ;
+---------------------------------+--------------------+------+----------------------------------------------------------------------+
; OPTIMIZE_POWER_DURING_SYNTHESIS ; NORMAL_COMPILATION ; -    ; -                                                                    ;
+---------------------------------+--------------------+------+----------------------------------------------------------------------+


+------------------------------------------------------------------------------------------------------------------------------------+
; Source assignments for home_display:HOME_SCREEN_TEXT|char_rom:I_ROM|altsyncram:altsyncram_component|altsyncram_d5g1:auto_generated ;
+---------------------------------+--------------------+------+----------------------------------------------------------------------+
; Assignment                      ; Value              ; From ; To                                                                   ;
+---------------------------------+--------------------+------+----------------------------------------------------------------------+
; OPTIMIZE_POWER_DURING_SYNTHESIS ; NORMAL_COMPILATION ; -    ; -                                                                    ;
+---------------------------------+--------------------+------+----------------------------------------------------------------------+


+------------------------------------------------------------------------------------------------------------------------------------+
; Source assignments for home_display:HOME_SCREEN_TEXT|char_rom:N_ROM|altsyncram:altsyncram_component|altsyncram_d5g1:auto_generated ;
+---------------------------------+--------------------+------+----------------------------------------------------------------------+
; Assignment                      ; Value              ; From ; To                                                                   ;
+---------------------------------+--------------------+------+----------------------------------------------------------------------+
; OPTIMIZE_POWER_DURING_SYNTHESIS ; NORMAL_COMPILATION ; -    ; -                                                                    ;
+---------------------------------+--------------------+------+----------------------------------------------------------------------+


+-------------------------------------------------------------------------------------------------------------------------------+
; Source assignments for lives:LIFE_DISPLAY|char_rom:HEART_ROM_1|altsyncram:altsyncram_component|altsyncram_d5g1:auto_generated ;
+---------------------------------+--------------------+------+-----------------------------------------------------------------+
; Assignment                      ; Value              ; From ; To                                                              ;
+---------------------------------+--------------------+------+-----------------------------------------------------------------+
; OPTIMIZE_POWER_DURING_SYNTHESIS ; NORMAL_COMPILATION ; -    ; -                                                               ;
+---------------------------------+--------------------+------+-----------------------------------------------------------------+


+-------------------------------------------------------------------------------------------------------------------------------+
; Source assignments for lives:LIFE_DISPLAY|char_rom:HEART_ROM_2|altsyncram:altsyncram_component|altsyncram_d5g1:auto_generated ;
+---------------------------------+--------------------+------+-----------------------------------------------------------------+
; Assignment                      ; Value              ; From ; To                                                              ;
+---------------------------------+--------------------+------+-----------------------------------------------------------------+
; OPTIMIZE_POWER_DURING_SYNTHESIS ; NORMAL_COMPILATION ; -    ; -                                                               ;
+---------------------------------+--------------------+------+-----------------------------------------------------------------+


+-------------------------------------------------------------------------------------------------------------------------------+
; Source assignments for lives:LIFE_DISPLAY|char_rom:HEART_ROM_3|altsyncram:altsyncram_component|altsyncram_d5g1:auto_generated ;
+---------------------------------+--------------------+------+-----------------------------------------------------------------+
; Assignment                      ; Value              ; From ; To                                                              ;
+---------------------------------+--------------------+------+-----------------------------------------------------------------+
; OPTIMIZE_POWER_DURING_SYNTHESIS ; NORMAL_COMPILATION ; -    ; -                                                               ;
+---------------------------------+--------------------+------+-----------------------------------------------------------------+


+----------------------------------------------------------------------------------------------------------+
; Parameter Settings for User Entity Instance: pll:clock_divider|pll_0002:pll_inst|altera_pll:altera_pll_i ;
+--------------------------------------+------------------------+------------------------------------------+
; Parameter Name                       ; Value                  ; Type                                     ;
+--------------------------------------+------------------------+------------------------------------------+
; reference_clock_frequency            ; 50.0 MHz               ; String                                   ;
; fractional_vco_multiplier            ; false                  ; String                                   ;
; pll_type                             ; General                ; String                                   ;
; pll_subtype                          ; General                ; String                                   ;
; number_of_clocks                     ; 1                      ; Signed Integer                           ;
; operation_mode                       ; direct                 ; String                                   ;
; deserialization_factor               ; 4                      ; Signed Integer                           ;
; data_rate                            ; 0                      ; Signed Integer                           ;
; sim_additional_refclk_cycles_to_lock ; 0                      ; Signed Integer                           ;
; output_clock_frequency0              ; 25.000000 MHz          ; String                                   ;
; phase_shift0                         ; 0 ps                   ; String                                   ;
; duty_cycle0                          ; 50                     ; Signed Integer                           ;
; output_clock_frequency1              ; 0 MHz                  ; String                                   ;
; phase_shift1                         ; 0 ps                   ; String                                   ;
; duty_cycle1                          ; 50                     ; Signed Integer                           ;
; output_clock_frequency2              ; 0 MHz                  ; String                                   ;
; phase_shift2                         ; 0 ps                   ; String                                   ;
; duty_cycle2                          ; 50                     ; Signed Integer                           ;
; output_clock_frequency3              ; 0 MHz                  ; String                                   ;
; phase_shift3                         ; 0 ps                   ; String                                   ;
; duty_cycle3                          ; 50                     ; Signed Integer                           ;
; output_clock_frequency4              ; 0 MHz                  ; String                                   ;
; phase_shift4                         ; 0 ps                   ; String                                   ;
; duty_cycle4                          ; 50                     ; Signed Integer                           ;
; output_clock_frequency5              ; 0 MHz                  ; String                                   ;
; phase_shift5                         ; 0 ps                   ; String                                   ;
; duty_cycle5                          ; 50                     ; Signed Integer                           ;
; output_clock_frequency6              ; 0 MHz                  ; String                                   ;
; phase_shift6                         ; 0 ps                   ; String                                   ;
; duty_cycle6                          ; 50                     ; Signed Integer                           ;
; output_clock_frequency7              ; 0 MHz                  ; String                                   ;
; phase_shift7                         ; 0 ps                   ; String                                   ;
; duty_cycle7                          ; 50                     ; Signed Integer                           ;
; output_clock_frequency8              ; 0 MHz                  ; String                                   ;
; phase_shift8                         ; 0 ps                   ; String                                   ;
; duty_cycle8                          ; 50                     ; Signed Integer                           ;
; output_clock_frequency9              ; 0 MHz                  ; String                                   ;
; phase_shift9                         ; 0 ps                   ; String                                   ;
; duty_cycle9                          ; 50                     ; Signed Integer                           ;
; output_clock_frequency10             ; 0 MHz                  ; String                                   ;
; phase_shift10                        ; 0 ps                   ; String                                   ;
; duty_cycle10                         ; 50                     ; Signed Integer                           ;
; output_clock_frequency11             ; 0 MHz                  ; String                                   ;
; phase_shift11                        ; 0 ps                   ; String                                   ;
; duty_cycle11                         ; 50                     ; Signed Integer                           ;
; output_clock_frequency12             ; 0 MHz                  ; String                                   ;
; phase_shift12                        ; 0 ps                   ; String                                   ;
; duty_cycle12                         ; 50                     ; Signed Integer                           ;
; output_clock_frequency13             ; 0 MHz                  ; String                                   ;
; phase_shift13                        ; 0 ps                   ; String                                   ;
; duty_cycle13                         ; 50                     ; Signed Integer                           ;
; output_clock_frequency14             ; 0 MHz                  ; String                                   ;
; phase_shift14                        ; 0 ps                   ; String                                   ;
; duty_cycle14                         ; 50                     ; Signed Integer                           ;
; output_clock_frequency15             ; 0 MHz                  ; String                                   ;
; phase_shift15                        ; 0 ps                   ; String                                   ;
; duty_cycle15                         ; 50                     ; Signed Integer                           ;
; output_clock_frequency16             ; 0 MHz                  ; String                                   ;
; phase_shift16                        ; 0 ps                   ; String                                   ;
; duty_cycle16                         ; 50                     ; Signed Integer                           ;
; output_clock_frequency17             ; 0 MHz                  ; String                                   ;
; phase_shift17                        ; 0 ps                   ; String                                   ;
; duty_cycle17                         ; 50                     ; Signed Integer                           ;
; clock_name_0                         ;                        ; String                                   ;
; clock_name_1                         ;                        ; String                                   ;
; clock_name_2                         ;                        ; String                                   ;
; clock_name_3                         ;                        ; String                                   ;
; clock_name_4                         ;                        ; String                                   ;
; clock_name_5                         ;                        ; String                                   ;
; clock_name_6                         ;                        ; String                                   ;
; clock_name_7                         ;                        ; String                                   ;
; clock_name_8                         ;                        ; String                                   ;
; clock_name_global_0                  ; false                  ; String                                   ;
; clock_name_global_1                  ; false                  ; String                                   ;
; clock_name_global_2                  ; false                  ; String                                   ;
; clock_name_global_3                  ; false                  ; String                                   ;
; clock_name_global_4                  ; false                  ; String                                   ;
; clock_name_global_5                  ; false                  ; String                                   ;
; clock_name_global_6                  ; false                  ; String                                   ;
; clock_name_global_7                  ; false                  ; String                                   ;
; clock_name_global_8                  ; false                  ; String                                   ;
; m_cnt_hi_div                         ; 1                      ; Signed Integer                           ;
; m_cnt_lo_div                         ; 1                      ; Signed Integer                           ;
; m_cnt_bypass_en                      ; false                  ; String                                   ;
; m_cnt_odd_div_duty_en                ; false                  ; String                                   ;
; n_cnt_hi_div                         ; 1                      ; Signed Integer                           ;
; n_cnt_lo_div                         ; 1                      ; Signed Integer                           ;
; n_cnt_bypass_en                      ; false                  ; String                                   ;
; n_cnt_odd_div_duty_en                ; false                  ; String                                   ;
; c_cnt_hi_div0                        ; 1                      ; Signed Integer                           ;
; c_cnt_lo_div0                        ; 1                      ; Signed Integer                           ;
; c_cnt_bypass_en0                     ; false                  ; String                                   ;
; c_cnt_in_src0                        ; ph_mux_clk             ; String                                   ;
; c_cnt_odd_div_duty_en0               ; false                  ; String                                   ;
; c_cnt_prst0                          ; 1                      ; Signed Integer                           ;
; c_cnt_ph_mux_prst0                   ; 0                      ; Signed Integer                           ;
; c_cnt_hi_div1                        ; 1                      ; Signed Integer                           ;
; c_cnt_lo_div1                        ; 1                      ; Signed Integer                           ;
; c_cnt_bypass_en1                     ; false                  ; String                                   ;
; c_cnt_in_src1                        ; ph_mux_clk             ; String                                   ;
; c_cnt_odd_div_duty_en1               ; false                  ; String                                   ;
; c_cnt_prst1                          ; 1                      ; Signed Integer                           ;
; c_cnt_ph_mux_prst1                   ; 0                      ; Signed Integer                           ;
; c_cnt_hi_div2                        ; 1                      ; Signed Integer                           ;
; c_cnt_lo_div2                        ; 1                      ; Signed Integer                           ;
; c_cnt_bypass_en2                     ; false                  ; String                                   ;
; c_cnt_in_src2                        ; ph_mux_clk             ; String                                   ;
; c_cnt_odd_div_duty_en2               ; false                  ; String                                   ;
; c_cnt_prst2                          ; 1                      ; Signed Integer                           ;
; c_cnt_ph_mux_prst2                   ; 0                      ; Signed Integer                           ;
; c_cnt_hi_div3                        ; 1                      ; Signed Integer                           ;
; c_cnt_lo_div3                        ; 1                      ; Signed Integer                           ;
; c_cnt_bypass_en3                     ; false                  ; String                                   ;
; c_cnt_in_src3                        ; ph_mux_clk             ; String                                   ;
; c_cnt_odd_div_duty_en3               ; false                  ; String                                   ;
; c_cnt_prst3                          ; 1                      ; Signed Integer                           ;
; c_cnt_ph_mux_prst3                   ; 0                      ; Signed Integer                           ;
; c_cnt_hi_div4                        ; 1                      ; Signed Integer                           ;
; c_cnt_lo_div4                        ; 1                      ; Signed Integer                           ;
; c_cnt_bypass_en4                     ; false                  ; String                                   ;
; c_cnt_in_src4                        ; ph_mux_clk             ; String                                   ;
; c_cnt_odd_div_duty_en4               ; false                  ; String                                   ;
; c_cnt_prst4                          ; 1                      ; Signed Integer                           ;
; c_cnt_ph_mux_prst4                   ; 0                      ; Signed Integer                           ;
; c_cnt_hi_div5                        ; 1                      ; Signed Integer                           ;
; c_cnt_lo_div5                        ; 1                      ; Signed Integer                           ;
; c_cnt_bypass_en5                     ; false                  ; String                                   ;
; c_cnt_in_src5                        ; ph_mux_clk             ; String                                   ;
; c_cnt_odd_div_duty_en5               ; false                  ; String                                   ;
; c_cnt_prst5                          ; 1                      ; Signed Integer                           ;
; c_cnt_ph_mux_prst5                   ; 0                      ; Signed Integer                           ;
; c_cnt_hi_div6                        ; 1                      ; Signed Integer                           ;
; c_cnt_lo_div6                        ; 1                      ; Signed Integer                           ;
; c_cnt_bypass_en6                     ; false                  ; String                                   ;
; c_cnt_in_src6                        ; ph_mux_clk             ; String                                   ;
; c_cnt_odd_div_duty_en6               ; false                  ; String                                   ;
; c_cnt_prst6                          ; 1                      ; Signed Integer                           ;
; c_cnt_ph_mux_prst6                   ; 0                      ; Signed Integer                           ;
; c_cnt_hi_div7                        ; 1                      ; Signed Integer                           ;
; c_cnt_lo_div7                        ; 1                      ; Signed Integer                           ;
; c_cnt_bypass_en7                     ; false                  ; String                                   ;
; c_cnt_in_src7                        ; ph_mux_clk             ; String                                   ;
; c_cnt_odd_div_duty_en7               ; false                  ; String                                   ;
; c_cnt_prst7                          ; 1                      ; Signed Integer                           ;
; c_cnt_ph_mux_prst7                   ; 0                      ; Signed Integer                           ;
; c_cnt_hi_div8                        ; 1                      ; Signed Integer                           ;
; c_cnt_lo_div8                        ; 1                      ; Signed Integer                           ;
; c_cnt_bypass_en8                     ; false                  ; String                                   ;
; c_cnt_in_src8                        ; ph_mux_clk             ; String                                   ;
; c_cnt_odd_div_duty_en8               ; false                  ; String                                   ;
; c_cnt_prst8                          ; 1                      ; Signed Integer                           ;
; c_cnt_ph_mux_prst8                   ; 0                      ; Signed Integer                           ;
; c_cnt_hi_div9                        ; 1                      ; Signed Integer                           ;
; c_cnt_lo_div9                        ; 1                      ; Signed Integer                           ;
; c_cnt_bypass_en9                     ; false                  ; String                                   ;
; c_cnt_in_src9                        ; ph_mux_clk             ; String                                   ;
; c_cnt_odd_div_duty_en9               ; false                  ; String                                   ;
; c_cnt_prst9                          ; 1                      ; Signed Integer                           ;
; c_cnt_ph_mux_prst9                   ; 0                      ; Signed Integer                           ;
; c_cnt_hi_div10                       ; 1                      ; Signed Integer                           ;
; c_cnt_lo_div10                       ; 1                      ; Signed Integer                           ;
; c_cnt_bypass_en10                    ; false                  ; String                                   ;
; c_cnt_in_src10                       ; ph_mux_clk             ; String                                   ;
; c_cnt_odd_div_duty_en10              ; false                  ; String                                   ;
; c_cnt_prst10                         ; 1                      ; Signed Integer                           ;
; c_cnt_ph_mux_prst10                  ; 0                      ; Signed Integer                           ;
; c_cnt_hi_div11                       ; 1                      ; Signed Integer                           ;
; c_cnt_lo_div11                       ; 1                      ; Signed Integer                           ;
; c_cnt_bypass_en11                    ; false                  ; String                                   ;
; c_cnt_in_src11                       ; ph_mux_clk             ; String                                   ;
; c_cnt_odd_div_duty_en11              ; false                  ; String                                   ;
; c_cnt_prst11                         ; 1                      ; Signed Integer                           ;
; c_cnt_ph_mux_prst11                  ; 0                      ; Signed Integer                           ;
; c_cnt_hi_div12                       ; 1                      ; Signed Integer                           ;
; c_cnt_lo_div12                       ; 1                      ; Signed Integer                           ;
; c_cnt_bypass_en12                    ; false                  ; String                                   ;
; c_cnt_in_src12                       ; ph_mux_clk             ; String                                   ;
; c_cnt_odd_div_duty_en12              ; false                  ; String                                   ;
; c_cnt_prst12                         ; 1                      ; Signed Integer                           ;
; c_cnt_ph_mux_prst12                  ; 0                      ; Signed Integer                           ;
; c_cnt_hi_div13                       ; 1                      ; Signed Integer                           ;
; c_cnt_lo_div13                       ; 1                      ; Signed Integer                           ;
; c_cnt_bypass_en13                    ; false                  ; String                                   ;
; c_cnt_in_src13                       ; ph_mux_clk             ; String                                   ;
; c_cnt_odd_div_duty_en13              ; false                  ; String                                   ;
; c_cnt_prst13                         ; 1                      ; Signed Integer                           ;
; c_cnt_ph_mux_prst13                  ; 0                      ; Signed Integer                           ;
; c_cnt_hi_div14                       ; 1                      ; Signed Integer                           ;
; c_cnt_lo_div14                       ; 1                      ; Signed Integer                           ;
; c_cnt_bypass_en14                    ; false                  ; String                                   ;
; c_cnt_in_src14                       ; ph_mux_clk             ; String                                   ;
; c_cnt_odd_div_duty_en14              ; false                  ; String                                   ;
; c_cnt_prst14                         ; 1                      ; Signed Integer                           ;
; c_cnt_ph_mux_prst14                  ; 0                      ; Signed Integer                           ;
; c_cnt_hi_div15                       ; 1                      ; Signed Integer                           ;
; c_cnt_lo_div15                       ; 1                      ; Signed Integer                           ;
; c_cnt_bypass_en15                    ; false                  ; String                                   ;
; c_cnt_in_src15                       ; ph_mux_clk             ; String                                   ;
; c_cnt_odd_div_duty_en15              ; false                  ; String                                   ;
; c_cnt_prst15                         ; 1                      ; Signed Integer                           ;
; c_cnt_ph_mux_prst15                  ; 0                      ; Signed Integer                           ;
; c_cnt_hi_div16                       ; 1                      ; Signed Integer                           ;
; c_cnt_lo_div16                       ; 1                      ; Signed Integer                           ;
; c_cnt_bypass_en16                    ; false                  ; String                                   ;
; c_cnt_in_src16                       ; ph_mux_clk             ; String                                   ;
; c_cnt_odd_div_duty_en16              ; false                  ; String                                   ;
; c_cnt_prst16                         ; 1                      ; Signed Integer                           ;
; c_cnt_ph_mux_prst16                  ; 0                      ; Signed Integer                           ;
; c_cnt_hi_div17                       ; 1                      ; Signed Integer                           ;
; c_cnt_lo_div17                       ; 1                      ; Signed Integer                           ;
; c_cnt_bypass_en17                    ; false                  ; String                                   ;
; c_cnt_in_src17                       ; ph_mux_clk             ; String                                   ;
; c_cnt_odd_div_duty_en17              ; false                  ; String                                   ;
; c_cnt_prst17                         ; 1                      ; Signed Integer                           ;
; c_cnt_ph_mux_prst17                  ; 0                      ; Signed Integer                           ;
; pll_vco_div                          ; 1                      ; Signed Integer                           ;
; pll_slf_rst                          ; false                  ; String                                   ;
; pll_bw_sel                           ; low                    ; String                                   ;
; pll_output_clk_frequency             ; 0 MHz                  ; String                                   ;
; pll_cp_current                       ; 0                      ; Signed Integer                           ;
; pll_bwctrl                           ; 0                      ; Signed Integer                           ;
; pll_fractional_division              ; 1                      ; Signed Integer                           ;
; pll_fractional_cout                  ; 24                     ; Signed Integer                           ;
; pll_dsm_out_sel                      ; 1st_order              ; String                                   ;
; mimic_fbclk_type                     ; gclk                   ; String                                   ;
; pll_fbclk_mux_1                      ; glb                    ; String                                   ;
; pll_fbclk_mux_2                      ; fb_1                   ; String                                   ;
; pll_m_cnt_in_src                     ; ph_mux_clk             ; String                                   ;
; pll_vcoph_div                        ; 1                      ; Signed Integer                           ;
; refclk1_frequency                    ; 0 MHz                  ; String                                   ;
; pll_clkin_0_src                      ; clk_0                  ; String                                   ;
; pll_clkin_1_src                      ; clk_0                  ; String                                   ;
; pll_clk_loss_sw_en                   ; false                  ; String                                   ;
; pll_auto_clk_sw_en                   ; false                  ; String                                   ;
; pll_manu_clk_sw_en                   ; false                  ; String                                   ;
; pll_clk_sw_dly                       ; 0                      ; Signed Integer                           ;
; pll_extclk_0_cnt_src                 ; pll_extclk_cnt_src_vss ; String                                   ;
; pll_extclk_1_cnt_src                 ; pll_extclk_cnt_src_vss ; String                                   ;
+--------------------------------------+------------------------+------------------------------------------+
Note: In order to hide this table in the UI and the text report file, please set the "Show Parameter Settings in Synthesis Report" option in "Analysis and Synthesis Settings -> More Settings" to "Off".


+-----------------------------------------------------------------------------------------------------------------------+
; Parameter Settings for User Entity Instance: dolphin_sprite:DOLPHIN_SPRITE_INST|sprite_rom:DOLPHIN_ROM|altsyncram:ROM ;
+------------------------------------+----------------------+-----------------------------------------------------------+
; Parameter Name                     ; Value                ; Type                                                      ;
+------------------------------------+----------------------+-----------------------------------------------------------+
; BYTE_SIZE_BLOCK                    ; 8                    ; Untyped                                                   ;
; AUTO_CARRY_CHAINS                  ; ON                   ; AUTO_CARRY                                                ;
; IGNORE_CARRY_BUFFERS               ; OFF                  ; IGNORE_CARRY                                              ;
; AUTO_CASCADE_CHAINS                ; ON                   ; AUTO_CASCADE                                              ;
; IGNORE_CASCADE_BUFFERS             ; OFF                  ; IGNORE_CASCADE                                            ;
; WIDTH_BYTEENA                      ; 1                    ; Untyped                                                   ;
; OPERATION_MODE                     ; ROM                  ; Untyped                                                   ;
; WIDTH_A                            ; 3                    ; Signed Integer                                            ;
; WIDTHAD_A                          ; 8                    ; Signed Integer                                            ;
; NUMWORDS_A                         ; 256                  ; Signed Integer                                            ;
; OUTDATA_REG_A                      ; UNREGISTERED         ; Untyped                                                   ;
; ADDRESS_ACLR_A                     ; NONE                 ; Untyped                                                   ;
; OUTDATA_ACLR_A                     ; NONE                 ; Untyped                                                   ;
; WRCONTROL_ACLR_A                   ; NONE                 ; Untyped                                                   ;
; INDATA_ACLR_A                      ; NONE                 ; Untyped                                                   ;
; BYTEENA_ACLR_A                     ; NONE                 ; Untyped                                                   ;
; WIDTH_B                            ; 1                    ; Signed Integer                                            ;
; WIDTHAD_B                          ; 1                    ; Signed Integer                                            ;
; NUMWORDS_B                         ; 0                    ; Signed Integer                                            ;
; INDATA_REG_B                       ; CLOCK1               ; Untyped                                                   ;
; WRCONTROL_WRADDRESS_REG_B          ; CLOCK1               ; Untyped                                                   ;
; RDCONTROL_REG_B                    ; CLOCK1               ; Untyped                                                   ;
; ADDRESS_REG_B                      ; CLOCK1               ; Untyped                                                   ;
; OUTDATA_REG_B                      ; UNREGISTERED         ; Untyped                                                   ;
; BYTEENA_REG_B                      ; CLOCK1               ; Untyped                                                   ;
; INDATA_ACLR_B                      ; NONE                 ; Untyped                                                   ;
; WRCONTROL_ACLR_B                   ; NONE                 ; Untyped                                                   ;
; ADDRESS_ACLR_B                     ; NONE                 ; Untyped                                                   ;
; OUTDATA_ACLR_B                     ; NONE                 ; Untyped                                                   ;
; RDCONTROL_ACLR_B                   ; NONE                 ; Untyped                                                   ;
; BYTEENA_ACLR_B                     ; NONE                 ; Untyped                                                   ;
; WIDTH_BYTEENA_A                    ; 1                    ; Signed Integer                                            ;
; WIDTH_BYTEENA_B                    ; 1                    ; Signed Integer                                            ;
; RAM_BLOCK_TYPE                     ; AUTO                 ; Untyped                                                   ;
; BYTE_SIZE                          ; 8                    ; Signed Integer                                            ;
; READ_DURING_WRITE_MODE_MIXED_PORTS ; DONT_CARE            ; Untyped                                                   ;
; READ_DURING_WRITE_MODE_PORT_A      ; NEW_DATA_NO_NBE_READ ; Untyped                                                   ;
; READ_DURING_WRITE_MODE_PORT_B      ; NEW_DATA_NO_NBE_READ ; Untyped                                                   ;
; INIT_FILE                          ; dolphin_sprite.mif   ; Untyped                                                   ;
; INIT_FILE_LAYOUT                   ; PORT_A               ; Untyped                                                   ;
; MAXIMUM_DEPTH                      ; 0                    ; Signed Integer                                            ;
; CLOCK_ENABLE_INPUT_A               ; NORMAL               ; Untyped                                                   ;
; CLOCK_ENABLE_INPUT_B               ; NORMAL               ; Untyped                                                   ;
; CLOCK_ENABLE_OUTPUT_A              ; NORMAL               ; Untyped                                                   ;
; CLOCK_ENABLE_OUTPUT_B              ; NORMAL               ; Untyped                                                   ;
; CLOCK_ENABLE_CORE_A                ; USE_INPUT_CLKEN      ; Untyped                                                   ;
; CLOCK_ENABLE_CORE_B                ; USE_INPUT_CLKEN      ; Untyped                                                   ;
; ENABLE_ECC                         ; FALSE                ; Untyped                                                   ;
; ECC_PIPELINE_STAGE_ENABLED         ; FALSE                ; Untyped                                                   ;
; WIDTH_ECCSTATUS                    ; 3                    ; Signed Integer                                            ;
; DEVICE_FAMILY                      ; Cyclone V            ; Untyped                                                   ;
; CBXI_PARAMETER                     ; altsyncram_6nu3      ; Untyped                                                   ;
+------------------------------------+----------------------+-----------------------------------------------------------+
Note: In order to hide this table in the UI and the text report file, please set the "Show Parameter Settings in Synthesis Report" option in "Analysis and Synthesis Settings -> More Settings" to "Off".


+---------------------------------------------------------------------------------------------------------------------------+
; Parameter Settings for User Entity Instance: home_display:HOME_SCREEN_TEXT|char_rom:F_ROM|altsyncram:altsyncram_component ;
+------------------------------------+----------------------+---------------------------------------------------------------+
; Parameter Name                     ; Value                ; Type                                                          ;
+------------------------------------+----------------------+---------------------------------------------------------------+
; BYTE_SIZE_BLOCK                    ; 8                    ; Untyped                                                       ;
; AUTO_CARRY_CHAINS                  ; ON                   ; AUTO_CARRY                                                    ;
; IGNORE_CARRY_BUFFERS               ; OFF                  ; IGNORE_CARRY                                                  ;
; AUTO_CASCADE_CHAINS                ; ON                   ; AUTO_CASCADE                                                  ;
; IGNORE_CASCADE_BUFFERS             ; OFF                  ; IGNORE_CASCADE                                                ;
; WIDTH_BYTEENA                      ; 1                    ; Untyped                                                       ;
; OPERATION_MODE                     ; ROM                  ; Untyped                                                       ;
; WIDTH_A                            ; 8                    ; Signed Integer                                                ;
; WIDTHAD_A                          ; 9                    ; Signed Integer                                                ;
; NUMWORDS_A                         ; 512                  ; Signed Integer                                                ;
; OUTDATA_REG_A                      ; UNREGISTERED         ; Untyped                                                       ;
; ADDRESS_ACLR_A                     ; NONE                 ; Untyped                                                       ;
; OUTDATA_ACLR_A                     ; NONE                 ; Untyped                                                       ;
; WRCONTROL_ACLR_A                   ; NONE                 ; Untyped                                                       ;
; INDATA_ACLR_A                      ; NONE                 ; Untyped                                                       ;
; BYTEENA_ACLR_A                     ; NONE                 ; Untyped                                                       ;
; WIDTH_B                            ; 1                    ; Untyped                                                       ;
; WIDTHAD_B                          ; 1                    ; Untyped                                                       ;
; NUMWORDS_B                         ; 1                    ; Untyped                                                       ;
; INDATA_REG_B                       ; CLOCK1               ; Untyped                                                       ;
; WRCONTROL_WRADDRESS_REG_B          ; CLOCK1               ; Untyped                                                       ;
; RDCONTROL_REG_B                    ; CLOCK1               ; Untyped                                                       ;
; ADDRESS_REG_B                      ; CLOCK1               ; Untyped                                                       ;
; OUTDATA_REG_B                      ; UNREGISTERED         ; Untyped                                                       ;
; BYTEENA_REG_B                      ; CLOCK1               ; Untyped                                                       ;
; INDATA_ACLR_B                      ; NONE                 ; Untyped                                                       ;
; WRCONTROL_ACLR_B                   ; NONE                 ; Untyped                                                       ;
; ADDRESS_ACLR_B                     ; NONE                 ; Untyped                                                       ;
; OUTDATA_ACLR_B                     ; NONE                 ; Untyped                                                       ;
; RDCONTROL_ACLR_B                   ; NONE                 ; Untyped                                                       ;
; BYTEENA_ACLR_B                     ; NONE                 ; Untyped                                                       ;
; WIDTH_BYTEENA_A                    ; 1                    ; Signed Integer                                                ;
; WIDTH_BYTEENA_B                    ; 1                    ; Untyped                                                       ;
; RAM_BLOCK_TYPE                     ; AUTO                 ; Untyped                                                       ;
; BYTE_SIZE                          ; 8                    ; Untyped                                                       ;
; READ_DURING_WRITE_MODE_MIXED_PORTS ; DONT_CARE            ; Untyped                                                       ;
; READ_DURING_WRITE_MODE_PORT_A      ; NEW_DATA_NO_NBE_READ ; Untyped                                                       ;
; READ_DURING_WRITE_MODE_PORT_B      ; NEW_DATA_NO_NBE_READ ; Untyped                                                       ;
; INIT_FILE                          ; tcgrom.mif           ; Untyped                                                       ;
; INIT_FILE_LAYOUT                   ; PORT_A               ; Untyped                                                       ;
; MAXIMUM_DEPTH                      ; 0                    ; Untyped                                                       ;
; CLOCK_ENABLE_INPUT_A               ; BYPASS               ; Untyped                                                       ;
; CLOCK_ENABLE_INPUT_B               ; NORMAL               ; Untyped                                                       ;
; CLOCK_ENABLE_OUTPUT_A              ; BYPASS               ; Untyped                                                       ;
; CLOCK_ENABLE_OUTPUT_B              ; NORMAL               ; Untyped                                                       ;
; CLOCK_ENABLE_CORE_A                ; USE_INPUT_CLKEN      ; Untyped                                                       ;
; CLOCK_ENABLE_CORE_B                ; USE_INPUT_CLKEN      ; Untyped                                                       ;
; ENABLE_ECC                         ; FALSE                ; Untyped                                                       ;
; ECC_PIPELINE_STAGE_ENABLED         ; FALSE                ; Untyped                                                       ;
; WIDTH_ECCSTATUS                    ; 3                    ; Untyped                                                       ;
; DEVICE_FAMILY                      ; Cyclone V            ; Untyped                                                       ;
; CBXI_PARAMETER                     ; altsyncram_d5g1      ; Untyped                                                       ;
+------------------------------------+----------------------+---------------------------------------------------------------+
Note: In order to hide this table in the UI and the text report file, please set the "Show Parameter Settings in Synthesis Report" option in "Analysis and Synthesis Settings -> More Settings" to "Off".


+----------------------------------------------------------------------------------------------------------------------------+
; Parameter Settings for User Entity Instance: home_display:HOME_SCREEN_TEXT|char_rom:L1_ROM|altsyncram:altsyncram_component ;
+------------------------------------+----------------------+----------------------------------------------------------------+
; Parameter Name                     ; Value                ; Type                                                           ;
+------------------------------------+----------------------+----------------------------------------------------------------+
; BYTE_SIZE_BLOCK                    ; 8                    ; Untyped                                                        ;
; AUTO_CARRY_CHAINS                  ; ON                   ; AUTO_CARRY                                                     ;
; IGNORE_CARRY_BUFFERS               ; OFF                  ; IGNORE_CARRY                                                   ;
; AUTO_CASCADE_CHAINS                ; ON                   ; AUTO_CASCADE                                                   ;
; IGNORE_CASCADE_BUFFERS             ; OFF                  ; IGNORE_CASCADE                                                 ;
; WIDTH_BYTEENA                      ; 1                    ; Untyped                                                        ;
; OPERATION_MODE                     ; ROM                  ; Untyped                                                        ;
; WIDTH_A                            ; 8                    ; Signed Integer                                                 ;
; WIDTHAD_A                          ; 9                    ; Signed Integer                                                 ;
; NUMWORDS_A                         ; 512                  ; Signed Integer                                                 ;
; OUTDATA_REG_A                      ; UNREGISTERED         ; Untyped                                                        ;
; ADDRESS_ACLR_A                     ; NONE                 ; Untyped                                                        ;
; OUTDATA_ACLR_A                     ; NONE                 ; Untyped                                                        ;
; WRCONTROL_ACLR_A                   ; NONE                 ; Untyped                                                        ;
; INDATA_ACLR_A                      ; NONE                 ; Untyped                                                        ;
; BYTEENA_ACLR_A                     ; NONE                 ; Untyped                                                        ;
; WIDTH_B                            ; 1                    ; Untyped                                                        ;
; WIDTHAD_B                          ; 1                    ; Untyped                                                        ;
; NUMWORDS_B                         ; 1                    ; Untyped                                                        ;
; INDATA_REG_B                       ; CLOCK1               ; Untyped                                                        ;
; WRCONTROL_WRADDRESS_REG_B          ; CLOCK1               ; Untyped                                                        ;
; RDCONTROL_REG_B                    ; CLOCK1               ; Untyped                                                        ;
; ADDRESS_REG_B                      ; CLOCK1               ; Untyped                                                        ;
; OUTDATA_REG_B                      ; UNREGISTERED         ; Untyped                                                        ;
; BYTEENA_REG_B                      ; CLOCK1               ; Untyped                                                        ;
; INDATA_ACLR_B                      ; NONE                 ; Untyped                                                        ;
; WRCONTROL_ACLR_B                   ; NONE                 ; Untyped                                                        ;
; ADDRESS_ACLR_B                     ; NONE                 ; Untyped                                                        ;
; OUTDATA_ACLR_B                     ; NONE                 ; Untyped                                                        ;
; RDCONTROL_ACLR_B                   ; NONE                 ; Untyped                                                        ;
; BYTEENA_ACLR_B                     ; NONE                 ; Untyped                                                        ;
; WIDTH_BYTEENA_A                    ; 1                    ; Signed Integer                                                 ;
; WIDTH_BYTEENA_B                    ; 1                    ; Untyped                                                        ;
; RAM_BLOCK_TYPE                     ; AUTO                 ; Untyped                                                        ;
; BYTE_SIZE                          ; 8                    ; Untyped                                                        ;
; READ_DURING_WRITE_MODE_MIXED_PORTS ; DONT_CARE            ; Untyped                                                        ;
; READ_DURING_WRITE_MODE_PORT_A      ; NEW_DATA_NO_NBE_READ ; Untyped                                                        ;
; READ_DURING_WRITE_MODE_PORT_B      ; NEW_DATA_NO_NBE_READ ; Untyped                                                        ;
; INIT_FILE                          ; tcgrom.mif           ; Untyped                                                        ;
; INIT_FILE_LAYOUT                   ; PORT_A               ; Untyped                                                        ;
; MAXIMUM_DEPTH                      ; 0                    ; Untyped                                                        ;
; CLOCK_ENABLE_INPUT_A               ; BYPASS               ; Untyped                                                        ;
; CLOCK_ENABLE_INPUT_B               ; NORMAL               ; Untyped                                                        ;
; CLOCK_ENABLE_OUTPUT_A              ; BYPASS               ; Untyped                                                        ;
; CLOCK_ENABLE_OUTPUT_B              ; NORMAL               ; Untyped                                                        ;
; CLOCK_ENABLE_CORE_A                ; USE_INPUT_CLKEN      ; Untyped                                                        ;
; CLOCK_ENABLE_CORE_B                ; USE_INPUT_CLKEN      ; Untyped                                                        ;
; ENABLE_ECC                         ; FALSE                ; Untyped                                                        ;
; ECC_PIPELINE_STAGE_ENABLED         ; FALSE                ; Untyped                                                        ;
; WIDTH_ECCSTATUS                    ; 3                    ; Untyped                                                        ;
; DEVICE_FAMILY                      ; Cyclone V            ; Untyped                                                        ;
; CBXI_PARAMETER                     ; altsyncram_d5g1      ; Untyped                                                        ;
+------------------------------------+----------------------+----------------------------------------------------------------+
Note: In order to hide this table in the UI and the text report file, please set the "Show Parameter Settings in Synthesis Report" option in "Analysis and Synthesis Settings -> More Settings" to "Off".


+---------------------------------------------------------------------------------------------------------------------------+
; Parameter Settings for User Entity Instance: home_display:HOME_SCREEN_TEXT|char_rom:A_ROM|altsyncram:altsyncram_component ;
+------------------------------------+----------------------+---------------------------------------------------------------+
; Parameter Name                     ; Value                ; Type                                                          ;
+------------------------------------+----------------------+---------------------------------------------------------------+
; BYTE_SIZE_BLOCK                    ; 8                    ; Untyped                                                       ;
; AUTO_CARRY_CHAINS                  ; ON                   ; AUTO_CARRY                                                    ;
; IGNORE_CARRY_BUFFERS               ; OFF                  ; IGNORE_CARRY                                                  ;
; AUTO_CASCADE_CHAINS                ; ON                   ; AUTO_CASCADE                                                  ;
; IGNORE_CASCADE_BUFFERS             ; OFF                  ; IGNORE_CASCADE                                                ;
; WIDTH_BYTEENA                      ; 1                    ; Untyped                                                       ;
; OPERATION_MODE                     ; ROM                  ; Untyped                                                       ;
; WIDTH_A                            ; 8                    ; Signed Integer                                                ;
; WIDTHAD_A                          ; 9                    ; Signed Integer                                                ;
; NUMWORDS_A                         ; 512                  ; Signed Integer                                                ;
; OUTDATA_REG_A                      ; UNREGISTERED         ; Untyped                                                       ;
; ADDRESS_ACLR_A                     ; NONE                 ; Untyped                                                       ;
; OUTDATA_ACLR_A                     ; NONE                 ; Untyped                                                       ;
; WRCONTROL_ACLR_A                   ; NONE                 ; Untyped                                                       ;
; INDATA_ACLR_A                      ; NONE                 ; Untyped                                                       ;
; BYTEENA_ACLR_A                     ; NONE                 ; Untyped                                                       ;
; WIDTH_B                            ; 1                    ; Untyped                                                       ;
; WIDTHAD_B                          ; 1                    ; Untyped                                                       ;
; NUMWORDS_B                         ; 1                    ; Untyped                                                       ;
; INDATA_REG_B                       ; CLOCK1               ; Untyped                                                       ;
; WRCONTROL_WRADDRESS_REG_B          ; CLOCK1               ; Untyped                                                       ;
; RDCONTROL_REG_B                    ; CLOCK1               ; Untyped                                                       ;
; ADDRESS_REG_B                      ; CLOCK1               ; Untyped                                                       ;
; OUTDATA_REG_B                      ; UNREGISTERED         ; Untyped                                                       ;
; BYTEENA_REG_B                      ; CLOCK1               ; Untyped                                                       ;
; INDATA_ACLR_B                      ; NONE                 ; Untyped                                                       ;
; WRCONTROL_ACLR_B                   ; NONE                 ; Untyped                                                       ;
; ADDRESS_ACLR_B                     ; NONE                 ; Untyped                                                       ;
; OUTDATA_ACLR_B                     ; NONE                 ; Untyped                                                       ;
; RDCONTROL_ACLR_B                   ; NONE                 ; Untyped                                                       ;
; BYTEENA_ACLR_B                     ; NONE                 ; Untyped                                                       ;
; WIDTH_BYTEENA_A                    ; 1                    ; Signed Integer                                                ;
; WIDTH_BYTEENA_B                    ; 1                    ; Untyped                                                       ;
; RAM_BLOCK_TYPE                     ; AUTO                 ; Untyped                                                       ;
; BYTE_SIZE                          ; 8                    ; Untyped                                                       ;
; READ_DURING_WRITE_MODE_MIXED_PORTS ; DONT_CARE            ; Untyped                                                       ;
; READ_DURING_WRITE_MODE_PORT_A      ; NEW_DATA_NO_NBE_READ ; Untyped                                                       ;
; READ_DURING_WRITE_MODE_PORT_B      ; NEW_DATA_NO_NBE_READ ; Untyped                                                       ;
; INIT_FILE                          ; tcgrom.mif           ; Untyped                                                       ;
; INIT_FILE_LAYOUT                   ; PORT_A               ; Untyped                                                       ;
; MAXIMUM_DEPTH                      ; 0                    ; Untyped                                                       ;
; CLOCK_ENABLE_INPUT_A               ; BYPASS               ; Untyped                                                       ;
; CLOCK_ENABLE_INPUT_B               ; NORMAL               ; Untyped                                                       ;
; CLOCK_ENABLE_OUTPUT_A              ; BYPASS               ; Untyped                                                       ;
; CLOCK_ENABLE_OUTPUT_B              ; NORMAL               ; Untyped                                                       ;
; CLOCK_ENABLE_CORE_A                ; USE_INPUT_CLKEN      ; Untyped                                                       ;
; CLOCK_ENABLE_CORE_B                ; USE_INPUT_CLKEN      ; Untyped                                                       ;
; ENABLE_ECC                         ; FALSE                ; Untyped                                                       ;
; ECC_PIPELINE_STAGE_ENABLED         ; FALSE                ; Untyped                                                       ;
; WIDTH_ECCSTATUS                    ; 3                    ; Untyped                                                       ;
; DEVICE_FAMILY                      ; Cyclone V            ; Untyped                                                       ;
; CBXI_PARAMETER                     ; altsyncram_d5g1      ; Untyped                                                       ;
+------------------------------------+----------------------+---------------------------------------------------------------+
Note: In order to hide this table in the UI and the text report file, please set the "Show Parameter Settings in Synthesis Report" option in "Analysis and Synthesis Settings -> More Settings" to "Off".


+----------------------------------------------------------------------------------------------------------------------------+
; Parameter Settings for User Entity Instance: home_display:HOME_SCREEN_TEXT|char_rom:P1_ROM|altsyncram:altsyncram_component ;
+------------------------------------+----------------------+----------------------------------------------------------------+
; Parameter Name                     ; Value                ; Type                                                           ;
+------------------------------------+----------------------+----------------------------------------------------------------+
; BYTE_SIZE_BLOCK                    ; 8                    ; Untyped                                                        ;
; AUTO_CARRY_CHAINS                  ; ON                   ; AUTO_CARRY                                                     ;
; IGNORE_CARRY_BUFFERS               ; OFF                  ; IGNORE_CARRY                                                   ;
; AUTO_CASCADE_CHAINS                ; ON                   ; AUTO_CASCADE                                                   ;
; IGNORE_CASCADE_BUFFERS             ; OFF                  ; IGNORE_CASCADE                                                 ;
; WIDTH_BYTEENA                      ; 1                    ; Untyped                                                        ;
; OPERATION_MODE                     ; ROM                  ; Untyped                                                        ;
; WIDTH_A                            ; 8                    ; Signed Integer                                                 ;
; WIDTHAD_A                          ; 9                    ; Signed Integer                                                 ;
; NUMWORDS_A                         ; 512                  ; Signed Integer                                                 ;
; OUTDATA_REG_A                      ; UNREGISTERED         ; Untyped                                                        ;
; ADDRESS_ACLR_A                     ; NONE                 ; Untyped                                                        ;
; OUTDATA_ACLR_A                     ; NONE                 ; Untyped                                                        ;
; WRCONTROL_ACLR_A                   ; NONE                 ; Untyped                                                        ;
; INDATA_ACLR_A                      ; NONE                 ; Untyped                                                        ;
; BYTEENA_ACLR_A                     ; NONE                 ; Untyped                                                        ;
; WIDTH_B                            ; 1                    ; Untyped                                                        ;
; WIDTHAD_B                          ; 1                    ; Untyped                                                        ;
; NUMWORDS_B                         ; 1                    ; Untyped                                                        ;
; INDATA_REG_B                       ; CLOCK1               ; Untyped                                                        ;
; WRCONTROL_WRADDRESS_REG_B          ; CLOCK1               ; Untyped                                                        ;
; RDCONTROL_REG_B                    ; CLOCK1               ; Untyped                                                        ;
; ADDRESS_REG_B                      ; CLOCK1               ; Untyped                                                        ;
; OUTDATA_REG_B                      ; UNREGISTERED         ; Untyped                                                        ;
; BYTEENA_REG_B                      ; CLOCK1               ; Untyped                                                        ;
; INDATA_ACLR_B                      ; NONE                 ; Untyped                                                        ;
; WRCONTROL_ACLR_B                   ; NONE                 ; Untyped                                                        ;
; ADDRESS_ACLR_B                     ; NONE                 ; Untyped                                                        ;
; OUTDATA_ACLR_B                     ; NONE                 ; Untyped                                                        ;
; RDCONTROL_ACLR_B                   ; NONE                 ; Untyped                                                        ;
; BYTEENA_ACLR_B                     ; NONE                 ; Untyped                                                        ;
; WIDTH_BYTEENA_A                    ; 1                    ; Signed Integer                                                 ;
; WIDTH_BYTEENA_B                    ; 1                    ; Untyped                                                        ;
; RAM_BLOCK_TYPE                     ; AUTO                 ; Untyped                                                        ;
; BYTE_SIZE                          ; 8                    ; Untyped                                                        ;
; READ_DURING_WRITE_MODE_MIXED_PORTS ; DONT_CARE            ; Untyped                                                        ;
; READ_DURING_WRITE_MODE_PORT_A      ; NEW_DATA_NO_NBE_READ ; Untyped                                                        ;
; READ_DURING_WRITE_MODE_PORT_B      ; NEW_DATA_NO_NBE_READ ; Untyped                                                        ;
; INIT_FILE                          ; tcgrom.mif           ; Untyped                                                        ;
; INIT_FILE_LAYOUT                   ; PORT_A               ; Untyped                                                        ;
; MAXIMUM_DEPTH                      ; 0                    ; Untyped                                                        ;
; CLOCK_ENABLE_INPUT_A               ; BYPASS               ; Untyped                                                        ;
; CLOCK_ENABLE_INPUT_B               ; NORMAL               ; Untyped                                                        ;
; CLOCK_ENABLE_OUTPUT_A              ; BYPASS               ; Untyped                                                        ;
; CLOCK_ENABLE_OUTPUT_B              ; NORMAL               ; Untyped                                                        ;
; CLOCK_ENABLE_CORE_A                ; USE_INPUT_CLKEN      ; Untyped                                                        ;
; CLOCK_ENABLE_CORE_B                ; USE_INPUT_CLKEN      ; Untyped                                                        ;
; ENABLE_ECC                         ; FALSE                ; Untyped                                                        ;
; ECC_PIPELINE_STAGE_ENABLED         ; FALSE                ; Untyped                                                        ;
; WIDTH_ECCSTATUS                    ; 3                    ; Untyped                                                        ;
; DEVICE_FAMILY                      ; Cyclone V            ; Untyped                                                        ;
; CBXI_PARAMETER                     ; altsyncram_d5g1      ; Untyped                                                        ;
+------------------------------------+----------------------+----------------------------------------------------------------+
Note: In order to hide this table in the UI and the text report file, please set the "Show Parameter Settings in Synthesis Report" option in "Analysis and Synthesis Settings -> More Settings" to "Off".


+----------------------------------------------------------------------------------------------------------------------------+
; Parameter Settings for User Entity Instance: home_display:HOME_SCREEN_TEXT|char_rom:P2_ROM|altsyncram:altsyncram_component ;
+------------------------------------+----------------------+----------------------------------------------------------------+
; Parameter Name                     ; Value                ; Type                                                           ;
+------------------------------------+----------------------+----------------------------------------------------------------+
; BYTE_SIZE_BLOCK                    ; 8                    ; Untyped                                                        ;
; AUTO_CARRY_CHAINS                  ; ON                   ; AUTO_CARRY                                                     ;
; IGNORE_CARRY_BUFFERS               ; OFF                  ; IGNORE_CARRY                                                   ;
; AUTO_CASCADE_CHAINS                ; ON                   ; AUTO_CASCADE                                                   ;
; IGNORE_CASCADE_BUFFERS             ; OFF                  ; IGNORE_CASCADE                                                 ;
; WIDTH_BYTEENA                      ; 1                    ; Untyped                                                        ;
; OPERATION_MODE                     ; ROM                  ; Untyped                                                        ;
; WIDTH_A                            ; 8                    ; Signed Integer                                                 ;
; WIDTHAD_A                          ; 9                    ; Signed Integer                                                 ;
; NUMWORDS_A                         ; 512                  ; Signed Integer                                                 ;
; OUTDATA_REG_A                      ; UNREGISTERED         ; Untyped                                                        ;
; ADDRESS_ACLR_A                     ; NONE                 ; Untyped                                                        ;
; OUTDATA_ACLR_A                     ; NONE                 ; Untyped                                                        ;
; WRCONTROL_ACLR_A                   ; NONE                 ; Untyped                                                        ;
; INDATA_ACLR_A                      ; NONE                 ; Untyped                                                        ;
; BYTEENA_ACLR_A                     ; NONE                 ; Untyped                                                        ;
; WIDTH_B                            ; 1                    ; Untyped                                                        ;
; WIDTHAD_B                          ; 1                    ; Untyped                                                        ;
; NUMWORDS_B                         ; 1                    ; Untyped                                                        ;
; INDATA_REG_B                       ; CLOCK1               ; Untyped                                                        ;
; WRCONTROL_WRADDRESS_REG_B          ; CLOCK1               ; Untyped                                                        ;
; RDCONTROL_REG_B                    ; CLOCK1               ; Untyped                                                        ;
; ADDRESS_REG_B                      ; CLOCK1               ; Untyped                                                        ;
; OUTDATA_REG_B                      ; UNREGISTERED         ; Untyped                                                        ;
; BYTEENA_REG_B                      ; CLOCK1               ; Untyped                                                        ;
; INDATA_ACLR_B                      ; NONE                 ; Untyped                                                        ;
; WRCONTROL_ACLR_B                   ; NONE                 ; Untyped                                                        ;
; ADDRESS_ACLR_B                     ; NONE                 ; Untyped                                                        ;
; OUTDATA_ACLR_B                     ; NONE                 ; Untyped                                                        ;
; RDCONTROL_ACLR_B                   ; NONE                 ; Untyped                                                        ;
; BYTEENA_ACLR_B                     ; NONE                 ; Untyped                                                        ;
; WIDTH_BYTEENA_A                    ; 1                    ; Signed Integer                                                 ;
; WIDTH_BYTEENA_B                    ; 1                    ; Untyped                                                        ;
; RAM_BLOCK_TYPE                     ; AUTO                 ; Untyped                                                        ;
; BYTE_SIZE                          ; 8                    ; Untyped                                                        ;
; READ_DURING_WRITE_MODE_MIXED_PORTS ; DONT_CARE            ; Untyped                                                        ;
; READ_DURING_WRITE_MODE_PORT_A      ; NEW_DATA_NO_NBE_READ ; Untyped                                                        ;
; READ_DURING_WRITE_MODE_PORT_B      ; NEW_DATA_NO_NBE_READ ; Untyped                                                        ;
; INIT_FILE                          ; tcgrom.mif           ; Untyped                                                        ;
; INIT_FILE_LAYOUT                   ; PORT_A               ; Untyped                                                        ;
; MAXIMUM_DEPTH                      ; 0                    ; Untyped                                                        ;
; CLOCK_ENABLE_INPUT_A               ; BYPASS               ; Untyped                                                        ;
; CLOCK_ENABLE_INPUT_B               ; NORMAL               ; Untyped                                                        ;
; CLOCK_ENABLE_OUTPUT_A              ; BYPASS               ; Untyped                                                        ;
; CLOCK_ENABLE_OUTPUT_B              ; NORMAL               ; Untyped                                                        ;
; CLOCK_ENABLE_CORE_A                ; USE_INPUT_CLKEN      ; Untyped                                                        ;
; CLOCK_ENABLE_CORE_B                ; USE_INPUT_CLKEN      ; Untyped                                                        ;
; ENABLE_ECC                         ; FALSE                ; Untyped                                                        ;
; ECC_PIPELINE_STAGE_ENABLED         ; FALSE                ; Untyped                                                        ;
; WIDTH_ECCSTATUS                    ; 3                    ; Untyped                                                        ;
; DEVICE_FAMILY                      ; Cyclone V            ; Untyped                                                        ;
; CBXI_PARAMETER                     ; altsyncram_d5g1      ; Untyped                                                        ;
+------------------------------------+----------------------+----------------------------------------------------------------+
Note: In order to hide this table in the UI and the text report file, please set the "Show Parameter Settings in Synthesis Report" option in "Analysis and Synthesis Settings -> More Settings" to "Off".


+---------------------------------------------------------------------------------------------------------------------------+
; Parameter Settings for User Entity Instance: home_display:HOME_SCREEN_TEXT|char_rom:Y_ROM|altsyncram:altsyncram_component ;
+------------------------------------+----------------------+---------------------------------------------------------------+
; Parameter Name                     ; Value                ; Type                                                          ;
+------------------------------------+----------------------+---------------------------------------------------------------+
; BYTE_SIZE_BLOCK                    ; 8                    ; Untyped                                                       ;
; AUTO_CARRY_CHAINS                  ; ON                   ; AUTO_CARRY                                                    ;
; IGNORE_CARRY_BUFFERS               ; OFF                  ; IGNORE_CARRY                                                  ;
; AUTO_CASCADE_CHAINS                ; ON                   ; AUTO_CASCADE                                                  ;
; IGNORE_CASCADE_BUFFERS             ; OFF                  ; IGNORE_CASCADE                                                ;
; WIDTH_BYTEENA                      ; 1                    ; Untyped                                                       ;
; OPERATION_MODE                     ; ROM                  ; Untyped                                                       ;
; WIDTH_A                            ; 8                    ; Signed Integer                                                ;
; WIDTHAD_A                          ; 9                    ; Signed Integer                                                ;
; NUMWORDS_A                         ; 512                  ; Signed Integer                                                ;
; OUTDATA_REG_A                      ; UNREGISTERED         ; Untyped                                                       ;
; ADDRESS_ACLR_A                     ; NONE                 ; Untyped                                                       ;
; OUTDATA_ACLR_A                     ; NONE                 ; Untyped                                                       ;
; WRCONTROL_ACLR_A                   ; NONE                 ; Untyped                                                       ;
; INDATA_ACLR_A                      ; NONE                 ; Untyped                                                       ;
; BYTEENA_ACLR_A                     ; NONE                 ; Untyped                                                       ;
; WIDTH_B                            ; 1                    ; Untyped                                                       ;
; WIDTHAD_B                          ; 1                    ; Untyped                                                       ;
; NUMWORDS_B                         ; 1                    ; Untyped                                                       ;
; INDATA_REG_B                       ; CLOCK1               ; Untyped                                                       ;
; WRCONTROL_WRADDRESS_REG_B          ; CLOCK1               ; Untyped                                                       ;
; RDCONTROL_REG_B                    ; CLOCK1               ; Untyped                                                       ;
; ADDRESS_REG_B                      ; CLOCK1               ; Untyped                                                       ;
; OUTDATA_REG_B                      ; UNREGISTERED         ; Untyped                                                       ;
; BYTEENA_REG_B                      ; CLOCK1               ; Untyped                                                       ;
; INDATA_ACLR_B                      ; NONE                 ; Untyped                                                       ;
; WRCONTROL_ACLR_B                   ; NONE                 ; Untyped                                                       ;
; ADDRESS_ACLR_B                     ; NONE                 ; Untyped                                                       ;
; OUTDATA_ACLR_B                     ; NONE                 ; Untyped                                                       ;
; RDCONTROL_ACLR_B                   ; NONE                 ; Untyped                                                       ;
; BYTEENA_ACLR_B                     ; NONE                 ; Untyped                                                       ;
; WIDTH_BYTEENA_A                    ; 1                    ; Signed Integer                                                ;
; WIDTH_BYTEENA_B                    ; 1                    ; Untyped                                                       ;
; RAM_BLOCK_TYPE                     ; AUTO                 ; Untyped                                                       ;
; BYTE_SIZE                          ; 8                    ; Untyped                                                       ;
; READ_DURING_WRITE_MODE_MIXED_PORTS ; DONT_CARE            ; Untyped                                                       ;
; READ_DURING_WRITE_MODE_PORT_A      ; NEW_DATA_NO_NBE_READ ; Untyped                                                       ;
; READ_DURING_WRITE_MODE_PORT_B      ; NEW_DATA_NO_NBE_READ ; Untyped                                                       ;
; INIT_FILE                          ; tcgrom.mif           ; Untyped                                                       ;
; INIT_FILE_LAYOUT                   ; PORT_A               ; Untyped                                                       ;
; MAXIMUM_DEPTH                      ; 0                    ; Untyped                                                       ;
; CLOCK_ENABLE_INPUT_A               ; BYPASS               ; Untyped                                                       ;
; CLOCK_ENABLE_INPUT_B               ; NORMAL               ; Untyped                                                       ;
; CLOCK_ENABLE_OUTPUT_A              ; BYPASS               ; Untyped                                                       ;
; CLOCK_ENABLE_OUTPUT_B              ; NORMAL               ; Untyped                                                       ;
; CLOCK_ENABLE_CORE_A                ; USE_INPUT_CLKEN      ; Untyped                                                       ;
; CLOCK_ENABLE_CORE_B                ; USE_INPUT_CLKEN      ; Untyped                                                       ;
; ENABLE_ECC                         ; FALSE                ; Untyped                                                       ;
; ECC_PIPELINE_STAGE_ENABLED         ; FALSE                ; Untyped                                                       ;
; WIDTH_ECCSTATUS                    ; 3                    ; Untyped                                                       ;
; DEVICE_FAMILY                      ; Cyclone V            ; Untyped                                                       ;
; CBXI_PARAMETER                     ; altsyncram_d5g1      ; Untyped                                                       ;
+------------------------------------+----------------------+---------------------------------------------------------------+
Note: In order to hide this table in the UI and the text report file, please set the "Show Parameter Settings in Synthesis Report" option in "Analysis and Synthesis Settings -> More Settings" to "Off".


+---------------------------------------------------------------------------------------------------------------------------+
; Parameter Settings for User Entity Instance: home_display:HOME_SCREEN_TEXT|char_rom:D_ROM|altsyncram:altsyncram_component ;
+------------------------------------+----------------------+---------------------------------------------------------------+
; Parameter Name                     ; Value                ; Type                                                          ;
+------------------------------------+----------------------+---------------------------------------------------------------+
; BYTE_SIZE_BLOCK                    ; 8                    ; Untyped                                                       ;
; AUTO_CARRY_CHAINS                  ; ON                   ; AUTO_CARRY                                                    ;
; IGNORE_CARRY_BUFFERS               ; OFF                  ; IGNORE_CARRY                                                  ;
; AUTO_CASCADE_CHAINS                ; ON                   ; AUTO_CASCADE                                                  ;
; IGNORE_CASCADE_BUFFERS             ; OFF                  ; IGNORE_CASCADE                                                ;
; WIDTH_BYTEENA                      ; 1                    ; Untyped                                                       ;
; OPERATION_MODE                     ; ROM                  ; Untyped                                                       ;
; WIDTH_A                            ; 8                    ; Signed Integer                                                ;
; WIDTHAD_A                          ; 9                    ; Signed Integer                                                ;
; NUMWORDS_A                         ; 512                  ; Signed Integer                                                ;
; OUTDATA_REG_A                      ; UNREGISTERED         ; Untyped                                                       ;
; ADDRESS_ACLR_A                     ; NONE                 ; Untyped                                                       ;
; OUTDATA_ACLR_A                     ; NONE                 ; Untyped                                                       ;
; WRCONTROL_ACLR_A                   ; NONE                 ; Untyped                                                       ;
; INDATA_ACLR_A                      ; NONE                 ; Untyped                                                       ;
; BYTEENA_ACLR_A                     ; NONE                 ; Untyped                                                       ;
; WIDTH_B                            ; 1                    ; Untyped                                                       ;
; WIDTHAD_B                          ; 1                    ; Untyped                                                       ;
; NUMWORDS_B                         ; 1                    ; Untyped                                                       ;
; INDATA_REG_B                       ; CLOCK1               ; Untyped                                                       ;
; WRCONTROL_WRADDRESS_REG_B          ; CLOCK1               ; Untyped                                                       ;
; RDCONTROL_REG_B                    ; CLOCK1               ; Untyped                                                       ;
; ADDRESS_REG_B                      ; CLOCK1               ; Untyped                                                       ;
; OUTDATA_REG_B                      ; UNREGISTERED         ; Untyped                                                       ;
; BYTEENA_REG_B                      ; CLOCK1               ; Untyped                                                       ;
; INDATA_ACLR_B                      ; NONE                 ; Untyped                                                       ;
; WRCONTROL_ACLR_B                   ; NONE                 ; Untyped                                                       ;
; ADDRESS_ACLR_B                     ; NONE                 ; Untyped                                                       ;
; OUTDATA_ACLR_B                     ; NONE                 ; Untyped                                                       ;
; RDCONTROL_ACLR_B                   ; NONE                 ; Untyped                                                       ;
; BYTEENA_ACLR_B                     ; NONE                 ; Untyped                                                       ;
; WIDTH_BYTEENA_A                    ; 1                    ; Signed Integer                                                ;
; WIDTH_BYTEENA_B                    ; 1                    ; Untyped                                                       ;
; RAM_BLOCK_TYPE                     ; AUTO                 ; Untyped                                                       ;
; BYTE_SIZE                          ; 8                    ; Untyped                                                       ;
; READ_DURING_WRITE_MODE_MIXED_PORTS ; DONT_CARE            ; Untyped                                                       ;
; READ_DURING_WRITE_MODE_PORT_A      ; NEW_DATA_NO_NBE_READ ; Untyped                                                       ;
; READ_DURING_WRITE_MODE_PORT_B      ; NEW_DATA_NO_NBE_READ ; Untyped                                                       ;
; INIT_FILE                          ; tcgrom.mif           ; Untyped                                                       ;
; INIT_FILE_LAYOUT                   ; PORT_A               ; Untyped                                                       ;
; MAXIMUM_DEPTH                      ; 0                    ; Untyped                                                       ;
; CLOCK_ENABLE_INPUT_A               ; BYPASS               ; Untyped                                                       ;
; CLOCK_ENABLE_INPUT_B               ; NORMAL               ; Untyped                                                       ;
; CLOCK_ENABLE_OUTPUT_A              ; BYPASS               ; Untyped                                                       ;
; CLOCK_ENABLE_OUTPUT_B              ; NORMAL               ; Untyped                                                       ;
; CLOCK_ENABLE_CORE_A                ; USE_INPUT_CLKEN      ; Untyped                                                       ;
; CLOCK_ENABLE_CORE_B                ; USE_INPUT_CLKEN      ; Untyped                                                       ;
; ENABLE_ECC                         ; FALSE                ; Untyped                                                       ;
; ECC_PIPELINE_STAGE_ENABLED         ; FALSE                ; Untyped                                                       ;
; WIDTH_ECCSTATUS                    ; 3                    ; Untyped                                                       ;
; DEVICE_FAMILY                      ; Cyclone V            ; Untyped                                                       ;
; CBXI_PARAMETER                     ; altsyncram_d5g1      ; Untyped                                                       ;
+------------------------------------+----------------------+---------------------------------------------------------------+
Note: In order to hide this table in the UI and the text report file, please set the "Show Parameter Settings in Synthesis Report" option in "Analysis and Synthesis Settings -> More Settings" to "Off".


+---------------------------------------------------------------------------------------------------------------------------+
; Parameter Settings for User Entity Instance: home_display:HOME_SCREEN_TEXT|char_rom:O_ROM|altsyncram:altsyncram_component ;
+------------------------------------+----------------------+---------------------------------------------------------------+
; Parameter Name                     ; Value                ; Type                                                          ;
+------------------------------------+----------------------+---------------------------------------------------------------+
; BYTE_SIZE_BLOCK                    ; 8                    ; Untyped                                                       ;
; AUTO_CARRY_CHAINS                  ; ON                   ; AUTO_CARRY                                                    ;
; IGNORE_CARRY_BUFFERS               ; OFF                  ; IGNORE_CARRY                                                  ;
; AUTO_CASCADE_CHAINS                ; ON                   ; AUTO_CASCADE                                                  ;
; IGNORE_CASCADE_BUFFERS             ; OFF                  ; IGNORE_CASCADE                                                ;
; WIDTH_BYTEENA                      ; 1                    ; Untyped                                                       ;
; OPERATION_MODE                     ; ROM                  ; Untyped                                                       ;
; WIDTH_A                            ; 8                    ; Signed Integer                                                ;
; WIDTHAD_A                          ; 9                    ; Signed Integer                                                ;
; NUMWORDS_A                         ; 512                  ; Signed Integer                                                ;
; OUTDATA_REG_A                      ; UNREGISTERED         ; Untyped                                                       ;
; ADDRESS_ACLR_A                     ; NONE                 ; Untyped                                                       ;
; OUTDATA_ACLR_A                     ; NONE                 ; Untyped                                                       ;
; WRCONTROL_ACLR_A                   ; NONE                 ; Untyped                                                       ;
; INDATA_ACLR_A                      ; NONE                 ; Untyped                                                       ;
; BYTEENA_ACLR_A                     ; NONE                 ; Untyped                                                       ;
; WIDTH_B                            ; 1                    ; Untyped                                                       ;
; WIDTHAD_B                          ; 1                    ; Untyped                                                       ;
; NUMWORDS_B                         ; 1                    ; Untyped                                                       ;
; INDATA_REG_B                       ; CLOCK1               ; Untyped                                                       ;
; WRCONTROL_WRADDRESS_REG_B          ; CLOCK1               ; Untyped                                                       ;
; RDCONTROL_REG_B                    ; CLOCK1               ; Untyped                                                       ;
; ADDRESS_REG_B                      ; CLOCK1               ; Untyped                                                       ;
; OUTDATA_REG_B                      ; UNREGISTERED         ; Untyped                                                       ;
; BYTEENA_REG_B                      ; CLOCK1               ; Untyped                                                       ;
; INDATA_ACLR_B                      ; NONE                 ; Untyped                                                       ;
; WRCONTROL_ACLR_B                   ; NONE                 ; Untyped                                                       ;
; ADDRESS_ACLR_B                     ; NONE                 ; Untyped                                                       ;
; OUTDATA_ACLR_B                     ; NONE                 ; Untyped                                                       ;
; RDCONTROL_ACLR_B                   ; NONE                 ; Untyped                                                       ;
; BYTEENA_ACLR_B                     ; NONE                 ; Untyped                                                       ;
; WIDTH_BYTEENA_A                    ; 1                    ; Signed Integer                                                ;
; WIDTH_BYTEENA_B                    ; 1                    ; Untyped                                                       ;
; RAM_BLOCK_TYPE                     ; AUTO                 ; Untyped                                                       ;
; BYTE_SIZE                          ; 8                    ; Untyped                                                       ;
; READ_DURING_WRITE_MODE_MIXED_PORTS ; DONT_CARE            ; Untyped                                                       ;
; READ_DURING_WRITE_MODE_PORT_A      ; NEW_DATA_NO_NBE_READ ; Untyped                                                       ;
; READ_DURING_WRITE_MODE_PORT_B      ; NEW_DATA_NO_NBE_READ ; Untyped                                                       ;
; INIT_FILE                          ; tcgrom.mif           ; Untyped                                                       ;
; INIT_FILE_LAYOUT                   ; PORT_A               ; Untyped                                                       ;
; MAXIMUM_DEPTH                      ; 0                    ; Untyped                                                       ;
; CLOCK_ENABLE_INPUT_A               ; BYPASS               ; Untyped                                                       ;
; CLOCK_ENABLE_INPUT_B               ; NORMAL               ; Untyped                                                       ;
; CLOCK_ENABLE_OUTPUT_A              ; BYPASS               ; Untyped                                                       ;
; CLOCK_ENABLE_OUTPUT_B              ; NORMAL               ; Untyped                                                       ;
; CLOCK_ENABLE_CORE_A                ; USE_INPUT_CLKEN      ; Untyped                                                       ;
; CLOCK_ENABLE_CORE_B                ; USE_INPUT_CLKEN      ; Untyped                                                       ;
; ENABLE_ECC                         ; FALSE                ; Untyped                                                       ;
; ECC_PIPELINE_STAGE_ENABLED         ; FALSE                ; Untyped                                                       ;
; WIDTH_ECCSTATUS                    ; 3                    ; Untyped                                                       ;
; DEVICE_FAMILY                      ; Cyclone V            ; Untyped                                                       ;
; CBXI_PARAMETER                     ; altsyncram_d5g1      ; Untyped                                                       ;
+------------------------------------+----------------------+---------------------------------------------------------------+
Note: In order to hide this table in the UI and the text report file, please set the "Show Parameter Settings in Synthesis Report" option in "Analysis and Synthesis Settings -> More Settings" to "Off".


+----------------------------------------------------------------------------------------------------------------------------+
; Parameter Settings for User Entity Instance: home_display:HOME_SCREEN_TEXT|char_rom:L2_ROM|altsyncram:altsyncram_component ;
+------------------------------------+----------------------+----------------------------------------------------------------+
; Parameter Name                     ; Value                ; Type                                                           ;
+------------------------------------+----------------------+----------------------------------------------------------------+
; BYTE_SIZE_BLOCK                    ; 8                    ; Untyped                                                        ;
; AUTO_CARRY_CHAINS                  ; ON                   ; AUTO_CARRY                                                     ;
; IGNORE_CARRY_BUFFERS               ; OFF                  ; IGNORE_CARRY                                                   ;
; AUTO_CASCADE_CHAINS                ; ON                   ; AUTO_CASCADE                                                   ;
; IGNORE_CASCADE_BUFFERS             ; OFF                  ; IGNORE_CASCADE                                                 ;
; WIDTH_BYTEENA                      ; 1                    ; Untyped                                                        ;
; OPERATION_MODE                     ; ROM                  ; Untyped                                                        ;
; WIDTH_A                            ; 8                    ; Signed Integer                                                 ;
; WIDTHAD_A                          ; 9                    ; Signed Integer                                                 ;
; NUMWORDS_A                         ; 512                  ; Signed Integer                                                 ;
; OUTDATA_REG_A                      ; UNREGISTERED         ; Untyped                                                        ;
; ADDRESS_ACLR_A                     ; NONE                 ; Untyped                                                        ;
; OUTDATA_ACLR_A                     ; NONE                 ; Untyped                                                        ;
; WRCONTROL_ACLR_A                   ; NONE                 ; Untyped                                                        ;
; INDATA_ACLR_A                      ; NONE                 ; Untyped                                                        ;
; BYTEENA_ACLR_A                     ; NONE                 ; Untyped                                                        ;
; WIDTH_B                            ; 1                    ; Untyped                                                        ;
; WIDTHAD_B                          ; 1                    ; Untyped                                                        ;
; NUMWORDS_B                         ; 1                    ; Untyped                                                        ;
; INDATA_REG_B                       ; CLOCK1               ; Untyped                                                        ;
; WRCONTROL_WRADDRESS_REG_B          ; CLOCK1               ; Untyped                                                        ;
; RDCONTROL_REG_B                    ; CLOCK1               ; Untyped                                                        ;
; ADDRESS_REG_B                      ; CLOCK1               ; Untyped                                                        ;
; OUTDATA_REG_B                      ; UNREGISTERED         ; Untyped                                                        ;
; BYTEENA_REG_B                      ; CLOCK1               ; Untyped                                                        ;
; INDATA_ACLR_B                      ; NONE                 ; Untyped                                                        ;
; WRCONTROL_ACLR_B                   ; NONE                 ; Untyped                                                        ;
; ADDRESS_ACLR_B                     ; NONE                 ; Untyped                                                        ;
; OUTDATA_ACLR_B                     ; NONE                 ; Untyped                                                        ;
; RDCONTROL_ACLR_B                   ; NONE                 ; Untyped                                                        ;
; BYTEENA_ACLR_B                     ; NONE                 ; Untyped                                                        ;
; WIDTH_BYTEENA_A                    ; 1                    ; Signed Integer                                                 ;
; WIDTH_BYTEENA_B                    ; 1                    ; Untyped                                                        ;
; RAM_BLOCK_TYPE                     ; AUTO                 ; Untyped                                                        ;
; BYTE_SIZE                          ; 8                    ; Untyped                                                        ;
; READ_DURING_WRITE_MODE_MIXED_PORTS ; DONT_CARE            ; Untyped                                                        ;
; READ_DURING_WRITE_MODE_PORT_A      ; NEW_DATA_NO_NBE_READ ; Untyped                                                        ;
; READ_DURING_WRITE_MODE_PORT_B      ; NEW_DATA_NO_NBE_READ ; Untyped                                                        ;
; INIT_FILE                          ; tcgrom.mif           ; Untyped                                                        ;
; INIT_FILE_LAYOUT                   ; PORT_A               ; Untyped                                                        ;
; MAXIMUM_DEPTH                      ; 0                    ; Untyped                                                        ;
; CLOCK_ENABLE_INPUT_A               ; BYPASS               ; Untyped                                                        ;
; CLOCK_ENABLE_INPUT_B               ; NORMAL               ; Untyped                                                        ;
; CLOCK_ENABLE_OUTPUT_A              ; BYPASS               ; Untyped                                                        ;
; CLOCK_ENABLE_OUTPUT_B              ; NORMAL               ; Untyped                                                        ;
; CLOCK_ENABLE_CORE_A                ; USE_INPUT_CLKEN      ; Untyped                                                        ;
; CLOCK_ENABLE_CORE_B                ; USE_INPUT_CLKEN      ; Untyped                                                        ;
; ENABLE_ECC                         ; FALSE                ; Untyped                                                        ;
; ECC_PIPELINE_STAGE_ENABLED         ; FALSE                ; Untyped                                                        ;
; WIDTH_ECCSTATUS                    ; 3                    ; Untyped                                                        ;
; DEVICE_FAMILY                      ; Cyclone V            ; Untyped                                                        ;
; CBXI_PARAMETER                     ; altsyncram_d5g1      ; Untyped                                                        ;
+------------------------------------+----------------------+----------------------------------------------------------------+
Note: In order to hide this table in the UI and the text report file, please set the "Show Parameter Settings in Synthesis Report" option in "Analysis and Synthesis Settings -> More Settings" to "Off".


+----------------------------------------------------------------------------------------------------------------------------+
; Parameter Settings for User Entity Instance: home_display:HOME_SCREEN_TEXT|char_rom:P3_ROM|altsyncram:altsyncram_component ;
+------------------------------------+----------------------+----------------------------------------------------------------+
; Parameter Name                     ; Value                ; Type                                                           ;
+------------------------------------+----------------------+----------------------------------------------------------------+
; BYTE_SIZE_BLOCK                    ; 8                    ; Untyped                                                        ;
; AUTO_CARRY_CHAINS                  ; ON                   ; AUTO_CARRY                                                     ;
; IGNORE_CARRY_BUFFERS               ; OFF                  ; IGNORE_CARRY                                                   ;
; AUTO_CASCADE_CHAINS                ; ON                   ; AUTO_CASCADE                                                   ;
; IGNORE_CASCADE_BUFFERS             ; OFF                  ; IGNORE_CASCADE                                                 ;
; WIDTH_BYTEENA                      ; 1                    ; Untyped                                                        ;
; OPERATION_MODE                     ; ROM                  ; Untyped                                                        ;
; WIDTH_A                            ; 8                    ; Signed Integer                                                 ;
; WIDTHAD_A                          ; 9                    ; Signed Integer                                                 ;
; NUMWORDS_A                         ; 512                  ; Signed Integer                                                 ;
; OUTDATA_REG_A                      ; UNREGISTERED         ; Untyped                                                        ;
; ADDRESS_ACLR_A                     ; NONE                 ; Untyped                                                        ;
; OUTDATA_ACLR_A                     ; NONE                 ; Untyped                                                        ;
; WRCONTROL_ACLR_A                   ; NONE                 ; Untyped                                                        ;
; INDATA_ACLR_A                      ; NONE                 ; Untyped                                                        ;
; BYTEENA_ACLR_A                     ; NONE                 ; Untyped                                                        ;
; WIDTH_B                            ; 1                    ; Untyped                                                        ;
; WIDTHAD_B                          ; 1                    ; Untyped                                                        ;
; NUMWORDS_B                         ; 1                    ; Untyped                                                        ;
; INDATA_REG_B                       ; CLOCK1               ; Untyped                                                        ;
; WRCONTROL_WRADDRESS_REG_B          ; CLOCK1               ; Untyped                                                        ;
; RDCONTROL_REG_B                    ; CLOCK1               ; Untyped                                                        ;
; ADDRESS_REG_B                      ; CLOCK1               ; Untyped                                                        ;
; OUTDATA_REG_B                      ; UNREGISTERED         ; Untyped                                                        ;
; BYTEENA_REG_B                      ; CLOCK1               ; Untyped                                                        ;
; INDATA_ACLR_B                      ; NONE                 ; Untyped                                                        ;
; WRCONTROL_ACLR_B                   ; NONE                 ; Untyped                                                        ;
; ADDRESS_ACLR_B                     ; NONE                 ; Untyped                                                        ;
; OUTDATA_ACLR_B                     ; NONE                 ; Untyped                                                        ;
; RDCONTROL_ACLR_B                   ; NONE                 ; Untyped                                                        ;
; BYTEENA_ACLR_B                     ; NONE                 ; Untyped                                                        ;
; WIDTH_BYTEENA_A                    ; 1                    ; Signed Integer                                                 ;
; WIDTH_BYTEENA_B                    ; 1                    ; Untyped                                                        ;
; RAM_BLOCK_TYPE                     ; AUTO                 ; Untyped                                                        ;
; BYTE_SIZE                          ; 8                    ; Untyped                                                        ;
; READ_DURING_WRITE_MODE_MIXED_PORTS ; DONT_CARE            ; Untyped                                                        ;
; READ_DURING_WRITE_MODE_PORT_A      ; NEW_DATA_NO_NBE_READ ; Untyped                                                        ;
; READ_DURING_WRITE_MODE_PORT_B      ; NEW_DATA_NO_NBE_READ ; Untyped                                                        ;
; INIT_FILE                          ; tcgrom.mif           ; Untyped                                                        ;
; INIT_FILE_LAYOUT                   ; PORT_A               ; Untyped                                                        ;
; MAXIMUM_DEPTH                      ; 0                    ; Untyped                                                        ;
; CLOCK_ENABLE_INPUT_A               ; BYPASS               ; Untyped                                                        ;
; CLOCK_ENABLE_INPUT_B               ; NORMAL               ; Untyped                                                        ;
; CLOCK_ENABLE_OUTPUT_A              ; BYPASS               ; Untyped                                                        ;
; CLOCK_ENABLE_OUTPUT_B              ; NORMAL               ; Untyped                                                        ;
; CLOCK_ENABLE_CORE_A                ; USE_INPUT_CLKEN      ; Untyped                                                        ;
; CLOCK_ENABLE_CORE_B                ; USE_INPUT_CLKEN      ; Untyped                                                        ;
; ENABLE_ECC                         ; FALSE                ; Untyped                                                        ;
; ECC_PIPELINE_STAGE_ENABLED         ; FALSE                ; Untyped                                                        ;
; WIDTH_ECCSTATUS                    ; 3                    ; Untyped                                                        ;
; DEVICE_FAMILY                      ; Cyclone V            ; Untyped                                                        ;
; CBXI_PARAMETER                     ; altsyncram_d5g1      ; Untyped                                                        ;
+------------------------------------+----------------------+----------------------------------------------------------------+
Note: In order to hide this table in the UI and the text report file, please set the "Show Parameter Settings in Synthesis Report" option in "Analysis and Synthesis Settings -> More Settings" to "Off".


+---------------------------------------------------------------------------------------------------------------------------+
; Parameter Settings for User Entity Instance: home_display:HOME_SCREEN_TEXT|char_rom:H_ROM|altsyncram:altsyncram_component ;
+------------------------------------+----------------------+---------------------------------------------------------------+
; Parameter Name                     ; Value                ; Type                                                          ;
+------------------------------------+----------------------+---------------------------------------------------------------+
; BYTE_SIZE_BLOCK                    ; 8                    ; Untyped                                                       ;
; AUTO_CARRY_CHAINS                  ; ON                   ; AUTO_CARRY                                                    ;
; IGNORE_CARRY_BUFFERS               ; OFF                  ; IGNORE_CARRY                                                  ;
; AUTO_CASCADE_CHAINS                ; ON                   ; AUTO_CASCADE                                                  ;
; IGNORE_CASCADE_BUFFERS             ; OFF                  ; IGNORE_CASCADE                                                ;
; WIDTH_BYTEENA                      ; 1                    ; Untyped                                                       ;
; OPERATION_MODE                     ; ROM                  ; Untyped                                                       ;
; WIDTH_A                            ; 8                    ; Signed Integer                                                ;
; WIDTHAD_A                          ; 9                    ; Signed Integer                                                ;
; NUMWORDS_A                         ; 512                  ; Signed Integer                                                ;
; OUTDATA_REG_A                      ; UNREGISTERED         ; Untyped                                                       ;
; ADDRESS_ACLR_A                     ; NONE                 ; Untyped                                                       ;
; OUTDATA_ACLR_A                     ; NONE                 ; Untyped                                                       ;
; WRCONTROL_ACLR_A                   ; NONE                 ; Untyped                                                       ;
; INDATA_ACLR_A                      ; NONE                 ; Untyped                                                       ;
; BYTEENA_ACLR_A                     ; NONE                 ; Untyped                                                       ;
; WIDTH_B                            ; 1                    ; Untyped                                                       ;
; WIDTHAD_B                          ; 1                    ; Untyped                                                       ;
; NUMWORDS_B                         ; 1                    ; Untyped                                                       ;
; INDATA_REG_B                       ; CLOCK1               ; Untyped                                                       ;
; WRCONTROL_WRADDRESS_REG_B          ; CLOCK1               ; Untyped                                                       ;
; RDCONTROL_REG_B                    ; CLOCK1               ; Untyped                                                       ;
; ADDRESS_REG_B                      ; CLOCK1               ; Untyped                                                       ;
; OUTDATA_REG_B                      ; UNREGISTERED         ; Untyped                                                       ;
; BYTEENA_REG_B                      ; CLOCK1               ; Untyped                                                       ;
; INDATA_ACLR_B                      ; NONE                 ; Untyped                                                       ;
; WRCONTROL_ACLR_B                   ; NONE                 ; Untyped                                                       ;
; ADDRESS_ACLR_B                     ; NONE                 ; Untyped                                                       ;
; OUTDATA_ACLR_B                     ; NONE                 ; Untyped                                                       ;
; RDCONTROL_ACLR_B                   ; NONE                 ; Untyped                                                       ;
; BYTEENA_ACLR_B                     ; NONE                 ; Untyped                                                       ;
; WIDTH_BYTEENA_A                    ; 1                    ; Signed Integer                                                ;
; WIDTH_BYTEENA_B                    ; 1                    ; Untyped                                                       ;
; RAM_BLOCK_TYPE                     ; AUTO                 ; Untyped                                                       ;
; BYTE_SIZE                          ; 8                    ; Untyped                                                       ;
; READ_DURING_WRITE_MODE_MIXED_PORTS ; DONT_CARE            ; Untyped                                                       ;
; READ_DURING_WRITE_MODE_PORT_A      ; NEW_DATA_NO_NBE_READ ; Untyped                                                       ;
; READ_DURING_WRITE_MODE_PORT_B      ; NEW_DATA_NO_NBE_READ ; Untyped                                                       ;
; INIT_FILE                          ; tcgrom.mif           ; Untyped                                                       ;
; INIT_FILE_LAYOUT                   ; PORT_A               ; Untyped                                                       ;
; MAXIMUM_DEPTH                      ; 0                    ; Untyped                                                       ;
; CLOCK_ENABLE_INPUT_A               ; BYPASS               ; Untyped                                                       ;
; CLOCK_ENABLE_INPUT_B               ; NORMAL               ; Untyped                                                       ;
; CLOCK_ENABLE_OUTPUT_A              ; BYPASS               ; Untyped                                                       ;
; CLOCK_ENABLE_OUTPUT_B              ; NORMAL               ; Untyped                                                       ;
; CLOCK_ENABLE_CORE_A                ; USE_INPUT_CLKEN      ; Untyped                                                       ;
; CLOCK_ENABLE_CORE_B                ; USE_INPUT_CLKEN      ; Untyped                                                       ;
; ENABLE_ECC                         ; FALSE                ; Untyped                                                       ;
; ECC_PIPELINE_STAGE_ENABLED         ; FALSE                ; Untyped                                                       ;
; WIDTH_ECCSTATUS                    ; 3                    ; Untyped                                                       ;
; DEVICE_FAMILY                      ; Cyclone V            ; Untyped                                                       ;
; CBXI_PARAMETER                     ; altsyncram_d5g1      ; Untyped                                                       ;
+------------------------------------+----------------------+---------------------------------------------------------------+
Note: In order to hide this table in the UI and the text report file, please set the "Show Parameter Settings in Synthesis Report" option in "Analysis and Synthesis Settings -> More Settings" to "Off".


+---------------------------------------------------------------------------------------------------------------------------+
; Parameter Settings for User Entity Instance: home_display:HOME_SCREEN_TEXT|char_rom:I_ROM|altsyncram:altsyncram_component ;
+------------------------------------+----------------------+---------------------------------------------------------------+
; Parameter Name                     ; Value                ; Type                                                          ;
+------------------------------------+----------------------+---------------------------------------------------------------+
; BYTE_SIZE_BLOCK                    ; 8                    ; Untyped                                                       ;
; AUTO_CARRY_CHAINS                  ; ON                   ; AUTO_CARRY                                                    ;
; IGNORE_CARRY_BUFFERS               ; OFF                  ; IGNORE_CARRY                                                  ;
; AUTO_CASCADE_CHAINS                ; ON                   ; AUTO_CASCADE                                                  ;
; IGNORE_CASCADE_BUFFERS             ; OFF                  ; IGNORE_CASCADE                                                ;
; WIDTH_BYTEENA                      ; 1                    ; Untyped                                                       ;
; OPERATION_MODE                     ; ROM                  ; Untyped                                                       ;
; WIDTH_A                            ; 8                    ; Signed Integer                                                ;
; WIDTHAD_A                          ; 9                    ; Signed Integer                                                ;
; NUMWORDS_A                         ; 512                  ; Signed Integer                                                ;
; OUTDATA_REG_A                      ; UNREGISTERED         ; Untyped                                                       ;
; ADDRESS_ACLR_A                     ; NONE                 ; Untyped                                                       ;
; OUTDATA_ACLR_A                     ; NONE                 ; Untyped                                                       ;
; WRCONTROL_ACLR_A                   ; NONE                 ; Untyped                                                       ;
; INDATA_ACLR_A                      ; NONE                 ; Untyped                                                       ;
; BYTEENA_ACLR_A                     ; NONE                 ; Untyped                                                       ;
; WIDTH_B                            ; 1                    ; Untyped                                                       ;
; WIDTHAD_B                          ; 1                    ; Untyped                                                       ;
; NUMWORDS_B                         ; 1                    ; Untyped                                                       ;
; INDATA_REG_B                       ; CLOCK1               ; Untyped                                                       ;
; WRCONTROL_WRADDRESS_REG_B          ; CLOCK1               ; Untyped                                                       ;
; RDCONTROL_REG_B                    ; CLOCK1               ; Untyped                                                       ;
; ADDRESS_REG_B                      ; CLOCK1               ; Untyped                                                       ;
; OUTDATA_REG_B                      ; UNREGISTERED         ; Untyped                                                       ;
; BYTEENA_REG_B                      ; CLOCK1               ; Untyped                                                       ;
; INDATA_ACLR_B                      ; NONE                 ; Untyped                                                       ;
; WRCONTROL_ACLR_B                   ; NONE                 ; Untyped                                                       ;
; ADDRESS_ACLR_B                     ; NONE                 ; Untyped                                                       ;
; OUTDATA_ACLR_B                     ; NONE                 ; Untyped                                                       ;
; RDCONTROL_ACLR_B                   ; NONE                 ; Untyped                                                       ;
; BYTEENA_ACLR_B                     ; NONE                 ; Untyped                                                       ;
; WIDTH_BYTEENA_A                    ; 1                    ; Signed Integer                                                ;
; WIDTH_BYTEENA_B                    ; 1                    ; Untyped                                                       ;
; RAM_BLOCK_TYPE                     ; AUTO                 ; Untyped                                                       ;
; BYTE_SIZE                          ; 8                    ; Untyped                                                       ;
; READ_DURING_WRITE_MODE_MIXED_PORTS ; DONT_CARE            ; Untyped                                                       ;
; READ_DURING_WRITE_MODE_PORT_A      ; NEW_DATA_NO_NBE_READ ; Untyped                                                       ;
; READ_DURING_WRITE_MODE_PORT_B      ; NEW_DATA_NO_NBE_READ ; Untyped                                                       ;
; INIT_FILE                          ; tcgrom.mif           ; Untyped                                                       ;
; INIT_FILE_LAYOUT                   ; PORT_A               ; Untyped                                                       ;
; MAXIMUM_DEPTH                      ; 0                    ; Untyped                                                       ;
; CLOCK_ENABLE_INPUT_A               ; BYPASS               ; Untyped                                                       ;
; CLOCK_ENABLE_INPUT_B               ; NORMAL               ; Untyped                                                       ;
; CLOCK_ENABLE_OUTPUT_A              ; BYPASS               ; Untyped                                                       ;
; CLOCK_ENABLE_OUTPUT_B              ; NORMAL               ; Untyped                                                       ;
; CLOCK_ENABLE_CORE_A                ; USE_INPUT_CLKEN      ; Untyped                                                       ;
; CLOCK_ENABLE_CORE_B                ; USE_INPUT_CLKEN      ; Untyped                                                       ;
; ENABLE_ECC                         ; FALSE                ; Untyped                                                       ;
; ECC_PIPELINE_STAGE_ENABLED         ; FALSE                ; Untyped                                                       ;
; WIDTH_ECCSTATUS                    ; 3                    ; Untyped                                                       ;
; DEVICE_FAMILY                      ; Cyclone V            ; Untyped                                                       ;
; CBXI_PARAMETER                     ; altsyncram_d5g1      ; Untyped                                                       ;
+------------------------------------+----------------------+---------------------------------------------------------------+
Note: In order to hide this table in the UI and the text report file, please set the "Show Parameter Settings in Synthesis Report" option in "Analysis and Synthesis Settings -> More Settings" to "Off".


+---------------------------------------------------------------------------------------------------------------------------+
; Parameter Settings for User Entity Instance: home_display:HOME_SCREEN_TEXT|char_rom:N_ROM|altsyncram:altsyncram_component ;
+------------------------------------+----------------------+---------------------------------------------------------------+
; Parameter Name                     ; Value                ; Type                                                          ;
+------------------------------------+----------------------+---------------------------------------------------------------+
; BYTE_SIZE_BLOCK                    ; 8                    ; Untyped                                                       ;
; AUTO_CARRY_CHAINS                  ; ON                   ; AUTO_CARRY                                                    ;
; IGNORE_CARRY_BUFFERS               ; OFF                  ; IGNORE_CARRY                                                  ;
; AUTO_CASCADE_CHAINS                ; ON                   ; AUTO_CASCADE                                                  ;
; IGNORE_CASCADE_BUFFERS             ; OFF                  ; IGNORE_CASCADE                                                ;
; WIDTH_BYTEENA                      ; 1                    ; Untyped                                                       ;
; OPERATION_MODE                     ; ROM                  ; Untyped                                                       ;
; WIDTH_A                            ; 8                    ; Signed Integer                                                ;
; WIDTHAD_A                          ; 9                    ; Signed Integer                                                ;
; NUMWORDS_A                         ; 512                  ; Signed Integer                                                ;
; OUTDATA_REG_A                      ; UNREGISTERED         ; Untyped                                                       ;
; ADDRESS_ACLR_A                     ; NONE                 ; Untyped                                                       ;
; OUTDATA_ACLR_A                     ; NONE                 ; Untyped                                                       ;
; WRCONTROL_ACLR_A                   ; NONE                 ; Untyped                                                       ;
; INDATA_ACLR_A                      ; NONE                 ; Untyped                                                       ;
; BYTEENA_ACLR_A                     ; NONE                 ; Untyped                                                       ;
; WIDTH_B                            ; 1                    ; Untyped                                                       ;
; WIDTHAD_B                          ; 1                    ; Untyped                                                       ;
; NUMWORDS_B                         ; 1                    ; Untyped                                                       ;
; INDATA_REG_B                       ; CLOCK1               ; Untyped                                                       ;
; WRCONTROL_WRADDRESS_REG_B          ; CLOCK1               ; Untyped                                                       ;
; RDCONTROL_REG_B                    ; CLOCK1               ; Untyped                                                       ;
; ADDRESS_REG_B                      ; CLOCK1               ; Untyped                                                       ;
; OUTDATA_REG_B                      ; UNREGISTERED         ; Untyped                                                       ;
; BYTEENA_REG_B                      ; CLOCK1               ; Untyped                                                       ;
; INDATA_ACLR_B                      ; NONE                 ; Untyped                                                       ;
; WRCONTROL_ACLR_B                   ; NONE                 ; Untyped                                                       ;
; ADDRESS_ACLR_B                     ; NONE                 ; Untyped                                                       ;
; OUTDATA_ACLR_B                     ; NONE                 ; Untyped                                                       ;
; RDCONTROL_ACLR_B                   ; NONE                 ; Untyped                                                       ;
; BYTEENA_ACLR_B                     ; NONE                 ; Untyped                                                       ;
; WIDTH_BYTEENA_A                    ; 1                    ; Signed Integer                                                ;
; WIDTH_BYTEENA_B                    ; 1                    ; Untyped                                                       ;
; RAM_BLOCK_TYPE                     ; AUTO                 ; Untyped                                                       ;
; BYTE_SIZE                          ; 8                    ; Untyped                                                       ;
; READ_DURING_WRITE_MODE_MIXED_PORTS ; DONT_CARE            ; Untyped                                                       ;
; READ_DURING_WRITE_MODE_PORT_A      ; NEW_DATA_NO_NBE_READ ; Untyped                                                       ;
; READ_DURING_WRITE_MODE_PORT_B      ; NEW_DATA_NO_NBE_READ ; Untyped                                                       ;
; INIT_FILE                          ; tcgrom.mif           ; Untyped                                                       ;
; INIT_FILE_LAYOUT                   ; PORT_A               ; Untyped                                                       ;
; MAXIMUM_DEPTH                      ; 0                    ; Untyped                                                       ;
; CLOCK_ENABLE_INPUT_A               ; BYPASS               ; Untyped                                                       ;
; CLOCK_ENABLE_INPUT_B               ; NORMAL               ; Untyped                                                       ;
; CLOCK_ENABLE_OUTPUT_A              ; BYPASS               ; Untyped                                                       ;
; CLOCK_ENABLE_OUTPUT_B              ; NORMAL               ; Untyped                                                       ;
; CLOCK_ENABLE_CORE_A                ; USE_INPUT_CLKEN      ; Untyped                                                       ;
; CLOCK_ENABLE_CORE_B                ; USE_INPUT_CLKEN      ; Untyped                                                       ;
; ENABLE_ECC                         ; FALSE                ; Untyped                                                       ;
; ECC_PIPELINE_STAGE_ENABLED         ; FALSE                ; Untyped                                                       ;
; WIDTH_ECCSTATUS                    ; 3                    ; Untyped                                                       ;
; DEVICE_FAMILY                      ; Cyclone V            ; Untyped                                                       ;
; CBXI_PARAMETER                     ; altsyncram_d5g1      ; Untyped                                                       ;
+------------------------------------+----------------------+---------------------------------------------------------------+
Note: In order to hide this table in the UI and the text report file, please set the "Show Parameter Settings in Synthesis Report" option in "Analysis and Synthesis Settings -> More Settings" to "Off".


+----------------------------------------------------------------------------------------------------------------------+
; Parameter Settings for User Entity Instance: lives:LIFE_DISPLAY|char_rom:HEART_ROM_1|altsyncram:altsyncram_component ;
+------------------------------------+----------------------+----------------------------------------------------------+
; Parameter Name                     ; Value                ; Type                                                     ;
+------------------------------------+----------------------+----------------------------------------------------------+
; BYTE_SIZE_BLOCK                    ; 8                    ; Untyped                                                  ;
; AUTO_CARRY_CHAINS                  ; ON                   ; AUTO_CARRY                                               ;
; IGNORE_CARRY_BUFFERS               ; OFF                  ; IGNORE_CARRY                                             ;
; AUTO_CASCADE_CHAINS                ; ON                   ; AUTO_CASCADE                                             ;
; IGNORE_CASCADE_BUFFERS             ; OFF                  ; IGNORE_CASCADE                                           ;
; WIDTH_BYTEENA                      ; 1                    ; Untyped                                                  ;
; OPERATION_MODE                     ; ROM                  ; Untyped                                                  ;
; WIDTH_A                            ; 8                    ; Signed Integer                                           ;
; WIDTHAD_A                          ; 9                    ; Signed Integer                                           ;
; NUMWORDS_A                         ; 512                  ; Signed Integer                                           ;
; OUTDATA_REG_A                      ; UNREGISTERED         ; Untyped                                                  ;
; ADDRESS_ACLR_A                     ; NONE                 ; Untyped                                                  ;
; OUTDATA_ACLR_A                     ; NONE                 ; Untyped                                                  ;
; WRCONTROL_ACLR_A                   ; NONE                 ; Untyped                                                  ;
; INDATA_ACLR_A                      ; NONE                 ; Untyped                                                  ;
; BYTEENA_ACLR_A                     ; NONE                 ; Untyped                                                  ;
; WIDTH_B                            ; 1                    ; Untyped                                                  ;
; WIDTHAD_B                          ; 1                    ; Untyped                                                  ;
; NUMWORDS_B                         ; 1                    ; Untyped                                                  ;
; INDATA_REG_B                       ; CLOCK1               ; Untyped                                                  ;
; WRCONTROL_WRADDRESS_REG_B          ; CLOCK1               ; Untyped                                                  ;
; RDCONTROL_REG_B                    ; CLOCK1               ; Untyped                                                  ;
; ADDRESS_REG_B                      ; CLOCK1               ; Untyped                                                  ;
; OUTDATA_REG_B                      ; UNREGISTERED         ; Untyped                                                  ;
; BYTEENA_REG_B                      ; CLOCK1               ; Untyped                                                  ;
; INDATA_ACLR_B                      ; NONE                 ; Untyped                                                  ;
; WRCONTROL_ACLR_B                   ; NONE                 ; Untyped                                                  ;
; ADDRESS_ACLR_B                     ; NONE                 ; Untyped                                                  ;
; OUTDATA_ACLR_B                     ; NONE                 ; Untyped                                                  ;
; RDCONTROL_ACLR_B                   ; NONE                 ; Untyped                                                  ;
; BYTEENA_ACLR_B                     ; NONE                 ; Untyped                                                  ;
; WIDTH_BYTEENA_A                    ; 1                    ; Signed Integer                                           ;
; WIDTH_BYTEENA_B                    ; 1                    ; Untyped                                                  ;
; RAM_BLOCK_TYPE                     ; AUTO                 ; Untyped                                                  ;
; BYTE_SIZE                          ; 8                    ; Untyped                                                  ;
; READ_DURING_WRITE_MODE_MIXED_PORTS ; DONT_CARE            ; Untyped                                                  ;
; READ_DURING_WRITE_MODE_PORT_A      ; NEW_DATA_NO_NBE_READ ; Untyped                                                  ;
; READ_DURING_WRITE_MODE_PORT_B      ; NEW_DATA_NO_NBE_READ ; Untyped                                                  ;
; INIT_FILE                          ; tcgrom.mif           ; Untyped                                                  ;
; INIT_FILE_LAYOUT                   ; PORT_A               ; Untyped                                                  ;
; MAXIMUM_DEPTH                      ; 0                    ; Untyped                                                  ;
; CLOCK_ENABLE_INPUT_A               ; BYPASS               ; Untyped                                                  ;
; CLOCK_ENABLE_INPUT_B               ; NORMAL               ; Untyped                                                  ;
; CLOCK_ENABLE_OUTPUT_A              ; BYPASS               ; Untyped                                                  ;
; CLOCK_ENABLE_OUTPUT_B              ; NORMAL               ; Untyped                                                  ;
; CLOCK_ENABLE_CORE_A                ; USE_INPUT_CLKEN      ; Untyped                                                  ;
; CLOCK_ENABLE_CORE_B                ; USE_INPUT_CLKEN      ; Untyped                                                  ;
; ENABLE_ECC                         ; FALSE                ; Untyped                                                  ;
; ECC_PIPELINE_STAGE_ENABLED         ; FALSE                ; Untyped                                                  ;
; WIDTH_ECCSTATUS                    ; 3                    ; Untyped                                                  ;
; DEVICE_FAMILY                      ; Cyclone V            ; Untyped                                                  ;
; CBXI_PARAMETER                     ; altsyncram_d5g1      ; Untyped                                                  ;
+------------------------------------+----------------------+----------------------------------------------------------+
Note: In order to hide this table in the UI and the text report file, please set the "Show Parameter Settings in Synthesis Report" option in "Analysis and Synthesis Settings -> More Settings" to "Off".


+----------------------------------------------------------------------------------------------------------------------+
; Parameter Settings for User Entity Instance: lives:LIFE_DISPLAY|char_rom:HEART_ROM_2|altsyncram:altsyncram_component ;
+------------------------------------+----------------------+----------------------------------------------------------+
; Parameter Name                     ; Value                ; Type                                                     ;
+------------------------------------+----------------------+----------------------------------------------------------+
; BYTE_SIZE_BLOCK                    ; 8                    ; Untyped                                                  ;
; AUTO_CARRY_CHAINS                  ; ON                   ; AUTO_CARRY                                               ;
; IGNORE_CARRY_BUFFERS               ; OFF                  ; IGNORE_CARRY                                             ;
; AUTO_CASCADE_CHAINS                ; ON                   ; AUTO_CASCADE                                             ;
; IGNORE_CASCADE_BUFFERS             ; OFF                  ; IGNORE_CASCADE                                           ;
; WIDTH_BYTEENA                      ; 1                    ; Untyped                                                  ;
; OPERATION_MODE                     ; ROM                  ; Untyped                                                  ;
; WIDTH_A                            ; 8                    ; Signed Integer                                           ;
; WIDTHAD_A                          ; 9                    ; Signed Integer                                           ;
; NUMWORDS_A                         ; 512                  ; Signed Integer                                           ;
; OUTDATA_REG_A                      ; UNREGISTERED         ; Untyped                                                  ;
; ADDRESS_ACLR_A                     ; NONE                 ; Untyped                                                  ;
; OUTDATA_ACLR_A                     ; NONE                 ; Untyped                                                  ;
; WRCONTROL_ACLR_A                   ; NONE                 ; Untyped                                                  ;
; INDATA_ACLR_A                      ; NONE                 ; Untyped                                                  ;
; BYTEENA_ACLR_A                     ; NONE                 ; Untyped                                                  ;
; WIDTH_B                            ; 1                    ; Untyped                                                  ;
; WIDTHAD_B                          ; 1                    ; Untyped                                                  ;
; NUMWORDS_B                         ; 1                    ; Untyped                                                  ;
; INDATA_REG_B                       ; CLOCK1               ; Untyped                                                  ;
; WRCONTROL_WRADDRESS_REG_B          ; CLOCK1               ; Untyped                                                  ;
; RDCONTROL_REG_B                    ; CLOCK1               ; Untyped                                                  ;
; ADDRESS_REG_B                      ; CLOCK1               ; Untyped                                                  ;
; OUTDATA_REG_B                      ; UNREGISTERED         ; Untyped                                                  ;
; BYTEENA_REG_B                      ; CLOCK1               ; Untyped                                                  ;
; INDATA_ACLR_B                      ; NONE                 ; Untyped                                                  ;
; WRCONTROL_ACLR_B                   ; NONE                 ; Untyped                                                  ;
; ADDRESS_ACLR_B                     ; NONE                 ; Untyped                                                  ;
; OUTDATA_ACLR_B                     ; NONE                 ; Untyped                                                  ;
; RDCONTROL_ACLR_B                   ; NONE                 ; Untyped                                                  ;
; BYTEENA_ACLR_B                     ; NONE                 ; Untyped                                                  ;
; WIDTH_BYTEENA_A                    ; 1                    ; Signed Integer                                           ;
; WIDTH_BYTEENA_B                    ; 1                    ; Untyped                                                  ;
; RAM_BLOCK_TYPE                     ; AUTO                 ; Untyped                                                  ;
; BYTE_SIZE                          ; 8                    ; Untyped                                                  ;
; READ_DURING_WRITE_MODE_MIXED_PORTS ; DONT_CARE            ; Untyped                                                  ;
; READ_DURING_WRITE_MODE_PORT_A      ; NEW_DATA_NO_NBE_READ ; Untyped                                                  ;
; READ_DURING_WRITE_MODE_PORT_B      ; NEW_DATA_NO_NBE_READ ; Untyped                                                  ;
; INIT_FILE                          ; tcgrom.mif           ; Untyped                                                  ;
; INIT_FILE_LAYOUT                   ; PORT_A               ; Untyped                                                  ;
; MAXIMUM_DEPTH                      ; 0                    ; Untyped                                                  ;
; CLOCK_ENABLE_INPUT_A               ; BYPASS               ; Untyped                                                  ;
; CLOCK_ENABLE_INPUT_B               ; NORMAL               ; Untyped                                                  ;
; CLOCK_ENABLE_OUTPUT_A              ; BYPASS               ; Untyped                                                  ;
; CLOCK_ENABLE_OUTPUT_B              ; NORMAL               ; Untyped                                                  ;
; CLOCK_ENABLE_CORE_A                ; USE_INPUT_CLKEN      ; Untyped                                                  ;
; CLOCK_ENABLE_CORE_B                ; USE_INPUT_CLKEN      ; Untyped                                                  ;
; ENABLE_ECC                         ; FALSE                ; Untyped                                                  ;
; ECC_PIPELINE_STAGE_ENABLED         ; FALSE                ; Untyped                                                  ;
; WIDTH_ECCSTATUS                    ; 3                    ; Untyped                                                  ;
; DEVICE_FAMILY                      ; Cyclone V            ; Untyped                                                  ;
; CBXI_PARAMETER                     ; altsyncram_d5g1      ; Untyped                                                  ;
+------------------------------------+----------------------+----------------------------------------------------------+
Note: In order to hide this table in the UI and the text report file, please set the "Show Parameter Settings in Synthesis Report" option in "Analysis and Synthesis Settings -> More Settings" to "Off".


+----------------------------------------------------------------------------------------------------------------------+
; Parameter Settings for User Entity Instance: lives:LIFE_DISPLAY|char_rom:HEART_ROM_3|altsyncram:altsyncram_component ;
+------------------------------------+----------------------+----------------------------------------------------------+
; Parameter Name                     ; Value                ; Type                                                     ;
+------------------------------------+----------------------+----------------------------------------------------------+
; BYTE_SIZE_BLOCK                    ; 8                    ; Untyped                                                  ;
; AUTO_CARRY_CHAINS                  ; ON                   ; AUTO_CARRY                                               ;
; IGNORE_CARRY_BUFFERS               ; OFF                  ; IGNORE_CARRY                                             ;
; AUTO_CASCADE_CHAINS                ; ON                   ; AUTO_CASCADE                                             ;
; IGNORE_CASCADE_BUFFERS             ; OFF                  ; IGNORE_CASCADE                                           ;
; WIDTH_BYTEENA                      ; 1                    ; Untyped                                                  ;
; OPERATION_MODE                     ; ROM                  ; Untyped                                                  ;
; WIDTH_A                            ; 8                    ; Signed Integer                                           ;
; WIDTHAD_A                          ; 9                    ; Signed Integer                                           ;
; NUMWORDS_A                         ; 512                  ; Signed Integer                                           ;
; OUTDATA_REG_A                      ; UNREGISTERED         ; Untyped                                                  ;
; ADDRESS_ACLR_A                     ; NONE                 ; Untyped                                                  ;
; OUTDATA_ACLR_A                     ; NONE                 ; Untyped                                                  ;
; WRCONTROL_ACLR_A                   ; NONE                 ; Untyped                                                  ;
; INDATA_ACLR_A                      ; NONE                 ; Untyped                                                  ;
; BYTEENA_ACLR_A                     ; NONE                 ; Untyped                                                  ;
; WIDTH_B                            ; 1                    ; Untyped                                                  ;
; WIDTHAD_B                          ; 1                    ; Untyped                                                  ;
; NUMWORDS_B                         ; 1                    ; Untyped                                                  ;
; INDATA_REG_B                       ; CLOCK1               ; Untyped                                                  ;
; WRCONTROL_WRADDRESS_REG_B          ; CLOCK1               ; Untyped                                                  ;
; RDCONTROL_REG_B                    ; CLOCK1               ; Untyped                                                  ;
; ADDRESS_REG_B                      ; CLOCK1               ; Untyped                                                  ;
; OUTDATA_REG_B                      ; UNREGISTERED         ; Untyped                                                  ;
; BYTEENA_REG_B                      ; CLOCK1               ; Untyped                                                  ;
; INDATA_ACLR_B                      ; NONE                 ; Untyped                                                  ;
; WRCONTROL_ACLR_B                   ; NONE                 ; Untyped                                                  ;
; ADDRESS_ACLR_B                     ; NONE                 ; Untyped                                                  ;
; OUTDATA_ACLR_B                     ; NONE                 ; Untyped                                                  ;
; RDCONTROL_ACLR_B                   ; NONE                 ; Untyped                                                  ;
; BYTEENA_ACLR_B                     ; NONE                 ; Untyped                                                  ;
; WIDTH_BYTEENA_A                    ; 1                    ; Signed Integer                                           ;
; WIDTH_BYTEENA_B                    ; 1                    ; Untyped                                                  ;
; RAM_BLOCK_TYPE                     ; AUTO                 ; Untyped                                                  ;
; BYTE_SIZE                          ; 8                    ; Untyped                                                  ;
; READ_DURING_WRITE_MODE_MIXED_PORTS ; DONT_CARE            ; Untyped                                                  ;
; READ_DURING_WRITE_MODE_PORT_A      ; NEW_DATA_NO_NBE_READ ; Untyped                                                  ;
; READ_DURING_WRITE_MODE_PORT_B      ; NEW_DATA_NO_NBE_READ ; Untyped                                                  ;
; INIT_FILE                          ; tcgrom.mif           ; Untyped                                                  ;
; INIT_FILE_LAYOUT                   ; PORT_A               ; Untyped                                                  ;
; MAXIMUM_DEPTH                      ; 0                    ; Untyped                                                  ;
; CLOCK_ENABLE_INPUT_A               ; BYPASS               ; Untyped                                                  ;
; CLOCK_ENABLE_INPUT_B               ; NORMAL               ; Untyped                                                  ;
; CLOCK_ENABLE_OUTPUT_A              ; BYPASS               ; Untyped                                                  ;
; CLOCK_ENABLE_OUTPUT_B              ; NORMAL               ; Untyped                                                  ;
; CLOCK_ENABLE_CORE_A                ; USE_INPUT_CLKEN      ; Untyped                                                  ;
; CLOCK_ENABLE_CORE_B                ; USE_INPUT_CLKEN      ; Untyped                                                  ;
; ENABLE_ECC                         ; FALSE                ; Untyped                                                  ;
; ECC_PIPELINE_STAGE_ENABLED         ; FALSE                ; Untyped                                                  ;
; WIDTH_ECCSTATUS                    ; 3                    ; Untyped                                                  ;
; DEVICE_FAMILY                      ; Cyclone V            ; Untyped                                                  ;
; CBXI_PARAMETER                     ; altsyncram_d5g1      ; Untyped                                                  ;
+------------------------------------+----------------------+----------------------------------------------------------+
Note: In order to hide this table in the UI and the text report file, please set the "Show Parameter Settings in Synthesis Report" option in "Analysis and Synthesis Settings -> More Settings" to "Off".


+---------------------------------------------------------------------------------------------------+
; Parameter Settings for Inferred Entity Instance: position_to_BCD:sevenseg_display|lpm_divide:Mod3 ;
+------------------------+----------------+---------------------------------------------------------+
; Parameter Name         ; Value          ; Type                                                    ;
+------------------------+----------------+---------------------------------------------------------+
; LPM_WIDTHN             ; 10             ; Untyped                                                 ;
; LPM_WIDTHD             ; 10             ; Untyped                                                 ;
; LPM_NREPRESENTATION    ; UNSIGNED       ; Untyped                                                 ;
; LPM_DREPRESENTATION    ; UNSIGNED       ; Untyped                                                 ;
; LPM_PIPELINE           ; 0              ; Untyped                                                 ;
; LPM_REMAINDERPOSITIVE  ; TRUE           ; Untyped                                                 ;
; MAXIMIZE_SPEED         ; 5              ; Untyped                                                 ;
; CBXI_PARAMETER         ; lpm_divide_u4m ; Untyped                                                 ;
; CARRY_CHAIN            ; MANUAL         ; Untyped                                                 ;
; OPTIMIZE_FOR_SPEED     ; 5              ; Untyped                                                 ;
; AUTO_CARRY_CHAINS      ; ON             ; AUTO_CARRY                                              ;
; IGNORE_CARRY_BUFFERS   ; OFF            ; IGNORE_CARRY                                            ;
; AUTO_CASCADE_CHAINS    ; ON             ; AUTO_CASCADE                                            ;
; IGNORE_CASCADE_BUFFERS ; OFF            ; IGNORE_CASCADE                                          ;
+------------------------+----------------+---------------------------------------------------------+
Note: In order to hide this table in the UI and the text report file, please set the "Show Parameter Settings in Synthesis Report" option in "Analysis and Synthesis Settings -> More Settings" to "Off".


+---------------------------------------------------------------------------------------------------+
; Parameter Settings for Inferred Entity Instance: position_to_BCD:sevenseg_display|lpm_divide:Div3 ;
+------------------------+----------------+---------------------------------------------------------+
; Parameter Name         ; Value          ; Type                                                    ;
+------------------------+----------------+---------------------------------------------------------+
; LPM_WIDTHN             ; 10             ; Untyped                                                 ;
; LPM_WIDTHD             ; 4              ; Untyped                                                 ;
; LPM_NREPRESENTATION    ; UNSIGNED       ; Untyped                                                 ;
; LPM_DREPRESENTATION    ; UNSIGNED       ; Untyped                                                 ;
; LPM_PIPELINE           ; 0              ; Untyped                                                 ;
; LPM_REMAINDERPOSITIVE  ; TRUE           ; Untyped                                                 ;
; MAXIMIZE_SPEED         ; 5              ; Untyped                                                 ;
; CBXI_PARAMETER         ; lpm_divide_ebm ; Untyped                                                 ;
; CARRY_CHAIN            ; MANUAL         ; Untyped                                                 ;
; OPTIMIZE_FOR_SPEED     ; 5              ; Untyped                                                 ;
; AUTO_CARRY_CHAINS      ; ON             ; AUTO_CARRY                                              ;
; IGNORE_CARRY_BUFFERS   ; OFF            ; IGNORE_CARRY                                            ;
; AUTO_CASCADE_CHAINS    ; ON             ; AUTO_CASCADE                                            ;
; IGNORE_CASCADE_BUFFERS ; OFF            ; IGNORE_CASCADE                                          ;
+------------------------+----------------+---------------------------------------------------------+
Note: In order to hide this table in the UI and the text report file, please set the "Show Parameter Settings in Synthesis Report" option in "Analysis and Synthesis Settings -> More Settings" to "Off".


+---------------------------------------------------------------------------------------------------+
; Parameter Settings for Inferred Entity Instance: position_to_BCD:sevenseg_display|lpm_divide:Mod2 ;
+------------------------+----------------+---------------------------------------------------------+
; Parameter Name         ; Value          ; Type                                                    ;
+------------------------+----------------+---------------------------------------------------------+
; LPM_WIDTHN             ; 10             ; Untyped                                                 ;
; LPM_WIDTHD             ; 10             ; Untyped                                                 ;
; LPM_NREPRESENTATION    ; UNSIGNED       ; Untyped                                                 ;
; LPM_DREPRESENTATION    ; UNSIGNED       ; Untyped                                                 ;
; LPM_PIPELINE           ; 0              ; Untyped                                                 ;
; LPM_REMAINDERPOSITIVE  ; TRUE           ; Untyped                                                 ;
; MAXIMIZE_SPEED         ; 5              ; Untyped                                                 ;
; CBXI_PARAMETER         ; lpm_divide_u4m ; Untyped                                                 ;
; CARRY_CHAIN            ; MANUAL         ; Untyped                                                 ;
; OPTIMIZE_FOR_SPEED     ; 5              ; Untyped                                                 ;
; AUTO_CARRY_CHAINS      ; ON             ; AUTO_CARRY                                              ;
; IGNORE_CARRY_BUFFERS   ; OFF            ; IGNORE_CARRY                                            ;
; AUTO_CASCADE_CHAINS    ; ON             ; AUTO_CASCADE                                            ;
; IGNORE_CASCADE_BUFFERS ; OFF            ; IGNORE_CASCADE                                          ;
+------------------------+----------------+---------------------------------------------------------+
Note: In order to hide this table in the UI and the text report file, please set the "Show Parameter Settings in Synthesis Report" option in "Analysis and Synthesis Settings -> More Settings" to "Off".


+---------------------------------------------------------------------------------------------------+
; Parameter Settings for Inferred Entity Instance: position_to_BCD:sevenseg_display|lpm_divide:Div2 ;
+------------------------+----------------+---------------------------------------------------------+
; Parameter Name         ; Value          ; Type                                                    ;
+------------------------+----------------+---------------------------------------------------------+
; LPM_WIDTHN             ; 10             ; Untyped                                                 ;
; LPM_WIDTHD             ; 7              ; Untyped                                                 ;
; LPM_NREPRESENTATION    ; UNSIGNED       ; Untyped                                                 ;
; LPM_DREPRESENTATION    ; UNSIGNED       ; Untyped                                                 ;
; LPM_PIPELINE           ; 0              ; Untyped                                                 ;
; LPM_REMAINDERPOSITIVE  ; TRUE           ; Untyped                                                 ;
; MAXIMIZE_SPEED         ; 5              ; Untyped                                                 ;
; CBXI_PARAMETER         ; lpm_divide_hbm ; Untyped                                                 ;
; CARRY_CHAIN            ; MANUAL         ; Untyped                                                 ;
; OPTIMIZE_FOR_SPEED     ; 5              ; Untyped                                                 ;
; AUTO_CARRY_CHAINS      ; ON             ; AUTO_CARRY                                              ;
; IGNORE_CARRY_BUFFERS   ; OFF            ; IGNORE_CARRY                                            ;
; AUTO_CASCADE_CHAINS    ; ON             ; AUTO_CASCADE                                            ;
; IGNORE_CASCADE_BUFFERS ; OFF            ; IGNORE_CASCADE                                          ;
+------------------------+----------------+---------------------------------------------------------+
Note: In order to hide this table in the UI and the text report file, please set the "Show Parameter Settings in Synthesis Report" option in "Analysis and Synthesis Settings -> More Settings" to "Off".


+---------------------------------------------------------------------------------------------------+
; Parameter Settings for Inferred Entity Instance: position_to_BCD:sevenseg_display|lpm_divide:Mod1 ;
+------------------------+----------------+---------------------------------------------------------+
; Parameter Name         ; Value          ; Type                                                    ;
+------------------------+----------------+---------------------------------------------------------+
; LPM_WIDTHN             ; 10             ; Untyped                                                 ;
; LPM_WIDTHD             ; 10             ; Untyped                                                 ;
; LPM_NREPRESENTATION    ; UNSIGNED       ; Untyped                                                 ;
; LPM_DREPRESENTATION    ; UNSIGNED       ; Untyped                                                 ;
; LPM_PIPELINE           ; 0              ; Untyped                                                 ;
; LPM_REMAINDERPOSITIVE  ; TRUE           ; Untyped                                                 ;
; MAXIMIZE_SPEED         ; 5              ; Untyped                                                 ;
; CBXI_PARAMETER         ; lpm_divide_u4m ; Untyped                                                 ;
; CARRY_CHAIN            ; MANUAL         ; Untyped                                                 ;
; OPTIMIZE_FOR_SPEED     ; 5              ; Untyped                                                 ;
; AUTO_CARRY_CHAINS      ; ON             ; AUTO_CARRY                                              ;
; IGNORE_CARRY_BUFFERS   ; OFF            ; IGNORE_CARRY                                            ;
; AUTO_CASCADE_CHAINS    ; ON             ; AUTO_CASCADE                                            ;
; IGNORE_CASCADE_BUFFERS ; OFF            ; IGNORE_CASCADE                                          ;
+------------------------+----------------+---------------------------------------------------------+
Note: In order to hide this table in the UI and the text report file, please set the "Show Parameter Settings in Synthesis Report" option in "Analysis and Synthesis Settings -> More Settings" to "Off".


+---------------------------------------------------------------------------------------------------+
; Parameter Settings for Inferred Entity Instance: position_to_BCD:sevenseg_display|lpm_divide:Div1 ;
+------------------------+----------------+---------------------------------------------------------+
; Parameter Name         ; Value          ; Type                                                    ;
+------------------------+----------------+---------------------------------------------------------+
; LPM_WIDTHN             ; 10             ; Untyped                                                 ;
; LPM_WIDTHD             ; 4              ; Untyped                                                 ;
; LPM_NREPRESENTATION    ; UNSIGNED       ; Untyped                                                 ;
; LPM_DREPRESENTATION    ; UNSIGNED       ; Untyped                                                 ;
; LPM_PIPELINE           ; 0              ; Untyped                                                 ;
; LPM_REMAINDERPOSITIVE  ; TRUE           ; Untyped                                                 ;
; MAXIMIZE_SPEED         ; 5              ; Untyped                                                 ;
; CBXI_PARAMETER         ; lpm_divide_ebm ; Untyped                                                 ;
; CARRY_CHAIN            ; MANUAL         ; Untyped                                                 ;
; OPTIMIZE_FOR_SPEED     ; 5              ; Untyped                                                 ;
; AUTO_CARRY_CHAINS      ; ON             ; AUTO_CARRY                                              ;
; IGNORE_CARRY_BUFFERS   ; OFF            ; IGNORE_CARRY                                            ;
; AUTO_CASCADE_CHAINS    ; ON             ; AUTO_CASCADE                                            ;
; IGNORE_CASCADE_BUFFERS ; OFF            ; IGNORE_CASCADE                                          ;
+------------------------+----------------+---------------------------------------------------------+
Note: In order to hide this table in the UI and the text report file, please set the "Show Parameter Settings in Synthesis Report" option in "Analysis and Synthesis Settings -> More Settings" to "Off".


+---------------------------------------------------------------------------------------------------+
; Parameter Settings for Inferred Entity Instance: position_to_BCD:sevenseg_display|lpm_divide:Mod0 ;
+------------------------+----------------+---------------------------------------------------------+
; Parameter Name         ; Value          ; Type                                                    ;
+------------------------+----------------+---------------------------------------------------------+
; LPM_WIDTHN             ; 10             ; Untyped                                                 ;
; LPM_WIDTHD             ; 10             ; Untyped                                                 ;
; LPM_NREPRESENTATION    ; UNSIGNED       ; Untyped                                                 ;
; LPM_DREPRESENTATION    ; UNSIGNED       ; Untyped                                                 ;
; LPM_PIPELINE           ; 0              ; Untyped                                                 ;
; LPM_REMAINDERPOSITIVE  ; TRUE           ; Untyped                                                 ;
; MAXIMIZE_SPEED         ; 5              ; Untyped                                                 ;
; CBXI_PARAMETER         ; lpm_divide_u4m ; Untyped                                                 ;
; CARRY_CHAIN            ; MANUAL         ; Untyped                                                 ;
; OPTIMIZE_FOR_SPEED     ; 5              ; Untyped                                                 ;
; AUTO_CARRY_CHAINS      ; ON             ; AUTO_CARRY                                              ;
; IGNORE_CARRY_BUFFERS   ; OFF            ; IGNORE_CARRY                                            ;
; AUTO_CASCADE_CHAINS    ; ON             ; AUTO_CASCADE                                            ;
; IGNORE_CASCADE_BUFFERS ; OFF            ; IGNORE_CASCADE                                          ;
+------------------------+----------------+---------------------------------------------------------+
Note: In order to hide this table in the UI and the text report file, please set the "Show Parameter Settings in Synthesis Report" option in "Analysis and Synthesis Settings -> More Settings" to "Off".


+---------------------------------------------------------------------------------------------------+
; Parameter Settings for Inferred Entity Instance: position_to_BCD:sevenseg_display|lpm_divide:Div0 ;
+------------------------+----------------+---------------------------------------------------------+
; Parameter Name         ; Value          ; Type                                                    ;
+------------------------+----------------+---------------------------------------------------------+
; LPM_WIDTHN             ; 10             ; Untyped                                                 ;
; LPM_WIDTHD             ; 7              ; Untyped                                                 ;
; LPM_NREPRESENTATION    ; UNSIGNED       ; Untyped                                                 ;
; LPM_DREPRESENTATION    ; UNSIGNED       ; Untyped                                                 ;
; LPM_PIPELINE           ; 0              ; Untyped                                                 ;
; LPM_REMAINDERPOSITIVE  ; TRUE           ; Untyped                                                 ;
; MAXIMIZE_SPEED         ; 5              ; Untyped                                                 ;
; CBXI_PARAMETER         ; lpm_divide_hbm ; Untyped                                                 ;
; CARRY_CHAIN            ; MANUAL         ; Untyped                                                 ;
; OPTIMIZE_FOR_SPEED     ; 5              ; Untyped                                                 ;
; AUTO_CARRY_CHAINS      ; ON             ; AUTO_CARRY                                              ;
; IGNORE_CARRY_BUFFERS   ; OFF            ; IGNORE_CARRY                                            ;
; AUTO_CASCADE_CHAINS    ; ON             ; AUTO_CASCADE                                            ;
; IGNORE_CASCADE_BUFFERS ; OFF            ; IGNORE_CASCADE                                          ;
+------------------------+----------------+---------------------------------------------------------+
Note: In order to hide this table in the UI and the text report file, please set the "Show Parameter Settings in Synthesis Report" option in "Analysis and Synthesis Settings -> More Settings" to "Off".


+---------------------------------------------------------------------------------------------------------------------------+
; altsyncram Parameter Settings by Entity Instance                                                                          ;
+-------------------------------------------+-------------------------------------------------------------------------------+
; Name                                      ; Value                                                                         ;
+-------------------------------------------+-------------------------------------------------------------------------------+
; Number of entity instances                ; 17                                                                            ;
; Entity Instance                           ; dolphin_sprite:DOLPHIN_SPRITE_INST|sprite_rom:DOLPHIN_ROM|altsyncram:ROM      ;
;     -- OPERATION_MODE                     ; ROM                                                                           ;
;     -- WIDTH_A                            ; 3                                                                             ;
;     -- NUMWORDS_A                         ; 256                                                                           ;
;     -- OUTDATA_REG_A                      ; UNREGISTERED                                                                  ;
;     -- WIDTH_B                            ; 1                                                                             ;
;     -- NUMWORDS_B                         ; 0                                                                             ;
;     -- ADDRESS_REG_B                      ; CLOCK1                                                                        ;
;     -- OUTDATA_REG_B                      ; UNREGISTERED                                                                  ;
;     -- RAM_BLOCK_TYPE                     ; AUTO                                                                          ;
;     -- READ_DURING_WRITE_MODE_MIXED_PORTS ; DONT_CARE                                                                     ;
; Entity Instance                           ; home_display:HOME_SCREEN_TEXT|char_rom:F_ROM|altsyncram:altsyncram_component  ;
;     -- OPERATION_MODE                     ; ROM                                                                           ;
;     -- WIDTH_A                            ; 8                                                                             ;
;     -- NUMWORDS_A                         ; 512                                                                           ;
;     -- OUTDATA_REG_A                      ; UNREGISTERED                                                                  ;
;     -- WIDTH_B                            ; 1                                                                             ;
;     -- NUMWORDS_B                         ; 1                                                                             ;
;     -- ADDRESS_REG_B                      ; CLOCK1                                                                        ;
;     -- OUTDATA_REG_B                      ; UNREGISTERED                                                                  ;
;     -- RAM_BLOCK_TYPE                     ; AUTO                                                                          ;
;     -- READ_DURING_WRITE_MODE_MIXED_PORTS ; DONT_CARE                                                                     ;
; Entity Instance                           ; home_display:HOME_SCREEN_TEXT|char_rom:L1_ROM|altsyncram:altsyncram_component ;
;     -- OPERATION_MODE                     ; ROM                                                                           ;
;     -- WIDTH_A                            ; 8                                                                             ;
;     -- NUMWORDS_A                         ; 512                                                                           ;
;     -- OUTDATA_REG_A                      ; UNREGISTERED                                                                  ;
;     -- WIDTH_B                            ; 1                                                                             ;
;     -- NUMWORDS_B                         ; 1                                                                             ;
;     -- ADDRESS_REG_B                      ; CLOCK1                                                                        ;
;     -- OUTDATA_REG_B                      ; UNREGISTERED                                                                  ;
;     -- RAM_BLOCK_TYPE                     ; AUTO                                                                          ;
;     -- READ_DURING_WRITE_MODE_MIXED_PORTS ; DONT_CARE                                                                     ;
; Entity Instance                           ; home_display:HOME_SCREEN_TEXT|char_rom:A_ROM|altsyncram:altsyncram_component  ;
;     -- OPERATION_MODE                     ; ROM                                                                           ;
;     -- WIDTH_A                            ; 8                                                                             ;
;     -- NUMWORDS_A                         ; 512                                                                           ;
;     -- OUTDATA_REG_A                      ; UNREGISTERED                                                                  ;
;     -- WIDTH_B                            ; 1                                                                             ;
;     -- NUMWORDS_B                         ; 1                                                                             ;
;     -- ADDRESS_REG_B                      ; CLOCK1                                                                        ;
;     -- OUTDATA_REG_B                      ; UNREGISTERED                                                                  ;
;     -- RAM_BLOCK_TYPE                     ; AUTO                                                                          ;
;     -- READ_DURING_WRITE_MODE_MIXED_PORTS ; DONT_CARE                                                                     ;
; Entity Instance                           ; home_display:HOME_SCREEN_TEXT|char_rom:P1_ROM|altsyncram:altsyncram_component ;
;     -- OPERATION_MODE                     ; ROM                                                                           ;
;     -- WIDTH_A                            ; 8                                                                             ;
;     -- NUMWORDS_A                         ; 512                                                                           ;
;     -- OUTDATA_REG_A                      ; UNREGISTERED                                                                  ;
;     -- WIDTH_B                            ; 1                                                                             ;
;     -- NUMWORDS_B                         ; 1                                                                             ;
;     -- ADDRESS_REG_B                      ; CLOCK1                                                                        ;
;     -- OUTDATA_REG_B                      ; UNREGISTERED                                                                  ;
;     -- RAM_BLOCK_TYPE                     ; AUTO                                                                          ;
;     -- READ_DURING_WRITE_MODE_MIXED_PORTS ; DONT_CARE                                                                     ;
; Entity Instance                           ; home_display:HOME_SCREEN_TEXT|char_rom:P2_ROM|altsyncram:altsyncram_component ;
;     -- OPERATION_MODE                     ; ROM                                                                           ;
;     -- WIDTH_A                            ; 8                                                                             ;
;     -- NUMWORDS_A                         ; 512                                                                           ;
;     -- OUTDATA_REG_A                      ; UNREGISTERED                                                                  ;
;     -- WIDTH_B                            ; 1                                                                             ;
;     -- NUMWORDS_B                         ; 1                                                                             ;
;     -- ADDRESS_REG_B                      ; CLOCK1                                                                        ;
;     -- OUTDATA_REG_B                      ; UNREGISTERED                                                                  ;
;     -- RAM_BLOCK_TYPE                     ; AUTO                                                                          ;
;     -- READ_DURING_WRITE_MODE_MIXED_PORTS ; DONT_CARE                                                                     ;
; Entity Instance                           ; home_display:HOME_SCREEN_TEXT|char_rom:Y_ROM|altsyncram:altsyncram_component  ;
;     -- OPERATION_MODE                     ; ROM                                                                           ;
;     -- WIDTH_A                            ; 8                                                                             ;
;     -- NUMWORDS_A                         ; 512                                                                           ;
;     -- OUTDATA_REG_A                      ; UNREGISTERED                                                                  ;
;     -- WIDTH_B                            ; 1                                                                             ;
;     -- NUMWORDS_B                         ; 1                                                                             ;
;     -- ADDRESS_REG_B                      ; CLOCK1                                                                        ;
;     -- OUTDATA_REG_B                      ; UNREGISTERED                                                                  ;
;     -- RAM_BLOCK_TYPE                     ; AUTO                                                                          ;
;     -- READ_DURING_WRITE_MODE_MIXED_PORTS ; DONT_CARE                                                                     ;
; Entity Instance                           ; home_display:HOME_SCREEN_TEXT|char_rom:D_ROM|altsyncram:altsyncram_component  ;
;     -- OPERATION_MODE                     ; ROM                                                                           ;
;     -- WIDTH_A                            ; 8                                                                             ;
;     -- NUMWORDS_A                         ; 512                                                                           ;
;     -- OUTDATA_REG_A                      ; UNREGISTERED                                                                  ;
;     -- WIDTH_B                            ; 1                                                                             ;
;     -- NUMWORDS_B                         ; 1                                                                             ;
;     -- ADDRESS_REG_B                      ; CLOCK1                                                                        ;
;     -- OUTDATA_REG_B                      ; UNREGISTERED                                                                  ;
;     -- RAM_BLOCK_TYPE                     ; AUTO                                                                          ;
;     -- READ_DURING_WRITE_MODE_MIXED_PORTS ; DONT_CARE                                                                     ;
; Entity Instance                           ; home_display:HOME_SCREEN_TEXT|char_rom:O_ROM|altsyncram:altsyncram_component  ;
;     -- OPERATION_MODE                     ; ROM                                                                           ;
;     -- WIDTH_A                            ; 8                                                                             ;
;     -- NUMWORDS_A                         ; 512                                                                           ;
;     -- OUTDATA_REG_A                      ; UNREGISTERED                                                                  ;
;     -- WIDTH_B                            ; 1                                                                             ;
;     -- NUMWORDS_B                         ; 1                                                                             ;
;     -- ADDRESS_REG_B                      ; CLOCK1                                                                        ;
;     -- OUTDATA_REG_B                      ; UNREGISTERED                                                                  ;
;     -- RAM_BLOCK_TYPE                     ; AUTO                                                                          ;
;     -- READ_DURING_WRITE_MODE_MIXED_PORTS ; DONT_CARE                                                                     ;
; Entity Instance                           ; home_display:HOME_SCREEN_TEXT|char_rom:L2_ROM|altsyncram:altsyncram_component ;
;     -- OPERATION_MODE                     ; ROM                                                                           ;
;     -- WIDTH_A                            ; 8                                                                             ;
;     -- NUMWORDS_A                         ; 512                                                                           ;
;     -- OUTDATA_REG_A                      ; UNREGISTERED                                                                  ;
;     -- WIDTH_B                            ; 1                                                                             ;
;     -- NUMWORDS_B                         ; 1                                                                             ;
;     -- ADDRESS_REG_B                      ; CLOCK1                                                                        ;
;     -- OUTDATA_REG_B                      ; UNREGISTERED                                                                  ;
;     -- RAM_BLOCK_TYPE                     ; AUTO                                                                          ;
;     -- READ_DURING_WRITE_MODE_MIXED_PORTS ; DONT_CARE                                                                     ;
; Entity Instance                           ; home_display:HOME_SCREEN_TEXT|char_rom:P3_ROM|altsyncram:altsyncram_component ;
;     -- OPERATION_MODE                     ; ROM                                                                           ;
;     -- WIDTH_A                            ; 8                                                                             ;
;     -- NUMWORDS_A                         ; 512                                                                           ;
;     -- OUTDATA_REG_A                      ; UNREGISTERED                                                                  ;
;     -- WIDTH_B                            ; 1                                                                             ;
;     -- NUMWORDS_B                         ; 1                                                                             ;
;     -- ADDRESS_REG_B                      ; CLOCK1                                                                        ;
;     -- OUTDATA_REG_B                      ; UNREGISTERED                                                                  ;
;     -- RAM_BLOCK_TYPE                     ; AUTO                                                                          ;
;     -- READ_DURING_WRITE_MODE_MIXED_PORTS ; DONT_CARE                                                                     ;
; Entity Instance                           ; home_display:HOME_SCREEN_TEXT|char_rom:H_ROM|altsyncram:altsyncram_component  ;
;     -- OPERATION_MODE                     ; ROM                                                                           ;
;     -- WIDTH_A                            ; 8                                                                             ;
;     -- NUMWORDS_A                         ; 512                                                                           ;
;     -- OUTDATA_REG_A                      ; UNREGISTERED                                                                  ;
;     -- WIDTH_B                            ; 1                                                                             ;
;     -- NUMWORDS_B                         ; 1                                                                             ;
;     -- ADDRESS_REG_B                      ; CLOCK1                                                                        ;
;     -- OUTDATA_REG_B                      ; UNREGISTERED                                                                  ;
;     -- RAM_BLOCK_TYPE                     ; AUTO                                                                          ;
;     -- READ_DURING_WRITE_MODE_MIXED_PORTS ; DONT_CARE                                                                     ;
; Entity Instance                           ; home_display:HOME_SCREEN_TEXT|char_rom:I_ROM|altsyncram:altsyncram_component  ;
;     -- OPERATION_MODE                     ; ROM                                                                           ;
;     -- WIDTH_A                            ; 8                                                                             ;
;     -- NUMWORDS_A                         ; 512                                                                           ;
;     -- OUTDATA_REG_A                      ; UNREGISTERED                                                                  ;
;     -- WIDTH_B                            ; 1                                                                             ;
;     -- NUMWORDS_B                         ; 1                                                                             ;
;     -- ADDRESS_REG_B                      ; CLOCK1                                                                        ;
;     -- OUTDATA_REG_B                      ; UNREGISTERED                                                                  ;
;     -- RAM_BLOCK_TYPE                     ; AUTO                                                                          ;
;     -- READ_DURING_WRITE_MODE_MIXED_PORTS ; DONT_CARE                                                                     ;
; Entity Instance                           ; home_display:HOME_SCREEN_TEXT|char_rom:N_ROM|altsyncram:altsyncram_component  ;
;     -- OPERATION_MODE                     ; ROM                                                                           ;
;     -- WIDTH_A                            ; 8                                                                             ;
;     -- NUMWORDS_A                         ; 512                                                                           ;
;     -- OUTDATA_REG_A                      ; UNREGISTERED                                                                  ;
;     -- WIDTH_B                            ; 1                                                                             ;
;     -- NUMWORDS_B                         ; 1                                                                             ;
;     -- ADDRESS_REG_B                      ; CLOCK1                                                                        ;
;     -- OUTDATA_REG_B                      ; UNREGISTERED                                                                  ;
;     -- RAM_BLOCK_TYPE                     ; AUTO                                                                          ;
;     -- READ_DURING_WRITE_MODE_MIXED_PORTS ; DONT_CARE                                                                     ;
; Entity Instance                           ; lives:LIFE_DISPLAY|char_rom:HEART_ROM_1|altsyncram:altsyncram_component       ;
;     -- OPERATION_MODE                     ; ROM                                                                           ;
;     -- WIDTH_A                            ; 8                                                                             ;
;     -- NUMWORDS_A                         ; 512                                                                           ;
;     -- OUTDATA_REG_A                      ; UNREGISTERED                                                                  ;
;     -- WIDTH_B                            ; 1                                                                             ;
;     -- NUMWORDS_B                         ; 1                                                                             ;
;     -- ADDRESS_REG_B                      ; CLOCK1                                                                        ;
;     -- OUTDATA_REG_B                      ; UNREGISTERED                                                                  ;
;     -- RAM_BLOCK_TYPE                     ; AUTO                                                                          ;
;     -- READ_DURING_WRITE_MODE_MIXED_PORTS ; DONT_CARE                                                                     ;
; Entity Instance                           ; lives:LIFE_DISPLAY|char_rom:HEART_ROM_2|altsyncram:altsyncram_component       ;
;     -- OPERATION_MODE                     ; ROM                                                                           ;
;     -- WIDTH_A                            ; 8                                                                             ;
;     -- NUMWORDS_A                         ; 512                                                                           ;
;     -- OUTDATA_REG_A                      ; UNREGISTERED                                                                  ;
;     -- WIDTH_B                            ; 1                                                                             ;
;     -- NUMWORDS_B                         ; 1                                                                             ;
;     -- ADDRESS_REG_B                      ; CLOCK1                                                                        ;
;     -- OUTDATA_REG_B                      ; UNREGISTERED                                                                  ;
;     -- RAM_BLOCK_TYPE                     ; AUTO                                                                          ;
;     -- READ_DURING_WRITE_MODE_MIXED_PORTS ; DONT_CARE                                                                     ;
; Entity Instance                           ; lives:LIFE_DISPLAY|char_rom:HEART_ROM_3|altsyncram:altsyncram_component       ;
;     -- OPERATION_MODE                     ; ROM                                                                           ;
;     -- WIDTH_A                            ; 8                                                                             ;
;     -- NUMWORDS_A                         ; 512                                                                           ;
;     -- OUTDATA_REG_A                      ; UNREGISTERED                                                                  ;
;     -- WIDTH_B                            ; 1                                                                             ;
;     -- NUMWORDS_B                         ; 1                                                                             ;
;     -- ADDRESS_REG_B                      ; CLOCK1                                                                        ;
;     -- OUTDATA_REG_B                      ; UNREGISTERED                                                                  ;
;     -- RAM_BLOCK_TYPE                     ; AUTO                                                                          ;
;     -- READ_DURING_WRITE_MODE_MIXED_PORTS ; DONT_CARE                                                                     ;
+-------------------------------------------+-------------------------------------------------------------------------------+


+----------------------------------------------------+
; Port Connectivity Checks: "lfsr:RANDOM_NUMBER"     ;
+------------------+-------+----------+--------------+
; Port             ; Type  ; Severity ; Details      ;
+------------------+-------+----------+--------------+
; enable           ; Input ; Info     ; Stuck at VCC ;
; initial_value[7] ; Input ; Info     ; Stuck at VCC ;
; initial_value[6] ; Input ; Info     ; Stuck at GND ;
; initial_value[5] ; Input ; Info     ; Stuck at VCC ;
; initial_value[4] ; Input ; Info     ; Stuck at GND ;
; initial_value[3] ; Input ; Info     ; Stuck at VCC ;
; initial_value[2] ; Input ; Info     ; Stuck at GND ;
; initial_value[1] ; Input ; Info     ; Stuck at VCC ;
; initial_value[0] ; Input ; Info     ; Stuck at GND ;
+------------------+-------+----------+--------------+


+-----------------------------------------------------------------------------------------------------------------------+
; Port Connectivity Checks: "bait:RANDOM_BAIT"                                                                          ;
+-------------+--------+----------+-------------------------------------------------------------------------------------+
; Port        ; Type   ; Severity ; Details                                                                             ;
+-------------+--------+----------+-------------------------------------------------------------------------------------+
; bait_enable ; Output ; Info     ; Connected to dangling logic. Logic that only feeds a dangling port will be removed. ;
+-------------+--------+----------+-------------------------------------------------------------------------------------+


+-----------------------------------------------------------------------------------------------------------------------------------------------+
; Port Connectivity Checks: "flappy_dolphin:PLAYER_CHARACTER"                                                                                   ;
+----------------+--------+----------+----------------------------------------------------------------------------------------------------------+
; Port           ; Type   ; Severity ; Details                                                                                                  ;
+----------------+--------+----------+----------------------------------------------------------------------------------------------------------+
; dolphin_on     ; Output ; Info     ; Connected to dangling logic. Logic that only feeds a dangling port will be removed.                      ;
; dolphin_enable ; Output ; Info     ; Connected to dangling logic. Logic that only feeds a dangling port will be removed.                      ;
; red            ; Output ; Warning  ; Declared by entity but not connected by instance. Logic that only feeds a dangling port will be removed. ;
; green          ; Output ; Warning  ; Declared by entity but not connected by instance. Logic that only feeds a dangling port will be removed. ;
; blue           ; Output ; Warning  ; Declared by entity but not connected by instance. Logic that only feeds a dangling port will be removed. ;
+----------------+--------+----------+----------------------------------------------------------------------------------------------------------+


+-----------------------------------------------------------------------------------------------------------------------+
; Port Connectivity Checks: "PIPES:PIPE_DISPLAY"                                                                        ;
+-------------+--------+----------+-------------------------------------------------------------------------------------+
; Port        ; Type   ; Severity ; Details                                                                             ;
+-------------+--------+----------+-------------------------------------------------------------------------------------+
; pipe_enable ; Output ; Info     ; Connected to dangling logic. Logic that only feeds a dangling port will be removed. ;
+-------------+--------+----------+-------------------------------------------------------------------------------------+


+------------------------------------------------------------------------------------------------------------------------+
; Port Connectivity Checks: "MOUSE:MOUSE_CONTROLS"                                                                       ;
+--------------+--------+----------+-------------------------------------------------------------------------------------+
; Port         ; Type   ; Severity ; Details                                                                             ;
+--------------+--------+----------+-------------------------------------------------------------------------------------+
; right_button ; Output ; Info     ; Connected to dangling logic. Logic that only feeds a dangling port will be removed. ;
+--------------+--------+----------+-------------------------------------------------------------------------------------+


+---------------------------------------------------------------------+
; Port Connectivity Checks: "lives:LIFE_DISPLAY|char_rom:HEART_ROM_3" ;
+-------------------------+-------+----------+------------------------+
; Port                    ; Type  ; Severity ; Details                ;
+-------------------------+-------+----------+------------------------+
; character_address[4..0] ; Input ; Info     ; Stuck at GND           ;
; character_address[5]    ; Input ; Info     ; Stuck at VCC           ;
+-------------------------+-------+----------+------------------------+


+---------------------------------------------------------------------+
; Port Connectivity Checks: "lives:LIFE_DISPLAY|char_rom:HEART_ROM_2" ;
+-------------------------+-------+----------+------------------------+
; Port                    ; Type  ; Severity ; Details                ;
+-------------------------+-------+----------+------------------------+
; character_address[4..0] ; Input ; Info     ; Stuck at GND           ;
; character_address[5]    ; Input ; Info     ; Stuck at VCC           ;
+-------------------------+-------+----------+------------------------+


+---------------------------------------------------------------------+
; Port Connectivity Checks: "lives:LIFE_DISPLAY|char_rom:HEART_ROM_1" ;
+-------------------------+-------+----------+------------------------+
; Port                    ; Type  ; Severity ; Details                ;
+-------------------------+-------+----------+------------------------+
; character_address[4..0] ; Input ; Info     ; Stuck at GND           ;
; character_address[5]    ; Input ; Info     ; Stuck at VCC           ;
+-------------------------+-------+----------+------------------------+


+------------------------------------------------+
; Port Connectivity Checks: "lives:LIFE_DISPLAY" ;
+------------+-------+----------+----------------+
; Port       ; Type  ; Severity ; Details        ;
+------------+-------+----------+----------------+
; life_one   ; Input ; Info     ; Stuck at VCC   ;
; life_two   ; Input ; Info     ; Stuck at VCC   ;
; life_three ; Input ; Info     ; Stuck at GND   ;
+------------+-------+----------+----------------+


+------------------------------------------------------+
; Port Connectivity Checks: "FSM:FINITE_STATE_MACHINE" ;
+------+-------+----------+----------------------------+
; Port ; Type  ; Severity ; Details                    ;
+------+-------+----------+----------------------------+
; life ; Input ; Info     ; Stuck at VCC               ;
+------+-------+----------+----------------------------+


+--------------------------------------------------------------------------+
; Port Connectivity Checks: "home_display:HOME_SCREEN_TEXT|char_rom:N_ROM" ;
+-------------------------+-------+----------+-----------------------------+
; Port                    ; Type  ; Severity ; Details                     ;
+-------------------------+-------+----------+-----------------------------+
; character_address[3..1] ; Input ; Info     ; Stuck at VCC                ;
; character_address[5..4] ; Input ; Info     ; Stuck at GND                ;
; character_address[0]    ; Input ; Info     ; Stuck at GND                ;
+-------------------------+-------+----------+-----------------------------+


+--------------------------------------------------------------------------+
; Port Connectivity Checks: "home_display:HOME_SCREEN_TEXT|char_rom:I_ROM" ;
+-------------------------+-------+----------+-----------------------------+
; Port                    ; Type  ; Severity ; Details                     ;
+-------------------------+-------+----------+-----------------------------+
; character_address[5..4] ; Input ; Info     ; Stuck at GND                ;
; character_address[2..1] ; Input ; Info     ; Stuck at GND                ;
; character_address[3]    ; Input ; Info     ; Stuck at VCC                ;
; character_address[0]    ; Input ; Info     ; Stuck at VCC                ;
+-------------------------+-------+----------+-----------------------------+


+--------------------------------------------------------------------------+
; Port Connectivity Checks: "home_display:HOME_SCREEN_TEXT|char_rom:H_ROM" ;
+-------------------------+-------+----------+-----------------------------+
; Port                    ; Type  ; Severity ; Details                     ;
+-------------------------+-------+----------+-----------------------------+
; character_address[5..4] ; Input ; Info     ; Stuck at GND                ;
; character_address[2..0] ; Input ; Info     ; Stuck at GND                ;
; character_address[3]    ; Input ; Info     ; Stuck at VCC                ;
+-------------------------+-------+----------+-----------------------------+


+---------------------------------------------------------------------------+
; Port Connectivity Checks: "home_display:HOME_SCREEN_TEXT|char_rom:P3_ROM" ;
+-------------------------+-------+----------+------------------------------+
; Port                    ; Type  ; Severity ; Details                      ;
+-------------------------+-------+----------+------------------------------+
; character_address[3..0] ; Input ; Info     ; Stuck at GND                 ;
; character_address[5]    ; Input ; Info     ; Stuck at GND                 ;
; character_address[4]    ; Input ; Info     ; Stuck at VCC                 ;
+-------------------------+-------+----------+------------------------------+


+---------------------------------------------------------------------------+
; Port Connectivity Checks: "home_display:HOME_SCREEN_TEXT|char_rom:L2_ROM" ;
+-------------------------+-------+----------+------------------------------+
; Port                    ; Type  ; Severity ; Details                      ;
+-------------------------+-------+----------+------------------------------+
; character_address[3..2] ; Input ; Info     ; Stuck at VCC                 ;
; character_address[5..4] ; Input ; Info     ; Stuck at GND                 ;
; character_address[1..0] ; Input ; Info     ; Stuck at GND                 ;
+-------------------------+-------+----------+------------------------------+


+--------------------------------------------------------------------------+
; Port Connectivity Checks: "home_display:HOME_SCREEN_TEXT|char_rom:O_ROM" ;
+-------------------------+-------+----------+-----------------------------+
; Port                    ; Type  ; Severity ; Details                     ;
+-------------------------+-------+----------+-----------------------------+
; character_address[3..0] ; Input ; Info     ; Stuck at VCC                ;
; character_address[5..4] ; Input ; Info     ; Stuck at GND                ;
+-------------------------+-------+----------+-----------------------------+


+--------------------------------------------------------------------------+
; Port Connectivity Checks: "home_display:HOME_SCREEN_TEXT|char_rom:D_ROM" ;
+-------------------------+-------+----------+-----------------------------+
; Port                    ; Type  ; Severity ; Details                     ;
+-------------------------+-------+----------+-----------------------------+
; character_address[5..3] ; Input ; Info     ; Stuck at GND                ;
; character_address[1..0] ; Input ; Info     ; Stuck at GND                ;
; character_address[2]    ; Input ; Info     ; Stuck at VCC                ;
+-------------------------+-------+----------+-----------------------------+


+--------------------------------------------------------------------------+
; Port Connectivity Checks: "home_display:HOME_SCREEN_TEXT|char_rom:Y_ROM" ;
+-------------------------+-------+----------+-----------------------------+
; Port                    ; Type  ; Severity ; Details                     ;
+-------------------------+-------+----------+-----------------------------+
; character_address[4..3] ; Input ; Info     ; Stuck at VCC                ;
; character_address[2..1] ; Input ; Info     ; Stuck at GND                ;
; character_address[5]    ; Input ; Info     ; Stuck at GND                ;
; character_address[0]    ; Input ; Info     ; Stuck at VCC                ;
+-------------------------+-------+----------+-----------------------------+


+---------------------------------------------------------------------------+
; Port Connectivity Checks: "home_display:HOME_SCREEN_TEXT|char_rom:P2_ROM" ;
+-------------------------+-------+----------+------------------------------+
; Port                    ; Type  ; Severity ; Details                      ;
+-------------------------+-------+----------+------------------------------+
; character_address[3..0] ; Input ; Info     ; Stuck at GND                 ;
; character_address[5]    ; Input ; Info     ; Stuck at GND                 ;
; character_address[4]    ; Input ; Info     ; Stuck at VCC                 ;
+-------------------------+-------+----------+------------------------------+


+---------------------------------------------------------------------------+
; Port Connectivity Checks: "home_display:HOME_SCREEN_TEXT|char_rom:P1_ROM" ;
+-------------------------+-------+----------+------------------------------+
; Port                    ; Type  ; Severity ; Details                      ;
+-------------------------+-------+----------+------------------------------+
; character_address[3..0] ; Input ; Info     ; Stuck at GND                 ;
; character_address[5]    ; Input ; Info     ; Stuck at GND                 ;
; character_address[4]    ; Input ; Info     ; Stuck at VCC                 ;
+-------------------------+-------+----------+------------------------------+


+--------------------------------------------------------------------------+
; Port Connectivity Checks: "home_display:HOME_SCREEN_TEXT|char_rom:A_ROM" ;
+-------------------------+-------+----------+-----------------------------+
; Port                    ; Type  ; Severity ; Details                     ;
+-------------------------+-------+----------+-----------------------------+
; character_address[5..1] ; Input ; Info     ; Stuck at GND                ;
; character_address[0]    ; Input ; Info     ; Stuck at VCC                ;
+-------------------------+-------+----------+-----------------------------+


+---------------------------------------------------------------------------+
; Port Connectivity Checks: "home_display:HOME_SCREEN_TEXT|char_rom:L1_ROM" ;
+-------------------------+-------+----------+------------------------------+
; Port                    ; Type  ; Severity ; Details                      ;
+-------------------------+-------+----------+------------------------------+
; character_address[3..2] ; Input ; Info     ; Stuck at VCC                 ;
; character_address[5..4] ; Input ; Info     ; Stuck at GND                 ;
; character_address[1..0] ; Input ; Info     ; Stuck at GND                 ;
+-------------------------+-------+----------+------------------------------+


+--------------------------------------------------------------------------+
; Port Connectivity Checks: "home_display:HOME_SCREEN_TEXT|char_rom:F_ROM" ;
+-------------------------+-------+----------+-----------------------------+
; Port                    ; Type  ; Severity ; Details                     ;
+-------------------------+-------+----------+-----------------------------+
; character_address[2..1] ; Input ; Info     ; Stuck at VCC                ;
; character_address[5..3] ; Input ; Info     ; Stuck at GND                ;
; character_address[0]    ; Input ; Info     ; Stuck at GND                ;
+-------------------------+-------+----------+-----------------------------+


+------------------------------------------------------------------------------------------------------------------+
; Port Connectivity Checks: "pll:clock_divider"                                                                    ;
+--------+--------+----------+-------------------------------------------------------------------------------------+
; Port   ; Type   ; Severity ; Details                                                                             ;
+--------+--------+----------+-------------------------------------------------------------------------------------+
; rst    ; Input  ; Info     ; Stuck at GND                                                                        ;
; locked ; Output ; Info     ; Connected to dangling logic. Logic that only feeds a dangling port will be removed. ;
+--------+--------+----------+-------------------------------------------------------------------------------------+


+-----------------------------------------------------+
; Post-Synthesis Netlist Statistics for Top Partition ;
+-----------------------+-----------------------------+
; Type                  ; Count                       ;
+-----------------------+-----------------------------+
; arriav_ff             ; 252                         ;
;     CLR               ; 17                          ;
;     ENA               ; 77                          ;
;     ENA CLR           ; 33                          ;
;     ENA SCLR          ; 18                          ;
;     ENA SLD           ; 20                          ;
;     SCLR              ; 28                          ;
;     plain             ; 59                          ;
; arriav_io_obuf        ; 2                           ;
; arriav_lcell_comb     ; 1378                        ;
;     arith             ; 635                         ;
;         0 data inputs ; 82                          ;
;         1 data inputs ; 277                         ;
;         2 data inputs ; 55                          ;
;         3 data inputs ; 144                         ;
;         4 data inputs ; 77                          ;
;     extend            ; 31                          ;
;         7 data inputs ; 31                          ;
;     normal            ; 640                         ;
;         0 data inputs ; 1                           ;
;         1 data inputs ; 17                          ;
;         2 data inputs ; 175                         ;
;         3 data inputs ; 121                         ;
;         4 data inputs ; 124                         ;
;         5 data inputs ; 108                         ;
;         6 data inputs ; 94                          ;
;     shared            ; 72                          ;
;         0 data inputs ; 17                          ;
;         1 data inputs ; 42                          ;
;         2 data inputs ; 13                          ;
; boundary_port         ; 83                          ;
; generic_pll           ; 1                           ;
; stratixv_ram_block    ; 123                         ;
;                       ;                             ;
; Max LUT depth         ; 15.70                       ;
; Average LUT depth     ; 8.04                        ;
+-----------------------+-----------------------------+


+-------------------------------+
; Elapsed Time Per Partition    ;
+----------------+--------------+
; Partition Name ; Elapsed Time ;
+----------------+--------------+
; Top            ; 00:00:02     ;
+----------------+--------------+


+-------------------------------+
; Analysis & Synthesis Messages ;
+-------------------------------+
Info: *******************************************************************
Info: Running Quartus Prime Analysis & Synthesis
    Info: Version 18.1.0 Build 625 09/12/2018 SJ Standard Edition
    Info: Processing started: Fri May 22 17:58:22 2026
Info: Command: quartus_map --read_settings_files=on --write_settings_files=off group_27 -c top_level
Warning (18236): Number of processors has not been specified which may cause overloading on shared machines.  Set the global assignment NUM_PARALLEL_PROCESSORS in your QSF to an appropriate value for best performance.
Info (20030): Parallel compilation is enabled and will use 16 of the 16 processors detected
Info (12021): Found 2 design units, including 1 entities, in source file fsm.vhd
    Info (12022): Found design unit 1: FSM-Moore File: C:/Users/adun475/Documents/COMPSYS_305_Mini_Project/FSM.vhd Line: 23
    Info (12023): Found entity 1: FSM File: C:/Users/adun475/Documents/COMPSYS_305_Mini_Project/FSM.vhd Line: 7
Info (12021): Found 2 design units, including 1 entities, in source file sprite_rom.vhd
    Info (12022): Found design unit 1: sprite_rom-SYN File: C:/Users/adun475/Documents/COMPSYS_305_Mini_Project/sprite_rom.vhd Line: 19
    Info (12023): Found entity 1: sprite_rom File: C:/Users/adun475/Documents/COMPSYS_305_Mini_Project/sprite_rom.vhd Line: 10
Info (12021): Found 2 design units, including 1 entities, in source file lives.vhd
    Info (12022): Found design unit 1: lives-behaviour File: C:/Users/adun475/Documents/COMPSYS_305_Mini_Project/lives.vhd Line: 19
    Info (12023): Found entity 1: lives File: C:/Users/adun475/Documents/COMPSYS_305_Mini_Project/lives.vhd Line: 9
Info (12021): Found 2 design units, including 1 entities, in source file layer.vhd
    Info (12022): Found design unit 1: layer-behaviour File: C:/Users/adun475/Documents/COMPSYS_305_Mini_Project/layer.vhd Line: 22
    Info (12023): Found entity 1: layer File: C:/Users/adun475/Documents/COMPSYS_305_Mini_Project/layer.vhd Line: 6
Info (12021): Found 2 design units, including 1 entities, in source file dolphin_sprite.vhd
    Info (12022): Found design unit 1: dolphin_sprite-behaviour File: C:/Users/adun475/Documents/COMPSYS_305_Mini_Project/dolphin_sprite.vhd Line: 18
    Info (12023): Found entity 1: dolphin_sprite File: C:/Users/adun475/Documents/COMPSYS_305_Mini_Project/dolphin_sprite.vhd Line: 6
Info (12021): Found 2 design units, including 1 entities, in source file collision_detector.vhd
    Info (12022): Found design unit 1: COLLISION_DETECTOR-behavior File: C:/Users/adun475/Documents/COMPSYS_305_Mini_Project/collision_detector.vhd Line: 13
    Info (12023): Found entity 1: COLLISION_DETECTOR File: C:/Users/adun475/Documents/COMPSYS_305_Mini_Project/collision_detector.vhd Line: 6
Info (12021): Found 2 design units, including 1 entities, in source file bait.vhd
    Info (12022): Found design unit 1: bait-behaviour File: C:/Users/adun475/Documents/COMPSYS_305_Mini_Project/bait.vhd Line: 22
    Info (12023): Found entity 1: bait File: C:/Users/adun475/Documents/COMPSYS_305_Mini_Project/bait.vhd Line: 12
Info (12021): Found 2 design units, including 1 entities, in source file home_display.vhd
    Info (12022): Found design unit 1: home_display-behaviour File: C:/Users/adun475/Documents/COMPSYS_305_Mini_Project/home_display.vhd Line: 18
    Info (12023): Found entity 1: home_display File: C:/Users/adun475/Documents/COMPSYS_305_Mini_Project/home_display.vhd Line: 10
Info (12021): Found 2 design units, including 1 entities, in source file pipes.vhd
    Info (12022): Found design unit 1: PIPES-behavior File: C:/Users/adun475/Documents/COMPSYS_305_Mini_Project/pipes.vhd Line: 27
    Info (12023): Found entity 1: PIPES File: C:/Users/adun475/Documents/COMPSYS_305_Mini_Project/pipes.vhd Line: 12
Info (12021): Found 2 design units, including 1 entities, in source file lfsr.vhd
    Info (12022): Found design unit 1: lfsr-behavior File: C:/Users/adun475/Documents/COMPSYS_305_Mini_Project/LFSR.vhd Line: 19
    Info (12023): Found entity 1: lfsr File: C:/Users/adun475/Documents/COMPSYS_305_Mini_Project/LFSR.vhd Line: 9
Info (12021): Found 2 design units, including 1 entities, in source file background.vhd
    Info (12022): Found design unit 1: BACKGROUND-behavior File: C:/Users/adun475/Documents/COMPSYS_305_Mini_Project/background.vhd Line: 20
    Info (12023): Found entity 1: BACKGROUND File: C:/Users/adun475/Documents/COMPSYS_305_Mini_Project/background.vhd Line: 9
Warning (12019): Can't analyze file -- file click_counter.vhd is missing
Info (12021): Found 2 design units, including 1 entities, in source file position_to_bcd.vhd
    Info (12022): Found design unit 1: position_to_BCD-behavior File: C:/Users/adun475/Documents/COMPSYS_305_Mini_Project/position_to_BCD.vhd Line: 20
    Info (12023): Found entity 1: position_to_BCD File: C:/Users/adun475/Documents/COMPSYS_305_Mini_Project/position_to_BCD.vhd Line: 6
Info (12021): Found 2 design units, including 1 entities, in source file text_display.vhd
    Info (12022): Found design unit 1: text_display-behaviour File: C:/Users/adun475/Documents/COMPSYS_305_Mini_Project/text_display.vhd Line: 16
    Info (12023): Found entity 1: text_display File: C:/Users/adun475/Documents/COMPSYS_305_Mini_Project/text_display.vhd Line: 6
Info (12021): Found 2 design units, including 1 entities, in source file vga_sync.vhd
    Info (12022): Found design unit 1: VGA_SYNC-a File: C:/Users/adun475/Documents/COMPSYS_305_Mini_Project/vga_sync.vhd Line: 13
    Info (12023): Found entity 1: VGA_SYNC File: C:/Users/adun475/Documents/COMPSYS_305_Mini_Project/vga_sync.vhd Line: 7
Info (12021): Found 2 design units, including 1 entities, in source file top_level.vhd
    Info (12022): Found design unit 1: TOP_LEVEL-BEHAVIOUR File: C:/Users/adun475/Documents/COMPSYS_305_Mini_Project/top_level.vhd Line: 18
    Info (12023): Found entity 1: top_level File: C:/Users/adun475/Documents/COMPSYS_305_Mini_Project/top_level.vhd Line: 6
Info (12021): Found 2 design units, including 1 entities, in source file mouse.vhd
    Info (12022): Found design unit 1: MOUSE-behavior File: C:/Users/adun475/Documents/COMPSYS_305_Mini_Project/mouse.vhd Line: 18
    Info (12023): Found entity 1: MOUSE File: C:/Users/adun475/Documents/COMPSYS_305_Mini_Project/mouse.vhd Line: 9
Info (12021): Found 2 design units, including 1 entities, in source file flappy_dolphin.vhd
    Info (12022): Found design unit 1: flappy_dolphin-behavior File: C:/Users/adun475/Documents/COMPSYS_305_Mini_Project/flappy_dolphin.vhd Line: 27
    Info (12023): Found entity 1: flappy_dolphin File: C:/Users/adun475/Documents/COMPSYS_305_Mini_Project/flappy_dolphin.vhd Line: 14
Warning (12019): Can't analyze file -- file dolphin.vhd is missing
Info (12021): Found 2 design units, including 1 entities, in source file char_rom.vhd
    Info (12022): Found design unit 1: char_rom-SYN File: C:/Users/adun475/Documents/COMPSYS_305_Mini_Project/char_rom.vhd Line: 20
    Info (12023): Found entity 1: char_rom File: C:/Users/adun475/Documents/COMPSYS_305_Mini_Project/char_rom.vhd Line: 9
Info (12021): Found 2 design units, including 1 entities, in source file pll.vhd
    Info (12022): Found design unit 1: pll-rtl File: C:/Users/adun475/Documents/COMPSYS_305_Mini_Project/pll.vhd Line: 20
    Info (12023): Found entity 1: pll File: C:/Users/adun475/Documents/COMPSYS_305_Mini_Project/pll.vhd Line: 11
Info (12021): Found 1 design units, including 1 entities, in source file pll/pll_0002.v
    Info (12023): Found entity 1: pll_0002 File: C:/Users/adun475/Documents/COMPSYS_305_Mini_Project/pll/pll_0002.v Line: 2
Info (12021): Found 2 design units, including 1 entities, in source file bcd_to_7seg.vhd
    Info (12022): Found design unit 1: BCD_to_SevenSeg-arc1 File: C:/Users/adun475/Documents/COMPSYS_305_Mini_Project/BCD_to_7Seg.vhd Line: 12
    Info (12023): Found entity 1: BCD_to_SevenSeg File: C:/Users/adun475/Documents/COMPSYS_305_Mini_Project/BCD_to_7Seg.vhd Line: 7
Info (12127): Elaborating entity "top_level" for the top level hierarchy
Warning (10541): VHDL Signal Declaration warning at top_level.vhd(14): used implicit default value for signal "LEDR" because signal was never assigned a value or an explicit default value. Use of implicit default value may introduce unintended design optimizations. File: C:/Users/adun475/Documents/COMPSYS_305_Mini_Project/top_level.vhd Line: 14
Warning (10540): VHDL Signal Declaration warning at top_level.vhd(220): used explicit default value for signal "Life_signal" because signal was never assigned a value File: C:/Users/adun475/Documents/COMPSYS_305_Mini_Project/top_level.vhd Line: 220
Warning (10036): Verilog HDL or VHDL warning at top_level.vhd(234): object "RIGHT_CLICK" assigned a value but never read File: C:/Users/adun475/Documents/COMPSYS_305_Mini_Project/top_level.vhd Line: 234
Warning (10036): Verilog HDL or VHDL warning at top_level.vhd(240): object "DOLPHIN_ON" assigned a value but never read File: C:/Users/adun475/Documents/COMPSYS_305_Mini_Project/top_level.vhd Line: 240
Info (12128): Elaborating entity "BACKGROUND" for hierarchy "BACKGROUND:BG" File: C:/Users/adun475/Documents/COMPSYS_305_Mini_Project/top_level.vhd Line: 295
Info (12128): Elaborating entity "BCD_to_SevenSeg" for hierarchy "BCD_to_SevenSeg:CH" File: C:/Users/adun475/Documents/COMPSYS_305_Mini_Project/top_level.vhd Line: 309
Info (12128): Elaborating entity "pll" for hierarchy "pll:clock_divider" File: C:/Users/adun475/Documents/COMPSYS_305_Mini_Project/top_level.vhd Line: 324
Info (12128): Elaborating entity "pll_0002" for hierarchy "pll:clock_divider|pll_0002:pll_inst" File: C:/Users/adun475/Documents/COMPSYS_305_Mini_Project/pll.vhd Line: 32
Info (12128): Elaborating entity "altera_pll" for hierarchy "pll:clock_divider|pll_0002:pll_inst|altera_pll:altera_pll_i" File: C:/Users/adun475/Documents/COMPSYS_305_Mini_Project/pll/pll_0002.v Line: 85
Info (10008): Verilog HDL or VHDL information: EDA Netlist Writer cannot regroup multidimensional array "wire_to_nowhere_64" into its bus
Info (12130): Elaborated megafunction instantiation "pll:clock_divider|pll_0002:pll_inst|altera_pll:altera_pll_i" File: C:/Users/adun475/Documents/COMPSYS_305_Mini_Project/pll/pll_0002.v Line: 85
Info (12133): Instantiated megafunction "pll:clock_divider|pll_0002:pll_inst|altera_pll:altera_pll_i" with the following parameter: File: C:/Users/adun475/Documents/COMPSYS_305_Mini_Project/pll/pll_0002.v Line: 85
    Info (12134): Parameter "fractional_vco_multiplier" = "false"
    Info (12134): Parameter "reference_clock_frequency" = "50.0 MHz"
    Info (12134): Parameter "operation_mode" = "direct"
    Info (12134): Parameter "number_of_clocks" = "1"
    Info (12134): Parameter "output_clock_frequency0" = "25.000000 MHz"
    Info (12134): Parameter "phase_shift0" = "0 ps"
    Info (12134): Parameter "duty_cycle0" = "50"
    Info (12134): Parameter "output_clock_frequency1" = "0 MHz"
    Info (12134): Parameter "phase_shift1" = "0 ps"
    Info (12134): Parameter "duty_cycle1" = "50"
    Info (12134): Parameter "output_clock_frequency2" = "0 MHz"
    Info (12134): Parameter "phase_shift2" = "0 ps"
    Info (12134): Parameter "duty_cycle2" = "50"
    Info (12134): Parameter "output_clock_frequency3" = "0 MHz"
    Info (12134): Parameter "phase_shift3" = "0 ps"
    Info (12134): Parameter "duty_cycle3" = "50"
    Info (12134): Parameter "output_clock_frequency4" = "0 MHz"
    Info (12134): Parameter "phase_shift4" = "0 ps"
    Info (12134): Parameter "duty_cycle4" = "50"
    Info (12134): Parameter "output_clock_frequency5" = "0 MHz"
    Info (12134): Parameter "phase_shift5" = "0 ps"
    Info (12134): Parameter "duty_cycle5" = "50"
    Info (12134): Parameter "output_clock_frequency6" = "0 MHz"
    Info (12134): Parameter "phase_shift6" = "0 ps"
    Info (12134): Parameter "duty_cycle6" = "50"
    Info (12134): Parameter "output_clock_frequency7" = "0 MHz"
    Info (12134): Parameter "phase_shift7" = "0 ps"
    Info (12134): Parameter "duty_cycle7" = "50"
    Info (12134): Parameter "output_clock_frequency8" = "0 MHz"
    Info (12134): Parameter "phase_shift8" = "0 ps"
    Info (12134): Parameter "duty_cycle8" = "50"
    Info (12134): Parameter "output_clock_frequency9" = "0 MHz"
    Info (12134): Parameter "phase_shift9" = "0 ps"
    Info (12134): Parameter "duty_cycle9" = "50"
    Info (12134): Parameter "output_clock_frequency10" = "0 MHz"
    Info (12134): Parameter "phase_shift10" = "0 ps"
    Info (12134): Parameter "duty_cycle10" = "50"
    Info (12134): Parameter "output_clock_frequency11" = "0 MHz"
    Info (12134): Parameter "phase_shift11" = "0 ps"
    Info (12134): Parameter "duty_cycle11" = "50"
    Info (12134): Parameter "output_clock_frequency12" = "0 MHz"
    Info (12134): Parameter "phase_shift12" = "0 ps"
    Info (12134): Parameter "duty_cycle12" = "50"
    Info (12134): Parameter "output_clock_frequency13" = "0 MHz"
    Info (12134): Parameter "phase_shift13" = "0 ps"
    Info (12134): Parameter "duty_cycle13" = "50"
    Info (12134): Parameter "output_clock_frequency14" = "0 MHz"
    Info (12134): Parameter "phase_shift14" = "0 ps"
    Info (12134): Parameter "duty_cycle14" = "50"
    Info (12134): Parameter "output_clock_frequency15" = "0 MHz"
    Info (12134): Parameter "phase_shift15" = "0 ps"
    Info (12134): Parameter "duty_cycle15" = "50"
    Info (12134): Parameter "output_clock_frequency16" = "0 MHz"
    Info (12134): Parameter "phase_shift16" = "0 ps"
    Info (12134): Parameter "duty_cycle16" = "50"
    Info (12134): Parameter "output_clock_frequency17" = "0 MHz"
    Info (12134): Parameter "phase_shift17" = "0 ps"
    Info (12134): Parameter "duty_cycle17" = "50"
    Info (12134): Parameter "pll_type" = "General"
    Info (12134): Parameter "pll_subtype" = "General"
Info (12128): Elaborating entity "dolphin_sprite" for hierarchy "dolphin_sprite:DOLPHIN_SPRITE_INST" File: C:/Users/adun475/Documents/COMPSYS_305_Mini_Project/top_level.vhd Line: 331
Info (12128): Elaborating entity "sprite_rom" for hierarchy "dolphin_sprite:DOLPHIN_SPRITE_INST|sprite_rom:DOLPHIN_ROM" File: C:/Users/adun475/Documents/COMPSYS_305_Mini_Project/dolphin_sprite.vhd Line: 48
Info (12128): Elaborating entity "altsyncram" for hierarchy "dolphin_sprite:DOLPHIN_SPRITE_INST|sprite_rom:DOLPHIN_ROM|altsyncram:ROM" File: C:/Users/adun475/Documents/COMPSYS_305_Mini_Project/sprite_rom.vhd Line: 23
Info (12130): Elaborated megafunction instantiation "dolphin_sprite:DOLPHIN_SPRITE_INST|sprite_rom:DOLPHIN_ROM|altsyncram:ROM" File: C:/Users/adun475/Documents/COMPSYS_305_Mini_Project/sprite_rom.vhd Line: 23
Info (12133): Instantiated megafunction "dolphin_sprite:DOLPHIN_SPRITE_INST|sprite_rom:DOLPHIN_ROM|altsyncram:ROM" with the following parameter: File: C:/Users/adun475/Documents/COMPSYS_305_Mini_Project/sprite_rom.vhd Line: 23
    Info (12134): Parameter "address_aclr_a" = "UNUSED"
    Info (12134): Parameter "address_aclr_b" = "NONE"
    Info (12134): Parameter "address_reg_b" = "CLOCK1"
    Info (12134): Parameter "byte_size" = "8"
    Info (12134): Parameter "byteena_aclr_a" = "UNUSED"
    Info (12134): Parameter "byteena_aclr_b" = "NONE"
    Info (12134): Parameter "byteena_reg_b" = "CLOCK1"
    Info (12134): Parameter "clock_enable_core_a" = "USE_INPUT_CLKEN"
    Info (12134): Parameter "clock_enable_core_b" = "USE_INPUT_CLKEN"
    Info (12134): Parameter "clock_enable_input_a" = "NORMAL"
    Info (12134): Parameter "clock_enable_input_b" = "NORMAL"
    Info (12134): Parameter "clock_enable_output_a" = "NORMAL"
    Info (12134): Parameter "clock_enable_output_b" = "NORMAL"
    Info (12134): Parameter "intended_device_family" = "Cyclone V"
    Info (12134): Parameter "ecc_pipeline_stage_enabled" = "FALSE"
    Info (12134): Parameter "enable_ecc" = "FALSE"
    Info (12134): Parameter "implement_in_les" = "OFF"
    Info (12134): Parameter "indata_aclr_a" = "UNUSED"
    Info (12134): Parameter "indata_aclr_b" = "NONE"
    Info (12134): Parameter "indata_reg_b" = "CLOCK1"
    Info (12134): Parameter "init_file" = "dolphin_sprite.mif"
    Info (12134): Parameter "init_file_layout" = "PORT_A"
    Info (12134): Parameter "maximum_depth" = "0"
    Info (12134): Parameter "numwords_a" = "256"
    Info (12134): Parameter "numwords_b" = "0"
    Info (12134): Parameter "operation_mode" = "ROM"
    Info (12134): Parameter "outdata_aclr_a" = "NONE"
    Info (12134): Parameter "outdata_aclr_b" = "NONE"
    Info (12134): Parameter "outdata_reg_a" = "UNREGISTERED"
    Info (12134): Parameter "outdata_reg_b" = "UNREGISTERED"
    Info (12134): Parameter "power_up_uninitialized" = "FALSE"
    Info (12134): Parameter "ram_block_type" = "AUTO"
    Info (12134): Parameter "rdcontrol_aclr_b" = "NONE"
    Info (12134): Parameter "rdcontrol_reg_b" = "CLOCK1"
    Info (12134): Parameter "read_during_write_mode_mixed_ports" = "DONT_CARE"
    Info (12134): Parameter "read_during_write_mode_port_a" = "NEW_DATA_NO_NBE_READ"
    Info (12134): Parameter "read_during_write_mode_port_b" = "NEW_DATA_NO_NBE_READ"
    Info (12134): Parameter "stratixiv_m144k_allow_dual_clocks" = "ON"
    Info (12134): Parameter "width_a" = "3"
    Info (12134): Parameter "width_b" = "1"
    Info (12134): Parameter "width_byteena_a" = "1"
    Info (12134): Parameter "width_byteena_b" = "1"
    Info (12134): Parameter "width_eccstatus" = "3"
    Info (12134): Parameter "widthad_a" = "8"
    Info (12134): Parameter "widthad_b" = "1"
    Info (12134): Parameter "wrcontrol_aclr_a" = "UNUSED"
    Info (12134): Parameter "wrcontrol_aclr_b" = "NONE"
    Info (12134): Parameter "wrcontrol_wraddress_reg_b" = "CLOCK1"
    Info (12134): Parameter "lpm_hint" = "UNUSED"
    Info (12134): Parameter "lpm_type" = "altsyncram"
Info (12021): Found 1 design units, including 1 entities, in source file db/altsyncram_6nu3.tdf
    Info (12023): Found entity 1: altsyncram_6nu3 File: C:/Users/adun475/Documents/COMPSYS_305_Mini_Project/db/altsyncram_6nu3.tdf Line: 27
Info (12128): Elaborating entity "altsyncram_6nu3" for hierarchy "dolphin_sprite:DOLPHIN_SPRITE_INST|sprite_rom:DOLPHIN_ROM|altsyncram:ROM|altsyncram_6nu3:auto_generated" File: c:/intelfpga/18.1/quartus/libraries/megafunctions/altsyncram.tdf Line: 791
Info (12128): Elaborating entity "home_display" for hierarchy "home_display:HOME_SCREEN_TEXT" File: C:/Users/adun475/Documents/COMPSYS_305_Mini_Project/top_level.vhd Line: 343
Info (12128): Elaborating entity "char_rom" for hierarchy "home_display:HOME_SCREEN_TEXT|char_rom:F_ROM" File: C:/Users/adun475/Documents/COMPSYS_305_Mini_Project/home_display.vhd Line: 154
Info (12128): Elaborating entity "altsyncram" for hierarchy "home_display:HOME_SCREEN_TEXT|char_rom:F_ROM|altsyncram:altsyncram_component" File: C:/Users/adun475/Documents/COMPSYS_305_Mini_Project/char_rom.vhd Line: 51
Info (12130): Elaborated megafunction instantiation "home_display:HOME_SCREEN_TEXT|char_rom:F_ROM|altsyncram:altsyncram_component" File: C:/Users/adun475/Documents/COMPSYS_305_Mini_Project/char_rom.vhd Line: 51
Info (12133): Instantiated megafunction "home_display:HOME_SCREEN_TEXT|char_rom:F_ROM|altsyncram:altsyncram_component" with the following parameter: File: C:/Users/adun475/Documents/COMPSYS_305_Mini_Project/char_rom.vhd Line: 51
    Info (12134): Parameter "address_aclr_a" = "NONE"
    Info (12134): Parameter "clock_enable_input_a" = "BYPASS"
    Info (12134): Parameter "clock_enable_output_a" = "BYPASS"
    Info (12134): Parameter "init_file" = "tcgrom.mif"
    Info (12134): Parameter "intended_device_family" = "Cyclone III"
    Info (12134): Parameter "lpm_hint" = "ENABLE_RUNTIME_MOD=NO"
    Info (12134): Parameter "lpm_type" = "altsyncram"
    Info (12134): Parameter "numwords_a" = "512"
    Info (12134): Parameter "operation_mode" = "ROM"
    Info (12134): Parameter "outdata_aclr_a" = "NONE"
    Info (12134): Parameter "outdata_reg_a" = "UNREGISTERED"
    Info (12134): Parameter "widthad_a" = "9"
    Info (12134): Parameter "width_a" = "8"
    Info (12134): Parameter "width_byteena_a" = "1"
Info (12021): Found 1 design units, including 1 entities, in source file db/altsyncram_d5g1.tdf
    Info (12023): Found entity 1: altsyncram_d5g1 File: C:/Users/adun475/Documents/COMPSYS_305_Mini_Project/db/altsyncram_d5g1.tdf Line: 27
Info (12128): Elaborating entity "altsyncram_d5g1" for hierarchy "home_display:HOME_SCREEN_TEXT|char_rom:F_ROM|altsyncram:altsyncram_component|altsyncram_d5g1:auto_generated" File: c:/intelfpga/18.1/quartus/libraries/megafunctions/altsyncram.tdf Line: 791
Info (12128): Elaborating entity "FSM" for hierarchy "FSM:FINITE_STATE_MACHINE" File: C:/Users/adun475/Documents/COMPSYS_305_Mini_Project/top_level.vhd Line: 354
Info (12128): Elaborating entity "layer" for hierarchy "layer:LAYER_RENDERER" File: C:/Users/adun475/Documents/COMPSYS_305_Mini_Project/top_level.vhd Line: 369
Info (12128): Elaborating entity "lives" for hierarchy "lives:LIFE_DISPLAY" File: C:/Users/adun475/Documents/COMPSYS_305_Mini_Project/top_level.vhd Line: 397
Info (12128): Elaborating entity "MOUSE" for hierarchy "MOUSE:MOUSE_CONTROLS" File: C:/Users/adun475/Documents/COMPSYS_305_Mini_Project/top_level.vhd Line: 411
Warning (10036): Verilog HDL or VHDL warning at mouse.vhd(25): object "CHARIN" assigned a value but never read File: C:/Users/adun475/Documents/COMPSYS_305_Mini_Project/mouse.vhd Line: 25
Warning (10492): VHDL Process Statement warning at mouse.vhd(151): signal "CHAROUT" is read inside the Process Statement but isn't in the Process Statement's sensitivity list File: C:/Users/adun475/Documents/COMPSYS_305_Mini_Project/mouse.vhd Line: 151
Warning (10492): VHDL Process Statement warning at mouse.vhd(155): signal "CHAROUT" is read inside the Process Statement but isn't in the Process Statement's sensitivity list File: C:/Users/adun475/Documents/COMPSYS_305_Mini_Project/mouse.vhd Line: 155
Warning (10492): VHDL Process Statement warning at mouse.vhd(156): signal "CHAROUT" is read inside the Process Statement but isn't in the Process Statement's sensitivity list File: C:/Users/adun475/Documents/COMPSYS_305_Mini_Project/mouse.vhd Line: 156
Warning (10492): VHDL Process Statement warning at mouse.vhd(157): signal "CHAROUT" is read inside the Process Statement but isn't in the Process Statement's sensitivity list File: C:/Users/adun475/Documents/COMPSYS_305_Mini_Project/mouse.vhd Line: 157
Info (12128): Elaborating entity "PIPES" for hierarchy "PIPES:PIPE_DISPLAY" File: C:/Users/adun475/Documents/COMPSYS_305_Mini_Project/top_level.vhd Line: 422
Info (12128): Elaborating entity "flappy_dolphin" for hierarchy "flappy_dolphin:PLAYER_CHARACTER" File: C:/Users/adun475/Documents/COMPSYS_305_Mini_Project/top_level.vhd Line: 438
Warning (10541): VHDL Signal Declaration warning at flappy_dolphin.vhd(24): used implicit default value for signal "dolphin_enable" because signal was never assigned a value or an explicit default value. Use of implicit default value may introduce unintended design optimizations. File: C:/Users/adun475/Documents/COMPSYS_305_Mini_Project/flappy_dolphin.vhd Line: 24
Info (12128): Elaborating entity "bait" for hierarchy "bait:RANDOM_BAIT" File: C:/Users/adun475/Documents/COMPSYS_305_Mini_Project/top_level.vhd Line: 466
Info (12128): Elaborating entity "lfsr" for hierarchy "lfsr:RANDOM_NUMBER" File: C:/Users/adun475/Documents/COMPSYS_305_Mini_Project/top_level.vhd Line: 479
Warning (10492): VHDL Process Statement warning at LFSR.vhd(28): signal "INITIAL_VALUE" is read inside the Process Statement but isn't in the Process Statement's sensitivity list File: C:/Users/adun475/Documents/COMPSYS_305_Mini_Project/LFSR.vhd Line: 28
Info (12128): Elaborating entity "position_to_BCD" for hierarchy "position_to_BCD:sevenseg_display" File: C:/Users/adun475/Documents/COMPSYS_305_Mini_Project/top_level.vhd Line: 487
Info (12128): Elaborating entity "VGA_SYNC" for hierarchy "VGA_SYNC:VGA_REFRESH" File: C:/Users/adun475/Documents/COMPSYS_305_Mini_Project/top_level.vhd Line: 499
Warning (14284): Synthesized away the following node(s):
    Warning (14285): Synthesized away the following RAM node(s):
        Warning (14320): Synthesized away node "lives:LIFE_DISPLAY|char_rom:HEART_ROM_3|altsyncram:altsyncram_component|altsyncram_d5g1:auto_generated|q_a[0]" File: C:/Users/adun475/Documents/COMPSYS_305_Mini_Project/db/altsyncram_d5g1.tdf Line: 34
        Warning (14320): Synthesized away node "lives:LIFE_DISPLAY|char_rom:HEART_ROM_3|altsyncram:altsyncram_component|altsyncram_d5g1:auto_generated|q_a[1]" File: C:/Users/adun475/Documents/COMPSYS_305_Mini_Project/db/altsyncram_d5g1.tdf Line: 55
        Warning (14320): Synthesized away node "lives:LIFE_DISPLAY|char_rom:HEART_ROM_3|altsyncram:altsyncram_component|altsyncram_d5g1:auto_generated|q_a[2]" File: C:/Users/adun475/Documents/COMPSYS_305_Mini_Project/db/altsyncram_d5g1.tdf Line: 76
        Warning (14320): Synthesized away node "lives:LIFE_DISPLAY|char_rom:HEART_ROM_3|altsyncram:altsyncram_component|altsyncram_d5g1:auto_generated|q_a[3]" File: C:/Users/adun475/Documents/COMPSYS_305_Mini_Project/db/altsyncram_d5g1.tdf Line: 97
        Warning (14320): Synthesized away node "lives:LIFE_DISPLAY|char_rom:HEART_ROM_3|altsyncram:altsyncram_component|altsyncram_d5g1:auto_generated|q_a[4]" File: C:/Users/adun475/Documents/COMPSYS_305_Mini_Project/db/altsyncram_d5g1.tdf Line: 118
        Warning (14320): Synthesized away node "lives:LIFE_DISPLAY|char_rom:HEART_ROM_3|altsyncram:altsyncram_component|altsyncram_d5g1:auto_generated|q_a[5]" File: C:/Users/adun475/Documents/COMPSYS_305_Mini_Project/db/altsyncram_d5g1.tdf Line: 139
        Warning (14320): Synthesized away node "lives:LIFE_DISPLAY|char_rom:HEART_ROM_3|altsyncram:altsyncram_component|altsyncram_d5g1:auto_generated|q_a[6]" File: C:/Users/adun475/Documents/COMPSYS_305_Mini_Project/db/altsyncram_d5g1.tdf Line: 160
        Warning (14320): Synthesized away node "lives:LIFE_DISPLAY|char_rom:HEART_ROM_3|altsyncram:altsyncram_component|altsyncram_d5g1:auto_generated|q_a[7]" File: C:/Users/adun475/Documents/COMPSYS_305_Mini_Project/db/altsyncram_d5g1.tdf Line: 181
Info (278001): Inferred 8 megafunctions from design logic
    Info (278004): Inferred divider/modulo megafunction ("lpm_divide") from the following logic: "position_to_BCD:sevenseg_display|Mod3" File: C:/Users/adun475/Documents/COMPSYS_305_Mini_Project/position_to_BCD.vhd Line: 38
    Info (278004): Inferred divider/modulo megafunction ("lpm_divide") from the following logic: "position_to_BCD:sevenseg_display|Div3" File: C:/Users/adun475/Documents/COMPSYS_305_Mini_Project/position_to_BCD.vhd Line: 37
    Info (278004): Inferred divider/modulo megafunction ("lpm_divide") from the following logic: "position_to_BCD:sevenseg_display|Mod2" File: C:/Users/adun475/Documents/COMPSYS_305_Mini_Project/position_to_BCD.vhd Line: 37
    Info (278004): Inferred divider/modulo megafunction ("lpm_divide") from the following logic: "position_to_BCD:sevenseg_display|Div2" File: C:/Users/adun475/Documents/COMPSYS_305_Mini_Project/position_to_BCD.vhd Line: 36
    Info (278004): Inferred divider/modulo megafunction ("lpm_divide") from the following logic: "position_to_BCD:sevenseg_display|Mod1" File: C:/Users/adun475/Documents/COMPSYS_305_Mini_Project/position_to_BCD.vhd Line: 33
    Info (278004): Inferred divider/modulo megafunction ("lpm_divide") from the following logic: "position_to_BCD:sevenseg_display|Div1" File: C:/Users/adun475/Documents/COMPSYS_305_Mini_Project/position_to_BCD.vhd Line: 32
    Info (278004): Inferred divider/modulo megafunction ("lpm_divide") from the following logic: "position_to_BCD:sevenseg_display|Mod0" File: C:/Users/adun475/Documents/COMPSYS_305_Mini_Project/position_to_BCD.vhd Line: 32
    Info (278004): Inferred divider/modulo megafunction ("lpm_divide") from the following logic: "position_to_BCD:sevenseg_display|Div0" File: C:/Users/adun475/Documents/COMPSYS_305_Mini_Project/position_to_BCD.vhd Line: 31
Info (12130): Elaborated megafunction instantiation "position_to_BCD:sevenseg_display|lpm_divide:Mod3" File: C:/Users/adun475/Documents/COMPSYS_305_Mini_Project/position_to_BCD.vhd Line: 38
Info (12133): Instantiated megafunction "position_to_BCD:sevenseg_display|lpm_divide:Mod3" with the following parameter: File: C:/Users/adun475/Documents/COMPSYS_305_Mini_Project/position_to_BCD.vhd Line: 38
    Info (12134): Parameter "LPM_WIDTHN" = "10"
    Info (12134): Parameter "LPM_WIDTHD" = "10"
    Info (12134): Parameter "LPM_NREPRESENTATION" = "UNSIGNED"
    Info (12134): Parameter "LPM_DREPRESENTATION" = "UNSIGNED"
Info (12021): Found 1 design units, including 1 entities, in source file db/lpm_divide_u4m.tdf
    Info (12023): Found entity 1: lpm_divide_u4m File: C:/Users/adun475/Documents/COMPSYS_305_Mini_Project/db/lpm_divide_u4m.tdf Line: 24
Info (12021): Found 1 design units, including 1 entities, in source file db/sign_div_unsign_1nh.tdf
    Info (12023): Found entity 1: sign_div_unsign_1nh File: C:/Users/adun475/Documents/COMPSYS_305_Mini_Project/db/sign_div_unsign_1nh.tdf Line: 24
Info (12021): Found 1 design units, including 1 entities, in source file db/alt_u_div_82f.tdf
    Info (12023): Found entity 1: alt_u_div_82f File: C:/Users/adun475/Documents/COMPSYS_305_Mini_Project/db/alt_u_div_82f.tdf Line: 22
Info (12130): Elaborated megafunction instantiation "position_to_BCD:sevenseg_display|lpm_divide:Div3" File: C:/Users/adun475/Documents/COMPSYS_305_Mini_Project/position_to_BCD.vhd Line: 37
Info (12133): Instantiated megafunction "position_to_BCD:sevenseg_display|lpm_divide:Div3" with the following parameter: File: C:/Users/adun475/Documents/COMPSYS_305_Mini_Project/position_to_BCD.vhd Line: 37
    Info (12134): Parameter "LPM_WIDTHN" = "10"
    Info (12134): Parameter "LPM_WIDTHD" = "4"
    Info (12134): Parameter "LPM_NREPRESENTATION" = "UNSIGNED"
    Info (12134): Parameter "LPM_DREPRESENTATION" = "UNSIGNED"
Info (12021): Found 1 design units, including 1 entities, in source file db/lpm_divide_ebm.tdf
    Info (12023): Found entity 1: lpm_divide_ebm File: C:/Users/adun475/Documents/COMPSYS_305_Mini_Project/db/lpm_divide_ebm.tdf Line: 24
Info (12021): Found 1 design units, including 1 entities, in source file db/sign_div_unsign_klh.tdf
    Info (12023): Found entity 1: sign_div_unsign_klh File: C:/Users/adun475/Documents/COMPSYS_305_Mini_Project/db/sign_div_unsign_klh.tdf Line: 24
Info (12021): Found 1 design units, including 1 entities, in source file db/alt_u_div_eve.tdf
    Info (12023): Found entity 1: alt_u_div_eve File: C:/Users/adun475/Documents/COMPSYS_305_Mini_Project/db/alt_u_div_eve.tdf Line: 22
Info (12130): Elaborated megafunction instantiation "position_to_BCD:sevenseg_display|lpm_divide:Div2" File: C:/Users/adun475/Documents/COMPSYS_305_Mini_Project/position_to_BCD.vhd Line: 36
Info (12133): Instantiated megafunction "position_to_BCD:sevenseg_display|lpm_divide:Div2" with the following parameter: File: C:/Users/adun475/Documents/COMPSYS_305_Mini_Project/position_to_BCD.vhd Line: 36
    Info (12134): Parameter "LPM_WIDTHN" = "10"
    Info (12134): Parameter "LPM_WIDTHD" = "7"
    Info (12134): Parameter "LPM_NREPRESENTATION" = "UNSIGNED"
    Info (12134): Parameter "LPM_DREPRESENTATION" = "UNSIGNED"
Info (12021): Found 1 design units, including 1 entities, in source file db/lpm_divide_hbm.tdf
    Info (12023): Found entity 1: lpm_divide_hbm File: C:/Users/adun475/Documents/COMPSYS_305_Mini_Project/db/lpm_divide_hbm.tdf Line: 24
Info (12021): Found 1 design units, including 1 entities, in source file db/sign_div_unsign_nlh.tdf
    Info (12023): Found entity 1: sign_div_unsign_nlh File: C:/Users/adun475/Documents/COMPSYS_305_Mini_Project/db/sign_div_unsign_nlh.tdf Line: 24
Info (12021): Found 1 design units, including 1 entities, in source file db/alt_u_div_kve.tdf
    Info (12023): Found entity 1: alt_u_div_kve File: C:/Users/adun475/Documents/COMPSYS_305_Mini_Project/db/alt_u_div_kve.tdf Line: 22
Info (12130): Elaborated megafunction instantiation "position_to_BCD:sevenseg_display|lpm_divide:Mod1" File: C:/Users/adun475/Documents/COMPSYS_305_Mini_Project/position_to_BCD.vhd Line: 33
Info (12133): Instantiated megafunction "position_to_BCD:sevenseg_display|lpm_divide:Mod1" with the following parameter: File: C:/Users/adun475/Documents/COMPSYS_305_Mini_Project/position_to_BCD.vhd Line: 33
    Info (12134): Parameter "LPM_WIDTHN" = "10"
    Info (12134): Parameter "LPM_WIDTHD" = "10"
    Info (12134): Parameter "LPM_NREPRESENTATION" = "UNSIGNED"
    Info (12134): Parameter "LPM_DREPRESENTATION" = "UNSIGNED"
Info (12130): Elaborated megafunction instantiation "position_to_BCD:sevenseg_display|lpm_divide:Div1" File: C:/Users/adun475/Documents/COMPSYS_305_Mini_Project/position_to_BCD.vhd Line: 32
Info (12133): Instantiated megafunction "position_to_BCD:sevenseg_display|lpm_divide:Div1" with the following parameter: File: C:/Users/adun475/Documents/COMPSYS_305_Mini_Project/position_to_BCD.vhd Line: 32
    Info (12134): Parameter "LPM_WIDTHN" = "10"
    Info (12134): Parameter "LPM_WIDTHD" = "4"
    Info (12134): Parameter "LPM_NREPRESENTATION" = "UNSIGNED"
    Info (12134): Parameter "LPM_DREPRESENTATION" = "UNSIGNED"
Info (12130): Elaborated megafunction instantiation "position_to_BCD:sevenseg_display|lpm_divide:Div0" File: C:/Users/adun475/Documents/COMPSYS_305_Mini_Project/position_to_BCD.vhd Line: 31
Info (12133): Instantiated megafunction "position_to_BCD:sevenseg_display|lpm_divide:Div0" with the following parameter: File: C:/Users/adun475/Documents/COMPSYS_305_Mini_Project/position_to_BCD.vhd Line: 31
    Info (12134): Parameter "LPM_WIDTHN" = "10"
    Info (12134): Parameter "LPM_WIDTHD" = "7"
    Info (12134): Parameter "LPM_NREPRESENTATION" = "UNSIGNED"
    Info (12134): Parameter "LPM_DREPRESENTATION" = "UNSIGNED"
Warning (12241): 1 hierarchies have connectivity warnings - see the Connectivity Checks report folder
Info (13000): Registers with preset signals will power-up high File: C:/Users/adun475/Documents/COMPSYS_305_Mini_Project/LFSR.vhd Line: 27
Info (13003): DEV_CLRn pin will set, and not reset, register with preset signal due to NOT Gate Push-Back
Warning (13024): Output pins are stuck at VCC or GND
    Warning (13410): Pin "VGA_R[0]" is stuck at GND File: C:/Users/adun475/Documents/COMPSYS_305_Mini_Project/top_level.vhd Line: 11
    Warning (13410): Pin "VGA_R[1]" is stuck at GND File: C:/Users/adun475/Documents/COMPSYS_305_Mini_Project/top_level.vhd Line: 11
    Warning (13410): Pin "VGA_R[2]" is stuck at GND File: C:/Users/adun475/Documents/COMPSYS_305_Mini_Project/top_level.vhd Line: 11
    Warning (13410): Pin "VGA_G[0]" is stuck at GND File: C:/Users/adun475/Documents/COMPSYS_305_Mini_Project/top_level.vhd Line: 11
    Warning (13410): Pin "VGA_G[1]" is stuck at GND File: C:/Users/adun475/Documents/COMPSYS_305_Mini_Project/top_level.vhd Line: 11
    Warning (13410): Pin "VGA_G[2]" is stuck at GND File: C:/Users/adun475/Documents/COMPSYS_305_Mini_Project/top_level.vhd Line: 11
    Warning (13410): Pin "VGA_B[0]" is stuck at GND File: C:/Users/adun475/Documents/COMPSYS_305_Mini_Project/top_level.vhd Line: 11
    Warning (13410): Pin "VGA_B[1]" is stuck at GND File: C:/Users/adun475/Documents/COMPSYS_305_Mini_Project/top_level.vhd Line: 11
    Warning (13410): Pin "VGA_B[2]" is stuck at GND File: C:/Users/adun475/Documents/COMPSYS_305_Mini_Project/top_level.vhd Line: 11
    Warning (13410): Pin "LEDR[0]" is stuck at GND File: C:/Users/adun475/Documents/COMPSYS_305_Mini_Project/top_level.vhd Line: 14
    Warning (13410): Pin "LEDR[1]" is stuck at GND File: C:/Users/adun475/Documents/COMPSYS_305_Mini_Project/top_level.vhd Line: 14
    Warning (13410): Pin "LEDR[2]" is stuck at GND File: C:/Users/adun475/Documents/COMPSYS_305_Mini_Project/top_level.vhd Line: 14
    Warning (13410): Pin "LEDR[3]" is stuck at GND File: C:/Users/adun475/Documents/COMPSYS_305_Mini_Project/top_level.vhd Line: 14
    Warning (13410): Pin "LEDR[4]" is stuck at GND File: C:/Users/adun475/Documents/COMPSYS_305_Mini_Project/top_level.vhd Line: 14
    Warning (13410): Pin "LEDR[5]" is stuck at GND File: C:/Users/adun475/Documents/COMPSYS_305_Mini_Project/top_level.vhd Line: 14
    Warning (13410): Pin "LEDR[6]" is stuck at GND File: C:/Users/adun475/Documents/COMPSYS_305_Mini_Project/top_level.vhd Line: 14
    Warning (13410): Pin "LEDR[7]" is stuck at GND File: C:/Users/adun475/Documents/COMPSYS_305_Mini_Project/top_level.vhd Line: 14
    Warning (13410): Pin "LEDR[8]" is stuck at GND File: C:/Users/adun475/Documents/COMPSYS_305_Mini_Project/top_level.vhd Line: 14
    Warning (13410): Pin "LEDR[9]" is stuck at GND File: C:/Users/adun475/Documents/COMPSYS_305_Mini_Project/top_level.vhd Line: 14
Info (286030): Timing-Driven Synthesis is running
Info (17036): Removed 6 MSB VCC or GND address nodes from RAM block "lives:LIFE_DISPLAY|char_rom:HEART_ROM_1|altsyncram:altsyncram_component|altsyncram_d5g1:auto_generated|ALTSYNCRAM" File: C:/Users/adun475/Documents/COMPSYS_305_Mini_Project/db/altsyncram_d5g1.tdf Line: 31
Info (17036): Removed 6 MSB VCC or GND address nodes from RAM block "lives:LIFE_DISPLAY|char_rom:HEART_ROM_2|altsyncram:altsyncram_component|altsyncram_d5g1:auto_generated|ALTSYNCRAM" File: C:/Users/adun475/Documents/COMPSYS_305_Mini_Project/db/altsyncram_d5g1.tdf Line: 31
Info (17036): Removed 6 MSB VCC or GND address nodes from RAM block "home_display:HOME_SCREEN_TEXT|char_rom:N_ROM|altsyncram:altsyncram_component|altsyncram_d5g1:auto_generated|ALTSYNCRAM" File: C:/Users/adun475/Documents/COMPSYS_305_Mini_Project/db/altsyncram_d5g1.tdf Line: 31
Info (17036): Removed 6 MSB VCC or GND address nodes from RAM block "home_display:HOME_SCREEN_TEXT|char_rom:P3_ROM|altsyncram:altsyncram_component|altsyncram_d5g1:auto_generated|ALTSYNCRAM" File: C:/Users/adun475/Documents/COMPSYS_305_Mini_Project/db/altsyncram_d5g1.tdf Line: 31
Info (17036): Removed 6 MSB VCC or GND address nodes from RAM block "home_display:HOME_SCREEN_TEXT|char_rom:H_ROM|altsyncram:altsyncram_component|altsyncram_d5g1:auto_generated|ALTSYNCRAM" File: C:/Users/adun475/Documents/COMPSYS_305_Mini_Project/db/altsyncram_d5g1.tdf Line: 31
Info (17036): Removed 6 MSB VCC or GND address nodes from RAM block "home_display:HOME_SCREEN_TEXT|char_rom:I_ROM|altsyncram:altsyncram_component|altsyncram_d5g1:auto_generated|ALTSYNCRAM" File: C:/Users/adun475/Documents/COMPSYS_305_Mini_Project/db/altsyncram_d5g1.tdf Line: 31
Info (17036): Removed 6 MSB VCC or GND address nodes from RAM block "home_display:HOME_SCREEN_TEXT|char_rom:D_ROM|altsyncram:altsyncram_component|altsyncram_d5g1:auto_generated|ALTSYNCRAM" File: C:/Users/adun475/Documents/COMPSYS_305_Mini_Project/db/altsyncram_d5g1.tdf Line: 31
Info (17036): Removed 6 MSB VCC or GND address nodes from RAM block "home_display:HOME_SCREEN_TEXT|char_rom:O_ROM|altsyncram:altsyncram_component|altsyncram_d5g1:auto_generated|ALTSYNCRAM" File: C:/Users/adun475/Documents/COMPSYS_305_Mini_Project/db/altsyncram_d5g1.tdf Line: 31
Info (17036): Removed 6 MSB VCC or GND address nodes from RAM block "home_display:HOME_SCREEN_TEXT|char_rom:L2_ROM|altsyncram:altsyncram_component|altsyncram_d5g1:auto_generated|ALTSYNCRAM" File: C:/Users/adun475/Documents/COMPSYS_305_Mini_Project/db/altsyncram_d5g1.tdf Line: 31
Info (17036): Removed 6 MSB VCC or GND address nodes from RAM block "home_display:HOME_SCREEN_TEXT|char_rom:F_ROM|altsyncram:altsyncram_component|altsyncram_d5g1:auto_generated|ALTSYNCRAM" File: C:/Users/adun475/Documents/COMPSYS_305_Mini_Project/db/altsyncram_d5g1.tdf Line: 31
Info (17036): Removed 6 MSB VCC or GND address nodes from RAM block "home_display:HOME_SCREEN_TEXT|char_rom:L1_ROM|altsyncram:altsyncram_component|altsyncram_d5g1:auto_generated|ALTSYNCRAM" File: C:/Users/adun475/Documents/COMPSYS_305_Mini_Project/db/altsyncram_d5g1.tdf Line: 31
Info (17036): Removed 6 MSB VCC or GND address nodes from RAM block "home_display:HOME_SCREEN_TEXT|char_rom:A_ROM|altsyncram:altsyncram_component|altsyncram_d5g1:auto_generated|ALTSYNCRAM" File: C:/Users/adun475/Documents/COMPSYS_305_Mini_Project/db/altsyncram_d5g1.tdf Line: 31
Info (17036): Removed 6 MSB VCC or GND address nodes from RAM block "home_display:HOME_SCREEN_TEXT|char_rom:P1_ROM|altsyncram:altsyncram_component|altsyncram_d5g1:auto_generated|ALTSYNCRAM" File: C:/Users/adun475/Documents/COMPSYS_305_Mini_Project/db/altsyncram_d5g1.tdf Line: 31
Info (17036): Removed 6 MSB VCC or GND address nodes from RAM block "home_display:HOME_SCREEN_TEXT|char_rom:P2_ROM|altsyncram:altsyncram_component|altsyncram_d5g1:auto_generated|ALTSYNCRAM" File: C:/Users/adun475/Documents/COMPSYS_305_Mini_Project/db/altsyncram_d5g1.tdf Line: 31
Info (17036): Removed 6 MSB VCC or GND address nodes from RAM block "home_display:HOME_SCREEN_TEXT|char_rom:Y_ROM|altsyncram:altsyncram_component|altsyncram_d5g1:auto_generated|ALTSYNCRAM" File: C:/Users/adun475/Documents/COMPSYS_305_Mini_Project/db/altsyncram_d5g1.tdf Line: 31
Warning (20013): Ignored 230 assignments for entity "DE0_CV_Default" -- entity does not exist in design
    Warning (20014): Assignment for entity set_instance_assignment -name IO_STANDARD "3.3-V LVTTL" -to CLOCK2_50 -entity DE0_CV_Default was ignored
    Warning (20014): Assignment for entity set_instance_assignment -name IO_STANDARD "3.3-V LVTTL" -to CLOCK3_50 -entity DE0_CV_Default was ignored
    Warning (20014): Assignment for entity set_instance_assignment -name IO_STANDARD "3.3-V LVTTL" -to CLOCK4_50 -entity DE0_CV_Default was ignored
    Warning (20014): Assignment for entity set_instance_assignment -name IO_STANDARD "3.3-V LVTTL" -to CLOCK_50 -entity DE0_CV_Default was ignored
    Warning (20014): Assignment for entity set_instance_assignment -name IO_STANDARD "3.3-V LVTTL" -to DRAM_ADDR[0] -entity DE0_CV_Default was ignored
    Warning (20014): Assignment for entity set_instance_assignment -name IO_STANDARD "3.3-V LVTTL" -to DRAM_ADDR[10] -entity DE0_CV_Default was ignored
    Warning (20014): Assignment for entity set_instance_assignment -name IO_STANDARD "3.3-V LVTTL" -to DRAM_ADDR[11] -entity DE0_CV_Default was ignored
    Warning (20014): Assignment for entity set_instance_assignment -name IO_STANDARD "3.3-V LVTTL" -to DRAM_ADDR[12] -entity DE0_CV_Default was ignored
    Warning (20014): Assignment for entity set_instance_assignment -name IO_STANDARD "3.3-V LVTTL" -to DRAM_ADDR[1] -entity DE0_CV_Default was ignored
    Warning (20014): Assignment for entity set_instance_assignment -name IO_STANDARD "3.3-V LVTTL" -to DRAM_ADDR[2] -entity DE0_CV_Default was ignored
    Warning (20014): Assignment for entity set_instance_assignment -name IO_STANDARD "3.3-V LVTTL" -to DRAM_ADDR[3] -entity DE0_CV_Default was ignored
    Warning (20014): Assignment for entity set_instance_assignment -name IO_STANDARD "3.3-V LVTTL" -to DRAM_ADDR[4] -entity DE0_CV_Default was ignored
    Warning (20014): Assignment for entity set_instance_assignment -name IO_STANDARD "3.3-V LVTTL" -to DRAM_ADDR[5] -entity DE0_CV_Default was ignored
    Warning (20014): Assignment for entity set_instance_assignment -name IO_STANDARD "3.3-V LVTTL" -to DRAM_ADDR[6] -entity DE0_CV_Default was ignored
    Warning (20014): Assignment for entity set_instance_assignment -name IO_STANDARD "3.3-V LVTTL" -to DRAM_ADDR[7] -entity DE0_CV_Default was ignored
    Warning (20014): Assignment for entity set_instance_assignment -name IO_STANDARD "3.3-V LVTTL" -to DRAM_ADDR[8] -entity DE0_CV_Default was ignored
    Warning (20014): Assignment for entity set_instance_assignment -name IO_STANDARD "3.3-V LVTTL" -to DRAM_ADDR[9] -entity DE0_CV_Default was ignored
    Warning (20014): Assignment for entity set_instance_assignment -name IO_STANDARD "3.3-V LVTTL" -to DRAM_BA[0] -entity DE0_CV_Default was ignored
    Warning (20014): Assignment for entity set_instance_assignment -name IO_STANDARD "3.3-V LVTTL" -to DRAM_BA[1] -entity DE0_CV_Default was ignored
    Warning (20014): Assignment for entity set_instance_assignment -name IO_STANDARD "3.3-V LVTTL" -to DRAM_CAS_N -entity DE0_CV_Default was ignored
    Warning (20014): Assignment for entity set_instance_assignment -name IO_STANDARD "3.3-V LVTTL" -to DRAM_CKE -entity DE0_CV_Default was ignored
    Warning (20014): Assignment for entity set_instance_assignment -name IO_STANDARD "3.3-V LVTTL" -to DRAM_CLK -entity DE0_CV_Default was ignored
    Warning (20014): Assignment for entity set_instance_assignment -name IO_STANDARD "3.3-V LVTTL" -to DRAM_CS_N -entity DE0_CV_Default was ignored
    Warning (20014): Assignment for entity set_instance_assignment -name IO_STANDARD "3.3-V LVTTL" -to DRAM_DQ[0] -entity DE0_CV_Default was ignored
    Warning (20014): Assignment for entity set_instance_assignment -name IO_STANDARD "3.3-V LVTTL" -to DRAM_DQ[10] -entity DE0_CV_Default was ignored
    Warning (20014): Assignment for entity set_instance_assignment -name IO_STANDARD "3.3-V LVTTL" -to DRAM_DQ[11] -entity DE0_CV_Default was ignored
    Warning (20014): Assignment for entity set_instance_assignment -name IO_STANDARD "3.3-V LVTTL" -to DRAM_DQ[12] -entity DE0_CV_Default was ignored
    Warning (20014): Assignment for entity set_instance_assignment -name IO_STANDARD "3.3-V LVTTL" -to DRAM_DQ[13] -entity DE0_CV_Default was ignored
    Warning (20014): Assignment for entity set_instance_assignment -name IO_STANDARD "3.3-V LVTTL" -to DRAM_DQ[14] -entity DE0_CV_Default was ignored
    Warning (20014): Assignment for entity set_instance_assignment -name IO_STANDARD "3.3-V LVTTL" -to DRAM_DQ[15] -entity DE0_CV_Default was ignored
    Warning (20014): Assignment for entity set_instance_assignment -name IO_STANDARD "3.3-V LVTTL" -to DRAM_DQ[1] -entity DE0_CV_Default was ignored
    Warning (20014): Assignment for entity set_instance_assignment -name IO_STANDARD "3.3-V LVTTL" -to DRAM_DQ[2] -entity DE0_CV_Default was ignored
    Warning (20014): Assignment for entity set_instance_assignment -name IO_STANDARD "3.3-V LVTTL" -to DRAM_DQ[3] -entity DE0_CV_Default was ignored
    Warning (20014): Assignment for entity set_instance_assignment -name IO_STANDARD "3.3-V LVTTL" -to DRAM_DQ[4] -entity DE0_CV_Default was ignored
    Warning (20014): Assignment for entity set_instance_assignment -name IO_STANDARD "3.3-V LVTTL" -to DRAM_DQ[5] -entity DE0_CV_Default was ignored
    Warning (20014): Assignment for entity set_instance_assignment -name IO_STANDARD "3.3-V LVTTL" -to DRAM_DQ[6] -entity DE0_CV_Default was ignored
    Warning (20014): Assignment for entity set_instance_assignment -name IO_STANDARD "3.3-V LVTTL" -to DRAM_DQ[7] -entity DE0_CV_Default was ignored
    Warning (20014): Assignment for entity set_instance_assignment -name IO_STANDARD "3.3-V LVTTL" -to DRAM_DQ[8] -entity DE0_CV_Default was ignored
    Warning (20014): Assignment for entity set_instance_assignment -name IO_STANDARD "3.3-V LVTTL" -to DRAM_DQ[9] -entity DE0_CV_Default was ignored
    Warning (20014): Assignment for entity set_instance_assignment -name IO_STANDARD "3.3-V LVTTL" -to DRAM_LDQM -entity DE0_CV_Default was ignored
    Warning (20014): Assignment for entity set_instance_assignment -name IO_STANDARD "3.3-V LVTTL" -to DRAM_RAS_N -entity DE0_CV_Default was ignored
    Warning (20014): Assignment for entity set_instance_assignment -name IO_STANDARD "3.3-V LVTTL" -to DRAM_UDQM -entity DE0_CV_Default was ignored
    Warning (20014): Assignment for entity set_instance_assignment -name IO_STANDARD "3.3-V LVTTL" -to DRAM_WE_N -entity DE0_CV_Default was ignored
    Warning (20014): Assignment for entity set_instance_assignment -name IO_STANDARD "3.3-V LVTTL" -to GPIO_0[0] -entity DE0_CV_Default was ignored
    Warning (20014): Assignment for entity set_instance_assignment -name IO_STANDARD "3.3-V LVTTL" -to GPIO_0[10] -entity DE0_CV_Default was ignored
    Warning (20014): Assignment for entity set_instance_assignment -name IO_STANDARD "3.3-V LVTTL" -to GPIO_0[11] -entity DE0_CV_Default was ignored
    Warning (20014): Assignment for entity set_instance_assignment -name IO_STANDARD "3.3-V LVTTL" -to GPIO_0[12] -entity DE0_CV_Default was ignored
    Warning (20014): Assignment for entity set_instance_assignment -name IO_STANDARD "3.3-V LVTTL" -to GPIO_0[13] -entity DE0_CV_Default was ignored
    Warning (20014): Assignment for entity set_instance_assignment -name IO_STANDARD "3.3-V LVTTL" -to GPIO_0[14] -entity DE0_CV_Default was ignored
    Warning (20014): Assignment for entity set_instance_assignment -name IO_STANDARD "3.3-V LVTTL" -to GPIO_0[15] -entity DE0_CV_Default was ignored
    Warning (20014): Assignment for entity set_instance_assignment -name IO_STANDARD "3.3-V LVTTL" -to GPIO_0[16] -entity DE0_CV_Default was ignored
    Warning (20014): Assignment for entity set_instance_assignment -name IO_STANDARD "3.3-V LVTTL" -to GPIO_0[17] -entity DE0_CV_Default was ignored
    Warning (20014): Assignment for entity set_instance_assignment -name IO_STANDARD "3.3-V LVTTL" -to GPIO_0[18] -entity DE0_CV_Default was ignored
    Warning (20014): Assignment for entity set_instance_assignment -name IO_STANDARD "3.3-V LVTTL" -to GPIO_0[19] -entity DE0_CV_Default was ignored
    Warning (20014): Assignment for entity set_instance_assignment -name IO_STANDARD "3.3-V LVTTL" -to GPIO_0[1] -entity DE0_CV_Default was ignored
    Warning (20014): Assignment for entity set_instance_assignment -name IO_STANDARD "3.3-V LVTTL" -to GPIO_0[20] -entity DE0_CV_Default was ignored
    Warning (20014): Assignment for entity set_instance_assignment -name IO_STANDARD "3.3-V LVTTL" -to GPIO_0[21] -entity DE0_CV_Default was ignored
    Warning (20014): Assignment for entity set_instance_assignment -name IO_STANDARD "3.3-V LVTTL" -to GPIO_0[22] -entity DE0_CV_Default was ignored
    Warning (20014): Assignment for entity set_instance_assignment -name IO_STANDARD "3.3-V LVTTL" -to GPIO_0[23] -entity DE0_CV_Default was ignored
    Warning (20014): Assignment for entity set_instance_assignment -name IO_STANDARD "3.3-V LVTTL" -to GPIO_0[24] -entity DE0_CV_Default was ignored
    Warning (20014): Assignment for entity set_instance_assignment -name IO_STANDARD "3.3-V LVTTL" -to GPIO_0[25] -entity DE0_CV_Default was ignored
    Warning (20014): Assignment for entity set_instance_assignment -name IO_STANDARD "3.3-V LVTTL" -to GPIO_0[26] -entity DE0_CV_Default was ignored
    Warning (20014): Assignment for entity set_instance_assignment -name IO_STANDARD "3.3-V LVTTL" -to GPIO_0[27] -entity DE0_CV_Default was ignored
    Warning (20014): Assignment for entity set_instance_assignment -name IO_STANDARD "3.3-V LVTTL" -to GPIO_0[28] -entity DE0_CV_Default was ignored
    Warning (20014): Assignment for entity set_instance_assignment -name IO_STANDARD "3.3-V LVTTL" -to GPIO_0[29] -entity DE0_CV_Default was ignored
    Warning (20014): Assignment for entity set_instance_assignment -name IO_STANDARD "3.3-V LVTTL" -to GPIO_0[2] -entity DE0_CV_Default was ignored
    Warning (20014): Assignment for entity set_instance_assignment -name IO_STANDARD "3.3-V LVTTL" -to GPIO_0[30] -entity DE0_CV_Default was ignored
    Warning (20014): Assignment for entity set_instance_assignment -name IO_STANDARD "3.3-V LVTTL" -to GPIO_0[31] -entity DE0_CV_Default was ignored
    Warning (20014): Assignment for entity set_instance_assignment -name IO_STANDARD "3.3-V LVTTL" -to GPIO_0[32] -entity DE0_CV_Default was ignored
    Warning (20014): Assignment for entity set_instance_assignment -name IO_STANDARD "3.3-V LVTTL" -to GPIO_0[33] -entity DE0_CV_Default was ignored
    Warning (20014): Assignment for entity set_instance_assignment -name IO_STANDARD "3.3-V LVTTL" -to GPIO_0[34] -entity DE0_CV_Default was ignored
    Warning (20014): Assignment for entity set_instance_assignment -name IO_STANDARD "3.3-V LVTTL" -to GPIO_0[35] -entity DE0_CV_Default was ignored
    Warning (20014): Assignment for entity set_instance_assignment -name IO_STANDARD "3.3-V LVTTL" -to GPIO_0[3] -entity DE0_CV_Default was ignored
    Warning (20014): Assignment for entity set_instance_assignment -name IO_STANDARD "3.3-V LVTTL" -to GPIO_0[4] -entity DE0_CV_Default was ignored
    Warning (20014): Assignment for entity set_instance_assignment -name IO_STANDARD "3.3-V LVTTL" -to GPIO_0[5] -entity DE0_CV_Default was ignored
    Warning (20014): Assignment for entity set_instance_assignment -name IO_STANDARD "3.3-V LVTTL" -to GPIO_0[6] -entity DE0_CV_Default was ignored
    Warning (20014): Assignment for entity set_instance_assignment -name IO_STANDARD "3.3-V LVTTL" -to GPIO_0[7] -entity DE0_CV_Default was ignored
    Warning (20014): Assignment for entity set_instance_assignment -name IO_STANDARD "3.3-V LVTTL" -to GPIO_0[8] -entity DE0_CV_Default was ignored
    Warning (20014): Assignment for entity set_instance_assignment -name IO_STANDARD "3.3-V LVTTL" -to GPIO_0[9] -entity DE0_CV_Default was ignored
    Warning (20014): Assignment for entity set_instance_assignment -name IO_STANDARD "3.3-V LVTTL" -to GPIO_1[0] -entity DE0_CV_Default was ignored
    Warning (20014): Assignment for entity set_instance_assignment -name IO_STANDARD "3.3-V LVTTL" -to GPIO_1[10] -entity DE0_CV_Default was ignored
    Warning (20014): Assignment for entity set_instance_assignment -name IO_STANDARD "3.3-V LVTTL" -to GPIO_1[11] -entity DE0_CV_Default was ignored
    Warning (20014): Assignment for entity set_instance_assignment -name IO_STANDARD "3.3-V LVTTL" -to GPIO_1[12] -entity DE0_CV_Default was ignored
    Warning (20014): Assignment for entity set_instance_assignment -name IO_STANDARD "3.3-V LVTTL" -to GPIO_1[13] -entity DE0_CV_Default was ignored
    Warning (20014): Assignment for entity set_instance_assignment -name IO_STANDARD "3.3-V LVTTL" -to GPIO_1[14] -entity DE0_CV_Default was ignored
    Warning (20014): Assignment for entity set_instance_assignment -name IO_STANDARD "3.3-V LVTTL" -to GPIO_1[15] -entity DE0_CV_Default was ignored
    Warning (20014): Assignment for entity set_instance_assignment -name IO_STANDARD "3.3-V LVTTL" -to GPIO_1[16] -entity DE0_CV_Default was ignored
    Warning (20014): Assignment for entity set_instance_assignment -name IO_STANDARD "3.3-V LVTTL" -to GPIO_1[17] -entity DE0_CV_Default was ignored
    Warning (20014): Assignment for entity set_instance_assignment -name IO_STANDARD "3.3-V LVTTL" -to GPIO_1[18] -entity DE0_CV_Default was ignored
    Warning (20014): Assignment for entity set_instance_assignment -name IO_STANDARD "3.3-V LVTTL" -to GPIO_1[19] -entity DE0_CV_Default was ignored
    Warning (20014): Assignment for entity set_instance_assignment -name IO_STANDARD "3.3-V LVTTL" -to GPIO_1[1] -entity DE0_CV_Default was ignored
    Warning (20014): Assignment for entity set_instance_assignment -name IO_STANDARD "3.3-V LVTTL" -to GPIO_1[20] -entity DE0_CV_Default was ignored
    Warning (20014): Assignment for entity set_instance_assignment -name IO_STANDARD "3.3-V LVTTL" -to GPIO_1[21] -entity DE0_CV_Default was ignored
    Warning (20014): Assignment for entity set_instance_assignment -name IO_STANDARD "3.3-V LVTTL" -to GPIO_1[22] -entity DE0_CV_Default was ignored
    Warning (20014): Assignment for entity set_instance_assignment -name IO_STANDARD "3.3-V LVTTL" -to GPIO_1[23] -entity DE0_CV_Default was ignored
    Warning (20014): Assignment for entity set_instance_assignment -name IO_STANDARD "3.3-V LVTTL" -to GPIO_1[24] -entity DE0_CV_Default was ignored
    Warning (20014): Assignment for entity set_instance_assignment -name IO_STANDARD "3.3-V LVTTL" -to GPIO_1[25] -entity DE0_CV_Default was ignored
    Warning (20014): Assignment for entity set_instance_assignment -name IO_STANDARD "3.3-V LVTTL" -to GPIO_1[26] -entity DE0_CV_Default was ignored
    Warning (20014): Assignment for entity set_instance_assignment -name IO_STANDARD "3.3-V LVTTL" -to GPIO_1[27] -entity DE0_CV_Default was ignored
    Warning (20014): Assignment for entity set_instance_assignment -name IO_STANDARD "3.3-V LVTTL" -to GPIO_1[28] -entity DE0_CV_Default was ignored
    Warning (20014): Assignment for entity set_instance_assignment -name IO_STANDARD "3.3-V LVTTL" -to GPIO_1[29] -entity DE0_CV_Default was ignored
    Warning (20014): Assignment for entity set_instance_assignment -name IO_STANDARD "3.3-V LVTTL" -to GPIO_1[2] -entity DE0_CV_Default was ignored
    Warning (20014): Assignment for entity set_instance_assignment -name IO_STANDARD "3.3-V LVTTL" -to GPIO_1[30] -entity DE0_CV_Default was ignored
    Warning (20014): Assignment for entity set_instance_assignment -name IO_STANDARD "3.3-V LVTTL" -to GPIO_1[31] -entity DE0_CV_Default was ignored
    Warning (20014): Assignment for entity set_instance_assignment -name IO_STANDARD "3.3-V LVTTL" -to GPIO_1[32] -entity DE0_CV_Default was ignored
    Warning (20014): Assignment for entity set_instance_assignment -name IO_STANDARD "3.3-V LVTTL" -to GPIO_1[33] -entity DE0_CV_Default was ignored
    Warning (20014): Assignment for entity set_instance_assignment -name IO_STANDARD "3.3-V LVTTL" -to GPIO_1[34] -entity DE0_CV_Default was ignored
    Warning (20014): Assignment for entity set_instance_assignment -name IO_STANDARD "3.3-V LVTTL" -to GPIO_1[35] -entity DE0_CV_Default was ignored
    Warning (20014): Assignment for entity set_instance_assignment -name IO_STANDARD "3.3-V LVTTL" -to GPIO_1[3] -entity DE0_CV_Default was ignored
    Warning (20014): Assignment for entity set_instance_assignment -name IO_STANDARD "3.3-V LVTTL" -to GPIO_1[4] -entity DE0_CV_Default was ignored
    Warning (20014): Assignment for entity set_instance_assignment -name IO_STANDARD "3.3-V LVTTL" -to GPIO_1[5] -entity DE0_CV_Default was ignored
    Warning (20014): Assignment for entity set_instance_assignment -name IO_STANDARD "3.3-V LVTTL" -to GPIO_1[6] -entity DE0_CV_Default was ignored
    Warning (20014): Assignment for entity set_instance_assignment -name IO_STANDARD "3.3-V LVTTL" -to GPIO_1[7] -entity DE0_CV_Default was ignored
    Warning (20014): Assignment for entity set_instance_assignment -name IO_STANDARD "3.3-V LVTTL" -to GPIO_1[8] -entity DE0_CV_Default was ignored
    Warning (20014): Assignment for entity set_instance_assignment -name IO_STANDARD "3.3-V LVTTL" -to GPIO_1[9] -entity DE0_CV_Default was ignored
    Warning (20014): Assignment for entity set_instance_assignment -name IO_STANDARD "3.3-V LVTTL" -to HEX0[0] -entity DE0_CV_Default was ignored
    Warning (20014): Assignment for entity set_instance_assignment -name IO_STANDARD "3.3-V LVTTL" -to HEX0[1] -entity DE0_CV_Default was ignored
    Warning (20014): Assignment for entity set_instance_assignment -name IO_STANDARD "3.3-V LVTTL" -to HEX0[2] -entity DE0_CV_Default was ignored
    Warning (20014): Assignment for entity set_instance_assignment -name IO_STANDARD "3.3-V LVTTL" -to HEX0[3] -entity DE0_CV_Default was ignored
    Warning (20014): Assignment for entity set_instance_assignment -name IO_STANDARD "3.3-V LVTTL" -to HEX0[4] -entity DE0_CV_Default was ignored
    Warning (20014): Assignment for entity set_instance_assignment -name IO_STANDARD "3.3-V LVTTL" -to HEX0[5] -entity DE0_CV_Default was ignored
    Warning (20014): Assignment for entity set_instance_assignment -name IO_STANDARD "3.3-V LVTTL" -to HEX0[6] -entity DE0_CV_Default was ignored
    Warning (20014): Assignment for entity set_instance_assignment -name IO_STANDARD "3.3-V LVTTL" -to HEX1[0] -entity DE0_CV_Default was ignored
    Warning (20014): Assignment for entity set_instance_assignment -name IO_STANDARD "3.3-V LVTTL" -to HEX1[1] -entity DE0_CV_Default was ignored
    Warning (20014): Assignment for entity set_instance_assignment -name IO_STANDARD "3.3-V LVTTL" -to HEX1[2] -entity DE0_CV_Default was ignored
    Warning (20014): Assignment for entity set_instance_assignment -name IO_STANDARD "3.3-V LVTTL" -to HEX1[3] -entity DE0_CV_Default was ignored
    Warning (20014): Assignment for entity set_instance_assignment -name IO_STANDARD "3.3-V LVTTL" -to HEX1[4] -entity DE0_CV_Default was ignored
    Warning (20014): Assignment for entity set_instance_assignment -name IO_STANDARD "3.3-V LVTTL" -to HEX1[5] -entity DE0_CV_Default was ignored
    Warning (20014): Assignment for entity set_instance_assignment -name IO_STANDARD "3.3-V LVTTL" -to HEX1[6] -entity DE0_CV_Default was ignored
    Warning (20014): Assignment for entity set_instance_assignment -name IO_STANDARD "3.3-V LVTTL" -to HEX2[0] -entity DE0_CV_Default was ignored
    Warning (20014): Assignment for entity set_instance_assignment -name IO_STANDARD "3.3-V LVTTL" -to HEX2[1] -entity DE0_CV_Default was ignored
    Warning (20014): Assignment for entity set_instance_assignment -name IO_STANDARD "3.3-V LVTTL" -to HEX2[2] -entity DE0_CV_Default was ignored
    Warning (20014): Assignment for entity set_instance_assignment -name IO_STANDARD "3.3-V LVTTL" -to HEX2[3] -entity DE0_CV_Default was ignored
    Warning (20014): Assignment for entity set_instance_assignment -name IO_STANDARD "3.3-V LVTTL" -to HEX2[4] -entity DE0_CV_Default was ignored
    Warning (20014): Assignment for entity set_instance_assignment -name IO_STANDARD "3.3-V LVTTL" -to HEX2[5] -entity DE0_CV_Default was ignored
    Warning (20014): Assignment for entity set_instance_assignment -name IO_STANDARD "3.3-V LVTTL" -to HEX2[6] -entity DE0_CV_Default was ignored
    Warning (20014): Assignment for entity set_instance_assignment -name IO_STANDARD "3.3-V LVTTL" -to HEX3[0] -entity DE0_CV_Default was ignored
    Warning (20014): Assignment for entity set_instance_assignment -name IO_STANDARD "3.3-V LVTTL" -to HEX3[1] -entity DE0_CV_Default was ignored
    Warning (20014): Assignment for entity set_instance_assignment -name IO_STANDARD "3.3-V LVTTL" -to HEX3[2] -entity DE0_CV_Default was ignored
    Warning (20014): Assignment for entity set_instance_assignment -name IO_STANDARD "3.3-V LVTTL" -to HEX3[3] -entity DE0_CV_Default was ignored
    Warning (20014): Assignment for entity set_instance_assignment -name IO_STANDARD "3.3-V LVTTL" -to HEX3[4] -entity DE0_CV_Default was ignored
    Warning (20014): Assignment for entity set_instance_assignment -name IO_STANDARD "3.3-V LVTTL" -to HEX3[5] -entity DE0_CV_Default was ignored
    Warning (20014): Assignment for entity set_instance_assignment -name IO_STANDARD "3.3-V LVTTL" -to HEX3[6] -entity DE0_CV_Default was ignored
    Warning (20014): Assignment for entity set_instance_assignment -name IO_STANDARD "3.3-V LVTTL" -to HEX4[0] -entity DE0_CV_Default was ignored
    Warning (20014): Assignment for entity set_instance_assignment -name IO_STANDARD "3.3-V LVTTL" -to HEX4[1] -entity DE0_CV_Default was ignored
    Warning (20014): Assignment for entity set_instance_assignment -name IO_STANDARD "3.3-V LVTTL" -to HEX4[2] -entity DE0_CV_Default was ignored
    Warning (20014): Assignment for entity set_instance_assignment -name IO_STANDARD "3.3-V LVTTL" -to HEX4[3] -entity DE0_CV_Default was ignored
    Warning (20014): Assignment for entity set_instance_assignment -name IO_STANDARD "3.3-V LVTTL" -to HEX4[4] -entity DE0_CV_Default was ignored
    Warning (20014): Assignment for entity set_instance_assignment -name IO_STANDARD "3.3-V LVTTL" -to HEX4[5] -entity DE0_CV_Default was ignored
    Warning (20014): Assignment for entity set_instance_assignment -name IO_STANDARD "3.3-V LVTTL" -to HEX4[6] -entity DE0_CV_Default was ignored
    Warning (20014): Assignment for entity set_instance_assignment -name IO_STANDARD "3.3-V LVTTL" -to HEX5[0] -entity DE0_CV_Default was ignored
    Warning (20014): Assignment for entity set_instance_assignment -name IO_STANDARD "3.3-V LVTTL" -to HEX5[1] -entity DE0_CV_Default was ignored
    Warning (20014): Assignment for entity set_instance_assignment -name IO_STANDARD "3.3-V LVTTL" -to HEX5[2] -entity DE0_CV_Default was ignored
    Warning (20014): Assignment for entity set_instance_assignment -name IO_STANDARD "3.3-V LVTTL" -to HEX5[3] -entity DE0_CV_Default was ignored
    Warning (20014): Assignment for entity set_instance_assignment -name IO_STANDARD "3.3-V LVTTL" -to HEX5[4] -entity DE0_CV_Default was ignored
    Warning (20014): Assignment for entity set_instance_assignment -name IO_STANDARD "3.3-V LVTTL" -to HEX5[5] -entity DE0_CV_Default was ignored
    Warning (20014): Assignment for entity set_instance_assignment -name IO_STANDARD "3.3-V LVTTL" -to HEX5[6] -entity DE0_CV_Default was ignored
    Warning (20014): Assignment for entity set_instance_assignment -name IO_STANDARD "3.3-V LVTTL" -to KEY[0] -entity DE0_CV_Default was ignored
    Warning (20014): Assignment for entity set_instance_assignment -name IO_STANDARD "3.3-V LVTTL" -to KEY[1] -entity DE0_CV_Default was ignored
    Warning (20014): Assignment for entity set_instance_assignment -name IO_STANDARD "3.3-V LVTTL" -to KEY[2] -entity DE0_CV_Default was ignored
    Warning (20014): Assignment for entity set_instance_assignment -name IO_STANDARD "3.3-V LVTTL" -to KEY[3] -entity DE0_CV_Default was ignored
    Warning (20014): Assignment for entity set_instance_assignment -name IO_STANDARD "3.3-V LVTTL" -to LEDR[0] -entity DE0_CV_Default was ignored
    Warning (20014): Assignment for entity set_instance_assignment -name IO_STANDARD "3.3-V LVTTL" -to LEDR[1] -entity DE0_CV_Default was ignored
    Warning (20014): Assignment for entity set_instance_assignment -name IO_STANDARD "3.3-V LVTTL" -to LEDR[2] -entity DE0_CV_Default was ignored
    Warning (20014): Assignment for entity set_instance_assignment -name IO_STANDARD "3.3-V LVTTL" -to LEDR[3] -entity DE0_CV_Default was ignored
    Warning (20014): Assignment for entity set_instance_assignment -name IO_STANDARD "3.3-V LVTTL" -to LEDR[4] -entity DE0_CV_Default was ignored
    Warning (20014): Assignment for entity set_instance_assignment -name IO_STANDARD "3.3-V LVTTL" -to LEDR[5] -entity DE0_CV_Default was ignored
    Warning (20014): Assignment for entity set_instance_assignment -name IO_STANDARD "3.3-V LVTTL" -to LEDR[6] -entity DE0_CV_Default was ignored
    Warning (20014): Assignment for entity set_instance_assignment -name IO_STANDARD "3.3-V LVTTL" -to LEDR[7] -entity DE0_CV_Default was ignored
    Warning (20014): Assignment for entity set_instance_assignment -name IO_STANDARD "3.3-V LVTTL" -to LEDR[8] -entity DE0_CV_Default was ignored
    Warning (20014): Assignment for entity set_instance_assignment -name IO_STANDARD "3.3-V LVTTL" -to LEDR[9] -entity DE0_CV_Default was ignored
    Warning (20014): Assignment for entity set_instance_assignment -name IO_STANDARD "3.3-V LVTTL" -to PS2_CLK -entity DE0_CV_Default was ignored
    Warning (20014): Assignment for entity set_instance_assignment -name IO_STANDARD "3.3-V LVTTL" -to PS2_CLK2 -entity DE0_CV_Default was ignored
    Warning (20014): Assignment for entity set_instance_assignment -name IO_STANDARD "3.3-V LVTTL" -to PS2_DAT -entity DE0_CV_Default was ignored
    Warning (20014): Assignment for entity set_instance_assignment -name IO_STANDARD "3.3-V LVTTL" -to PS2_DAT2 -entity DE0_CV_Default was ignored
    Warning (20014): Assignment for entity set_instance_assignment -name IO_STANDARD "3.3-V LVTTL" -to RESET_N -entity DE0_CV_Default was ignored
    Warning (20014): Assignment for entity set_instance_assignment -name IO_STANDARD "3.3-V LVTTL" -to SD_CLK -entity DE0_CV_Default was ignored
    Warning (20014): Assignment for entity set_instance_assignment -name IO_STANDARD "3.3-V LVTTL" -to SD_CMD -entity DE0_CV_Default was ignored
    Warning (20014): Assignment for entity set_instance_assignment -name IO_STANDARD "3.3-V LVTTL" -to SD_DATA[0] -entity DE0_CV_Default was ignored
    Warning (20014): Assignment for entity set_instance_assignment -name IO_STANDARD "3.3-V LVTTL" -to SD_DATA[1] -entity DE0_CV_Default was ignored
    Warning (20014): Assignment for entity set_instance_assignment -name IO_STANDARD "3.3-V LVTTL" -to SD_DATA[2] -entity DE0_CV_Default was ignored
    Warning (20014): Assignment for entity set_instance_assignment -name IO_STANDARD "3.3-V LVTTL" -to SD_DATA[3] -entity DE0_CV_Default was ignored
    Warning (20014): Assignment for entity set_instance_assignment -name IO_STANDARD "3.3-V LVTTL" -to SW[0] -entity DE0_CV_Default was ignored
    Warning (20014): Assignment for entity set_instance_assignment -name IO_STANDARD "3.3-V LVTTL" -to SW[1] -entity DE0_CV_Default was ignored
    Warning (20014): Assignment for entity set_instance_assignment -name IO_STANDARD "3.3-V LVTTL" -to SW[2] -entity DE0_CV_Default was ignored
    Warning (20014): Assignment for entity set_instance_assignment -name IO_STANDARD "3.3-V LVTTL" -to SW[3] -entity DE0_CV_Default was ignored
    Warning (20014): Assignment for entity set_instance_assignment -name IO_STANDARD "3.3-V LVTTL" -to SW[4] -entity DE0_CV_Default was ignored
    Warning (20014): Assignment for entity set_instance_assignment -name IO_STANDARD "3.3-V LVTTL" -to SW[5] -entity DE0_CV_Default was ignored
    Warning (20014): Assignment for entity set_instance_assignment -name IO_STANDARD "3.3-V LVTTL" -to SW[6] -entity DE0_CV_Default was ignored
    Warning (20014): Assignment for entity set_instance_assignment -name IO_STANDARD "3.3-V LVTTL" -to SW[7] -entity DE0_CV_Default was ignored
    Warning (20014): Assignment for entity set_instance_assignment -name IO_STANDARD "3.3-V LVTTL" -to SW[8] -entity DE0_CV_Default was ignored
    Warning (20014): Assignment for entity set_instance_assignment -name IO_STANDARD "3.3-V LVTTL" -to SW[9] -entity DE0_CV_Default was ignored
    Warning (20014): Assignment for entity set_instance_assignment -name IO_STANDARD "3.3-V LVTTL" -to VGA_B[0] -entity DE0_CV_Default was ignored
    Warning (20014): Assignment for entity set_instance_assignment -name IO_STANDARD "3.3-V LVTTL" -to VGA_B[1] -entity DE0_CV_Default was ignored
    Warning (20014): Assignment for entity set_instance_assignment -name IO_STANDARD "3.3-V LVTTL" -to VGA_B[2] -entity DE0_CV_Default was ignored
    Warning (20014): Assignment for entity set_instance_assignment -name IO_STANDARD "3.3-V LVTTL" -to VGA_B[3] -entity DE0_CV_Default was ignored
    Warning (20014): Assignment for entity set_instance_assignment -name IO_STANDARD "3.3-V LVTTL" -to VGA_G[0] -entity DE0_CV_Default was ignored
    Warning (20014): Assignment for entity set_instance_assignment -name IO_STANDARD "3.3-V LVTTL" -to VGA_G[1] -entity DE0_CV_Default was ignored
    Warning (20014): Assignment for entity set_instance_assignment -name IO_STANDARD "3.3-V LVTTL" -to VGA_G[2] -entity DE0_CV_Default was ignored
    Warning (20014): Assignment for entity set_instance_assignment -name IO_STANDARD "3.3-V LVTTL" -to VGA_G[3] -entity DE0_CV_Default was ignored
    Warning (20014): Assignment for entity set_instance_assignment -name IO_STANDARD "3.3-V LVTTL" -to VGA_HS -entity DE0_CV_Default was ignored
    Warning (20014): Assignment for entity set_instance_assignment -name IO_STANDARD "3.3-V LVTTL" -to VGA_R[0] -entity DE0_CV_Default was ignored
    Warning (20014): Assignment for entity set_instance_assignment -name IO_STANDARD "3.3-V LVTTL" -to VGA_R[1] -entity DE0_CV_Default was ignored
    Warning (20014): Assignment for entity set_instance_assignment -name IO_STANDARD "3.3-V LVTTL" -to VGA_R[2] -entity DE0_CV_Default was ignored
    Warning (20014): Assignment for entity set_instance_assignment -name IO_STANDARD "3.3-V LVTTL" -to VGA_R[3] -entity DE0_CV_Default was ignored
    Warning (20014): Assignment for entity set_instance_assignment -name IO_STANDARD "3.3-V LVTTL" -to VGA_VS -entity DE0_CV_Default was ignored
    Warning (20014): Assignment for entity set_instance_assignment -name PARTITION_HIERARCHY root_partition -to | -entity DE0_CV_Default -section_id Top was ignored
    Warning (20014): Assignment for entity set_global_assignment -name PARTITION_NETLIST_TYPE SOURCE -entity DE0_CV_Default -section_id Top was ignored
    Warning (20014): Assignment for entity set_global_assignment -name PARTITION_FITTER_PRESERVATION_LEVEL PLACEMENT_AND_ROUTING -entity DE0_CV_Default -section_id Top was ignored
    Warning (20014): Assignment for entity set_global_assignment -name PARTITION_PRESERVE_HIGH_SPEED_TILES ON -entity DE0_CV_Default -section_id Top was ignored
    Warning (20014): Assignment for entity set_global_assignment -name PARTITION_IGNORE_SOURCE_FILE_CHANGES OFF -entity DE0_CV_Default -section_id Top was ignored
    Warning (20014): Assignment for entity set_global_assignment -name PARTITION_ALWAYS_USE_QXP_NETLIST OFF -entity DE0_CV_Default -section_id Top was ignored
    Warning (20014): Assignment for entity set_global_assignment -name PARTITION_COLOR 16764057 -entity DE0_CV_Default -section_id Top was ignored
    Warning (20014): Assignment for entity set_global_assignment -name PARTITION_IMPORT_ASSIGNMENTS ON -entity DE0_CV_Default -section_id Top was ignored
    Warning (20014): Assignment for entity set_global_assignment -name PARTITION_IMPORT_EXISTING_ASSIGNMENTS REPLACE_CONFLICTING -entity DE0_CV_Default -section_id Top was ignored
    Warning (20014): Assignment for entity set_global_assignment -name PARTITION_IMPORT_EXISTING_LOGICLOCK_REGIONS UPDATE_CONFLICTING -entity DE0_CV_Default -section_id Top was ignored
    Warning (20014): Assignment for entity set_global_assignment -name PARTITION_IMPORT_PIN_ASSIGNMENTS ON -entity DE0_CV_Default -section_id Top was ignored
    Warning (20014): Assignment for entity set_global_assignment -name PARTITION_IMPORT_PROMOTE_ASSIGNMENTS ON -entity DE0_CV_Default -section_id Top was ignored
    Warning (20014): Assignment for entity set_global_assignment -name PARTITION_TYPE STANDARD_PARTITION -entity DE0_CV_Default -section_id Top was ignored
    Warning (20014): Assignment for entity set_global_assignment -name ALLOW_MULTIPLE_PERSONAS OFF -entity DE0_CV_Default -section_id Top was ignored
    Warning (20014): Assignment for entity set_global_assignment -name PARTITION_ASD_REGION_ID 1 -entity DE0_CV_Default -section_id Top was ignored
    Warning (20014): Assignment for entity set_global_assignment -name CROSS_BOUNDARY_OPTIMIZATIONS OFF -entity DE0_CV_Default -section_id Top was ignored
    Warning (20014): Assignment for entity set_global_assignment -name PROPAGATE_CONSTANTS_ON_INPUTS ON -entity DE0_CV_Default -section_id Top was ignored
    Warning (20014): Assignment for entity set_global_assignment -name PROPAGATE_INVERSIONS_ON_INPUTS ON -entity DE0_CV_Default -section_id Top was ignored
    Warning (20014): Assignment for entity set_global_assignment -name REMOVE_LOGIC_ON_UNCONNECTED_OUTPUTS ON -entity DE0_CV_Default -section_id Top was ignored
    Warning (20014): Assignment for entity set_global_assignment -name MERGE_EQUIVALENT_INPUTS ON -entity DE0_CV_Default -section_id Top was ignored
    Warning (20014): Assignment for entity set_global_assignment -name MERGE_EQUIVALENT_BIDIRS ON -entity DE0_CV_Default -section_id Top was ignored
    Warning (20014): Assignment for entity set_global_assignment -name ABSORB_PATHS_FROM_OUTPUTS_TO_INPUTS ON -entity DE0_CV_Default -section_id Top was ignored
    Warning (20014): Assignment for entity set_global_assignment -name PARTITION_EXTRACT_HARD_BLOCK_NODES ON -entity DE0_CV_Default -section_id Top was ignored
    Warning (20014): Assignment for entity set_global_assignment -name PARTITION_ENABLE_STRICT_PRESERVATION OFF -entity DE0_CV_Default -section_id Top was ignored
Info (16010): Generating hard_block partition "hard_block:auto_generated_inst"
    Info (16011): Adding 3 node(s), including 0 DDIO, 1 PLL, 0 transceiver and 0 LCELL
Warning: RST port on the PLL is not properly connected on instance pll:clock_divider|pll_0002:pll_inst|altera_pll:altera_pll_i|general[0].gpll. The reset port on the PLL should be connected. If the PLL loses lock for any reason, you might need to manually reset the PLL in order to re-establish lock to the reference clock. File: c:/intelfpga/18.1/quartus/libraries/megafunctions/altera_pll.v Line: 748
    Info: Must be connected
Warning (21074): Design contains 9 input pin(s) that do not drive logic
    Warning (15610): No output dependent on input pin "KEY[2]" File: C:/Users/adun475/Documents/COMPSYS_305_Mini_Project/top_level.vhd Line: 8
    Warning (15610): No output dependent on input pin "KEY[3]" File: C:/Users/adun475/Documents/COMPSYS_305_Mini_Project/top_level.vhd Line: 8
    Warning (15610): No output dependent on input pin "SW[2]" File: C:/Users/adun475/Documents/COMPSYS_305_Mini_Project/top_level.vhd Line: 9
    Warning (15610): No output dependent on input pin "SW[3]" File: C:/Users/adun475/Documents/COMPSYS_305_Mini_Project/top_level.vhd Line: 9
    Warning (15610): No output dependent on input pin "SW[4]" File: C:/Users/adun475/Documents/COMPSYS_305_Mini_Project/top_level.vhd Line: 9
    Warning (15610): No output dependent on input pin "SW[5]" File: C:/Users/adun475/Documents/COMPSYS_305_Mini_Project/top_level.vhd Line: 9
    Warning (15610): No output dependent on input pin "SW[6]" File: C:/Users/adun475/Documents/COMPSYS_305_Mini_Project/top_level.vhd Line: 9
    Warning (15610): No output dependent on input pin "SW[7]" File: C:/Users/adun475/Documents/COMPSYS_305_Mini_Project/top_level.vhd Line: 9
    Warning (15610): No output dependent on input pin "SW[8]" File: C:/Users/adun475/Documents/COMPSYS_305_Mini_Project/top_level.vhd Line: 9
Info (21057): Implemented 1663 device resources after synthesis - the final resource count might be different
    Info (21058): Implemented 15 input pins
    Info (21059): Implemented 66 output pins
    Info (21060): Implemented 2 bidirectional pins
    Info (21061): Implemented 1456 logic cells
    Info (21064): Implemented 123 RAM segments
    Info (21065): Implemented 1 PLLs
Info: Quartus Prime Analysis & Synthesis was successful. 0 errors, 287 warnings
    Info: Peak virtual memory: 5014 megabytes
    Info: Processing ended: Fri May 22 17:58:51 2026
    Info: Elapsed time: 00:00:29
    Info: Total CPU time (on all processors): 00:00:19


